time,lN,fN01,fN02,fN03,fN04,fN05,fN06,fN07,fN08,fN09,fN10,fN11,fN12,fN13,fN14,fN15,fN16,fN17,fN18,fN19,fN20,fN21,fN22,fN23,fN24,fNavg,fNstd,fNmin,fNmax
5.000000e+00,1.000080e+00,9.837405e-01,9.497087e-01,8.986547e-01,1.040333e+00,9.768462e-01,1.011863e+00,1.045972e+00,1.040552e+00,9.767785e-01,9.816500e-01,9.974721e-01,9.996610e-01,9.987234e-01,9.512000e-01,1.001280e+00,9.767347e-01,9.851807e-01,9.224277e-01,9.932500e-01,9.556731e-01,9.817677e-01,9.842041e-01,9.406250e-01,9.737647e-01,9.820026e-01,3.428053e-02,8.986547e-01,1.045972e+00
5.001000e+00,1.000260e+00,9.838168e-01,9.492233e-01,8.993274e-01,1.040111e+00,9.768846e-01,1.012112e+00,1.045853e+00,1.039724e+00,9.761745e-01,9.817000e-01,9.980297e-01,1.000339e+00,9.983404e-01,9.513600e-01,1.001280e+00,9.772653e-01,9.851205e-01,9.230636e-01,9.936250e-01,9.551442e-01,9.826263e-01,9.839184e-01,9.415000e-01,9.750000e-01,9.821475e-01,3.409002e-02,8.993274e-01,1.045853e+00
5.002000e+00,1.000090e+00,9.841221e-01,9.501942e-01,8.990583e-01,1.039222e+00,9.763077e-01,1.012267e+00,1.046043e+00,1.040000e+00,9.773154e-01,9.811500e-01,9.978439e-01,9.998870e-01,9.980851e-01,9.520000e-01,1.000863e+00,9.773061e-01,9.850602e-01,9.219653e-01,9.939375e-01,9.553846e-01,9.818687e-01,9.842857e-01,9.415000e-01,9.750000e-01,9.821111e-01,3.407871e-02,8.990583e-01,1.046043e+00
5.003000e+00,1.000490e+00,9.831298e-01,9.493204e-01,8.989238e-01,1.040778e+00,9.762692e-01,1.012516e+00,1.046635e+00,1.040276e+00,9.777181e-01,9.814500e-01,9.982156e-01,1.000395e+00,9.985532e-01,9.504800e-01,1.000804e+00,9.767347e-01,9.846386e-01,9.220231e-01,9.936875e-01,9.556250e-01,9.824242e-01,9.850204e-01,9.413750e-01,9.742941e-01,9.821369e-01,3.439196e-02,8.989238e-01,1.046635e+00
5.004000e+00,1.000480e+00,9.853435e-01,9.520388e-01,9.001345e-01,1.041444e+00,9.780385e-01,1.013012e+00,1.047844e+00,1.042414e+00,9.795973e-01,9.826000e-01,9.993680e-01,9.997740e-01,9.989787e-01,9.512000e-01,1.001458e+00,9.775918e-01,9.854217e-01,9.241040e-01,9.944375e-01,9.570673e-01,9.845455e-01,9.863673e-01,9.431250e-01,9.760588e-01,9.834152e-01,3.417469e-02,9.001345e-01,1.047844e+00
5.005000e+00,1.000590e+00,9.869466e-01,9.514563e-01,9.017937e-01,1.042667e+00,9.803077e-01,1.015745e+00,1.050806e+00,1.044966e+00,9.826174e-01,9.845000e-01,1.001301e+00,1.001977e+00,1.000170e+00,9.532000e-01,1.003929e+00,9.790612e-01,9.879518e-01,9.260116e-01,9.963125e-01,9.600481e-01,9.876263e-01,9.902449e-01,9.450000e-01,9.781176e-01,9.855315e-01,3.438748e-02,9.017937e-01,1.050806e+00
5.006000e+00,1.000900e+00,9.898473e-01,9.555340e-01,9.055157e-01,1.047778e+00,9.846923e-01,1.017174e+00,1.055687e+00,1.048345e+00,9.871141e-01,9.876500e-01,1.004349e+00,1.003898e+00,1.001064e+00,9.544800e-01,1.008750e+00,9.809388e-01,9.921084e-01,9.321387e-01,9.995625e-01,9.654808e-01,9.925758e-01,9.961633e-01,9.496250e-01,9.814706e-01,9.892476e-01,3.425330e-02,9.055157e-01,1.055687e+00
5.007000e+00,1.001240e+00,9.931298e-01,9.595146e-01,9.085650e-01,1.048556e+00,9.896538e-01,1.020776e+00,1.062867e+00,1.052828e+00,9.924832e-01,9.911500e-01,1.008736e+00,1.005028e+00,1.004000e+00,9.552800e-01,1.013899e+00,9.840000e-01,9.947590e-01,9.374566e-01,1.004188e+00,9.720192e-01,9.991919e-01,1.005224e+00,9.523750e-01,9.854118e-01,9.933788e-01,3.451078e-02,9.085650e-01,1.062867e+00
5.008000e+00,1.001560e+00,9.981679e-01,9.638835e-01,9.114798e-01,1.053111e+00,9.960385e-01,1.024783e+00,1.069645e+00,1.059586e+00,9.996644e-01,9.953000e-01,1.014089e+00,1.008079e+00,1.008085e+00,9.586400e-01,1.021101e+00,9.880816e-01,9.992771e-01,9.442197e-01,1.008750e+00,9.802404e-01,1.008232e+00,1.013673e+00,9.562500e-01,9.910588e-01,9.988099e-01,3.502270e-02,9.114798e-01,1.069645e+00
5.009000e+00,1.001710e+00,1.004809e+00,9.677670e-01,9.173991e-01,1.058889e+00,1.002462e+00,1.029534e+00,1.077085e+00,1.065586e+00,1.008389e+00,1.000550e+00,1.019294e+00,1.011017e+00,1.011404e+00,9.590400e-01,1.028631e+00,9.918776e-01,1.003675e+00,9.506358e-01,1.015000e+00,9.875000e-01,1.017273e+00,1.024245e+00,9.606250e-01,9.972941e-01,1.004583e+00,3.565118e-02,9.173991e-01,1.077085e+00
5.010000e+00,1.001920e+00,1.009771e+00,9.727184e-01,9.225112e-01,1.063778e+00,1.008731e+00,1.034969e+00,1.085047e+00,1.073448e+00,1.016980e+00,1.005000e+00,1.025428e+00,1.014802e+00,1.016128e+00,9.623200e-01,1.037440e+00,9.952653e-01,1.009277e+00,9.573988e-01,1.021187e+00,9.954808e-01,1.026616e+00,1.034449e+00,9.665000e-01,1.003471e+00,1.010780e+00,3.636188e-02,9.225112e-01,1.085047e+00
5.011000e+00,1.002280e+00,1.016565e+00,9.780583e-01,9.278924e-01,1.069889e+00,1.015000e+00,1.040528e+00,1.092417e+00,1.082207e+00,1.025772e+00,1.010100e+00,1.031896e+00,1.019435e+00,1.020128e+00,9.652800e-01,1.046101e+00,1.000082e+00,1.014880e+00,9.645087e-01,1.028250e+00,1.003894e+00,1.035606e+00,1.045388e+00,9.738750e-01,1.009824e+00,1.017399e+00,3.710299e-02,9.278924e-01,1.092417e+00
5.012000e+00,1.002340e+00,1.021908e+00,9.835922e-01,9.334081e-01,1.074000e+00,1.021923e+00,1.045745e+00,1.100806e+00,1.090345e+00,1.033356e+00,1.014750e+00,1.038550e+00,1.022599e+00,1.024128e+00,9.659200e-01,1.055476e+00,1.004122e+00,1.019880e+00,9.716185e-01,1.033688e+00,1.011971e+00,1.044798e+00,1.055959e+00,9.816250e-01,1.016118e+00,1.023595e+00,3.795559e-02,9.334081e-01,1.100806e+00
5.013000e+00,1.002700e+00,1.028473e+00,9.869903e-01,9.392825e-01,1.079111e+00,1.028731e+00,1.050932e+00,1.108744e+00,1.097931e+00,1.041611e+00,1.021200e+00,1.045204e+00,1.026497e+00,1.028596e+00,9.697600e-01,1.065238e+00,1.009388e+00,1.025120e+00,9.792486e-01,1.040375e+00,1.021058e+00,1.054899e+00,1.067306e+00,9.880000e-01,1.023412e+00,1.030296e+00,3.878680e-02,9.392825e-01,1.108744e+00
5.014000e+00,1.002970e+00,1.035420e+00,9.921359e-01,9.442152e-01,1.087556e+00,1.036154e+00,1.055621e+00,1.117630e+00,1.105310e+00,1.050201e+00,1.025950e+00,1.052045e+00,1.030452e+00,1.033447e+00,9.727200e-01,1.075714e+00,1.014816e+00,1.031446e+00,9.873988e-01,1.046812e+00,1.031202e+00,1.064747e+00,1.078571e+00,9.945000e-01,1.029353e+00,1.037226e+00,3.998899e-02,9.442152e-01,1.117630e+00
5.015000e+00,1.003290e+00,1.041221e+00,9.985437e-01,9.500448e-01,1.091333e+00,1.043308e+00,1.061273e+00,1.126991e+00,1.112345e+00,1.058658e+00,1.031650e+00,1.058996e+00,1.035141e+00,1.037872e+00,9.740000e-01,1.086012e+00,1.020816e+00,1.036807e+00,9.961272e-01,1.053250e+00,1.041250e+00,1.074343e+00,1.090612e+00,1.001125e+00,1.036353e+00,1.044086e+00,4.099630e-02,9.500448e-01,1.126991e+00
5.016000e+00,1.003490e+00,1.047710e+00,1.002039e+00,9.568161e-01,1.096111e+00,1.051154e+00,1.066491e+00,1.136374e+00,1.121517e+00,1.069262e+00,1.036600e+00,1.066134e+00,1.039831e+00,1.043362e+00,9.787200e-01,1.097232e+00,1.026735e+00,1.043614e+00,1.005376e+00,1.060625e+00,1.051490e+00,1.085404e+00,1.103347e+00,1.008375e+00,1.044000e+00,1.051597e+00,4.219443e-02,9.568161e-01,1.136374e+00
5.017000e+00,1.003720e+00,1.054351e+00,1.006796e+00,9.629148e-01,1.103111e+00,1.058231e+00,1.073478e+00,1.146848e+00,1.131448e+00,1.078658e+00,1.042750e+00,1.073494e+00,1.042768e+00,1.048085e+00,9.813600e-01,1.109554e+00,1.032857e+00,1.049578e+00,1.014740e+00,1.067000e+00,1.062885e+00,1.096010e+00,1.115755e+00,1.014875e+00,1.050882e+00,1.059101e+00,4.394217e-02,9.629148e-01,1.146848e+00
5.018000e+00,1.004050e+00,1.062443e+00,1.014563e+00,9.696413e-01,1.105778e+00,1.066154e+00,1.079348e+00,1.156991e+00,1.140828e+00,1.088121e+00,1.050050e+00,1.080706e+00,1.047966e+00,1.053064e+00,9.860800e-01,1.121994e+00,1.039592e+00,1.056988e+00,1.024624e+00,1.074125e+00,1.074231e+00,1.107980e+00,1.128776e+00,1.021875e+00,1.058353e+00,1.067095e+00,4.512093e-02,9.696413e-01,1.156991e+00
5.019000e+00,1.004180e+00,1.068015e+00,1.019612e+00,9.769058e-01,1.113667e+00,1.073654e+00,1.086366e+00,1.168673e+00,1.151103e+00,1.097450e+00,1.056000e+00,1.088773e+00,1.052994e+00,1.058553e+00,9.882400e-01,1.134821e+00,1.046327e+00,1.063916e+00,1.034335e+00,1.080500e+00,1.086442e+00,1.119192e+00,1.141347e+00,1.028875e+00,1.065176e+00,1.075039e+00,4.707511e-02,9.769058e-01,1.168673e+00
5.020000e+00,1.004530e+00,1.075725e+00,1.025340e+00,9.839910e-01,1.118111e+00,1.081731e+00,1.093292e+00,1.179716e+00,1.160759e+00,1.107450e+00,1.062300e+00,1.096208e+00,1.058362e+00,1.064383e+00,9.928800e-01,1.148304e+00,1.053184e+00,1.070060e+00,1.045318e+00,1.086812e+00,1.098317e+00,1.131162e+00,1.154490e+00,1.037875e+00,1.073294e+00,1.083294e+00,4.862521e-02,9.839910e-01,1.179716e+00
5.021000e+00,1.004800e+00,1.081985e+00,1.030777e+00,9.909417e-01,1.123667e+00,1.089808e+00,1.099814e+00,1.192133e+00,1.170414e+00,1.116644e+00,1.068550e+00,1.104610e+00,1.063559e+00,1.070638e+00,9.965600e-01,1.161548e+00,1.059673e+00,1.074880e+00,1.055896e+00,1.093938e+00,1.110048e+00,1.143939e+00,1.167633e+00,1.045625e+00,1.080941e+00,1.091426e+00,5.061560e-02,9.909417e-01,1.192133e+00
5.022000e+00,1.005110e+00,1.090992e+00,1.037184e+00,9.975785e-01,1.129556e+00,1.097308e+00,1.106366e+00,1.204100e+00,1.181241e+00,1.127181e+00,1.074850e+00,1.112788e+00,1.068983e+00,1.077447e+00,1.000640e+00,1.174524e+00,1.067755e+00,1.081506e+00,1.066879e+00,1.101438e+00,1.112885e+00,1.156465e+00,1.182163e+00,1.054250e+00,1.089294e+00,1.099724e+00,5.247969e-02,9.975785e-01,1.204100e+00
5.023000e+00,1.005280e+00,1.097557e+00,1.042913e+00,1.004753e+00,1.135111e+00,1.105923e+00,1.112950e+00,1.216872e+00,1.192000e+00,1.138591e+00,1.081950e+00,1.121338e+00,1.074463e+00,1.083745e+00,1.005360e+00,1.187411e+00,1.074653e+00,1.088554e+00,1.077746e+00,1.108187e+00,1.081875e+00,1.169394e+00,1.196041e+00,1.063375e+00,1.097118e+00,1.106578e+00,5.465587e-02,1.004753e+00,1.216872e+00
5.024000e+00,1.005560e+00,1.105802e+00,1.047282e+00,1.013363e+00,1.140444e+00,1.114192e+00,1.120373e+00,1.228531e+00,1.202966e+00,1.148859e+00,1.088650e+00,1.129814e+00,1.081525e+00,1.090638e+00,1.009120e+00,1.200982e+00,1.081633e+00,1.095422e+00,1.090173e+00,1.115250e+00,1.050817e+00,1.181566e+00,1.209755e+00,1.073875e+00,1.104824e+00,1.113577e+00,5.776050e-02,1.009120e+00,1.228531e+00
5.025000e+00,1.005910e+00,1.113130e+00,1.054951e+00,1.021435e+00,1.147111e+00,1.122846e+00,1.128199e+00,1.240829e+00,1.213724e+00,1.160067e+00,1.095500e+00,1.137993e+00,1.088531e+00,1.097574e+00,1.013040e+00,1.213958e+00,1.088449e+00,1.101627e+00,1.101561e+00,1.121188e+00,1.032452e+00,1.194394e+00,1.223429e+00,1.083375e+00,1.112529e+00,1.121162e+00,6.103786e-02,1.013040e+00,1.240829e+00
5.026000e+00,1.006040e+00,1.119389e+00,1.060485e+00,1.029148e+00,1.154000e+00,1.132500e+00,1.135311e+00,1.252204e+00,1.224828e+00,1.169799e+00,1.101400e+00,1.147658e+00,1.094972e+00,1.105149e+00,1.017600e+00,1.226905e+00,1.095306e+00,1.108976e+00,1.112254e+00,1.128375e+00,1.023942e+00,1.206717e+00,1.237061e+00,1.091375e+00,1.121000e+00,1.129015e+00,6.401292e-02,1.017600e+00,1.252204e+00
5.027000e+00,1.006320e+00,1.126107e+00,1.067184e+00,1.038206e+00,1.156667e+00,1.141154e+00,1.142205e+00,1.263460e+00,1.234483e+00,1.179530e+00,1.108500e+00,1.156245e+00,1.100056e+00,1.111489e+00,1.021760e+00,1.239851e+00,1.103673e+00,1.115843e+00,1.123815e+00,1.135562e+00,1.020817e+00,1.219848e+00,1.250735e+00,1.101000e+00,1.130059e+00,1.137010e+00,6.643325e-02,1.020817e+00,1.263460e+00
5.028000e+00,1.006600e+00,1.130916e+00,1.072913e+00,1.045964e+00,1.161778e+00,1.150500e+00,1.148944e+00,1.274384e+00,1.244207e+00,1.189664e+00,1.115300e+00,1.164944e+00,1.107458e+00,1.119617e+00,1.026240e+00,1.251488e+00,1.110245e+00,1.122410e+00,1.135318e+00,1.142375e+00,1.021202e+00,1.231818e+00,1.263673e+00,1.109125e+00,1.137235e+00,1.144905e+00,6.861651e-02,1.021202e+00,1.274384e+00
5.029000e+00,1.006720e+00,1.140076e+00,1.079417e+00,1.053453e+00,1.168667e+00,1.159231e+00,1.155901e+00,1.285284e+00,1.253655e+00,1.199597e+00,1.122700e+00,1.173569e+00,1.114068e+00,1.126213e+00,1.030480e+00,1.264256e+00,1.117143e+00,1.128554e+00,1.146012e+00,1.148438e+00,1.024519e+00,1.244848e+00,1.276286e+00,1.116250e+00,1.144706e+00,1.153055e+00,7.072959e-02,1.024519e+00,1.285284e+00
5.030000e+00,1.007060e+00,1.144962e+00,1.084369e+00,1.061256e+00,1.175222e+00,1.167923e+00,1.162516e+00,1.295355e+00,1.264552e+00,1.209933e+00,1.128950e+00,1.181822e+00,1.120791e+00,1.132766e+00,1.035280e+00,1.275923e+00,1.123837e+00,1.135000e+00,1.156590e+00,1.155438e+00,1.031250e+00,1.256162e+00,1.288980e+00,1.127000e+00,1.153118e+00,1.161208e+00,7.245151e-02,1.031250e+00,1.295355e+00
5.031000e+00,1.007260e+00,1.152214e+00,1.090874e+00,1.068744e+00,1.181333e+00,1.175808e+00,1.168261e+00,1.305545e+00,1.275586e+00,1.219262e+00,1.135450e+00,1.190520e+00,1.127175e+00,1.139872e+00,1.039520e+00,1.288065e+00,1.130735e+00,1.141024e+00,1.168497e+00,1.162125e+00,1.039087e+00,1.268081e+00,1.300816e+00,1.134875e+00,1.161588e+00,1.169377e+00,7.412706e-02,1.039087e+00,1.305545e+00
5.032000e+00,1.007670e+00,1.158702e+00,1.095631e+00,1.076502e+00,1.185333e+00,1.183808e+00,1.174534e+00,1.315403e+00,1.285517e+00,1.228054e+00,1.143450e+00,1.198625e+00,1.133955e+00,1.147021e+00,1.042080e+00,1.300208e+00,1.137265e+00,1.146627e+00,1.178844e+00,1.169250e+00,1.047644e+00,1.278889e+00,1.312367e+00,1.143375e+00,1.168529e+00,1.177151e+00,7.573226e-02,1.042080e+00,1.315403e+00
5.033000e+00,1.007950e+00,1.167252e+00,1.101553e+00,1.084933e+00,1.190667e+00,1.192115e+00,1.180497e+00,1.325213e+00,1.294966e+00,1.236980e+00,1.149300e+00,1.206543e+00,1.140000e+00,1.153234e+00,1.046800e+00,1.311935e+00,1.143061e+00,1.152289e+00,1.189480e+00,1.174937e+00,1.056923e+00,1.290354e+00,1.323388e+00,1.152875e+00,1.176118e+00,1.185059e+00,7.706826e-02,1.046800e+00,1.325213e+00
5.034000e+00,1.008050e+00,1.173359e+00,1.106408e+00,1.092556e+00,1.195222e+00,1.200769e+00,1.185248e+00,1.333886e+00,1.304138e+00,1.244832e+00,1.156200e+00,1.213717e+00,1.145989e+00,1.161277e+00,1.052720e+00,1.322679e+00,1.149714e+00,1.158313e+00,1.199249e+00,1.181312e+00,1.067212e+00,1.300101e+00,1.333837e+00,1.160125e+00,1.183412e+00,1.192595e+00,7.800374e-02,1.052720e+00,1.333886e+00
5.035000e+00,1.008390e+00,1.179008e+00,1.113107e+00,1.099417e+00,1.200000e+00,1.208731e+00,1.189193e+00,1.343223e+00,1.312897e+00,1.253087e+00,1.163350e+00,1.221375e+00,1.152090e+00,1.167234e+00,1.056560e+00,1.333036e+00,1.156041e+00,1.163735e+00,1.208382e+00,1.188312e+00,1.078221e+00,1.311364e+00,1.343469e+00,1.168250e+00,1.190059e+00,1.200006e+00,7.910885e-02,1.056560e+00,1.343469e+00
5.036000e+00,1.008660e+00,1.185496e+00,1.118058e+00,1.106413e+00,1.204889e+00,1.216500e+00,1.193571e+00,1.351161e+00,1.321241e+00,1.261812e+00,1.169350e+00,1.228773e+00,1.159548e+00,1.174723e+00,1.061120e+00,1.343304e+00,1.161837e+00,1.169699e+00,1.217225e+00,1.194125e+00,1.089760e+00,1.321263e+00,1.353347e+00,1.176500e+00,1.197294e+00,1.207375e+00,7.999731e-02,1.061120e+00,1.353347e+00
5.037000e+00,1.008900e+00,1.190763e+00,1.122816e+00,1.114350e+00,1.210667e+00,1.224115e+00,1.197609e+00,1.359858e+00,1.330207e+00,1.270671e+00,1.176050e+00,1.236134e+00,1.165480e+00,1.182043e+00,1.064720e+00,1.354167e+00,1.167673e+00,1.175723e+00,1.225376e+00,1.200062e+00,1.100962e+00,1.331364e+00,1.361020e+00,1.185250e+00,1.203765e+00,1.214618e+00,8.098811e-02,1.064720e+00,1.361020e+00
5.038000e+00,1.009110e+00,1.197481e+00,1.126699e+00,1.120807e+00,1.216111e+00,1.230923e+00,1.201801e+00,1.367251e+00,1.339724e+00,1.278188e+00,1.181650e+00,1.243123e+00,1.170960e+00,1.187745e+00,1.069040e+00,1.363244e+00,1.172612e+00,1.181145e+00,1.234451e+00,1.206687e+00,1.112452e+00,1.340101e+00,1.367469e+00,1.191875e+00,1.210529e+00,1.221336e+00,8.175048e-02,1.069040e+00,1.367469e+00
5.039000e+00,1.009340e+00,1.204275e+00,1.132913e+00,1.127848e+00,1.219222e+00,1.237846e+00,1.205559e+00,1.374810e+00,1.347862e+00,1.284497e+00,1.188050e+00,1.250037e+00,1.177175e+00,1.195574e+00,1.073120e+00,1.371845e+00,1.178571e+00,1.186928e+00,1.243064e+00,1.212500e+00,1.124135e+00,1.349646e+00,1.373224e+00,1.199625e+00,1.217235e+00,1.228148e+00,8.216193e-02,1.073120e+00,1.374810e+00
5.040000e+00,1.009690e+00,1.210076e+00,1.135922e+00,1.135650e+00,1.223222e+00,1.244500e+00,1.209876e+00,1.381540e+00,1.355448e+00,1.290805e+00,1.193850e+00,1.257435e+00,1.183277e+00,1.202170e+00,1.078480e+00,1.380327e+00,1.183878e+00,1.192530e+00,1.251503e+00,1.217313e+00,1.136442e+00,1.358131e+00,1.379918e+00,1.207500e+00,1.223765e+00,1.234732e+00,8.256107e-02,1.078480e+00,1.381540e+00
5.041000e+00,1.009850e+00,1.214656e+00,1.142718e+00,1.142466e+00,1.229333e+00,1.250846e+00,1.214907e+00,1.387464e+00,1.362621e+00,1.296980e+00,1.199550e+00,1.263680e+00,1.188983e+00,1.207660e+00,1.081280e+00,1.388393e+00,1.187633e+00,1.197289e+00,1.259538e+00,1.223937e+00,1.148029e+00,1.366111e+00,1.386449e+00,1.216125e+00,1.229647e+00,1.241096e+00,8.297362e-02,1.081280e+00,1.388393e+00
5.042000e+00,1.010180e+00,1.219924e+00,1.146699e+00,1.148475e+00,1.233111e+00,1.256500e+00,1.219565e+00,1.393649e+00,1.368276e+00,1.303423e+00,1.205500e+00,1.269517e+00,1.194859e+00,1.213957e+00,1.085120e+00,1.394494e+00,1.193714e+00,1.201988e+00,1.264740e+00,1.229562e+00,1.158125e+00,1.374040e+00,1.393388e+00,1.223125e+00,1.235706e+00,1.246977e+00,8.331224e-02,1.085120e+00,1.394494e+00
5.043000e+00,1.010560e+00,1.225878e+00,1.151845e+00,1.155695e+00,1.236889e+00,1.261154e+00,1.224068e+00,1.399953e+00,1.372966e+00,1.311275e+00,1.211750e+00,1.275093e+00,1.200847e+00,1.220255e+00,1.089040e+00,1.399196e+00,1.197918e+00,1.207590e+00,1.270000e+00,1.235375e+00,1.168221e+00,1.381162e+00,1.399224e+00,1.229375e+00,1.243353e+00,1.252838e+00,8.330688e-02,1.089040e+00,1.399953e+00
5.044000e+00,1.010800e+00,1.231298e+00,1.155437e+00,1.162332e+00,1.242222e+00,1.266577e+00,1.229099e+00,1.406445e+00,1.378621e+00,1.317651e+00,1.216650e+00,1.280595e+00,1.205706e+00,1.225404e+00,1.093120e+00,1.404673e+00,1.202082e+00,1.212289e+00,1.275954e+00,1.241125e+00,1.178173e+00,1.388889e+00,1.405755e+00,1.236500e+00,1.249529e+00,1.258589e+00,8.368759e-02,1.093120e+00,1.406445e+00
5.045000e+00,1.010940e+00,1.237863e+00,1.161748e+00,1.169462e+00,1.245222e+00,1.272615e+00,1.234503e+00,1.413152e+00,1.383310e+00,1.324430e+00,1.222750e+00,1.286691e+00,1.211412e+00,1.231319e+00,1.095440e+00,1.410476e+00,1.205265e+00,1.217831e+00,1.281445e+00,1.246062e+00,1.189471e+00,1.395354e+00,1.410694e+00,1.242875e+00,1.254765e+00,1.264340e+00,8.378724e-02,1.095440e+00,1.413152e+00
5.046000e+00,1.011140e+00,1.240000e+00,1.166602e+00,1.176323e+00,1.249667e+00,1.278577e+00,1.238727e+00,1.419976e+00,1.389379e+00,1.331141e+00,1.228600e+00,1.292454e+00,1.216271e+00,1.236766e+00,1.101760e+00,1.415952e+00,1.208286e+00,1.223795e+00,1.287052e+00,1.252312e+00,1.200817e+00,1.401465e+00,1.416571e+00,1.251750e+00,1.259647e+00,1.270162e+00,8.383254e-02,1.101760e+00,1.419976e+00
5.047000e+00,1.011330e+00,1.243740e+00,1.171845e+00,1.182601e+00,1.253667e+00,1.284962e+00,1.244317e+00,1.426256e+00,1.394897e+00,1.336510e+00,1.233700e+00,1.297955e+00,1.221808e+00,1.241319e+00,1.105440e+00,1.421667e+00,1.210980e+00,1.229398e+00,1.293526e+00,1.257937e+00,1.212260e+00,1.406768e+00,1.421020e+00,1.257375e+00,1.266941e+00,1.275704e+00,8.390074e-02,1.105440e+00,1.426256e+00
5.048000e+00,1.011550e+00,1.247405e+00,1.175340e+00,1.188834e+00,1.257222e+00,1.290846e+00,1.248851e+00,1.432441e+00,1.400138e+00,1.342013e+00,1.239400e+00,1.303866e+00,1.227345e+00,1.248170e+00,1.108960e+00,1.426161e+00,1.213796e+00,1.235482e+00,1.299884e+00,1.261875e+00,1.223365e+00,1.412727e+00,1.425510e+00,1.261375e+00,1.272529e+00,1.280981e+00,8.404811e-02,1.108960e+00,1.432441e+00
5.049000e+00,1.011910e+00,1.253282e+00,1.179709e+00,1.194305e+00,1.261556e+00,1.297038e+00,1.254130e+00,1.437773e+00,1.403931e+00,1.347785e+00,1.243450e+00,1.309554e+00,1.232542e+00,1.252723e+00,1.111840e+00,1.430655e+00,1.217061e+00,1.240120e+00,1.305607e+00,1.267500e+00,1.234760e+00,1.418384e+00,1.429265e+00,1.266000e+00,1.277353e+00,1.286097e+00,8.406176e-02,1.111840e+00,1.437773e+00
5.050000e+00,1.012140e+00,1.256947e+00,1.183689e+00,1.200000e+00,1.264778e+00,1.302308e+00,1.259193e+00,1.443412e+00,1.408483e+00,1.353624e+00,1.247900e+00,1.315428e+00,1.237119e+00,1.257660e+00,1.115680e+00,1.434702e+00,1.219755e+00,1.245181e+00,1.312486e+00,1.271688e+00,1.245913e+00,1.424141e+00,1.434367e+00,1.270625e+00,1.282824e+00,1.291163e+00,8.426108e-02,1.115680e+00,1.443412e+00
5.051000e+00,1.012360e+00,1.262595e+00,1.188932e+00,1.205830e+00,1.268667e+00,1.308308e+00,1.263882e+00,1.447654e+00,1.412621e+00,1.358389e+00,1.252050e+00,1.320669e+00,1.243107e+00,1.262979e+00,1.120480e+00,1.438274e+00,1.221429e+00,1.250542e+00,1.317688e+00,1.277062e+00,1.256250e+00,1.427323e+00,1.436776e+00,1.274500e+00,1.287588e+00,1.295983e+00,8.372630e-02,1.120480e+00,1.447654e+00
5.052000e+00,1.012610e+00,1.265420e+00,1.193010e+00,1.210942e+00,1.271111e+00,1.313462e+00,1.268851e+00,1.453152e+00,1.416966e+00,1.362819e+00,1.256500e+00,1.325911e+00,1.247797e+00,1.267532e+00,1.124000e+00,1.442768e+00,1.223959e+00,1.254940e+00,1.322254e+00,1.281187e+00,1.266490e+00,1.429596e+00,1.440286e+00,1.281250e+00,1.293235e+00,1.300560e+00,8.366452e-02,1.124000e+00,1.453152e+00
5.053000e+00,1.012890e+00,1.269008e+00,1.196699e+00,1.216637e+00,1.275111e+00,1.319115e+00,1.273602e+00,1.457275e+00,1.421103e+00,1.366711e+00,1.260950e+00,1.330855e+00,1.252994e+00,1.272553e+00,1.127760e+00,1.446042e+00,1.226000e+00,1.259940e+00,1.326763e+00,1.286000e+00,1.277308e+00,1.429242e+00,1.443633e+00,1.285250e+00,1.298000e+00,1.304940e+00,8.317328e-02,1.127760e+00,1.457275e+00
5.054000e+00,1.013090e+00,1.273588e+00,1.200777e+00,1.221570e+00,1.278889e+00,1.325038e+00,1.278230e+00,1.462275e+00,1.424345e+00,1.370537e+00,1.265300e+00,1.335502e+00,1.256384e+00,1.277745e+00,1.132800e+00,1.448125e+00,1.228204e+00,1.265663e+00,1.331040e+00,1.290750e+00,1.287163e+00,1.430354e+00,1.446449e+00,1.287125e+00,1.301647e+00,1.309146e+00,8.264327e-02,1.132800e+00,1.462275e+00
5.055000e+00,1.013290e+00,1.277099e+00,1.205243e+00,1.226637e+00,1.282667e+00,1.330346e+00,1.283075e+00,1.466090e+00,1.427655e+00,1.373557e+00,1.269850e+00,1.340743e+00,1.261356e+00,1.281064e+00,1.135440e+00,1.450476e+00,1.229714e+00,1.272048e+00,1.333699e+00,1.294750e+00,1.296250e+00,1.431869e+00,1.448898e+00,1.290500e+00,1.306176e+00,1.313133e+00,8.222863e-02,1.135440e+00,1.466090e+00
5.056000e+00,1.013640e+00,1.281908e+00,1.208058e+00,1.231749e+00,1.284444e+00,1.335808e+00,1.286553e+00,1.469716e+00,1.430000e+00,1.376577e+00,1.273800e+00,1.345353e+00,1.265763e+00,1.286170e+00,1.140000e+00,1.452321e+00,1.231510e+00,1.277530e+00,1.336936e+00,1.298250e+00,1.305337e+00,1.434444e+00,1.450490e+00,1.292500e+00,1.309882e+00,1.316879e+00,8.171345e-02,1.140000e+00,1.469716e+00
5.057000e+00,1.013910e+00,1.285496e+00,1.213592e+00,1.237309e+00,1.288222e+00,1.340269e+00,1.289565e+00,1.473981e+00,1.432759e+00,1.379396e+00,1.278700e+00,1.349926e+00,1.270282e+00,1.290255e+00,1.143040e+00,1.453958e+00,1.232980e+00,1.282108e+00,1.339942e+00,1.302750e+00,1.314615e+00,1.435606e+00,1.451306e+00,1.297500e+00,1.313882e+00,1.320727e+00,8.107031e-02,1.143040e+00,1.473981e+00
5.058000e+00,1.014060e+00,1.289695e+00,1.216311e+00,1.240269e+00,1.292556e+00,1.344846e+00,1.293913e+00,1.477393e+00,1.435793e+00,1.383221e+00,1.282300e+00,1.354349e+00,1.275198e+00,1.293660e+00,1.145760e+00,1.454494e+00,1.233959e+00,1.286867e+00,1.343237e+00,1.306437e+00,1.323269e+00,1.437273e+00,1.452939e+00,1.299125e+00,1.317765e+00,1.324193e+00,8.079963e-02,1.145760e+00,1.477393e+00
5.059000e+00,1.014380e+00,1.292672e+00,1.221165e+00,1.243857e+00,1.294333e+00,1.348846e+00,1.297764e+00,1.481043e+00,1.436621e+00,1.385570e+00,1.286900e+00,1.358736e+00,1.280282e+00,1.295234e+00,1.148880e+00,1.455000e+00,1.235265e+00,1.291988e+00,1.345607e+00,1.309875e+00,1.332260e+00,1.439091e+00,1.454694e+00,1.301125e+00,1.321647e+00,1.327436e+00,8.027485e-02,1.148880e+00,1.481043e+00
5.060000e+00,1.014770e+00,1.295802e+00,1.224078e+00,1.248027e+00,1.297778e+00,1.353577e+00,1.301988e+00,1.484289e+00,1.439103e+00,1.388456e+00,1.290600e+00,1.363643e+00,1.283785e+00,1.298638e+00,1.152640e+00,1.454137e+00,1.235306e+00,1.296747e+00,1.348960e+00,1.313438e+00,1.340337e+00,1.439798e+00,1.455469e+00,1.304250e+00,1.324941e+00,1.330658e+00,7.973216e-02,1.152640e+00,1.484289e+00
5.061000e+00,1.015000e+00,1.299160e+00,1.226796e+00,1.252063e+00,1.300556e+00,1.357308e+00,1.305901e+00,1.487464e+00,1.441103e+00,1.390671e+00,1.295500e+00,1.367770e+00,1.289040e+00,1.300723e+00,1.156160e+00,1.453750e+00,1.234939e+00,1.300000e+00,1.351618e+00,1.315937e+00,1.346827e+00,1.441111e+00,1.456041e+00,1.305875e+00,1.329059e+00,1.333557e+00,7.926011e-02,1.156160e+00,1.487464e+00
5.062000e+00,1.015190e+00,1.303206e+00,1.232136e+00,1.255605e+00,1.303444e+00,1.361692e+00,1.309814e+00,1.491090e+00,1.442690e+00,1.391611e+00,1.299850e+00,1.371561e+00,1.293672e+00,1.304000e+00,1.158880e+00,1.451815e+00,1.234857e+00,1.303855e+00,1.353064e+00,1.320063e+00,1.354038e+00,1.441313e+00,1.456245e+00,1.305500e+00,1.331765e+00,1.336324e+00,7.854436e-02,1.158880e+00,1.491090e+00
5.063000e+00,1.015440e+00,1.305496e+00,1.235437e+00,1.260404e+00,1.306222e+00,1.365846e+00,1.313820e+00,1.494289e+00,1.443931e+00,1.393154e+00,1.303650e+00,1.375762e+00,1.297062e+00,1.308255e+00,1.162480e+00,1.450446e+00,1.235102e+00,1.306988e+00,1.355318e+00,1.322625e+00,1.361106e+00,1.440758e+00,1.457592e+00,1.308250e+00,1.333353e+00,1.339056e+00,7.789834e-02,1.162480e+00,1.494289e+00
5.064000e+00,1.015700e+00,1.308244e+00,1.237379e+00,1.264888e+00,1.309444e+00,1.370346e+00,1.318230e+00,1.496209e+00,1.444897e+00,1.393490e+00,1.307700e+00,1.380260e+00,1.301356e+00,1.310468e+00,1.166320e+00,1.448155e+00,1.233959e+00,1.310422e+00,1.356012e+00,1.324938e+00,1.367356e+00,1.439646e+00,1.458041e+00,1.311500e+00,1.335353e+00,1.341442e+00,7.709988e-02,1.166320e+00,1.496209e+00
5.065000e+00,1.015850e+00,1.312901e+00,1.241845e+00,1.268475e+00,1.310222e+00,1.374769e+00,1.323075e+00,1.499076e+00,1.444552e+00,1.395705e+00,1.311350e+00,1.383792e+00,1.305650e+00,1.313149e+00,1.168480e+00,1.445298e+00,1.232490e+00,1.315361e+00,1.356647e+00,1.326812e+00,1.373413e+00,1.439192e+00,1.457959e+00,1.312000e+00,1.337059e+00,1.343720e+00,7.645780e-02,1.168480e+00,1.499076e+00
5.066000e+00,1.016090e+00,1.314809e+00,1.244854e+00,1.272691e+00,1.313556e+00,1.378577e+00,1.327298e+00,1.501351e+00,1.445310e+00,1.397315e+00,1.315400e+00,1.387807e+00,1.307797e+00,1.315830e+00,1.171920e+00,1.442292e+00,1.231020e+00,1.319337e+00,1.356994e+00,1.327500e+00,1.379615e+00,1.437778e+00,1.457061e+00,1.310875e+00,1.339176e+00,1.345673e+00,7.579044e-02,1.171920e+00,1.501351e+00
5.067000e+00,1.016400e+00,1.317710e+00,1.249417e+00,1.277130e+00,1.315333e+00,1.382654e+00,1.331832e+00,1.503341e+00,1.445172e+00,1.397987e+00,1.318500e+00,1.392045e+00,1.312429e+00,1.318128e+00,1.174560e+00,1.438423e+00,1.229102e+00,1.324217e+00,1.356936e+00,1.328812e+00,1.385240e+00,1.436263e+00,1.457347e+00,1.312875e+00,1.343118e+00,1.347857e+00,7.500746e-02,1.174560e+00,1.503341e+00
5.068000e+00,1.016800e+00,1.318855e+00,1.252039e+00,1.280583e+00,1.315333e+00,1.386769e+00,1.335683e+00,1.506114e+00,1.445310e+00,1.397517e+00,1.322200e+00,1.395390e+00,1.315198e+00,1.322000e+00,1.178000e+00,1.434643e+00,1.225510e+00,1.328735e+00,1.357225e+00,1.330250e+00,1.390240e+00,1.434495e+00,1.456245e+00,1.312500e+00,1.346412e+00,1.349469e+00,7.452214e-02,1.178000e+00,1.506114e+00
5.069000e+00,1.016900e+00,1.324656e+00,1.252524e+00,1.285291e+00,1.316778e+00,1.390192e+00,1.340000e+00,1.507678e+00,1.445517e+00,1.397919e+00,1.325450e+00,1.397881e+00,1.318475e+00,1.325319e+00,1.179440e+00,1.430536e+00,1.222980e+00,1.332349e+00,1.357399e+00,1.331750e+00,1.395096e+00,1.433586e+00,1.455796e+00,1.313500e+00,1.349882e+00,1.351250e+00,7.411944e-02,1.179440e+00,1.507678e+00
5.070000e+00,1.017240e+00,1.326107e+00,1.257670e+00,1.289596e+00,1.319667e+00,1.393846e+00,1.343354e+00,1.510118e+00,1.444759e+00,1.397047e+00,1.328250e+00,1.401301e+00,1.322034e+00,1.327660e+00,1.183280e+00,1.424881e+00,1.219510e+00,1.336084e+00,1.358497e+00,1.333375e+00,1.400385e+00,1.430303e+00,1.455102e+00,1.314125e+00,1.352176e+00,1.352880e+00,7.329919e-02,1.183280e+00,1.510118e+00
5.071000e+00,1.017510e+00,1.327557e+00,1.259126e+00,1.293094e+00,1.322111e+00,1.397577e+00,1.346739e+00,1.511517e+00,1.443517e+00,1.396711e+00,1.331350e+00,1.403346e+00,1.324689e+00,1.329830e+00,1.184800e+00,1.420268e+00,1.215837e+00,1.340301e+00,1.357746e+00,1.334812e+00,1.404231e+00,1.427576e+00,1.452939e+00,1.313500e+00,1.354882e+00,1.353919e+00,7.287662e-02,1.184800e+00,1.511517e+00
5.072000e+00,1.017710e+00,1.329084e+00,1.261942e+00,1.297040e+00,1.323333e+00,1.401885e+00,1.350652e+00,1.512915e+00,1.443379e+00,1.395906e+00,1.333700e+00,1.406245e+00,1.326949e+00,1.333872e+00,1.188720e+00,1.414226e+00,1.211551e+00,1.342831e+00,1.357803e+00,1.337375e+00,1.407837e+00,1.423788e+00,1.449878e+00,1.313250e+00,1.357353e+00,1.355063e+00,7.220330e-02,1.188720e+00,1.512915e+00
5.073000e+00,1.018090e+00,1.331374e+00,1.264854e+00,1.300628e+00,1.326556e+00,1.405885e+00,1.354814e+00,1.513886e+00,1.440828e+00,1.394832e+00,1.336900e+00,1.408773e+00,1.328588e+00,1.336298e+00,1.191920e+00,1.408095e+00,1.207673e+00,1.347470e+00,1.356936e+00,1.339688e+00,1.411346e+00,1.420657e+00,1.448653e+00,1.311125e+00,1.359588e+00,1.356140e+00,7.161505e-02,1.191920e+00,1.513886e+00
5.074000e+00,1.018240e+00,1.334198e+00,1.266699e+00,1.304081e+00,1.328667e+00,1.409231e+00,1.358975e+00,1.514810e+00,1.440000e+00,1.392282e+00,1.339600e+00,1.410112e+00,1.329831e+00,1.338170e+00,1.195360e+00,1.401250e+00,1.202082e+00,1.351687e+00,1.354740e+00,1.341312e+00,1.415529e+00,1.416869e+00,1.447347e+00,1.311000e+00,1.362353e+00,1.356924e+00,7.128151e-02,1.195360e+00,1.514810e+00
5.075000e+00,1.018520e+00,1.335725e+00,1.271553e+00,1.307534e+00,1.330111e+00,1.412038e+00,1.362050e+00,1.515355e+00,1.438690e+00,1.388792e+00,1.342350e+00,1.412639e+00,1.333842e+00,1.341489e+00,1.196000e+00,1.393363e+00,1.197796e+00,1.355422e+00,1.353121e+00,1.342937e+00,1.418221e+00,1.412778e+00,1.446000e+00,1.308625e+00,1.364706e+00,1.357547e+00,7.094688e-02,1.196000e+00,1.515355e+00
5.076000e+00,1.018870e+00,1.336718e+00,1.272913e+00,1.310897e+00,1.334444e+00,1.414615e+00,1.365559e+00,1.514882e+00,1.437379e+00,1.386913e+00,1.345350e+00,1.414907e+00,1.335819e+00,1.343404e+00,1.200800e+00,1.386071e+00,1.191837e+00,1.359759e+00,1.351618e+00,1.344313e+00,1.421202e+00,1.408333e+00,1.444490e+00,1.309500e+00,1.367118e+00,1.358285e+00,7.052310e-02,1.191837e+00,1.514882e+00
5.077000e+00,1.019010e+00,1.339389e+00,1.276214e+00,1.313543e+00,1.337222e+00,1.417846e+00,1.369130e+00,1.514218e+00,1.435931e+00,1.385302e+00,1.348000e+00,1.416691e+00,1.337966e+00,1.345149e+00,1.203280e+00,1.377768e+00,1.185673e+00,1.362711e+00,1.350173e+00,1.346187e+00,1.424183e+00,1.402828e+00,1.443143e+00,1.307875e+00,1.369294e+00,1.358738e+00,7.041466e-02,1.185673e+00,1.514218e+00
5.078000e+00,1.019330e+00,1.341374e+00,1.279806e+00,1.316547e+00,1.338556e+00,1.420077e+00,1.372205e+00,1.512630e+00,1.434276e+00,1.382483e+00,1.351050e+00,1.417881e+00,1.341638e+00,1.348596e+00,1.205760e+00,1.369286e+00,1.179061e+00,1.366325e+00,1.349017e+00,1.346437e+00,1.424808e+00,1.398182e+00,1.442204e+00,1.306500e+00,1.371412e+00,1.359005e+00,7.025071e-02,1.179061e+00,1.512630e+00
5.079000e+00,1.019540e+00,1.342824e+00,1.282621e+00,1.318744e+00,1.340556e+00,1.423154e+00,1.375373e+00,1.512346e+00,1.432276e+00,1.381745e+00,1.353300e+00,1.419814e+00,1.344463e+00,1.350383e+00,1.207680e+00,1.358780e+00,1.172408e+00,1.369699e+00,1.345723e+00,1.347750e+00,1.427019e+00,1.393737e+00,1.441224e+00,1.305250e+00,1.373235e+00,1.359171e+00,7.061478e-02,1.172408e+00,1.512346e+00
5.080000e+00,1.019740e+00,1.343893e+00,1.285340e+00,1.321794e+00,1.343667e+00,1.424885e+00,1.378851e+00,1.513175e+00,1.429034e+00,1.380403e+00,1.355550e+00,1.420669e+00,1.346158e+00,1.352383e+00,1.210160e+00,1.348869e+00,1.165673e+00,1.371627e+00,1.342486e+00,1.348625e+00,1.426394e+00,1.388434e+00,1.439020e+00,1.304375e+00,1.374941e+00,1.359017e+00,7.082416e-02,1.165673e+00,1.513175e+00
5.081000e+00,1.020020e+00,1.346107e+00,1.287767e+00,1.324305e+00,1.346000e+00,1.426462e+00,1.382484e+00,1.513223e+00,1.425241e+00,1.378859e+00,1.357250e+00,1.420855e+00,1.348023e+00,1.354340e+00,1.212560e+00,1.339435e+00,1.158531e+00,1.373554e+00,1.339017e+00,1.348625e+00,1.425577e+00,1.383081e+00,1.438082e+00,1.302125e+00,1.376471e+00,1.358666e+00,7.123663e-02,1.158531e+00,1.513223e+00
5.082000e+00,1.020220e+00,1.346489e+00,1.290583e+00,1.327578e+00,1.348111e+00,1.427500e+00,1.385311e+00,1.513626e+00,1.421517e+00,1.376711e+00,1.358400e+00,1.420595e+00,1.350960e+00,1.355277e+00,1.214000e+00,1.330179e+00,1.151061e+00,1.375663e+00,1.336358e+00,1.349312e+00,1.425288e+00,1.377778e+00,1.436490e+00,1.301250e+00,1.377882e+00,1.358247e+00,7.180401e-02,1.151061e+00,1.513626e+00
5.083000e+00,1.020600e+00,1.349847e+00,1.292913e+00,1.329865e+00,1.349667e+00,1.429423e+00,1.387888e+00,1.513246e+00,1.419655e+00,1.373758e+00,1.360000e+00,1.421190e+00,1.353559e+00,1.357021e+00,1.217360e+00,1.320655e+00,1.144204e+00,1.378373e+00,1.332659e+00,1.349625e+00,1.425577e+00,1.371717e+00,1.435796e+00,1.299375e+00,1.379765e+00,1.358047e+00,7.247271e-02,1.144204e+00,1.513246e+00
5.084000e+00,1.020720e+00,1.351145e+00,1.294175e+00,1.331928e+00,1.353111e+00,1.430885e+00,1.391335e+00,1.513081e+00,1.416138e+00,1.371544e+00,1.361800e+00,1.422416e+00,1.356045e+00,1.358085e+00,1.220640e+00,1.311429e+00,1.137796e+00,1.379337e+00,1.330520e+00,1.349875e+00,1.426154e+00,1.366869e+00,1.433265e+00,1.299875e+00,1.381412e+00,1.357869e+00,7.307145e-02,1.137796e+00,1.513081e+00
5.085000e+00,1.021100e+00,1.352519e+00,1.297670e+00,1.334529e+00,1.354333e+00,1.432385e+00,1.394534e+00,1.512701e+00,1.414138e+00,1.369732e+00,1.363000e+00,1.422677e+00,1.357740e+00,1.359745e+00,1.221200e+00,1.302946e+00,1.129673e+00,1.381506e+00,1.328382e+00,1.349062e+00,1.426683e+00,1.361566e+00,1.432000e+00,1.299000e+00,1.383235e+00,1.357540e+00,7.422973e-02,1.129673e+00,1.512701e+00
5.086000e+00,1.021430e+00,1.352672e+00,1.301650e+00,1.336906e+00,1.357111e+00,1.434077e+00,1.396739e+00,1.512962e+00,1.409655e+00,1.367718e+00,1.364500e+00,1.423197e+00,1.359831e+00,1.360383e+00,1.223600e+00,1.293929e+00,1.122204e+00,1.384398e+00,1.326705e+00,1.349875e+00,1.425529e+00,1.356414e+00,1.430449e+00,1.297750e+00,1.385588e+00,1.357243e+00,7.519837e-02,1.122204e+00,1.512962e+00
5.087000e+00,1.021510e+00,1.354122e+00,1.303010e+00,1.339731e+00,1.359333e+00,1.435654e+00,1.398944e+00,1.512820e+00,1.407034e+00,1.364899e+00,1.365250e+00,1.424424e+00,1.361751e+00,1.361787e+00,1.225600e+00,1.286310e+00,1.114531e+00,1.388193e+00,1.325087e+00,1.349687e+00,1.425385e+00,1.350051e+00,1.429347e+00,1.296375e+00,1.386353e+00,1.356903e+00,7.645066e-02,1.114531e+00,1.512820e+00
5.088000e+00,1.021750e+00,1.355115e+00,1.305825e+00,1.341928e+00,1.360667e+00,1.437962e+00,1.401553e+00,1.511943e+00,1.403172e+00,1.363020e+00,1.366100e+00,1.425056e+00,1.364915e+00,1.363234e+00,1.228720e+00,1.277857e+00,1.106776e+00,1.390181e+00,1.322775e+00,1.348500e+00,1.424952e+00,1.345556e+00,1.426694e+00,1.294875e+00,1.388647e+00,1.356501e+00,7.760239e-02,1.106776e+00,1.511943e+00
5.089000e+00,1.022000e+00,1.354656e+00,1.309029e+00,1.344439e+00,1.363889e+00,1.439923e+00,1.405093e+00,1.511659e+00,1.400552e+00,1.361074e+00,1.366400e+00,1.425353e+00,1.366384e+00,1.364170e+00,1.229680e+00,1.270536e+00,1.099918e+00,1.390602e+00,1.321445e+00,1.347438e+00,1.424567e+00,1.340051e+00,1.424939e+00,1.288625e+00,1.390118e+00,1.355856e+00,7.903183e-02,1.099918e+00,1.511659e+00
5.090000e+00,1.022200e+00,1.355267e+00,1.310097e+00,1.347085e+00,1.364667e+00,1.442423e+00,1.408012e+00,1.510972e+00,1.398138e+00,1.357584e+00,1.368250e+00,1.425948e+00,1.368531e+00,1.365404e+00,1.232080e+00,1.263065e+00,1.092735e+00,1.390783e+00,1.320925e+00,1.346625e+00,1.424423e+00,1.335909e+00,1.422327e+00,1.285375e+00,1.391647e+00,1.355345e+00,8.038488e-02,1.092735e+00,1.510972e+00
5.091000e+00,1.022610e+00,1.355267e+00,1.312524e+00,1.348610e+00,1.366556e+00,1.444115e+00,1.410683e+00,1.509692e+00,1.394828e+00,1.354094e+00,1.368400e+00,1.425613e+00,1.369774e+00,1.366085e+00,1.231600e+00,1.255774e+00,1.085347e+00,1.390723e+00,1.320000e+00,1.346187e+00,1.423029e+00,1.330606e+00,1.420327e+00,1.282500e+00,1.393118e+00,1.354394e+00,8.180268e-02,1.085347e+00,1.509692e+00
5.092000e+00,1.022870e+00,1.356260e+00,1.314466e+00,1.350807e+00,1.369333e+00,1.446231e+00,1.413168e+00,1.508981e+00,1.392897e+00,1.350805e+00,1.368600e+00,1.425502e+00,1.371017e+00,1.367191e+00,1.233600e+00,1.249196e+00,1.079469e+00,1.391446e+00,1.318497e+00,1.344188e+00,1.421394e+00,1.326162e+00,1.418735e+00,1.279500e+00,1.394176e+00,1.353818e+00,8.302341e-02,1.079469e+00,1.508981e+00
5.093000e+00,1.023070e+00,1.355725e+00,1.316505e+00,1.353139e+00,1.371333e+00,1.447885e+00,1.416273e+00,1.506825e+00,1.390207e+00,1.347919e+00,1.368650e+00,1.425985e+00,1.372712e+00,1.368298e+00,1.234080e+00,1.243423e+00,1.073878e+00,1.394759e+00,1.316532e+00,1.343813e+00,1.419231e+00,1.321263e+00,1.416939e+00,1.279500e+00,1.395647e+00,1.353355e+00,8.412916e-02,1.073878e+00,1.506825e+00
5.094000e+00,1.023210e+00,1.357634e+00,1.319709e+00,1.354036e+00,1.372444e+00,1.449731e+00,1.418012e+00,1.505521e+00,1.386483e+00,1.345570e+00,1.366700e+00,1.426134e+00,1.373955e+00,1.368894e+00,1.236000e+00,1.237113e+00,1.068653e+00,1.396446e+00,1.314566e+00,1.342000e+00,1.418173e+00,1.315909e+00,1.415469e+00,1.277250e+00,1.396294e+00,1.352612e+00,8.523291e-02,1.068653e+00,1.505521e+00
5.095000e+00,1.023630e+00,1.357405e+00,1.320971e+00,1.356054e+00,1.374444e+00,1.450577e+00,1.420621e+00,1.503531e+00,1.383586e+00,1.342617e+00,1.365600e+00,1.425613e+00,1.375593e+00,1.368681e+00,1.236880e+00,1.231131e+00,1.063020e+00,1.398855e+00,1.313584e+00,1.339187e+00,1.415962e+00,1.311717e+00,1.413224e+00,1.276875e+00,1.397824e+00,1.351815e+00,8.632209e-02,1.063020e+00,1.503531e+00
5.096000e+00,1.023940e+00,1.358550e+00,1.323010e+00,1.357713e+00,1.377000e+00,1.452038e+00,1.422484e+00,1.501635e+00,1.379172e+00,1.339329e+00,1.364300e+00,1.425390e+00,1.376667e+00,1.369872e+00,1.239920e+00,1.225714e+00,1.058449e+00,1.401145e+00,1.311503e+00,1.338000e+00,1.413606e+00,1.307576e+00,1.411755e+00,1.275250e+00,1.397941e+00,1.351167e+00,8.720879e-02,1.058449e+00,1.501635e+00
5.097000e+00,1.024140e+00,1.360153e+00,1.326311e+00,1.358430e+00,1.377333e+00,1.453423e+00,1.425435e+00,1.498910e+00,1.376483e+00,1.335638e+00,1.363200e+00,1.425093e+00,1.377966e+00,1.370085e+00,1.240640e+00,1.220179e+00,1.053714e+00,1.403614e+00,1.310231e+00,1.334562e+00,1.411538e+00,1.303636e+00,1.408898e+00,1.275000e+00,1.398412e+00,1.350370e+00,8.817914e-02,1.053714e+00,1.498910e+00
5.098000e+00,1.024320e+00,1.361145e+00,1.328641e+00,1.359552e+00,1.379778e+00,1.454038e+00,1.427516e+00,1.496374e+00,1.373310e+00,1.333221e+00,1.362250e+00,1.424312e+00,1.379040e+00,1.370426e+00,1.242400e+00,1.215536e+00,1.049837e+00,1.406205e+00,1.308902e+00,1.333438e+00,1.408462e+00,1.298485e+00,1.407020e+00,1.272000e+00,1.398941e+00,1.349618e+00,8.903455e-02,1.049837e+00,1.496374e+00
5.099000e+00,1.024680e+00,1.360992e+00,1.330194e+00,1.361076e+00,1.381444e+00,1.454885e+00,1.429752e+00,1.493318e+00,1.370690e+00,1.330940e+00,1.360200e+00,1.424015e+00,1.379605e+00,1.370681e+00,1.243120e+00,1.210506e+00,1.045551e+00,1.409036e+00,1.307341e+00,1.331375e+00,1.404952e+00,1.295253e+00,1.404531e+00,1.272375e+00,1.399353e+00,1.348799e+00,8.987113e-02,1.045551e+00,1.493318e+00
5.100000e+00,1.024720e+00,1.360840e+00,1.331553e+00,1.361614e+00,1.382444e+00,1.455462e+00,1.431988e+00,1.490948e+00,1.366552e+00,1.326980e+00,1.358950e+00,1.422714e+00,1.380395e+00,1.371319e+00,1.244400e+00,1.205506e+00,1.041633e+00,1.410422e+00,1.306879e+00,1.328125e+00,1.401779e+00,1.289242e+00,1.402122e+00,1.271875e+00,1.399882e+00,1.347651e+00,9.072924e-02,1.041633e+00,1.490948e+00
5.101000e+00,1.024990e+00,1.362824e+00,1.333107e+00,1.361928e+00,1.384667e+00,1.456077e+00,1.434441e+00,1.489100e+00,1.363448e+00,1.325235e+00,1.356550e+00,1.422230e+00,1.380734e+00,1.370638e+00,1.244240e+00,1.201220e+00,1.038816e+00,1.411386e+00,1.305607e+00,1.325937e+00,1.398365e+00,1.283838e+00,1.399714e+00,1.271750e+00,1.400118e+00,1.346749e+00,9.151345e-02,1.038816e+00,1.489100e+00
5.102000e+00,1.025290e+00,1.363359e+00,1.334369e+00,1.362870e+00,1.386000e+00,1.456346e+00,1.436677e+00,1.486232e+00,1.359724e+00,1.323624e+00,1.354300e+00,1.421152e+00,1.380960e+00,1.370809e+00,1.245840e+00,1.196935e+00,1.035102e+00,1.412410e+00,1.304277e+00,1.323250e+00,1.393654e+00,1.279495e+00,1.397796e+00,1.270625e+00,1.400353e+00,1.345673e+00,9.224441e-02,1.035102e+00,1.486232e+00
5.103000e+00,1.025550e+00,1.363130e+00,1.337087e+00,1.362960e+00,1.387000e+00,1.456769e+00,1.438137e+00,1.483934e+00,1.355655e+00,1.319732e+00,1.353050e+00,1.420483e+00,1.381695e+00,1.370383e+00,1.247520e+00,1.192143e+00,1.032000e+00,1.413133e+00,1.302948e+00,1.320938e+00,1.389327e+00,1.275606e+00,1.395429e+00,1.271250e+00,1.400765e+00,1.344628e+00,9.290397e-02,1.032000e+00,1.483934e+00
5.104000e+00,1.025950e+00,1.365038e+00,1.338738e+00,1.364215e+00,1.388222e+00,1.457115e+00,1.440093e+00,1.480900e+00,1.353241e+00,1.317315e+00,1.350800e+00,1.420186e+00,1.382429e+00,1.369489e+00,1.250000e+00,1.188631e+00,1.030245e+00,1.414036e+00,1.302312e+00,1.318000e+00,1.384904e+00,1.272626e+00,1.391837e+00,1.270750e+00,1.401176e+00,1.343846e+00,9.327521e-02,1.030245e+00,1.480900e+00
5.105000e+00,1.026090e+00,1.365267e+00,1.339903e+00,1.366099e+00,1.388222e+00,1.458077e+00,1.442298e+00,1.478318e+00,1.350069e+00,1.314362e+00,1.348550e+00,1.419145e+00,1.382542e+00,1.369957e+00,1.251280e+00,1.184851e+00,1.027592e+00,1.415904e+00,1.301908e+00,1.315312e+00,1.380865e+00,1.269899e+00,1.388204e+00,1.272750e+00,1.402294e+00,1.343070e+00,9.386041e-02,1.027592e+00,1.478318e+00
5.106000e+00,1.026310e+00,1.367023e+00,1.341553e+00,1.365785e+00,1.390000e+00,1.459115e+00,1.444130e+00,1.476019e+00,1.347034e+00,1.311544e+00,1.346100e+00,1.418030e+00,1.382034e+00,1.368894e+00,1.252720e+00,1.181726e+00,1.025755e+00,1.417892e+00,1.300173e+00,1.311250e+00,1.376635e+00,1.266869e+00,1.384939e+00,1.269750e+00,1.401588e+00,1.341940e+00,9.448606e-02,1.025755e+00,1.476019e+00
5.107000e+00,1.026600e+00,1.365802e+00,1.342621e+00,1.366726e+00,1.389778e+00,1.459308e+00,1.445714e+00,1.472038e+00,1.344000e+00,1.308926e+00,1.344050e+00,1.417546e+00,1.379831e+00,1.367872e+00,1.254160e+00,1.178929e+00,1.023592e+00,1.419096e+00,1.299480e+00,1.308750e+00,1.372404e+00,1.264141e+00,1.382327e+00,1.270875e+00,1.402765e+00,1.340864e+00,9.479814e-02,1.023592e+00,1.472038e+00
5.108000e+00,1.026800e+00,1.366641e+00,1.346117e+00,1.368117e+00,1.392000e+00,1.460115e+00,1.445870e+00,1.469668e+00,1.340345e+00,1.305436e+00,1.341050e+00,1.416766e+00,1.381921e+00,1.368213e+00,1.255840e+00,1.175387e+00,1.020898e+00,1.420602e+00,1.299249e+00,1.304813e+00,1.367356e+00,1.262525e+00,1.380571e+00,1.270875e+00,1.403294e+00,1.340153e+00,9.550665e-02,1.020898e+00,1.469668e+00
5.109000e+00,1.027250e+00,1.367863e+00,1.346214e+00,1.367758e+00,1.394889e+00,1.460731e+00,1.446522e+00,1.466445e+00,1.336552e+00,1.302617e+00,1.338250e+00,1.415539e+00,1.380169e+00,1.367660e+00,1.256800e+00,1.172946e+00,1.019796e+00,1.421928e+00,1.299538e+00,1.301000e+00,1.362308e+00,1.261010e+00,1.378286e+00,1.269625e+00,1.403118e+00,1.339065e+00,9.581996e-02,1.019796e+00,1.466445e+00
5.110000e+00,1.027400e+00,1.368321e+00,1.348738e+00,1.368341e+00,1.392556e+00,1.460577e+00,1.447919e+00,1.463057e+00,1.333862e+00,1.298993e+00,1.334350e+00,1.414201e+00,1.380113e+00,1.366085e+00,1.258320e+00,1.170685e+00,1.018449e+00,1.422410e+00,1.300925e+00,1.297750e+00,1.357788e+00,1.258737e+00,1.377143e+00,1.268500e+00,1.403235e+00,1.337961e+00,9.606137e-02,1.018449e+00,1.463057e+00
5.111000e+00,1.027590e+00,1.367939e+00,1.350583e+00,1.369193e+00,1.394333e+00,1.460885e+00,1.448571e+00,1.459929e+00,1.329517e+00,1.296779e+00,1.331200e+00,1.413123e+00,1.379379e+00,1.366128e+00,1.258640e+00,1.167500e+00,1.017306e+00,1.423675e+00,1.299075e+00,1.295063e+00,1.353654e+00,1.257677e+00,1.376367e+00,1.268750e+00,1.403176e+00,1.337018e+00,9.649259e-02,1.017306e+00,1.460885e+00
5.112000e+00,1.027860e+00,1.368550e+00,1.352913e+00,1.367892e+00,1.395889e+00,1.461538e+00,1.450404e+00,1.455427e+00,1.327172e+00,1.294161e+00,1.327750e+00,1.411524e+00,1.379718e+00,1.363617e+00,1.260320e+00,1.166369e+00,1.016408e+00,1.423675e+00,1.299827e+00,1.292187e+00,1.347596e+00,1.255808e+00,1.374694e+00,1.268000e+00,1.403471e+00,1.336038e+00,9.663701e-02,1.016408e+00,1.461538e+00
5.113000e+00,1.028260e+00,1.369313e+00,1.353689e+00,1.367354e+00,1.395000e+00,1.462692e+00,1.452422e+00,1.450521e+00,1.324414e+00,1.291611e+00,1.323350e+00,1.410149e+00,1.378136e+00,1.361830e+00,1.260480e+00,1.163750e+00,1.015347e+00,1.424940e+00,1.299480e+00,1.288312e+00,1.343462e+00,1.254545e+00,1.372612e+00,1.267125e+00,1.402765e+00,1.334721e+00,9.697833e-02,1.015347e+00,1.462692e+00
5.114000e+00,1.028500e+00,1.368702e+00,1.356117e+00,1.366368e+00,1.397111e+00,1.463269e+00,1.453447e+00,1.446351e+00,1.321310e+00,1.289396e+00,1.318650e+00,1.408476e+00,1.377458e+00,1.361064e+00,1.260240e+00,1.161369e+00,1.015020e+00,1.425663e+00,1.299422e+00,1.285187e+00,1.338990e+00,1.253990e+00,1.372122e+00,1.266250e+00,1.402000e+00,1.333666e+00,9.724117e-02,1.015020e+00,1.463269e+00
5.115000e+00,1.028710e+00,1.369160e+00,1.357670e+00,1.366592e+00,1.397444e+00,1.464269e+00,1.455093e+00,1.442038e+00,1.318414e+00,1.288523e+00,1.314550e+00,1.406468e+00,1.377006e+00,1.359787e+00,1.260640e+00,1.159524e+00,1.014571e+00,1.426566e+00,1.298902e+00,1.282125e+00,1.333990e+00,1.251869e+00,1.370898e+00,1.266750e+00,1.401471e+00,1.332680e+00,9.749678e-02,1.014571e+00,1.464269e+00
5.116000e+00,1.028950e+00,1.368855e+00,1.360680e+00,1.366771e+00,1.397444e+00,1.464500e+00,1.456180e+00,1.438791e+00,1.315655e+00,1.286174e+00,1.310300e+00,1.404721e+00,1.376271e+00,1.359915e+00,1.261040e+00,1.157143e+00,1.013918e+00,1.429398e+00,1.298266e+00,1.277813e+00,1.329712e+00,1.251364e+00,1.369633e+00,1.266250e+00,1.401294e+00,1.331754e+00,9.796121e-02,1.013918e+00,1.464500e+00
5.117000e+00,1.029200e+00,1.370229e+00,1.361553e+00,1.366054e+00,1.397000e+00,1.465000e+00,1.458012e+00,1.435521e+00,1.312069e+00,1.284899e+00,1.305200e+00,1.402602e+00,1.374689e+00,1.359191e+00,1.261600e+00,1.153839e+00,1.013143e+00,1.430482e+00,1.296936e+00,1.275375e+00,1.324087e+00,1.249091e+00,1.368490e+00,1.263375e+00,1.400176e+00,1.330359e+00,9.851974e-02,1.013143e+00,1.465000e+00
5.118000e+00,1.029500e+00,1.369542e+00,1.363592e+00,1.366054e+00,1.399778e+00,1.464038e+00,1.460280e+00,1.432464e+00,1.309517e+00,1.283490e+00,1.299950e+00,1.399888e+00,1.374294e+00,1.358936e+00,1.261840e+00,1.152262e+00,1.013347e+00,1.431807e+00,1.295318e+00,1.271813e+00,1.318317e+00,1.249091e+00,1.367388e+00,1.263250e+00,1.398235e+00,1.329354e+00,9.876520e-02,1.013347e+00,1.464038e+00
5.119000e+00,1.029680e+00,1.369847e+00,1.364660e+00,1.365022e+00,1.400778e+00,1.463231e+00,1.461491e+00,1.429455e+00,1.306138e+00,1.280872e+00,1.295650e+00,1.396803e+00,1.371356e+00,1.356681e+00,1.263040e+00,1.150446e+00,1.013388e+00,1.433133e+00,1.294913e+00,1.268937e+00,1.313846e+00,1.247778e+00,1.365755e+00,1.263625e+00,1.398118e+00,1.328123e+00,9.891660e-02,1.013388e+00,1.463231e+00
5.120000e+00,1.030010e+00,1.369237e+00,1.367087e+00,1.364215e+00,1.399333e+00,1.462346e+00,1.462888e+00,1.426896e+00,1.302621e+00,1.279463e+00,1.291000e+00,1.393978e+00,1.370452e+00,1.356213e+00,1.263920e+00,1.149286e+00,1.013306e+00,1.432651e+00,1.294740e+00,1.265125e+00,1.309087e+00,1.247273e+00,1.364490e+00,1.264000e+00,1.397588e+00,1.326966e+00,9.899074e-02,1.013306e+00,1.462888e+00
5.121000e+00,1.030350e+00,1.369466e+00,1.368252e+00,1.364036e+00,1.402000e+00,1.462192e+00,1.464068e+00,1.424289e+00,1.300069e+00,1.277919e+00,1.286000e+00,1.391078e+00,1.367627e+00,1.354851e+00,1.262240e+00,1.148125e+00,1.013592e+00,1.433012e+00,1.294913e+00,1.262438e+00,1.304663e+00,1.246768e+00,1.362694e+00,1.261750e+00,1.395059e+00,1.325713e+00,9.922412e-02,1.013592e+00,1.464068e+00
5.122000e+00,1.030530e+00,1.370992e+00,1.370874e+00,1.363453e+00,1.402111e+00,1.462000e+00,1.465435e+00,1.421209e+00,1.297034e+00,1.277114e+00,1.281100e+00,1.388848e+00,1.367119e+00,1.354043e+00,1.262800e+00,1.147113e+00,1.013837e+00,1.431747e+00,1.295029e+00,1.260250e+00,1.301971e+00,1.246313e+00,1.362653e+00,1.262125e+00,1.392529e+00,1.324904e+00,9.928109e-02,1.013837e+00,1.465435e+00
5.123000e+00,1.030790e+00,1.369847e+00,1.371748e+00,1.362377e+00,1.400333e+00,1.462077e+00,1.466522e+00,1.419100e+00,1.294000e+00,1.276309e+00,1.276400e+00,1.387138e+00,1.363842e+00,1.353660e+00,1.262080e+00,1.146310e+00,1.014122e+00,1.431807e+00,1.294740e+00,1.256812e+00,1.298894e+00,1.244545e+00,1.360531e+00,1.261500e+00,1.389765e+00,1.323519e+00,9.935729e-02,1.014122e+00,1.466522e+00
5.124000e+00,1.031060e+00,1.370534e+00,1.373786e+00,1.361749e+00,1.402778e+00,1.462808e+00,1.467702e+00,1.416374e+00,1.291586e+00,1.276174e+00,1.271750e+00,1.384907e+00,1.363164e+00,1.353021e+00,1.261840e+00,1.145417e+00,1.014082e+00,1.431265e+00,1.295491e+00,1.253562e+00,1.294808e+00,1.244192e+00,1.359592e+00,1.262250e+00,1.389235e+00,1.322836e+00,9.968478e-02,1.014082e+00,1.467702e+00
5.125000e+00,1.031300e+00,1.370916e+00,1.374272e+00,1.362646e+00,1.404000e+00,1.463308e+00,1.468509e+00,1.414692e+00,1.289931e+00,1.273289e+00,1.266000e+00,1.382825e+00,1.360226e+00,1.351617e+00,1.262240e+00,1.144911e+00,1.015184e+00,1.431386e+00,1.296358e+00,1.250563e+00,1.291779e+00,1.243939e+00,1.357714e+00,1.261625e+00,1.388588e+00,1.321938e+00,9.984501e-02,1.015184e+00,1.468509e+00
5.126000e+00,1.031490e+00,1.372366e+00,1.376311e+00,1.362511e+00,1.402333e+00,1.463923e+00,1.469814e+00,1.412346e+00,1.287793e+00,1.272819e+00,1.261450e+00,1.380335e+00,1.358983e+00,1.351064e+00,1.261920e+00,1.144405e+00,1.015918e+00,1.431807e+00,1.296994e+00,1.246562e+00,1.288606e+00,1.242424e+00,1.357061e+00,1.262625e+00,1.386765e+00,1.321131e+00,1.000402e-01,1.015918e+00,1.469814e+00
5.127000e+00,1.031790e+00,1.370534e+00,1.377670e+00,1.362108e+00,1.403000e+00,1.463923e+00,1.470683e+00,1.410166e+00,1.286621e+00,1.271745e+00,1.256250e+00,1.378476e+00,1.356949e+00,1.349234e+00,1.262880e+00,1.144256e+00,1.016449e+00,1.432229e+00,1.297399e+00,1.241750e+00,1.286154e+00,1.241313e+00,1.355755e+00,1.262125e+00,1.387059e+00,1.320197e+00,1.002536e-01,1.016449e+00,1.470683e+00
5.128000e+00,1.032120e+00,1.370153e+00,1.379417e+00,1.362197e+00,1.402556e+00,1.464462e+00,1.471832e+00,1.408602e+00,1.284483e+00,1.270537e+00,1.251300e+00,1.376394e+00,1.355593e+00,1.348383e+00,1.262240e+00,1.143393e+00,1.017184e+00,1.432169e+00,1.299191e+00,1.237313e+00,1.283510e+00,1.240556e+00,1.354653e+00,1.261500e+00,1.385706e+00,1.319305e+00,1.005697e-01,1.017184e+00,1.471832e+00
5.129000e+00,1.032160e+00,1.370840e+00,1.381359e+00,1.362242e+00,1.400889e+00,1.465692e+00,1.473696e+00,1.406611e+00,1.283931e+00,1.270738e+00,1.246550e+00,1.374572e+00,1.351186e+00,1.347872e+00,1.261440e+00,1.143095e+00,1.017347e+00,1.431386e+00,1.300347e+00,1.234625e+00,1.281442e+00,1.241111e+00,1.353755e+00,1.262000e+00,1.385412e+00,1.318672e+00,1.007746e-01,1.017347e+00,1.473696e+00
5.130000e+00,1.032350e+00,1.371069e+00,1.383010e+00,1.362287e+00,1.399000e+00,1.466615e+00,1.474720e+00,1.405024e+00,1.281517e+00,1.270201e+00,1.241650e+00,1.372045e+00,1.350508e+00,1.346766e+00,1.261440e+00,1.143542e+00,1.017306e+00,1.430663e+00,1.302370e+00,1.230687e+00,1.278942e+00,1.240455e+00,1.354245e+00,1.262000e+00,1.383882e+00,1.317914e+00,1.010316e-01,1.017306e+00,1.474720e+00
5.131000e+00,1.032700e+00,1.369313e+00,1.383495e+00,1.362646e+00,1.398000e+00,1.467077e+00,1.475342e+00,1.402773e+00,1.280138e+00,1.269128e+00,1.236800e+00,1.370297e+00,1.348362e+00,1.346383e+00,1.260480e+00,1.143095e+00,1.017347e+00,1.429940e+00,1.303121e+00,1.228563e+00,1.276731e+00,1.239747e+00,1.353143e+00,1.261875e+00,1.383176e+00,1.316957e+00,1.012088e-01,1.017347e+00,1.475342e+00
5.132000e+00,1.033010e+00,1.367634e+00,1.384951e+00,1.361883e+00,1.398222e+00,1.468000e+00,1.475870e+00,1.400995e+00,1.278828e+00,1.268523e+00,1.231400e+00,1.368625e+00,1.346893e+00,1.345532e+00,1.259920e+00,1.143512e+00,1.017755e+00,1.429458e+00,1.304451e+00,1.227250e+00,1.273846e+00,1.238939e+00,1.352612e+00,1.260750e+00,1.382706e+00,1.316190e+00,1.014167e-01,1.017755e+00,1.475870e+00
5.133000e+00,1.033190e+00,1.368931e+00,1.384951e+00,1.361300e+00,1.398000e+00,1.469038e+00,1.476366e+00,1.400000e+00,1.277103e+00,1.266040e+00,1.226000e+00,1.366394e+00,1.343842e+00,1.344000e+00,1.259360e+00,1.142827e+00,1.018612e+00,1.428193e+00,1.305376e+00,1.224813e+00,1.272837e+00,1.239141e+00,1.352041e+00,1.262000e+00,1.381824e+00,1.315375e+00,1.015903e-01,1.018612e+00,1.476366e+00
5.134000e+00,1.033340e+00,1.367786e+00,1.386408e+00,1.361076e+00,1.398444e+00,1.470077e+00,1.476770e+00,1.398104e+00,1.276759e+00,1.265638e+00,1.221900e+00,1.364572e+00,1.341525e+00,1.343660e+00,1.257840e+00,1.141964e+00,1.020122e+00,1.429157e+00,1.305549e+00,1.223000e+00,1.270865e+00,1.239242e+00,1.351837e+00,1.260000e+00,1.380471e+00,1.314699e+00,1.018056e-01,1.020122e+00,1.476770e+00
5.135000e+00,1.033710e+00,1.367939e+00,1.385922e+00,1.361031e+00,1.399667e+00,1.470500e+00,1.476025e+00,1.396564e+00,1.275793e+00,1.264765e+00,1.217200e+00,1.361822e+00,1.339379e+00,1.343021e+00,1.256400e+00,1.142143e+00,1.020816e+00,1.428795e+00,1.306647e+00,1.220438e+00,1.268942e+00,1.238485e+00,1.351061e+00,1.261250e+00,1.379588e+00,1.313925e+00,1.019001e-01,1.020816e+00,1.476025e+00
5.136000e+00,1.033960e+00,1.368168e+00,1.389029e+00,1.360583e+00,1.398333e+00,1.470500e+00,1.476863e+00,1.394905e+00,1.274483e+00,1.264362e+00,1.212700e+00,1.359219e+00,1.337401e+00,1.342213e+00,1.256080e+00,1.142649e+00,1.022000e+00,1.428675e+00,1.306821e+00,1.218500e+00,1.266827e+00,1.238182e+00,1.350367e+00,1.259625e+00,1.379294e+00,1.313241e+00,1.020392e-01,1.022000e+00,1.476863e+00
5.137000e+00,1.034100e+00,1.368397e+00,1.388738e+00,1.360314e+00,1.398889e+00,1.470808e+00,1.477422e+00,1.392962e+00,1.274000e+00,1.264027e+00,1.208600e+00,1.357100e+00,1.334633e+00,1.341915e+00,1.254080e+00,1.142411e+00,1.023265e+00,1.429940e+00,1.308208e+00,1.216813e+00,1.265769e+00,1.238384e+00,1.348163e+00,1.260875e+00,1.377294e+00,1.312625e+00,1.020969e-01,1.023265e+00,1.477422e+00
5.138000e+00,1.034430e+00,1.367557e+00,1.390097e+00,1.358565e+00,1.398333e+00,1.471077e+00,1.477981e+00,1.391445e+00,1.272621e+00,1.263356e+00,1.203250e+00,1.354312e+00,1.332486e+00,1.340936e+00,1.253520e+00,1.142619e+00,1.024612e+00,1.430181e+00,1.309133e+00,1.215812e+00,1.264615e+00,1.238636e+00,1.346082e+00,1.261500e+00,1.376412e+00,1.311881e+00,1.020991e-01,1.024612e+00,1.477981e+00
5.139000e+00,1.034780e+00,1.366870e+00,1.392621e+00,1.358161e+00,1.398667e+00,1.472308e+00,1.478416e+00,1.389834e+00,1.271379e+00,1.262148e+00,1.197950e+00,1.351784e+00,1.328249e+00,1.340596e+00,1.252240e+00,1.141994e+00,1.026000e+00,1.429819e+00,1.310173e+00,1.214438e+00,1.262981e+00,1.238535e+00,1.343714e+00,1.260625e+00,1.374765e+00,1.311011e+00,1.023565e-01,1.026000e+00,1.478416e+00
5.140000e+00,1.035070e+00,1.368855e+00,1.394078e+00,1.356861e+00,1.398556e+00,1.473423e+00,1.479255e+00,1.388555e+00,1.271655e+00,1.260403e+00,1.192950e+00,1.349665e+00,1.325367e+00,1.339149e+00,1.250720e+00,1.142381e+00,1.026816e+00,1.428976e+00,1.311387e+00,1.212938e+00,1.262548e+00,1.238889e+00,1.342286e+00,1.259375e+00,1.373353e+00,1.310352e+00,1.026101e-01,1.026816e+00,1.479255e+00
5.141000e+00,1.035300e+00,1.369008e+00,1.395340e+00,1.355740e+00,1.399778e+00,1.474615e+00,1.479752e+00,1.387891e+00,1.270690e+00,1.260738e+00,1.189400e+00,1.347546e+00,1.322542e+00,1.338553e+00,1.249280e+00,1.142708e+00,1.027755e+00,1.427470e+00,1.312312e+00,1.210562e+00,1.261490e+00,1.239293e+00,1.341429e+00,1.260750e+00,1.372412e+00,1.309877e+00,1.027710e-01,1.027755e+00,1.479752e+00
5.142000e+00,1.035570e+00,1.369237e+00,1.396602e+00,1.354888e+00,1.398444e+00,1.474654e+00,1.479969e+00,1.386564e+00,1.270069e+00,1.260537e+00,1.184700e+00,1.344498e+00,1.319661e+00,1.337106e+00,1.246080e+00,1.142470e+00,1.029673e+00,1.425723e+00,1.313757e+00,1.209625e+00,1.260769e+00,1.238889e+00,1.340898e+00,1.260000e+00,1.371294e+00,1.309005e+00,1.027441e-01,1.029673e+00,1.479969e+00
5.143000e+00,1.035780e+00,1.368702e+00,1.397573e+00,1.353587e+00,1.399111e+00,1.474538e+00,1.480031e+00,1.385782e+00,1.269862e+00,1.258725e+00,1.181350e+00,1.341673e+00,1.316949e+00,1.336043e+00,1.245040e+00,1.143661e+00,1.030531e+00,1.423675e+00,1.313873e+00,1.209375e+00,1.259279e+00,1.238737e+00,1.340531e+00,1.259500e+00,1.370353e+00,1.308270e+00,1.026646e-01,1.030531e+00,1.480031e+00
5.144000e+00,1.035940e+00,1.371450e+00,1.398932e+00,1.352825e+00,1.398556e+00,1.474615e+00,1.480435e+00,1.384147e+00,1.269172e+00,1.257517e+00,1.177500e+00,1.339628e+00,1.315028e+00,1.336426e+00,1.243520e+00,1.143363e+00,1.031714e+00,1.421807e+00,1.314740e+00,1.208125e+00,1.257452e+00,1.238434e+00,1.339918e+00,1.258875e+00,1.368000e+00,1.307591e+00,1.028212e-01,1.031714e+00,1.480435e+00
5.145000e+00,1.036320e+00,1.371069e+00,1.399515e+00,1.351659e+00,1.397000e+00,1.475846e+00,1.480124e+00,1.383483e+00,1.269034e+00,1.257181e+00,1.174250e+00,1.337435e+00,1.311864e+00,1.334979e+00,1.240240e+00,1.143512e+00,1.032898e+00,1.420181e+00,1.316185e+00,1.207062e+00,1.256442e+00,1.238788e+00,1.339837e+00,1.259750e+00,1.366647e+00,1.306874e+00,1.028031e-01,1.032898e+00,1.480124e+00
5.146000e+00,1.036550e+00,1.370534e+00,1.400971e+00,1.351659e+00,1.398889e+00,1.476615e+00,1.479658e+00,1.382180e+00,1.267586e+00,1.255705e+00,1.170250e+00,1.334944e+00,1.311017e+00,1.332936e+00,1.238800e+00,1.144464e+00,1.034816e+00,1.418554e+00,1.317341e+00,1.206000e+00,1.255192e+00,1.238838e+00,1.339102e+00,1.261250e+00,1.365765e+00,1.306378e+00,1.028136e-01,1.034816e+00,1.479658e+00
5.147000e+00,1.036780e+00,1.371527e+00,1.402330e+00,1.350628e+00,1.398444e+00,1.477577e+00,1.480031e+00,1.382085e+00,1.266828e+00,1.255503e+00,1.167200e+00,1.333160e+00,1.307514e+00,1.333787e+00,1.238160e+00,1.144613e+00,1.035755e+00,1.417470e+00,1.318150e+00,1.204375e+00,1.254952e+00,1.237727e+00,1.339265e+00,1.260375e+00,1.365059e+00,1.305938e+00,1.030800e-01,1.035755e+00,1.480031e+00
5.148000e+00,1.037000e+00,1.370992e+00,1.403495e+00,1.350045e+00,1.397778e+00,1.478654e+00,1.479876e+00,1.380616e+00,1.267034e+00,1.254161e+00,1.164650e+00,1.331413e+00,1.304802e+00,1.332851e+00,1.235200e+00,1.145417e+00,1.036694e+00,1.415783e+00,1.318960e+00,1.202750e+00,1.253702e+00,1.235707e+00,1.339714e+00,1.259250e+00,1.363353e+00,1.305121e+00,1.032253e-01,1.036694e+00,1.479876e+00
5.149000e+00,1.037290e+00,1.372901e+00,1.403010e+00,1.349865e+00,1.399556e+00,1.480077e+00,1.479938e+00,1.378104e+00,1.266966e+00,1.253691e+00,1.161400e+00,1.329480e+00,1.303729e+00,1.331957e+00,1.233040e+00,1.144970e+00,1.038082e+00,1.413554e+00,1.320231e+00,1.201812e+00,1.252885e+00,1.235101e+00,1.339878e+00,1.260500e+00,1.362176e+00,1.304704e+00,1.033924e-01,1.038082e+00,1.480077e+00
5.150000e+00,1.037560e+00,1.370611e+00,1.407087e+00,1.349013e+00,1.396667e+00,1.480308e+00,1.479876e+00,1.376706e+00,1.266828e+00,1.254430e+00,1.158350e+00,1.327398e+00,1.301356e+00,1.332043e+00,1.230720e+00,1.145655e+00,1.039184e+00,1.411867e+00,1.322428e+00,1.200687e+00,1.252067e+00,1.233838e+00,1.340327e+00,1.260625e+00,1.359647e+00,1.304072e+00,1.033825e-01,1.039184e+00,1.480308e+00
5.151000e+00,1.037820e+00,1.371985e+00,1.406214e+00,1.349462e+00,1.398444e+00,1.481000e+00,1.478851e+00,1.375095e+00,1.267172e+00,1.254430e+00,1.155650e+00,1.324944e+00,1.299379e+00,1.332043e+00,1.228160e+00,1.146488e+00,1.041020e+00,1.409699e+00,1.323642e+00,1.199125e+00,1.252067e+00,1.233788e+00,1.340857e+00,1.258875e+00,1.358588e+00,1.303624e+00,1.033511e-01,1.041020e+00,1.481000e+00
5.152000e+00,1.038010e+00,1.372214e+00,1.408738e+00,1.348879e+00,1.396667e+00,1.481346e+00,1.478540e+00,1.374431e+00,1.266966e+00,1.254832e+00,1.152450e+00,1.323123e+00,1.297797e+00,1.331277e+00,1.224800e+00,1.146875e+00,1.042163e+00,1.408735e+00,1.325145e+00,1.198687e+00,1.251490e+00,1.234293e+00,1.341224e+00,1.260625e+00,1.357235e+00,1.303272e+00,1.034281e-01,1.042163e+00,1.481346e+00
5.153000e+00,1.038380e+00,1.371527e+00,1.408252e+00,1.348296e+00,1.397000e+00,1.482423e+00,1.478230e+00,1.374218e+00,1.266345e+00,1.253557e+00,1.150350e+00,1.321413e+00,1.295876e+00,1.330298e+00,1.222640e+00,1.146071e+00,1.042898e+00,1.406566e+00,1.325260e+00,1.198187e+00,1.251106e+00,1.234596e+00,1.341551e+00,1.260625e+00,1.354824e+00,1.302588e+00,1.035087e-01,1.042898e+00,1.482423e+00
5.154000e+00,1.038590e+00,1.372137e+00,1.410097e+00,1.348117e+00,1.397889e+00,1.483077e+00,1.477516e+00,1.373531e+00,1.266276e+00,1.253221e+00,1.147850e+00,1.318253e+00,1.293898e+00,1.329574e+00,1.220160e+00,1.144464e+00,1.044408e+00,1.405904e+00,1.325434e+00,1.197563e+00,1.250481e+00,1.235909e+00,1.341918e+00,1.261125e+00,1.353294e+00,1.302171e+00,1.037189e-01,1.044408e+00,1.483077e+00
5.155000e+00,1.038780e+00,1.372595e+00,1.411650e+00,1.347265e+00,1.395889e+00,1.484154e+00,1.477671e+00,1.373555e+00,1.266690e+00,1.252953e+00,1.144700e+00,1.316431e+00,1.291864e+00,1.329745e+00,1.217440e+00,1.144643e+00,1.046571e+00,1.404036e+00,1.324162e+00,1.196687e+00,1.248317e+00,1.236212e+00,1.342735e+00,1.260000e+00,1.352353e+00,1.301597e+00,1.038471e-01,1.046571e+00,1.484154e+00
5.156000e+00,1.039070e+00,1.372366e+00,1.412621e+00,1.347040e+00,1.396778e+00,1.484731e+00,1.477298e+00,1.373057e+00,1.266621e+00,1.253020e+00,1.142550e+00,1.313978e+00,1.290508e+00,1.329830e+00,1.216320e+00,1.144643e+00,1.047918e+00,1.402831e+00,1.322775e+00,1.197375e+00,1.245913e+00,1.237222e+00,1.343878e+00,1.261500e+00,1.350824e+00,1.301317e+00,1.038443e-01,1.047918e+00,1.484731e+00
5.157000e+00,1.039360e+00,1.371527e+00,1.412913e+00,1.346951e+00,1.398556e+00,1.484385e+00,1.477081e+00,1.372915e+00,1.265448e+00,1.253356e+00,1.140200e+00,1.310409e+00,1.288192e+00,1.329830e+00,1.213920e+00,1.145357e+00,1.049061e+00,1.401566e+00,1.323988e+00,1.196312e+00,1.245481e+00,1.237626e+00,1.343306e+00,1.261750e+00,1.350118e+00,1.300844e+00,1.039091e-01,1.049061e+00,1.484385e+00
5.158000e+00,1.039540e+00,1.373206e+00,1.413301e+00,1.345740e+00,1.397444e+00,1.483731e+00,1.476056e+00,1.372630e+00,1.264276e+00,1.253826e+00,1.138100e+00,1.307100e+00,1.287175e+00,1.329702e+00,1.210400e+00,1.146310e+00,1.050449e+00,1.400241e+00,1.324624e+00,1.194562e+00,1.245000e+00,1.239495e+00,1.343429e+00,1.261875e+00,1.347471e+00,1.300256e+00,1.037831e-01,1.050449e+00,1.483731e+00
5.159000e+00,1.039790e+00,1.372672e+00,1.414854e+00,1.345561e+00,1.395556e+00,1.484077e+00,1.474317e+00,1.372583e+00,1.264621e+00,1.253221e+00,1.135300e+00,1.304647e+00,1.284746e+00,1.330043e+00,1.208240e+00,1.146607e+00,1.052571e+00,1.400000e+00,1.326416e+00,1.195375e+00,1.244519e+00,1.239192e+00,1.344082e+00,1.261625e+00,1.346059e+00,1.299870e+00,1.036959e-01,1.052571e+00,1.484077e+00
5.160000e+00,1.040110e+00,1.372366e+00,1.416214e+00,1.344619e+00,1.395000e+00,1.483962e+00,1.471894e+00,1.373531e+00,1.263931e+00,1.252617e+00,1.133300e+00,1.302565e+00,1.281921e+00,1.329787e+00,1.206880e+00,1.147351e+00,1.053551e+00,1.397530e+00,1.327514e+00,1.194000e+00,1.244615e+00,1.240505e+00,1.343673e+00,1.260750e+00,1.344941e+00,1.299292e+00,1.035592e-01,1.053551e+00,1.483962e+00
5.161000e+00,1.040390e+00,1.373511e+00,1.416117e+00,1.343543e+00,1.396333e+00,1.484346e+00,1.471118e+00,1.373223e+00,1.262897e+00,1.252617e+00,1.131250e+00,1.300483e+00,1.280565e+00,1.329021e+00,1.202160e+00,1.147679e+00,1.054857e+00,1.395723e+00,1.328035e+00,1.194125e+00,1.245433e+00,1.241919e+00,1.344122e+00,1.261250e+00,1.342824e+00,1.298881e+00,1.036096e-01,1.054857e+00,1.484346e+00
5.162000e+00,1.040610e+00,1.374427e+00,1.417087e+00,1.342915e+00,1.395667e+00,1.485308e+00,1.470093e+00,1.373815e+00,1.264207e+00,1.251946e+00,1.129050e+00,1.298810e+00,1.279096e+00,1.329191e+00,1.199840e+00,1.148899e+00,1.056857e+00,1.394096e+00,1.328960e+00,1.193750e+00,1.244952e+00,1.242576e+00,1.344286e+00,1.261875e+00,1.341882e+00,1.298733e+00,1.035794e-01,1.056857e+00,1.485308e+00
5.163000e+00,1.040870e+00,1.374504e+00,1.417379e+00,1.342735e+00,1.394444e+00,1.485731e+00,1.469037e+00,1.373483e+00,1.265310e+00,1.253020e+00,1.127650e+00,1.296840e+00,1.276723e+00,1.328638e+00,1.197600e+00,1.149702e+00,1.057592e+00,1.392590e+00,1.330000e+00,1.192500e+00,1.244856e+00,1.243434e+00,1.344816e+00,1.262750e+00,1.340529e+00,1.298411e+00,1.035044e-01,1.057592e+00,1.485731e+00
5.164000e+00,1.041140e+00,1.372824e+00,1.417961e+00,1.341659e+00,1.392667e+00,1.486731e+00,1.468199e+00,1.374526e+00,1.266828e+00,1.253826e+00,1.125800e+00,1.295465e+00,1.276441e+00,1.328000e+00,1.195120e+00,1.150923e+00,1.060122e+00,1.390783e+00,1.331676e+00,1.193375e+00,1.245192e+00,1.244192e+00,1.344367e+00,1.263625e+00,1.338588e+00,1.298287e+00,1.031584e-01,1.060122e+00,1.486731e+00
5.165000e+00,1.041350e+00,1.375267e+00,1.417961e+00,1.340000e+00,1.393222e+00,1.487462e+00,1.467547e+00,1.374147e+00,1.266552e+00,1.253490e+00,1.124250e+00,1.294796e+00,1.274124e+00,1.326851e+00,1.194000e+00,1.151726e+00,1.061184e+00,1.390000e+00,1.333295e+00,1.192937e+00,1.246587e+00,1.245152e+00,1.345673e+00,1.264000e+00,1.336529e+00,1.298198e+00,1.031978e-01,1.061184e+00,1.487462e+00
5.166000e+00,1.041630e+00,1.374122e+00,1.419320e+00,1.338475e+00,1.392778e+00,1.488192e+00,1.467609e+00,1.375166e+00,1.266621e+00,1.253691e+00,1.123000e+00,1.292379e+00,1.272712e+00,1.325106e+00,1.190320e+00,1.152589e+00,1.062816e+00,1.389639e+00,1.333931e+00,1.192063e+00,1.247356e+00,1.245808e+00,1.345714e+00,1.263625e+00,1.335059e+00,1.297837e+00,1.032977e-01,1.062816e+00,1.488192e+00
5.167000e+00,1.041860e+00,1.374733e+00,1.419126e+00,1.336502e+00,1.392000e+00,1.489077e+00,1.467360e+00,1.374787e+00,1.267931e+00,1.252483e+00,1.121300e+00,1.290967e+00,1.271582e+00,1.324426e+00,1.188400e+00,1.154077e+00,1.064408e+00,1.388133e+00,1.335780e+00,1.192562e+00,1.247644e+00,1.246818e+00,1.346286e+00,1.262000e+00,1.334294e+00,1.297612e+00,1.032125e-01,1.064408e+00,1.489077e+00
5.168000e+00,1.042210e+00,1.374427e+00,1.420583e+00,1.336771e+00,1.390222e+00,1.490308e+00,1.466087e+00,1.375972e+00,1.267448e+00,1.252550e+00,1.119700e+00,1.289888e+00,1.268814e+00,1.325234e+00,1.186720e+00,1.154762e+00,1.065673e+00,1.387108e+00,1.337399e+00,1.192312e+00,1.247308e+00,1.248838e+00,1.346163e+00,1.262875e+00,1.333529e+00,1.297529e+00,1.032746e-01,1.065673e+00,1.490308e+00
5.169000e+00,1.042440e+00,1.375420e+00,1.420388e+00,1.335874e+00,1.389444e+00,1.490423e+00,1.465621e+00,1.376469e+00,1.268552e+00,1.252215e+00,1.118550e+00,1.288736e+00,1.267797e+00,1.325064e+00,1.183600e+00,1.155625e+00,1.067265e+00,1.385542e+00,1.339422e+00,1.191625e+00,1.247837e+00,1.249949e+00,1.347306e+00,1.266125e+00,1.332059e+00,1.297538e+00,1.032120e-01,1.067265e+00,1.490423e+00
5.170000e+00,1.042610e+00,1.376947e+00,1.422233e+00,1.335157e+00,1.390111e+00,1.491192e+00,1.464938e+00,1.376991e+00,1.269655e+00,1.252215e+00,1.116750e+00,1.287138e+00,1.267062e+00,1.324213e+00,1.181760e+00,1.156310e+00,1.068449e+00,1.383795e+00,1.341098e+00,1.191562e+00,1.248462e+00,1.250505e+00,1.348122e+00,1.266250e+00,1.330471e+00,1.297558e+00,1.033974e-01,1.068449e+00,1.491192e+00
5.171000e+00,1.042850e+00,1.375496e+00,1.422039e+00,1.335426e+00,1.389000e+00,1.492231e+00,1.464379e+00,1.377559e+00,1.271103e+00,1.252483e+00,1.115300e+00,1.285836e+00,1.265537e+00,1.324426e+00,1.179680e+00,1.157530e+00,1.069020e+00,1.380964e+00,1.342023e+00,1.191750e+00,1.249038e+00,1.251212e+00,1.346408e+00,1.268000e+00,1.330235e+00,1.297362e+00,1.032830e-01,1.069020e+00,1.492231e+00
5.172000e+00,1.043060e+00,1.374885e+00,1.421650e+00,1.336368e+00,1.387556e+00,1.493500e+00,1.463012e+00,1.377820e+00,1.272345e+00,1.252752e+00,1.114650e+00,1.284684e+00,1.264237e+00,1.325149e+00,1.178240e+00,1.158095e+00,1.069918e+00,1.376928e+00,1.343931e+00,1.192187e+00,1.249952e+00,1.252273e+00,1.345102e+00,1.266500e+00,1.328824e+00,1.297107e+00,1.030584e-01,1.069918e+00,1.493500e+00
5.173000e+00,1.043290e+00,1.374198e+00,1.423398e+00,1.336054e+00,1.387778e+00,1.494769e+00,1.462671e+00,1.378578e+00,1.273034e+00,1.252752e+00,1.112700e+00,1.283123e+00,1.263729e+00,1.324596e+00,1.176640e+00,1.159137e+00,1.070857e+00,1.371325e+00,1.345145e+00,1.192875e+00,1.249663e+00,1.253081e+00,1.344735e+00,1.262875e+00,1.328176e+00,1.296745e+00,1.031538e-01,1.070857e+00,1.494769e+00
5.174000e+00,1.043450e+00,1.374351e+00,1.424369e+00,1.336233e+00,1.387556e+00,1.495923e+00,1.462081e+00,1.378720e+00,1.272966e+00,1.252617e+00,1.111400e+00,1.282714e+00,1.261977e+00,1.326170e+00,1.172480e+00,1.159673e+00,1.071959e+00,1.367952e+00,1.345491e+00,1.192187e+00,1.250385e+00,1.254444e+00,1.345469e+00,1.260000e+00,1.326235e+00,1.296390e+00,1.034104e-01,1.071959e+00,1.495923e+00
5.175000e+00,1.043810e+00,1.374656e+00,1.424951e+00,1.336547e+00,1.386889e+00,1.497038e+00,1.461584e+00,1.378886e+00,1.274483e+00,1.251275e+00,1.110250e+00,1.281338e+00,1.260847e+00,1.326766e+00,1.169360e+00,1.159970e+00,1.074000e+00,1.367470e+00,1.346416e+00,1.194313e+00,1.251490e+00,1.253586e+00,1.346327e+00,1.260750e+00,1.325706e+00,1.296454e+00,1.034885e-01,1.074000e+00,1.497038e+00
5.176000e+00,1.044150e+00,1.375267e+00,1.426796e+00,1.336547e+00,1.385444e+00,1.497577e+00,1.461553e+00,1.379834e+00,1.275448e+00,1.251409e+00,1.110000e+00,1.280000e+00,1.259831e+00,1.327319e+00,1.168400e+00,1.160506e+00,1.075061e+00,1.365783e+00,1.348497e+00,1.193813e+00,1.252596e+00,1.255303e+00,1.346082e+00,1.259000e+00,1.324882e+00,1.296540e+00,1.035662e-01,1.075061e+00,1.497577e+00
5.177000e+00,1.044310e+00,1.374580e+00,1.425534e+00,1.337220e+00,1.384889e+00,1.498192e+00,1.461677e+00,1.379716e+00,1.276414e+00,1.251007e+00,1.108500e+00,1.278587e+00,1.258192e+00,1.328723e+00,1.165280e+00,1.161637e+00,1.077143e+00,1.365060e+00,1.350058e+00,1.193563e+00,1.252837e+00,1.256566e+00,1.347918e+00,1.261375e+00,1.324118e+00,1.296616e+00,1.035977e-01,1.077143e+00,1.498192e+00
5.178000e+00,1.044640e+00,1.374885e+00,1.427864e+00,1.337265e+00,1.384889e+00,1.498538e+00,1.461273e+00,1.380071e+00,1.278138e+00,1.250537e+00,1.108250e+00,1.277509e+00,1.255876e+00,1.328809e+00,1.164880e+00,1.162708e+00,1.078653e+00,1.364096e+00,1.350058e+00,1.194375e+00,1.253990e+00,1.257121e+00,1.348735e+00,1.262125e+00,1.321294e+00,1.296748e+00,1.035216e-01,1.078653e+00,1.498538e+00
5.179000e+00,1.044830e+00,1.374885e+00,1.427864e+00,1.337623e+00,1.384111e+00,1.499538e+00,1.460186e+00,1.379313e+00,1.279103e+00,1.249262e+00,1.107350e+00,1.276208e+00,1.256158e+00,1.329277e+00,1.163120e+00,1.163571e+00,1.080204e+00,1.363916e+00,1.351503e+00,1.194250e+00,1.254279e+00,1.258232e+00,1.349551e+00,1.260500e+00,1.319176e+00,1.296633e+00,1.035232e-01,1.080204e+00,1.499538e+00
5.180000e+00,1.045020e+00,1.374198e+00,1.429709e+00,1.338206e+00,1.384000e+00,1.500615e+00,1.459193e+00,1.379692e+00,1.280138e+00,1.249463e+00,1.106350e+00,1.275279e+00,1.254181e+00,1.331277e+00,1.161440e+00,1.164077e+00,1.082041e+00,1.363193e+00,1.352543e+00,1.194313e+00,1.254856e+00,1.259141e+00,1.350245e+00,1.260250e+00,1.316412e+00,1.296700e+00,1.036514e-01,1.082041e+00,1.500615e+00
5.181000e+00,1.045290e+00,1.375496e+00,1.427961e+00,1.338386e+00,1.384333e+00,1.501615e+00,1.457888e+00,1.380000e+00,1.280552e+00,1.247987e+00,1.104950e+00,1.274164e+00,1.253390e+00,1.330894e+00,1.159200e+00,1.164256e+00,1.083306e+00,1.362590e+00,1.353699e+00,1.194562e+00,1.255433e+00,1.260404e+00,1.350898e+00,1.263375e+00,1.314412e+00,1.296656e+00,1.037044e-01,1.083306e+00,1.501615e+00
5.182000e+00,1.045540e+00,1.375496e+00,1.430777e+00,1.337803e+00,1.381889e+00,1.502808e+00,1.457174e+00,1.380616e+00,1.280828e+00,1.248054e+00,1.104100e+00,1.273271e+00,1.252316e+00,1.331234e+00,1.159600e+00,1.165774e+00,1.085184e+00,1.362530e+00,1.354971e+00,1.195500e+00,1.256923e+00,1.261515e+00,1.352041e+00,1.263000e+00,1.312647e+00,1.296919e+00,1.036320e-01,1.085184e+00,1.502808e+00
5.183000e+00,1.045890e+00,1.377786e+00,1.430583e+00,1.338027e+00,1.381444e+00,1.502769e+00,1.456180e+00,1.381422e+00,1.281724e+00,1.248322e+00,1.102250e+00,1.272342e+00,1.252768e+00,1.332000e+00,1.157440e+00,1.166071e+00,1.087551e+00,1.361687e+00,1.356012e+00,1.195250e+00,1.257404e+00,1.261414e+00,1.352571e+00,1.263000e+00,1.311824e+00,1.296993e+00,1.037057e-01,1.087551e+00,1.502769e+00
5.184000e+00,1.046210e+00,1.377939e+00,1.431650e+00,1.338744e+00,1.382222e+00,1.503154e+00,1.455435e+00,1.380948e+00,1.283586e+00,1.248926e+00,1.100900e+00,1.271301e+00,1.249718e+00,1.332723e+00,1.157680e+00,1.168065e+00,1.088408e+00,1.360723e+00,1.356879e+00,1.196125e+00,1.257933e+00,1.262222e+00,1.353633e+00,1.265375e+00,1.310882e+00,1.297299e+00,1.036730e-01,1.088408e+00,1.503154e+00
5.185000e+00,1.046350e+00,1.378168e+00,1.432621e+00,1.339641e+00,1.380556e+00,1.503654e+00,1.454441e+00,1.380450e+00,1.285172e+00,1.249262e+00,1.100700e+00,1.270446e+00,1.249322e+00,1.332596e+00,1.154800e+00,1.168839e+00,1.089755e+00,1.360783e+00,1.357803e+00,1.196625e+00,1.258942e+00,1.262828e+00,1.354163e+00,1.265250e+00,1.310059e+00,1.297370e+00,1.036686e-01,1.089755e+00,1.503654e+00
5.186000e+00,1.046700e+00,1.378931e+00,1.433495e+00,1.340045e+00,1.381667e+00,1.504115e+00,1.453820e+00,1.379502e+00,1.286207e+00,1.249799e+00,1.099950e+00,1.269591e+00,1.248249e+00,1.333915e+00,1.153360e+00,1.169851e+00,1.091959e+00,1.361386e+00,1.357919e+00,1.196125e+00,1.259327e+00,1.263030e+00,1.355878e+00,1.266875e+00,1.309353e+00,1.297681e+00,1.037398e-01,1.091959e+00,1.504115e+00
5.187000e+00,1.046860e+00,1.379542e+00,1.433398e+00,1.339955e+00,1.379667e+00,1.504231e+00,1.453137e+00,1.379431e+00,1.287724e+00,1.248926e+00,1.099400e+00,1.269257e+00,1.248249e+00,1.334085e+00,1.154000e+00,1.171518e+00,1.093878e+00,1.361205e+00,1.359422e+00,1.194687e+00,1.260577e+00,1.263636e+00,1.356571e+00,1.267500e+00,1.309059e+00,1.297877e+00,1.035022e-01,1.093878e+00,1.504231e+00
5.188000e+00,1.047300e+00,1.379924e+00,1.434951e+00,1.341166e+00,1.376778e+00,1.505269e+00,1.452422e+00,1.380213e+00,1.288000e+00,1.249530e+00,1.098350e+00,1.268141e+00,1.247006e+00,1.334638e+00,1.154320e+00,1.172411e+00,1.095551e+00,1.360843e+00,1.361850e+00,1.193625e+00,1.261106e+00,1.264394e+00,1.357959e+00,1.269500e+00,1.309471e+00,1.298226e+00,1.036011e-01,1.095551e+00,1.505269e+00
5.189000e+00,1.047470e+00,1.380000e+00,1.434175e+00,1.342018e+00,1.378333e+00,1.506346e+00,1.451739e+00,1.381540e+00,1.288207e+00,1.249060e+00,1.098700e+00,1.268030e+00,1.246610e+00,1.336170e+00,1.153280e+00,1.173125e+00,1.097592e+00,1.359759e+00,1.363699e+00,1.193938e+00,1.261731e+00,1.265758e+00,1.358816e+00,1.271000e+00,1.309529e+00,1.298715e+00,1.035722e-01,1.097592e+00,1.506346e+00
5.190000e+00,1.047770e+00,1.382519e+00,1.435243e+00,1.341659e+00,1.376444e+00,1.507115e+00,1.450807e+00,1.381848e+00,1.289655e+00,1.249463e+00,1.098450e+00,1.267175e+00,1.244237e+00,1.336255e+00,1.152560e+00,1.172262e+00,1.098204e+00,1.358072e+00,1.364798e+00,1.193437e+00,1.263269e+00,1.266515e+00,1.359959e+00,1.271625e+00,1.309353e+00,1.298789e+00,1.037685e-01,1.098204e+00,1.507115e+00
5.191000e+00,1.047950e+00,1.383130e+00,1.435631e+00,1.342466e+00,1.373889e+00,1.507962e+00,1.449565e+00,1.383104e+00,1.291724e+00,1.249933e+00,1.097900e+00,1.266840e+00,1.244972e+00,1.337191e+00,1.152160e+00,1.172292e+00,1.100286e+00,1.355783e+00,1.366127e+00,1.194313e+00,1.263173e+00,1.267576e+00,1.360776e+00,1.272000e+00,1.309765e+00,1.299107e+00,1.036202e-01,1.097900e+00,1.507962e+00
5.192000e+00,1.048090e+00,1.383206e+00,1.437087e+00,1.343543e+00,1.372111e+00,1.508077e+00,1.448696e+00,1.383294e+00,1.293655e+00,1.250336e+00,1.097450e+00,1.266283e+00,1.244294e+00,1.338511e+00,1.150480e+00,1.172351e+00,1.102286e+00,1.355361e+00,1.365838e+00,1.194750e+00,1.262308e+00,1.268384e+00,1.362082e+00,1.273500e+00,1.310529e+00,1.299350e+00,1.036237e-01,1.097450e+00,1.508077e+00
5.193000e+00,1.048540e+00,1.384275e+00,1.435049e+00,1.343946e+00,1.371333e+00,1.509115e+00,1.448137e+00,1.384526e+00,1.295310e+00,1.251342e+00,1.097800e+00,1.265688e+00,1.244068e+00,1.337915e+00,1.151200e+00,1.173185e+00,1.103837e+00,1.354518e+00,1.363757e+00,1.195250e+00,1.260721e+00,1.269343e+00,1.363020e+00,1.275875e+00,1.310059e+00,1.299553e+00,1.032881e-01,1.097800e+00,1.509115e+00
5.194000e+00,1.048740e+00,1.384809e+00,1.437573e+00,1.345022e+00,1.371111e+00,1.508923e+00,1.447329e+00,1.385355e+00,1.296414e+00,1.251678e+00,1.097600e+00,1.264981e+00,1.244068e+00,1.339149e+00,1.151040e+00,1.173780e+00,1.104694e+00,1.354398e+00,1.363873e+00,1.196875e+00,1.261106e+00,1.270556e+00,1.364531e+00,1.277000e+00,1.310529e+00,1.300100e+00,1.033131e-01,1.097600e+00,1.508923e+00
5.195000e+00,1.048990e+00,1.384046e+00,1.437476e+00,1.344888e+00,1.369333e+00,1.508115e+00,1.446335e+00,1.385924e+00,1.295241e+00,1.250805e+00,1.097500e+00,1.263755e+00,1.242203e+00,1.339915e+00,1.149680e+00,1.174107e+00,1.106490e+00,1.355361e+00,1.363468e+00,1.197688e+00,1.260673e+00,1.269697e+00,1.366041e+00,1.277625e+00,1.311353e+00,1.299905e+00,1.031784e-01,1.097500e+00,1.508115e+00
5.196000e+00,1.049360e+00,1.383664e+00,1.436990e+00,1.344529e+00,1.369556e+00,1.508269e+00,1.445155e+00,1.386991e+00,1.295586e+00,1.249866e+00,1.097750e+00,1.263011e+00,1.241582e+00,1.340936e+00,1.150640e+00,1.175625e+00,1.108531e+00,1.355241e+00,1.364335e+00,1.198500e+00,1.261394e+00,1.267828e+00,1.366816e+00,1.279500e+00,1.310706e+00,1.300125e+00,1.028652e-01,1.097750e+00,1.508269e+00
5.197000e+00,1.049500e+00,1.384885e+00,1.437961e+00,1.345830e+00,1.370222e+00,1.508231e+00,1.445652e+00,1.387512e+00,1.295241e+00,1.250470e+00,1.097450e+00,1.261115e+00,1.240791e+00,1.341830e+00,1.149840e+00,1.176756e+00,1.109224e+00,1.356687e+00,1.365202e+00,1.199313e+00,1.262260e+00,1.267323e+00,1.367592e+00,1.279500e+00,1.310941e+00,1.300493e+00,1.030985e-01,1.097450e+00,1.508231e+00
5.198000e+00,1.049690e+00,1.384962e+00,1.437087e+00,1.346637e+00,1.368333e+00,1.508500e+00,1.444845e+00,1.388389e+00,1.296069e+00,1.251544e+00,1.097700e+00,1.260558e+00,1.241469e+00,1.343106e+00,1.149040e+00,1.178333e+00,1.110735e+00,1.356807e+00,1.366127e+00,1.200812e+00,1.263942e+00,1.267677e+00,1.368735e+00,1.279375e+00,1.311294e+00,1.300920e+00,1.028150e-01,1.097700e+00,1.508500e+00
5.199000e+00,1.049940e+00,1.387405e+00,1.436117e+00,1.347130e+00,1.367333e+00,1.508192e+00,1.444379e+00,1.388839e+00,1.298207e+00,1.252148e+00,1.097950e+00,1.260037e+00,1.240452e+00,1.343617e+00,1.148720e+00,1.179226e+00,1.111918e+00,1.357771e+00,1.368035e+00,1.202000e+00,1.265865e+00,1.268333e+00,1.369265e+00,1.279875e+00,1.310059e+00,1.301370e+00,1.026747e-01,1.097950e+00,1.508192e+00
5.200000e+00,1.050260e+00,1.386183e+00,1.439126e+00,1.348206e+00,1.368000e+00,1.508808e+00,1.443851e+00,1.389408e+00,1.299241e+00,1.252081e+00,1.098750e+00,1.259257e+00,1.240339e+00,1.344085e+00,1.148880e+00,1.180565e+00,1.113837e+00,1.357289e+00,1.369653e+00,1.203375e+00,1.267163e+00,1.269242e+00,1.370000e+00,1.281750e+00,1.310706e+00,1.302075e+00,1.025666e-01,1.098750e+00,1.508808e+00
5.201000e+00,1.050500e+00,1.388168e+00,1.437961e+00,1.347982e+00,1.369222e+00,1.508731e+00,1.443665e+00,1.390190e+00,1.300483e+00,1.252148e+00,1.098600e+00,1.258587e+00,1.239435e+00,1.345915e+00,1.150000e+00,1.181577e+00,1.115061e+00,1.356145e+00,1.370983e+00,1.204375e+00,1.267692e+00,1.270000e+00,1.370735e+00,1.281250e+00,1.310471e+00,1.302474e+00,1.024510e-01,1.098600e+00,1.508731e+00
5.202000e+00,1.050750e+00,1.388702e+00,1.439320e+00,1.348027e+00,1.368444e+00,1.509115e+00,1.443012e+00,1.391019e+00,1.301517e+00,1.251879e+00,1.098650e+00,1.258104e+00,1.238983e+00,1.345787e+00,1.149360e+00,1.182083e+00,1.116898e+00,1.356265e+00,1.371965e+00,1.204875e+00,1.268798e+00,1.272020e+00,1.372122e+00,1.282000e+00,1.310824e+00,1.302907e+00,1.024458e-01,1.098650e+00,1.509115e+00
5.203000e+00,1.051040e+00,1.388168e+00,1.439223e+00,1.349013e+00,1.368444e+00,1.509462e+00,1.442422e+00,1.392133e+00,1.302966e+00,1.251879e+00,1.098150e+00,1.258067e+00,1.240056e+00,1.347021e+00,1.149360e+00,1.184345e+00,1.118490e+00,1.355783e+00,1.373179e+00,1.206562e+00,1.270144e+00,1.272929e+00,1.372980e+00,1.281750e+00,1.310471e+00,1.303458e+00,1.022331e-01,1.098150e+00,1.509462e+00
5.204000e+00,1.051290e+00,1.389618e+00,1.440194e+00,1.350493e+00,1.368111e+00,1.510308e+00,1.442547e+00,1.393318e+00,1.304483e+00,1.252081e+00,1.098650e+00,1.257621e+00,1.239266e+00,1.348383e+00,1.150160e+00,1.185208e+00,1.120245e+00,1.355843e+00,1.374682e+00,1.207313e+00,1.270529e+00,1.273333e+00,1.372735e+00,1.283875e+00,1.310176e+00,1.304132e+00,1.022389e-01,1.098650e+00,1.510308e+00
5.205000e+00,1.051550e+00,1.389924e+00,1.441456e+00,1.351121e+00,1.367444e+00,1.511385e+00,1.442267e+00,1.393839e+00,1.305931e+00,1.252550e+00,1.099250e+00,1.257770e+00,1.237345e+00,1.348255e+00,1.149440e+00,1.187500e+00,1.120653e+00,1.355843e+00,1.375491e+00,1.207625e+00,1.271202e+00,1.275455e+00,1.371673e+00,1.285500e+00,1.310353e+00,1.304553e+00,1.022337e-01,1.099250e+00,1.511385e+00
5.206000e+00,1.051690e+00,1.392137e+00,1.440971e+00,1.351256e+00,1.368444e+00,1.511731e+00,1.441894e+00,1.395332e+00,1.308000e+00,1.253691e+00,1.099650e+00,1.257918e+00,1.235593e+00,1.348340e+00,1.150960e+00,1.188690e+00,1.123388e+00,1.356988e+00,1.376879e+00,1.210125e+00,1.273125e+00,1.276162e+00,1.371714e+00,1.285875e+00,1.309588e+00,1.305352e+00,1.019391e-01,1.099650e+00,1.511731e+00
5.207000e+00,1.052160e+00,1.391679e+00,1.441942e+00,1.352377e+00,1.367444e+00,1.511846e+00,1.440932e+00,1.395924e+00,1.310276e+00,1.254295e+00,1.100050e+00,1.257881e+00,1.235819e+00,1.349660e+00,1.150480e+00,1.189494e+00,1.124571e+00,1.356386e+00,1.377110e+00,1.210687e+00,1.274135e+00,1.276818e+00,1.372204e+00,1.286125e+00,1.310588e+00,1.305780e+00,1.017939e-01,1.100050e+00,1.511846e+00
5.208000e+00,1.052340e+00,1.394733e+00,1.443107e+00,1.353318e+00,1.367778e+00,1.511962e+00,1.439689e+00,1.397536e+00,1.312621e+00,1.254027e+00,1.101250e+00,1.257844e+00,1.235424e+00,1.350298e+00,1.150160e+00,1.190417e+00,1.125837e+00,1.356145e+00,1.379306e+00,1.211625e+00,1.274952e+00,1.278283e+00,1.372939e+00,1.286250e+00,1.311059e+00,1.306523e+00,1.018272e-01,1.101250e+00,1.511962e+00
5.209000e+00,1.052500e+00,1.394351e+00,1.442524e+00,1.354305e+00,1.368111e+00,1.512808e+00,1.439441e+00,1.398412e+00,1.312759e+00,1.253624e+00,1.100800e+00,1.258253e+00,1.235141e+00,1.351574e+00,1.150640e+00,1.191131e+00,1.127306e+00,1.356024e+00,1.381561e+00,1.213375e+00,1.276827e+00,1.280253e+00,1.373633e+00,1.287500e+00,1.312059e+00,1.307184e+00,1.017582e-01,1.100800e+00,1.512808e+00
5.210000e+00,1.052840e+00,1.395649e+00,1.444466e+00,1.356009e+00,1.368667e+00,1.512846e+00,1.438354e+00,1.399953e+00,1.315034e+00,1.253893e+00,1.101500e+00,1.258625e+00,1.234520e+00,1.352809e+00,1.152000e+00,1.192619e+00,1.128939e+00,1.355181e+00,1.382775e+00,1.214312e+00,1.277692e+00,1.281414e+00,1.375143e+00,1.288750e+00,1.312882e+00,1.308085e+00,1.016527e-01,1.101500e+00,1.512846e+00
5.211000e+00,1.053050e+00,1.395649e+00,1.445340e+00,1.356233e+00,1.368111e+00,1.513923e+00,1.436211e+00,1.400735e+00,1.315862e+00,1.254362e+00,1.101400e+00,1.258327e+00,1.234407e+00,1.353277e+00,1.152080e+00,1.193810e+00,1.129959e+00,1.355181e+00,1.384162e+00,1.214938e+00,1.278365e+00,1.282424e+00,1.376245e+00,1.291500e+00,1.313941e+00,1.308602e+00,1.015929e-01,1.101400e+00,1.513923e+00
5.212000e+00,1.053260e+00,1.395878e+00,1.444951e+00,1.356996e+00,1.368111e+00,1.514654e+00,1.435963e+00,1.401682e+00,1.317172e+00,1.253423e+00,1.102400e+00,1.258513e+00,1.236723e+00,1.354426e+00,1.150560e+00,1.195000e+00,1.131469e+00,1.353614e+00,1.385607e+00,1.216187e+00,1.279471e+00,1.283333e+00,1.377755e+00,1.291125e+00,1.314294e+00,1.309138e+00,1.014892e-01,1.102400e+00,1.514654e+00
5.213000e+00,1.053360e+00,1.395649e+00,1.445825e+00,1.357668e+00,1.368444e+00,1.516000e+00,1.435621e+00,1.402370e+00,1.318552e+00,1.253289e+00,1.102550e+00,1.259145e+00,1.234859e+00,1.356000e+00,1.153440e+00,1.196696e+00,1.131714e+00,1.354940e+00,1.386994e+00,1.218500e+00,1.281010e+00,1.285051e+00,1.379224e+00,1.292875e+00,1.314412e+00,1.310034e+00,1.014307e-01,1.102550e+00,1.516000e+00
5.214000e+00,1.053830e+00,1.395649e+00,1.447087e+00,1.358251e+00,1.368667e+00,1.516615e+00,1.435000e+00,1.403412e+00,1.320000e+00,1.253423e+00,1.103450e+00,1.258885e+00,1.234915e+00,1.356511e+00,1.152240e+00,1.197679e+00,1.132408e+00,1.355181e+00,1.387572e+00,1.219625e+00,1.282548e+00,1.287020e+00,1.381184e+00,1.293375e+00,1.314765e+00,1.310644e+00,1.014939e-01,1.103450e+00,1.516615e+00
5.215000e+00,1.054020e+00,1.396718e+00,1.446990e+00,1.358789e+00,1.367556e+00,1.517115e+00,1.434969e+00,1.404147e+00,1.321862e+00,1.252081e+00,1.103900e+00,1.258848e+00,1.234633e+00,1.357277e+00,1.152000e+00,1.198423e+00,1.134000e+00,1.355301e+00,1.387861e+00,1.219687e+00,1.283125e+00,1.288687e+00,1.382776e+00,1.294875e+00,1.316059e+00,1.311153e+00,1.014947e-01,1.103900e+00,1.517115e+00
5.216000e+00,1.054190e+00,1.395420e+00,1.448641e+00,1.359372e+00,1.369556e+00,1.517231e+00,1.434814e+00,1.404242e+00,1.323103e+00,1.251141e+00,1.104000e+00,1.259257e+00,1.236836e+00,1.359106e+00,1.152400e+00,1.199554e+00,1.134245e+00,1.356325e+00,1.390116e+00,1.221250e+00,1.285192e+00,1.289798e+00,1.383755e+00,1.294625e+00,1.316235e+00,1.311926e+00,1.015166e-01,1.104000e+00,1.517231e+00
5.217000e+00,1.054390e+00,1.396794e+00,1.446602e+00,1.359776e+00,1.368556e+00,1.517885e+00,1.435248e+00,1.405047e+00,1.324276e+00,1.251141e+00,1.105150e+00,1.258810e+00,1.234859e+00,1.360340e+00,1.153280e+00,1.200446e+00,1.135551e+00,1.356867e+00,1.390405e+00,1.222438e+00,1.285962e+00,1.291212e+00,1.384531e+00,1.295625e+00,1.315824e+00,1.312359e+00,1.013217e-01,1.105150e+00,1.517885e+00
5.218000e+00,1.054640e+00,1.397023e+00,1.449417e+00,1.359013e+00,1.368111e+00,1.517692e+00,1.435342e+00,1.405213e+00,1.325448e+00,1.251678e+00,1.105100e+00,1.259219e+00,1.235706e+00,1.360468e+00,1.153520e+00,1.202351e+00,1.137061e+00,1.357711e+00,1.391908e+00,1.222125e+00,1.287404e+00,1.292475e+00,1.386531e+00,1.293875e+00,1.317235e+00,1.312984e+00,1.013315e-01,1.105100e+00,1.517692e+00
5.219000e+00,1.054900e+00,1.397099e+00,1.450388e+00,1.357803e+00,1.370667e+00,1.518885e+00,1.435528e+00,1.405924e+00,1.327448e+00,1.252013e+00,1.105800e+00,1.258773e+00,1.235593e+00,1.360170e+00,1.154320e+00,1.203452e+00,1.138000e+00,1.357651e+00,1.392948e+00,1.223625e+00,1.288606e+00,1.293939e+00,1.387510e+00,1.296500e+00,1.318118e+00,1.313782e+00,1.013054e-01,1.105800e+00,1.518885e+00
5.220000e+00,1.055260e+00,1.397481e+00,1.451748e+00,1.357623e+00,1.368667e+00,1.518962e+00,1.435963e+00,1.406185e+00,1.328690e+00,1.253490e+00,1.106450e+00,1.258364e+00,1.235932e+00,1.359362e+00,1.155600e+00,1.204048e+00,1.138980e+00,1.357530e+00,1.393757e+00,1.226000e+00,1.290144e+00,1.294848e+00,1.388408e+00,1.295750e+00,1.318059e+00,1.314252e+00,1.010470e-01,1.106450e+00,1.518962e+00
5.221000e+00,1.055570e+00,1.398015e+00,1.450583e+00,1.357713e+00,1.369667e+00,1.520115e+00,1.436615e+00,1.405284e+00,1.330828e+00,1.253624e+00,1.107300e+00,1.258550e+00,1.235706e+00,1.359915e+00,1.155440e+00,1.205417e+00,1.140571e+00,1.357771e+00,1.395549e+00,1.225875e+00,1.291250e+00,1.295556e+00,1.389796e+00,1.296875e+00,1.319118e+00,1.314881e+00,1.009919e-01,1.107300e+00,1.520115e+00
5.222000e+00,1.055800e+00,1.400153e+00,1.451748e+00,1.357982e+00,1.369556e+00,1.520000e+00,1.436801e+00,1.405332e+00,1.332897e+00,1.253423e+00,1.107950e+00,1.258959e+00,1.236723e+00,1.361021e+00,1.155680e+00,1.206220e+00,1.142735e+00,1.357590e+00,1.396474e+00,1.227625e+00,1.292404e+00,1.296263e+00,1.390816e+00,1.295875e+00,1.319294e+00,1.315563e+00,1.008560e-01,1.107950e+00,1.520000e+00
5.223000e+00,1.055940e+00,1.400458e+00,1.452136e+00,1.358430e+00,1.370111e+00,1.520769e+00,1.437888e+00,1.405474e+00,1.334138e+00,1.253423e+00,1.108450e+00,1.258996e+00,1.237175e+00,1.361915e+00,1.155120e+00,1.206815e+00,1.143837e+00,1.358012e+00,1.396474e+00,1.228187e+00,1.293462e+00,1.297071e+00,1.392980e+00,1.296500e+00,1.320000e+00,1.316159e+00,1.009670e-01,1.108450e+00,1.520769e+00
5.224000e+00,1.056310e+00,1.402443e+00,1.453301e+00,1.360135e+00,1.371111e+00,1.520462e+00,1.437764e+00,1.405806e+00,1.335655e+00,1.253960e+00,1.109250e+00,1.259628e+00,1.236836e+00,1.363106e+00,1.155520e+00,1.207976e+00,1.145143e+00,1.358373e+00,1.397052e+00,1.229062e+00,1.294423e+00,1.298434e+00,1.393020e+00,1.297125e+00,1.321176e+00,1.316948e+00,1.008827e-01,1.109250e+00,1.520462e+00
5.225000e+00,1.056550e+00,1.403130e+00,1.453495e+00,1.360762e+00,1.372111e+00,1.520538e+00,1.438416e+00,1.406493e+00,1.335931e+00,1.254765e+00,1.110400e+00,1.260112e+00,1.237740e+00,1.363957e+00,1.158480e+00,1.209196e+00,1.146367e+00,1.358795e+00,1.397457e+00,1.230312e+00,1.295385e+00,1.298838e+00,1.394857e+00,1.298500e+00,1.320941e+00,1.317791e+00,1.005446e-01,1.110400e+00,1.520538e+00
5.226000e+00,1.056820e+00,1.404427e+00,1.454466e+00,1.362915e+00,1.370222e+00,1.521308e+00,1.438696e+00,1.407559e+00,1.337793e+00,1.254765e+00,1.110850e+00,1.260037e+00,1.238192e+00,1.365021e+00,1.158080e+00,1.210625e+00,1.147878e+00,1.358916e+00,1.397341e+00,1.231500e+00,1.296827e+00,1.300101e+00,1.396000e+00,1.298000e+00,1.321235e+00,1.318448e+00,1.005726e-01,1.110850e+00,1.521308e+00
5.227000e+00,1.057010e+00,1.403893e+00,1.454563e+00,1.364215e+00,1.370444e+00,1.520923e+00,1.438758e+00,1.408886e+00,1.339586e+00,1.256510e+00,1.110900e+00,1.260520e+00,1.238136e+00,1.365957e+00,1.159360e+00,1.210744e+00,1.148531e+00,1.359337e+00,1.399422e+00,1.233375e+00,1.297212e+00,1.300657e+00,1.397061e+00,1.300875e+00,1.322882e+00,1.319281e+00,1.004583e-01,1.110900e+00,1.520923e+00
5.228000e+00,1.057220e+00,1.405878e+00,1.454175e+00,1.364888e+00,1.371222e+00,1.521154e+00,1.439783e+00,1.409455e+00,1.340483e+00,1.257651e+00,1.110600e+00,1.260855e+00,1.237627e+00,1.367447e+00,1.159200e+00,1.209970e+00,1.150204e+00,1.359578e+00,1.400636e+00,1.233750e+00,1.297644e+00,1.302071e+00,1.397510e+00,1.302875e+00,1.323882e+00,1.319939e+00,1.006144e-01,1.110600e+00,1.521154e+00
5.229000e+00,1.057600e+00,1.406947e+00,1.453398e+00,1.366771e+00,1.371556e+00,1.521731e+00,1.440621e+00,1.411090e+00,1.342966e+00,1.257785e+00,1.111600e+00,1.261822e+00,1.239379e+00,1.368511e+00,1.160880e+00,1.210446e+00,1.151796e+00,1.359819e+00,1.401445e+00,1.234812e+00,1.298654e+00,1.303283e+00,1.399143e+00,1.302250e+00,1.324176e+00,1.320870e+00,1.004597e-01,1.111600e+00,1.521731e+00
5.230000e+00,1.057900e+00,1.409160e+00,1.453981e+00,1.367758e+00,1.372333e+00,1.521692e+00,1.441584e+00,1.412014e+00,1.344414e+00,1.257047e+00,1.110450e+00,1.261673e+00,1.238870e+00,1.368979e+00,1.160720e+00,1.211250e+00,1.152571e+00,1.360060e+00,1.401214e+00,1.235875e+00,1.298077e+00,1.304444e+00,1.399837e+00,1.302500e+00,1.324059e+00,1.321273e+00,1.007450e-01,1.110450e+00,1.521692e+00
5.231000e+00,1.058100e+00,1.410382e+00,1.453981e+00,1.367937e+00,1.372444e+00,1.521731e+00,1.442391e+00,1.412938e+00,1.344345e+00,1.258255e+00,1.111950e+00,1.262416e+00,1.239661e+00,1.371149e+00,1.160160e+00,1.212530e+00,1.153429e+00,1.359759e+00,1.400983e+00,1.236750e+00,1.297644e+00,1.305455e+00,1.401510e+00,1.304250e+00,1.326588e+00,1.322027e+00,1.006271e-01,1.111950e+00,1.521731e+00
5.232000e+00,1.058220e+00,1.409313e+00,1.455146e+00,1.369821e+00,1.372778e+00,1.521885e+00,1.443230e+00,1.414123e+00,1.345517e+00,1.257651e+00,1.112550e+00,1.262714e+00,1.239887e+00,1.371872e+00,1.162000e+00,1.213095e+00,1.154939e+00,1.359458e+00,1.401098e+00,1.238000e+00,1.297837e+00,1.306465e+00,1.402327e+00,1.307625e+00,1.327000e+00,1.322764e+00,1.004660e-01,1.112550e+00,1.521885e+00
5.233000e+00,1.058550e+00,1.411374e+00,1.455631e+00,1.371300e+00,1.372333e+00,1.520538e+00,1.444037e+00,1.415024e+00,1.345862e+00,1.258456e+00,1.113450e+00,1.262305e+00,1.238983e+00,1.373277e+00,1.161600e+00,1.214256e+00,1.156204e+00,1.359157e+00,1.401503e+00,1.239375e+00,1.298750e+00,1.307929e+00,1.404041e+00,1.306375e+00,1.328647e+00,1.323350e+00,1.004210e-01,1.113450e+00,1.520538e+00
5.234000e+00,1.058790e+00,1.412290e+00,1.458252e+00,1.371390e+00,1.373000e+00,1.519385e+00,1.444752e+00,1.416469e+00,1.346483e+00,1.259664e+00,1.113800e+00,1.262268e+00,1.240056e+00,1.374255e+00,1.162720e+00,1.215089e+00,1.157306e+00,1.360723e+00,1.401445e+00,1.240687e+00,1.300048e+00,1.308636e+00,1.405592e+00,1.308250e+00,1.329176e+00,1.324239e+00,1.003476e-01,1.113800e+00,1.519385e+00
5.235000e+00,1.059130e+00,1.413740e+00,1.457184e+00,1.372646e+00,1.373889e+00,1.519000e+00,1.445248e+00,1.417678e+00,1.347448e+00,1.259866e+00,1.114850e+00,1.261487e+00,1.240452e+00,1.375532e+00,1.164640e+00,1.216577e+00,1.158408e+00,1.361687e+00,1.402023e+00,1.241125e+00,1.301154e+00,1.309495e+00,1.406653e+00,1.307000e+00,1.329647e+00,1.324893e+00,1.001450e-01,1.114850e+00,1.519000e+00
5.236000e+00,1.059330e+00,1.414351e+00,1.459126e+00,1.374305e+00,1.373000e+00,1.519615e+00,1.446149e+00,1.418341e+00,1.348483e+00,1.259866e+00,1.116550e+00,1.262305e+00,1.241638e+00,1.377234e+00,1.164960e+00,1.217530e+00,1.159429e+00,1.361867e+00,1.403526e+00,1.242375e+00,1.302981e+00,1.310606e+00,1.408408e+00,1.309625e+00,1.331059e+00,1.325972e+00,1.001364e-01,1.116550e+00,1.519615e+00
5.237000e+00,1.059630e+00,1.414656e+00,1.458155e+00,1.375022e+00,1.374111e+00,1.519846e+00,1.446863e+00,1.419313e+00,1.350000e+00,1.260067e+00,1.117400e+00,1.262045e+00,1.240226e+00,1.379106e+00,1.165280e+00,1.218899e+00,1.160816e+00,1.363614e+00,1.404566e+00,1.243563e+00,1.304856e+00,1.312071e+00,1.409347e+00,1.309250e+00,1.329235e+00,1.326596e+00,1.001000e-01,1.117400e+00,1.519846e+00
5.238000e+00,1.059840e+00,1.415802e+00,1.458932e+00,1.376009e+00,1.375333e+00,1.519962e+00,1.447888e+00,1.420403e+00,1.350828e+00,1.260134e+00,1.118850e+00,1.262751e+00,1.240847e+00,1.379745e+00,1.165920e+00,1.220238e+00,1.162204e+00,1.365060e+00,1.405723e+00,1.244188e+00,1.306635e+00,1.313182e+00,1.408571e+00,1.310125e+00,1.327647e+00,1.327374e+00,9.996814e-02,1.118850e+00,1.519962e+00
5.239000e+00,1.060100e+00,1.417634e+00,1.460874e+00,1.377534e+00,1.374000e+00,1.521038e+00,1.448043e+00,1.420829e+00,1.352000e+00,1.260470e+00,1.119100e+00,1.263086e+00,1.241186e+00,1.381404e+00,1.166800e+00,1.221756e+00,1.163510e+00,1.366205e+00,1.407746e+00,1.245187e+00,1.307644e+00,1.314141e+00,1.408735e+00,1.309375e+00,1.328000e+00,1.328179e+00,1.000846e-01,1.119100e+00,1.521038e+00
5.240000e+00,1.060240e+00,1.418321e+00,1.461748e+00,1.378430e+00,1.375778e+00,1.520885e+00,1.449068e+00,1.421943e+00,1.352690e+00,1.261812e+00,1.120500e+00,1.263680e+00,1.242938e+00,1.382979e+00,1.167600e+00,1.222887e+00,1.164163e+00,1.364880e+00,1.408728e+00,1.246562e+00,1.309038e+00,1.314545e+00,1.409020e+00,1.310875e+00,1.328824e+00,1.329079e+00,9.989597e-02,1.120500e+00,1.520885e+00
5.241000e+00,1.060690e+00,1.418550e+00,1.461165e+00,1.379686e+00,1.376556e+00,1.521154e+00,1.449876e+00,1.423318e+00,1.354138e+00,1.262013e+00,1.121450e+00,1.263755e+00,1.243220e+00,1.383872e+00,1.167360e+00,1.223869e+00,1.164490e+00,1.365602e+00,1.410116e+00,1.247500e+00,1.310337e+00,1.315909e+00,1.409551e+00,1.310375e+00,1.329235e+00,1.329712e+00,9.994116e-02,1.121450e+00,1.521154e+00
5.242000e+00,1.060880e+00,1.420382e+00,1.462913e+00,1.380538e+00,1.377778e+00,1.521462e+00,1.449969e+00,1.424526e+00,1.356414e+00,1.262081e+00,1.122500e+00,1.263941e+00,1.243785e+00,1.385277e+00,1.168880e+00,1.224821e+00,1.165796e+00,1.365482e+00,1.410405e+00,1.248875e+00,1.312067e+00,1.315202e+00,1.410612e+00,1.310750e+00,1.329471e+00,1.330580e+00,9.990995e-02,1.122500e+00,1.521462e+00
5.243000e+00,1.061150e+00,1.419389e+00,1.463689e+00,1.381211e+00,1.378333e+00,1.521654e+00,1.450217e+00,1.426043e+00,1.358966e+00,1.262416e+00,1.123100e+00,1.264758e+00,1.243277e+00,1.386851e+00,1.170880e+00,1.226071e+00,1.167020e+00,1.366265e+00,1.411503e+00,1.249937e+00,1.313221e+00,1.314394e+00,1.411633e+00,1.311125e+00,1.331412e+00,1.331390e+00,9.979240e-02,1.123100e+00,1.521654e+00
5.244000e+00,1.061430e+00,1.421069e+00,1.465825e+00,1.382825e+00,1.378444e+00,1.521923e+00,1.450683e+00,1.426469e+00,1.360000e+00,1.262416e+00,1.124500e+00,1.265279e+00,1.244802e+00,1.388383e+00,1.170560e+00,1.227292e+00,1.168163e+00,1.365723e+00,1.413121e+00,1.250750e+00,1.314663e+00,1.312374e+00,1.412449e+00,1.313250e+00,1.332824e+00,1.332241e+00,9.984932e-02,1.124500e+00,1.521923e+00
5.245000e+00,1.061650e+00,1.421756e+00,1.465146e+00,1.384395e+00,1.377333e+00,1.522077e+00,1.451739e+00,1.427678e+00,1.361793e+00,1.263289e+00,1.125600e+00,1.266134e+00,1.244746e+00,1.390213e+00,1.171360e+00,1.228512e+00,1.168898e+00,1.367048e+00,1.413815e+00,1.251500e+00,1.315865e+00,1.312121e+00,1.414082e+00,1.313500e+00,1.333941e+00,1.333022e+00,9.978909e-02,1.125600e+00,1.522077e+00
5.246000e+00,1.061840e+00,1.423206e+00,1.465728e+00,1.385874e+00,1.377778e+00,1.522231e+00,1.452578e+00,1.428531e+00,1.362828e+00,1.263221e+00,1.127200e+00,1.266543e+00,1.245706e+00,1.391489e+00,1.172720e+00,1.229643e+00,1.169510e+00,1.367892e+00,1.414740e+00,1.252563e+00,1.317404e+00,1.312727e+00,1.415469e+00,1.317375e+00,1.334824e+00,1.334074e+00,9.968775e-02,1.127200e+00,1.522231e+00
5.247000e+00,1.062180e+00,1.425344e+00,1.466602e+00,1.386726e+00,1.379000e+00,1.521846e+00,1.452795e+00,1.429052e+00,1.364069e+00,1.263221e+00,1.128250e+00,1.267658e+00,1.246102e+00,1.392085e+00,1.173520e+00,1.230714e+00,1.170898e+00,1.368012e+00,1.416012e+00,1.253250e+00,1.319087e+00,1.314394e+00,1.417102e+00,1.316250e+00,1.336412e+00,1.334933e+00,9.961456e-02,1.128250e+00,1.521846e+00
5.248000e+00,1.062500e+00,1.425038e+00,1.467476e+00,1.388430e+00,1.380111e+00,1.522308e+00,1.454099e+00,1.430213e+00,1.365310e+00,1.263221e+00,1.129350e+00,1.268550e+00,1.246158e+00,1.393957e+00,1.174800e+00,1.231696e+00,1.171469e+00,1.368916e+00,1.416763e+00,1.251500e+00,1.320192e+00,1.315404e+00,1.418204e+00,1.317875e+00,1.336941e+00,1.335749e+00,9.973371e-02,1.129350e+00,1.522308e+00
5.249000e+00,1.062760e+00,1.426336e+00,1.468155e+00,1.389058e+00,1.378333e+00,1.522077e+00,1.455124e+00,1.431351e+00,1.367448e+00,1.263154e+00,1.129950e+00,1.269442e+00,1.246384e+00,1.395191e+00,1.174160e+00,1.233095e+00,1.172653e+00,1.369337e+00,1.419306e+00,1.251375e+00,1.321587e+00,1.316515e+00,1.419510e+00,1.318125e+00,1.338824e+00,1.336521e+00,9.987812e-02,1.129950e+00,1.522077e+00
5.250000e+00,1.062910e+00,1.428168e+00,1.470485e+00,1.390717e+00,1.380333e+00,1.522077e+00,1.457205e+00,1.433246e+00,1.369517e+00,1.262349e+00,1.130800e+00,1.270260e+00,1.246384e+00,1.396468e+00,1.176000e+00,1.234226e+00,1.173510e+00,1.369398e+00,1.420694e+00,1.252312e+00,1.323365e+00,1.317879e+00,1.421184e+00,1.317875e+00,1.339647e+00,1.337671e+00,1.001351e-01,1.130800e+00,1.522077e+00
5.251000e+00,1.063210e+00,1.429008e+00,1.469417e+00,1.391480e+00,1.381444e+00,1.522500e+00,1.458137e+00,1.433910e+00,1.370759e+00,1.263087e+00,1.131850e+00,1.270781e+00,1.247910e+00,1.397574e+00,1.176560e+00,1.235417e+00,1.174082e+00,1.369217e+00,1.422081e+00,1.252625e+00,1.324567e+00,1.319444e+00,1.423224e+00,1.321000e+00,1.341235e+00,1.338638e+00,1.000427e-01,1.131850e+00,1.522500e+00
5.252000e+00,1.063440e+00,1.429771e+00,1.472718e+00,1.392332e+00,1.380111e+00,1.523154e+00,1.458851e+00,1.434810e+00,1.372552e+00,1.262148e+00,1.133000e+00,1.272082e+00,1.247514e+00,1.399702e+00,1.177360e+00,1.236726e+00,1.174490e+00,1.369398e+00,1.423121e+00,1.254625e+00,1.325721e+00,1.321162e+00,1.424163e+00,1.319750e+00,1.343235e+00,1.339521e+00,1.002105e-01,1.133000e+00,1.523154e+00
5.253000e+00,1.063690e+00,1.430305e+00,1.472039e+00,1.394574e+00,1.381000e+00,1.523154e+00,1.460155e+00,1.435853e+00,1.373517e+00,1.263289e+00,1.134450e+00,1.272751e+00,1.248644e+00,1.399915e+00,1.177760e+00,1.236994e+00,1.175469e+00,1.369337e+00,1.424393e+00,1.255000e+00,1.326875e+00,1.322677e+00,1.426531e+00,1.321125e+00,1.344882e+00,1.340445e+00,1.001419e-01,1.134450e+00,1.523154e+00
5.254000e+00,1.063710e+00,1.432137e+00,1.473010e+00,1.395695e+00,1.380000e+00,1.523769e+00,1.461180e+00,1.437109e+00,1.374414e+00,1.264161e+00,1.135950e+00,1.273643e+00,1.249040e+00,1.401574e+00,1.178960e+00,1.238452e+00,1.176204e+00,1.370542e+00,1.424798e+00,1.256125e+00,1.328798e+00,1.323586e+00,1.427265e+00,1.321875e+00,1.346294e+00,1.341441e+00,1.000773e-01,1.135950e+00,1.523769e+00
5.255000e+00,1.064010e+00,1.430992e+00,1.473495e+00,1.396951e+00,1.377889e+00,1.523731e+00,1.461615e+00,1.437607e+00,1.376276e+00,1.264698e+00,1.136600e+00,1.274275e+00,1.250508e+00,1.404298e+00,1.180160e+00,1.238988e+00,1.176490e+00,1.370964e+00,1.425202e+00,1.258625e+00,1.329808e+00,1.324697e+00,1.429714e+00,1.322875e+00,1.346824e+00,1.342220e+00,9.991882e-02,1.136600e+00,1.523731e+00
5.256000e+00,1.064320e+00,1.430763e+00,1.476505e+00,1.398072e+00,1.378778e+00,1.524346e+00,1.462578e+00,1.438104e+00,1.378000e+00,1.264564e+00,1.138100e+00,1.275428e+00,1.250056e+00,1.404809e+00,1.178880e+00,1.240149e+00,1.176367e+00,1.369096e+00,1.425954e+00,1.257750e+00,1.330721e+00,1.326970e+00,1.430939e+00,1.319750e+00,1.348118e+00,1.342700e+00,1.002644e-01,1.138100e+00,1.524346e+00
5.257000e+00,1.064610e+00,1.431756e+00,1.476311e+00,1.398610e+00,1.378556e+00,1.524615e+00,1.462919e+00,1.437227e+00,1.379379e+00,1.264966e+00,1.138800e+00,1.276208e+00,1.251299e+00,1.406255e+00,1.179360e+00,1.241786e+00,1.176694e+00,1.367470e+00,1.426705e+00,1.260125e+00,1.331971e+00,1.327980e+00,1.432204e+00,1.318875e+00,1.350235e+00,1.343346e+00,1.000669e-01,1.138800e+00,1.524615e+00
5.258000e+00,1.064840e+00,1.434198e+00,1.475049e+00,1.400179e+00,1.380111e+00,1.524615e+00,1.464006e+00,1.437251e+00,1.381586e+00,1.265570e+00,1.140050e+00,1.276654e+00,1.251130e+00,1.408723e+00,1.180080e+00,1.242143e+00,1.177143e+00,1.367289e+00,1.428208e+00,1.262375e+00,1.333221e+00,1.330303e+00,1.433755e+00,1.317125e+00,1.350882e+00,1.344235e+00,1.001057e-01,1.140050e+00,1.524615e+00
5.259000e+00,1.065010e+00,1.434427e+00,1.475534e+00,1.401031e+00,1.380778e+00,1.524385e+00,1.465031e+00,1.437441e+00,1.382828e+00,1.265503e+00,1.140500e+00,1.277026e+00,1.251695e+00,1.409915e+00,1.180000e+00,1.243185e+00,1.177633e+00,1.368675e+00,1.428902e+00,1.263000e+00,1.335192e+00,1.331717e+00,1.434939e+00,1.317125e+00,1.352059e+00,1.344938e+00,1.001695e-01,1.140500e+00,1.524385e+00
5.260000e+00,1.065370e+00,1.433588e+00,1.477282e+00,1.402108e+00,1.380444e+00,1.524577e+00,1.465559e+00,1.437180e+00,1.384207e+00,1.265772e+00,1.141800e+00,1.277807e+00,1.251469e+00,1.411745e+00,1.180000e+00,1.244048e+00,1.178286e+00,1.368434e+00,1.429827e+00,1.264437e+00,1.336394e+00,1.333889e+00,1.435673e+00,1.315875e+00,1.353765e+00,1.345590e+00,1.001554e-01,1.141800e+00,1.524577e+00
5.261000e+00,1.065660e+00,1.434809e+00,1.476408e+00,1.403049e+00,1.382556e+00,1.525385e+00,1.465621e+00,1.437962e+00,1.385310e+00,1.267315e+00,1.142800e+00,1.278699e+00,1.252373e+00,1.412809e+00,1.179920e+00,1.245089e+00,1.178408e+00,1.368494e+00,1.431850e+00,1.265375e+00,1.336923e+00,1.335253e+00,1.437469e+00,1.318250e+00,1.354941e+00,1.346544e+00,1.001772e-01,1.142800e+00,1.525385e+00
5.262000e+00,1.065900e+00,1.435115e+00,1.477282e+00,1.403318e+00,1.383222e+00,1.525885e+00,1.464627e+00,1.438389e+00,1.385931e+00,1.267785e+00,1.144300e+00,1.279219e+00,1.253051e+00,1.414213e+00,1.181040e+00,1.245417e+00,1.179714e+00,1.369880e+00,1.432428e+00,1.266687e+00,1.338077e+00,1.336313e+00,1.438449e+00,1.317625e+00,1.356118e+00,1.347253e+00,9.996755e-02,1.144300e+00,1.525885e+00
5.263000e+00,1.066050e+00,1.436565e+00,1.478252e+00,1.404439e+00,1.384333e+00,1.525654e+00,1.464255e+00,1.439289e+00,1.387241e+00,1.268658e+00,1.145450e+00,1.279777e+00,1.253898e+00,1.415362e+00,1.180960e+00,1.246071e+00,1.180122e+00,1.370602e+00,1.433295e+00,1.267500e+00,1.339904e+00,1.337525e+00,1.439755e+00,1.320250e+00,1.357235e+00,1.348183e+00,9.996316e-02,1.145450e+00,1.525654e+00
5.264000e+00,1.066300e+00,1.437252e+00,1.479029e+00,1.405561e+00,1.386333e+00,1.525231e+00,1.464255e+00,1.440474e+00,1.389034e+00,1.269262e+00,1.146150e+00,1.280260e+00,1.254463e+00,1.417149e+00,1.183120e+00,1.247113e+00,1.181265e+00,1.371024e+00,1.434740e+00,1.269250e+00,1.341058e+00,1.338434e+00,1.441061e+00,1.319625e+00,1.357706e+00,1.349119e+00,9.983941e-02,1.146150e+00,1.525231e+00
5.265000e+00,1.066600e+00,1.439466e+00,1.480291e+00,1.407354e+00,1.384667e+00,1.525385e+00,1.464876e+00,1.441374e+00,1.390069e+00,1.268926e+00,1.147550e+00,1.281636e+00,1.254972e+00,1.418979e+00,1.183680e+00,1.246935e+00,1.181510e+00,1.372169e+00,1.434798e+00,1.270500e+00,1.342212e+00,1.339596e+00,1.442367e+00,1.321000e+00,1.358588e+00,1.349954e+00,9.993636e-02,1.147550e+00,1.525385e+00
5.266000e+00,1.066950e+00,1.439466e+00,1.481748e+00,1.408386e+00,1.385000e+00,1.525731e+00,1.465435e+00,1.442559e+00,1.391931e+00,1.269262e+00,1.148100e+00,1.282937e+00,1.255311e+00,1.419957e+00,1.184960e+00,1.246577e+00,1.183061e+00,1.374880e+00,1.435780e+00,1.271750e+00,1.343269e+00,1.340505e+00,1.444245e+00,1.323250e+00,1.359706e+00,1.350992e+00,9.997379e-02,1.148100e+00,1.525731e+00
5.267000e+00,1.067190e+00,1.439771e+00,1.481845e+00,1.409507e+00,1.387889e+00,1.525346e+00,1.467453e+00,1.443531e+00,1.392966e+00,1.270000e+00,1.149550e+00,1.283680e+00,1.256215e+00,1.421489e+00,1.185120e+00,1.248185e+00,1.183347e+00,1.375964e+00,1.434624e+00,1.273000e+00,1.343462e+00,1.341212e+00,1.445347e+00,1.323625e+00,1.361882e+00,1.351875e+00,9.989409e-02,1.149550e+00,1.525346e+00
5.268000e+00,1.067410e+00,1.440382e+00,1.483495e+00,1.410359e+00,1.387889e+00,1.525654e+00,1.467640e+00,1.445142e+00,1.393586e+00,1.271879e+00,1.151250e+00,1.285019e+00,1.257401e+00,1.423106e+00,1.187200e+00,1.248214e+00,1.183306e+00,1.378133e+00,1.433931e+00,1.273750e+00,1.343077e+00,1.342273e+00,1.446367e+00,1.325750e+00,1.363412e+00,1.352842e+00,9.973487e-02,1.151250e+00,1.525654e+00
5.269000e+00,1.067640e+00,1.442214e+00,1.484466e+00,1.411525e+00,1.389556e+00,1.525615e+00,1.469503e+00,1.447085e+00,1.395448e+00,1.271879e+00,1.152850e+00,1.286283e+00,1.257401e+00,1.423787e+00,1.187200e+00,1.248839e+00,1.184612e+00,1.378554e+00,1.433064e+00,1.275813e+00,1.343077e+00,1.343636e+00,1.446980e+00,1.326375e+00,1.364353e+00,1.353755e+00,9.975504e-02,1.152850e+00,1.525615e+00
5.270000e+00,1.067890e+00,1.445038e+00,1.485340e+00,1.413498e+00,1.391222e+00,1.525231e+00,1.470963e+00,1.448720e+00,1.396759e+00,1.272550e+00,1.153950e+00,1.286691e+00,1.257175e+00,1.425702e+00,1.188720e+00,1.249821e+00,1.184653e+00,1.379277e+00,1.434220e+00,1.276687e+00,1.343365e+00,1.345000e+00,1.447633e+00,1.330000e+00,1.365176e+00,1.354891e+00,9.989749e-02,1.153950e+00,1.525231e+00
5.271000e+00,1.068210e+00,1.445191e+00,1.484951e+00,1.414619e+00,1.390000e+00,1.524423e+00,1.472329e+00,1.450213e+00,1.397103e+00,1.272685e+00,1.154100e+00,1.287472e+00,1.258588e+00,1.426085e+00,1.189120e+00,1.250506e+00,1.185184e+00,1.379398e+00,1.434798e+00,1.278312e+00,1.344423e+00,1.346364e+00,1.447592e+00,1.329125e+00,1.367529e+00,1.355421e+00,9.976085e-02,1.154100e+00,1.524423e+00
5.272000e+00,1.068410e+00,1.447252e+00,1.488252e+00,1.413901e+00,1.393333e+00,1.522885e+00,1.473323e+00,1.451422e+00,1.397862e+00,1.272819e+00,1.154350e+00,1.286914e+00,1.257910e+00,1.425191e+00,1.191040e+00,1.251607e+00,1.186286e+00,1.379518e+00,1.436012e+00,1.278687e+00,1.345577e+00,1.346566e+00,1.446735e+00,1.331375e+00,1.368412e+00,1.356135e+00,9.975719e-02,1.154350e+00,1.522885e+00
5.273000e+00,1.068620e+00,1.447710e+00,1.488252e+00,1.412825e+00,1.393222e+00,1.522192e+00,1.474627e+00,1.452796e+00,1.398414e+00,1.272282e+00,1.154450e+00,1.287323e+00,1.257006e+00,1.425106e+00,1.190960e+00,1.252798e+00,1.185959e+00,1.380060e+00,1.437110e+00,1.278812e+00,1.346490e+00,1.348182e+00,1.446571e+00,1.333250e+00,1.369471e+00,1.356495e+00,9.984702e-02,1.154450e+00,1.522192e+00
5.274000e+00,1.068850e+00,1.449237e+00,1.488738e+00,1.413363e+00,1.394222e+00,1.521577e+00,1.475497e+00,1.453981e+00,1.398690e+00,1.273960e+00,1.155250e+00,1.288513e+00,1.257345e+00,1.426527e+00,1.193200e+00,1.253214e+00,1.186653e+00,1.381627e+00,1.438728e+00,1.280875e+00,1.348462e+00,1.348990e+00,1.448531e+00,1.335125e+00,1.370353e+00,1.357611e+00,9.971070e-02,1.155250e+00,1.521577e+00
5.275000e+00,1.069210e+00,1.450076e+00,1.490194e+00,1.413587e+00,1.394778e+00,1.521769e+00,1.476211e+00,1.455403e+00,1.399862e+00,1.274899e+00,1.156000e+00,1.289331e+00,1.258192e+00,1.427421e+00,1.192720e+00,1.254524e+00,1.188408e+00,1.383193e+00,1.439653e+00,1.282063e+00,1.349952e+00,1.350354e+00,1.449265e+00,1.336625e+00,1.371765e+00,1.358594e+00,9.970395e-02,1.156000e+00,1.521769e+00
5.276000e+00,1.069440e+00,1.450916e+00,1.491553e+00,1.414170e+00,1.395444e+00,1.522000e+00,1.477950e+00,1.455735e+00,1.400000e+00,1.274430e+00,1.156900e+00,1.290409e+00,1.258418e+00,1.428314e+00,1.194000e+00,1.255357e+00,1.188327e+00,1.384940e+00,1.440636e+00,1.283125e+00,1.350913e+00,1.350909e+00,1.450163e+00,1.337125e+00,1.372529e+00,1.359344e+00,9.980420e-02,1.156900e+00,1.522000e+00
5.277000e+00,1.069590e+00,1.452290e+00,1.491359e+00,1.415605e+00,1.398000e+00,1.522731e+00,1.478696e+00,1.456445e+00,1.400966e+00,1.275235e+00,1.157900e+00,1.290446e+00,1.259379e+00,1.429207e+00,1.194880e+00,1.256488e+00,1.187755e+00,1.387169e+00,1.441387e+00,1.284250e+00,1.352596e+00,1.352626e+00,1.451510e+00,1.338125e+00,1.373000e+00,1.360335e+00,9.989912e-02,1.157900e+00,1.522731e+00
5.278000e+00,1.069970e+00,1.453435e+00,1.492524e+00,1.416009e+00,1.398333e+00,1.523231e+00,1.480652e+00,1.457251e+00,1.402966e+00,1.274832e+00,1.158850e+00,1.291413e+00,1.259153e+00,1.430100e+00,1.195680e+00,1.258125e+00,1.188857e+00,1.389759e+00,1.442081e+00,1.286375e+00,1.355192e+00,1.352980e+00,1.453224e+00,1.340250e+00,1.374118e+00,1.361475e+00,9.998354e-02,1.158850e+00,1.523231e+00
5.279000e+00,1.070150e+00,1.456412e+00,1.494272e+00,1.416816e+00,1.398889e+00,1.523615e+00,1.481770e+00,1.457630e+00,1.404069e+00,1.275570e+00,1.161250e+00,1.292007e+00,1.259887e+00,1.430992e+00,1.195920e+00,1.258720e+00,1.189673e+00,1.391627e+00,1.443121e+00,1.287250e+00,1.356106e+00,1.354646e+00,1.455714e+00,1.340500e+00,1.375118e+00,1.362566e+00,1.001042e-01,1.161250e+00,1.523615e+00
5.280000e+00,1.070460e+00,1.456412e+00,1.495728e+00,1.417848e+00,1.400667e+00,1.524000e+00,1.483012e+00,1.458223e+00,1.405448e+00,1.274362e+00,1.162050e+00,1.293234e+00,1.260791e+00,1.431883e+00,1.197840e+00,1.259702e+00,1.189796e+00,1.392470e+00,1.444509e+00,1.288937e+00,1.357981e+00,1.356414e+00,1.457224e+00,1.340875e+00,1.376824e+00,1.363593e+00,1.001714e-01,1.162050e+00,1.524000e+00
5.281000e+00,1.070630e+00,1.456947e+00,1.496699e+00,1.418969e+00,1.401333e+00,1.524115e+00,1.485186e+00,1.459739e+00,1.408414e+00,1.274765e+00,1.163150e+00,1.294275e+00,1.261582e+00,1.432774e+00,1.197840e+00,1.261280e+00,1.190000e+00,1.394217e+00,1.445838e+00,1.289688e+00,1.359615e+00,1.357374e+00,1.458367e+00,1.342250e+00,1.378294e+00,1.364696e+00,1.003563e-01,1.163150e+00,1.524115e+00
5.282000e+00,1.071010e+00,1.457328e+00,1.496990e+00,1.421121e+00,1.402556e+00,1.524192e+00,1.485932e+00,1.460640e+00,1.409517e+00,1.274497e+00,1.164600e+00,1.295019e+00,1.262825e+00,1.433664e+00,1.199200e+00,1.262202e+00,1.190694e+00,1.393916e+00,1.447572e+00,1.290875e+00,1.361298e+00,1.357980e+00,1.459714e+00,1.343500e+00,1.379000e+00,1.365618e+00,1.002654e-01,1.164600e+00,1.524192e+00
5.283000e+00,1.071300e+00,1.460305e+00,1.499223e+00,1.421749e+00,1.404000e+00,1.524077e+00,1.486398e+00,1.461469e+00,1.410690e+00,1.273490e+00,1.165950e+00,1.296320e+00,1.263898e+00,1.434554e+00,1.200320e+00,1.263185e+00,1.190816e+00,1.395482e+00,1.449711e+00,1.292375e+00,1.362548e+00,1.358384e+00,1.461143e+00,1.344750e+00,1.380941e+00,1.366741e+00,1.004445e-01,1.165950e+00,1.524077e+00
5.284000e+00,1.071570e+00,1.460992e+00,1.498835e+00,1.423184e+00,1.403444e+00,1.524577e+00,1.487112e+00,1.462583e+00,1.412138e+00,1.274362e+00,1.167550e+00,1.297286e+00,1.264859e+00,1.435443e+00,1.200960e+00,1.264821e+00,1.191388e+00,1.396506e+00,1.450751e+00,1.293125e+00,1.364087e+00,1.359596e+00,1.462245e+00,1.346000e+00,1.381235e+00,1.367628e+00,1.002977e-01,1.167550e+00,1.524577e+00
5.285000e+00,1.071690e+00,1.461298e+00,1.501262e+00,1.424843e+00,1.405556e+00,1.524692e+00,1.488447e+00,1.463128e+00,1.412966e+00,1.273826e+00,1.168500e+00,1.298922e+00,1.265706e+00,1.436332e+00,1.201680e+00,1.265208e+00,1.192041e+00,1.396205e+00,1.451445e+00,1.294250e+00,1.365817e+00,1.360505e+00,1.463347e+00,1.347250e+00,1.382059e+00,1.368554e+00,1.004097e-01,1.168500e+00,1.524692e+00
5.286000e+00,1.071900e+00,1.462214e+00,1.502039e+00,1.426861e+00,1.406000e+00,1.525692e+00,1.489627e+00,1.464645e+00,1.415241e+00,1.273423e+00,1.169600e+00,1.299331e+00,1.266441e+00,1.437220e+00,1.201760e+00,1.266399e+00,1.192286e+00,1.397289e+00,1.452370e+00,1.295438e+00,1.366971e+00,1.361313e+00,1.464000e+00,1.347375e+00,1.383176e+00,1.369446e+00,1.006344e-01,1.169600e+00,1.525692e+00
5.287000e+00,1.072250e+00,1.463359e+00,1.504078e+00,1.428296e+00,1.405667e+00,1.525423e+00,1.490621e+00,1.465000e+00,1.416897e+00,1.273691e+00,1.171000e+00,1.300706e+00,1.266554e+00,1.438108e+00,1.204160e+00,1.267173e+00,1.191878e+00,1.398614e+00,1.453179e+00,1.295625e+00,1.368702e+00,1.361667e+00,1.465306e+00,1.347750e+00,1.384059e+00,1.370313e+00,1.006705e-01,1.171000e+00,1.525423e+00
5.288000e+00,1.072440e+00,1.464427e+00,1.504854e+00,1.429641e+00,1.407222e+00,1.525615e+00,1.492578e+00,1.466398e+00,1.419310e+00,1.275034e+00,1.172550e+00,1.302045e+00,1.267966e+00,1.438995e+00,1.203120e+00,1.267917e+00,1.193061e+00,1.398795e+00,1.454393e+00,1.296500e+00,1.370192e+00,1.362778e+00,1.466367e+00,1.349000e+00,1.386706e+00,1.371478e+00,1.007766e-01,1.172550e+00,1.525615e+00
5.289000e+00,1.072840e+00,1.466260e+00,1.505243e+00,1.431345e+00,1.407444e+00,1.525346e+00,1.493820e+00,1.467749e+00,1.420000e+00,1.274966e+00,1.173350e+00,1.303829e+00,1.268136e+00,1.439882e+00,1.205200e+00,1.268720e+00,1.193714e+00,1.399578e+00,1.455202e+00,1.297313e+00,1.371154e+00,1.362727e+00,1.468041e+00,1.349500e+00,1.387412e+00,1.372330e+00,1.007786e-01,1.173350e+00,1.525346e+00
5.290000e+00,1.073010e+00,1.467557e+00,1.505437e+00,1.432691e+00,1.408333e+00,1.525538e+00,1.494720e+00,1.468128e+00,1.422000e+00,1.276242e+00,1.174400e+00,1.304758e+00,1.269096e+00,1.440768e+00,1.205920e+00,1.269702e+00,1.193959e+00,1.399940e+00,1.457514e+00,1.298625e+00,1.372837e+00,1.363182e+00,1.469102e+00,1.349250e+00,1.388529e+00,1.373260e+00,1.007996e-01,1.174400e+00,1.525538e+00
5.291000e+00,1.073200e+00,1.467328e+00,1.506117e+00,1.434350e+00,1.409222e+00,1.525577e+00,1.495559e+00,1.469100e+00,1.422897e+00,1.276309e+00,1.175700e+00,1.306840e+00,1.269831e+00,1.441654e+00,1.206800e+00,1.270060e+00,1.194000e+00,1.400000e+00,1.458786e+00,1.299063e+00,1.373798e+00,1.361465e+00,1.470612e+00,1.350375e+00,1.390882e+00,1.374013e+00,1.008328e-01,1.175700e+00,1.525577e+00
5.292000e+00,1.073510e+00,1.469008e+00,1.507184e+00,1.435964e+00,1.410000e+00,1.525692e+00,1.497205e+00,1.468839e+00,1.424276e+00,1.276577e+00,1.177500e+00,1.307509e+00,1.271469e+00,1.442540e+00,1.208000e+00,1.271339e+00,1.193918e+00,1.401386e+00,1.459711e+00,1.301250e+00,1.374856e+00,1.360960e+00,1.472245e+00,1.353500e+00,1.392294e+00,1.375134e+00,1.007901e-01,1.177500e+00,1.525692e+00
5.293000e+00,1.073930e+00,1.471145e+00,1.507476e+00,1.437489e+00,1.410333e+00,1.526385e+00,1.498168e+00,1.468246e+00,1.424897e+00,1.276040e+00,1.178650e+00,1.309145e+00,1.271921e+00,1.443425e+00,1.208640e+00,1.272024e+00,1.194327e+00,1.401807e+00,1.460809e+00,1.301625e+00,1.377067e+00,1.361010e+00,1.473551e+00,1.353750e+00,1.393647e+00,1.375899e+00,1.008898e-01,1.178650e+00,1.526385e+00
5.294000e+00,1.074040e+00,1.471527e+00,1.508350e+00,1.439103e+00,1.411222e+00,1.527192e+00,1.499255e+00,1.467773e+00,1.426690e+00,1.276846e+00,1.179850e+00,1.310186e+00,1.271130e+00,1.444309e+00,1.209760e+00,1.273095e+00,1.195102e+00,1.403012e+00,1.462254e+00,1.303312e+00,1.378077e+00,1.362222e+00,1.475592e+00,1.354625e+00,1.394118e+00,1.376858e+00,1.009313e-01,1.179850e+00,1.527192e+00
5.295000e+00,1.074380e+00,1.472748e+00,1.509223e+00,1.439552e+00,1.412111e+00,1.526885e+00,1.500776e+00,1.467986e+00,1.428828e+00,1.277718e+00,1.181150e+00,1.311004e+00,1.272034e+00,1.445194e+00,1.210080e+00,1.274048e+00,1.193918e+00,1.403675e+00,1.463699e+00,1.304375e+00,1.378990e+00,1.362576e+00,1.476816e+00,1.356125e+00,1.394059e+00,1.377649e+00,1.010692e-01,1.181150e+00,1.526885e+00
5.296000e+00,1.074460e+00,1.472290e+00,1.511165e+00,1.441256e+00,1.413222e+00,1.527192e+00,1.501522e+00,1.468673e+00,1.429103e+00,1.278188e+00,1.182550e+00,1.312677e+00,1.273785e+00,1.446078e+00,1.211040e+00,1.275089e+00,1.195102e+00,1.405422e+00,1.463873e+00,1.305500e+00,1.380048e+00,1.364495e+00,1.478816e+00,1.356625e+00,1.393471e+00,1.378633e+00,1.009285e-01,1.182550e+00,1.527192e+00
5.297000e+00,1.074610e+00,1.473206e+00,1.511359e+00,1.442960e+00,1.413444e+00,1.527231e+00,1.502950e+00,1.469431e+00,1.432276e+00,1.278188e+00,1.183750e+00,1.313420e+00,1.273616e+00,1.446961e+00,1.211840e+00,1.275952e+00,1.194041e+00,1.407470e+00,1.464971e+00,1.306312e+00,1.381683e+00,1.365152e+00,1.479878e+00,1.358250e+00,1.393059e+00,1.379475e+00,1.011575e-01,1.183750e+00,1.527231e+00
5.298000e+00,1.074930e+00,1.472901e+00,1.513495e+00,1.443453e+00,1.415667e+00,1.528115e+00,1.504255e+00,1.470118e+00,1.432483e+00,1.278725e+00,1.184850e+00,1.314610e+00,1.275650e+00,1.447844e+00,1.213760e+00,1.276726e+00,1.194163e+00,1.408855e+00,1.465665e+00,1.306875e+00,1.383365e+00,1.366717e+00,1.481878e+00,1.356875e+00,1.394000e+00,1.380460e+00,1.011925e-01,1.184850e+00,1.528115e+00
5.299000e+00,1.075140e+00,1.471908e+00,1.513883e+00,1.444798e+00,1.416667e+00,1.528808e+00,1.505683e+00,1.470616e+00,1.433931e+00,1.279195e+00,1.185800e+00,1.316134e+00,1.276102e+00,1.448727e+00,1.214080e+00,1.277321e+00,1.193837e+00,1.410723e+00,1.466705e+00,1.309000e+00,1.384231e+00,1.368737e+00,1.483429e+00,1.359625e+00,1.394471e+00,1.381434e+00,1.012622e-01,1.185800e+00,1.528808e+00
5.300000e+00,1.075390e+00,1.472443e+00,1.515243e+00,1.445964e+00,1.416333e+00,1.529077e+00,1.506211e+00,1.472038e+00,1.435103e+00,1.278725e+00,1.187400e+00,1.316729e+00,1.276723e+00,1.449610e+00,1.213440e+00,1.278185e+00,1.193878e+00,1.410422e+00,1.468208e+00,1.310250e+00,1.385625e+00,1.370455e+00,1.484122e+00,1.360250e+00,1.395706e+00,1.382172e+00,1.014157e-01,1.187400e+00,1.529077e+00
5.301000e+00,1.075600e+00,1.473740e+00,1.516602e+00,1.446368e+00,1.417556e+00,1.529423e+00,1.507329e+00,1.472607e+00,1.436069e+00,1.279195e+00,1.188650e+00,1.317993e+00,1.277514e+00,1.450492e+00,1.215840e+00,1.277768e+00,1.194041e+00,1.411566e+00,1.469364e+00,1.310812e+00,1.386827e+00,1.372475e+00,1.485959e+00,1.361250e+00,1.397118e+00,1.383190e+00,1.014678e-01,1.188650e+00,1.529423e+00
5.302000e+00,1.076050e+00,1.475878e+00,1.517379e+00,1.448206e+00,1.420222e+00,1.529769e+00,1.508292e+00,1.474100e+00,1.438483e+00,1.278725e+00,1.189850e+00,1.318587e+00,1.277684e+00,1.451374e+00,1.215600e+00,1.277321e+00,1.194531e+00,1.413313e+00,1.469422e+00,1.311812e+00,1.388221e+00,1.372929e+00,1.487265e+00,1.361250e+00,1.398235e+00,1.384102e+00,1.018325e-01,1.189850e+00,1.529769e+00
5.303000e+00,1.076250e+00,1.475725e+00,1.520000e+00,1.448834e+00,1.419333e+00,1.530269e+00,1.509037e+00,1.474976e+00,1.440069e+00,1.279463e+00,1.190650e+00,1.319963e+00,1.279379e+00,1.452256e+00,1.216960e+00,1.277321e+00,1.194367e+00,1.413434e+00,1.470058e+00,1.312875e+00,1.389231e+00,1.373788e+00,1.487959e+00,1.362375e+00,1.399882e+00,1.384925e+00,1.018662e-01,1.190650e+00,1.530269e+00
5.304000e+00,1.076590e+00,1.478015e+00,1.520680e+00,1.449507e+00,1.422000e+00,1.529577e+00,1.510248e+00,1.475640e+00,1.439448e+00,1.280470e+00,1.192100e+00,1.320781e+00,1.279322e+00,1.453138e+00,1.217920e+00,1.277768e+00,1.195551e+00,1.413554e+00,1.470520e+00,1.314125e+00,1.390000e+00,1.375253e+00,1.487347e+00,1.363000e+00,1.401235e+00,1.385717e+00,1.016982e-01,1.192100e+00,1.529577e+00
5.305000e+00,1.076700e+00,1.478092e+00,1.521262e+00,1.451345e+00,1.422667e+00,1.529385e+00,1.511149e+00,1.476540e+00,1.441862e+00,1.281275e+00,1.193950e+00,1.321970e+00,1.279887e+00,1.454020e+00,1.219600e+00,1.278601e+00,1.195755e+00,1.414398e+00,1.470520e+00,1.314062e+00,1.389327e+00,1.377475e+00,1.487020e+00,1.364250e+00,1.403471e+00,1.386578e+00,1.015235e-01,1.193950e+00,1.529385e+00
5.306000e+00,1.076910e+00,1.480229e+00,1.522524e+00,1.453229e+00,1.422444e+00,1.529385e+00,1.512422e+00,1.477204e+00,1.442138e+00,1.280604e+00,1.195000e+00,1.323048e+00,1.281186e+00,1.454902e+00,1.218880e+00,1.279732e+00,1.196531e+00,1.415723e+00,1.468902e+00,1.315187e+00,1.389087e+00,1.378586e+00,1.486653e+00,1.363875e+00,1.403647e+00,1.387130e+00,1.015545e-01,1.195000e+00,1.529385e+00
5.307000e+00,1.077220e+00,1.481908e+00,1.523689e+00,1.453363e+00,1.424333e+00,1.529500e+00,1.513509e+00,1.478033e+00,1.443586e+00,1.280671e+00,1.196250e+00,1.324015e+00,1.281073e+00,1.455783e+00,1.220240e+00,1.280506e+00,1.196286e+00,1.417229e+00,1.469017e+00,1.316062e+00,1.389663e+00,1.379545e+00,1.487184e+00,1.363500e+00,1.405588e+00,1.387939e+00,1.016674e-01,1.196250e+00,1.529500e+00
5.308000e+00,1.077460e+00,1.482977e+00,1.525146e+00,1.455067e+00,1.424222e+00,1.530423e+00,1.514938e+00,1.479289e+00,1.443931e+00,1.280872e+00,1.196900e+00,1.325279e+00,1.282768e+00,1.456665e+00,1.220880e+00,1.281577e+00,1.197306e+00,1.418012e+00,1.469480e+00,1.315063e+00,1.390288e+00,1.380303e+00,1.488449e+00,1.365500e+00,1.407412e+00,1.388865e+00,1.017995e-01,1.196900e+00,1.530423e+00
5.309000e+00,1.077660e+00,1.483664e+00,1.526796e+00,1.456592e+00,1.424889e+00,1.529654e+00,1.516025e+00,1.480213e+00,1.445586e+00,1.281007e+00,1.198050e+00,1.325316e+00,1.282970e+00,1.457547e+00,1.222800e+00,1.282500e+00,1.197633e+00,1.418434e+00,1.470462e+00,1.314062e+00,1.391635e+00,1.381919e+00,1.489388e+00,1.365375e+00,1.409706e+00,1.389676e+00,1.018951e-01,1.197633e+00,1.529654e+00
5.310000e+00,1.077860e+00,1.484351e+00,1.526893e+00,1.457713e+00,1.426000e+00,1.528923e+00,1.517050e+00,1.481398e+00,1.445103e+00,1.282081e+00,1.199300e+00,1.326357e+00,1.283506e+00,1.458429e+00,1.223600e+00,1.283393e+00,1.198082e+00,1.418735e+00,1.472254e+00,1.313375e+00,1.392644e+00,1.383687e+00,1.490735e+00,1.365125e+00,1.411118e+00,1.390410e+00,1.018671e-01,1.198082e+00,1.528923e+00
5.311000e+00,1.078310e+00,1.488702e+00,1.528641e+00,1.459596e+00,1.425667e+00,1.528769e+00,1.517733e+00,1.482133e+00,1.445517e+00,1.283423e+00,1.201050e+00,1.326914e+00,1.284041e+00,1.459311e+00,1.225680e+00,1.286185e+00,1.198327e+00,1.419096e+00,1.473064e+00,1.314437e+00,1.394231e+00,1.384697e+00,1.491837e+00,1.365625e+00,1.413706e+00,1.391599e+00,1.018125e-01,1.198327e+00,1.528769e+00
5.312000e+00,1.078510e+00,1.489084e+00,1.531262e+00,1.461300e+00,1.428222e+00,1.528808e+00,1.517857e+00,1.483483e+00,1.446897e+00,1.283087e+00,1.202200e+00,1.328290e+00,1.284573e+00,1.460194e+00,1.224800e+00,1.286888e+00,1.198653e+00,1.418193e+00,1.474798e+00,1.314188e+00,1.395769e+00,1.385556e+00,1.492898e+00,1.367500e+00,1.415000e+00,1.392479e+00,1.021340e-01,1.198653e+00,1.531262e+00
5.313000e+00,1.078890e+00,1.490000e+00,1.530874e+00,1.462466e+00,1.429111e+00,1.528731e+00,1.516677e+00,1.484028e+00,1.447172e+00,1.282953e+00,1.203050e+00,1.328959e+00,1.285103e+00,1.461076e+00,1.226240e+00,1.287591e+00,1.198816e+00,1.419398e+00,1.476416e+00,1.315063e+00,1.396875e+00,1.386566e+00,1.494694e+00,1.370125e+00,1.416941e+00,1.393289e+00,1.020428e-01,1.198816e+00,1.530874e+00
5.314000e+00,1.079100e+00,1.490687e+00,1.533107e+00,1.464170e+00,1.429667e+00,1.529538e+00,1.516460e+00,1.485403e+00,1.447655e+00,1.283557e+00,1.205150e+00,1.330260e+00,1.285631e+00,1.461960e+00,1.227200e+00,1.288294e+00,1.199306e+00,1.421627e+00,1.477572e+00,1.316188e+00,1.398894e+00,1.387778e+00,1.496245e+00,1.370125e+00,1.418176e+00,1.394360e+00,1.020936e-01,1.199306e+00,1.533107e+00
5.315000e+00,1.079260e+00,1.491832e+00,1.533495e+00,1.465157e+00,1.429111e+00,1.530000e+00,1.516584e+00,1.486066e+00,1.448621e+00,1.283893e+00,1.205800e+00,1.330855e+00,1.286157e+00,1.462843e+00,1.228000e+00,1.288999e+00,1.200204e+00,1.422651e+00,1.479133e+00,1.317438e+00,1.400962e+00,1.388737e+00,1.498204e+00,1.371625e+00,1.419647e+00,1.395251e+00,1.021299e-01,1.200204e+00,1.533495e+00
5.316000e+00,1.079510e+00,1.493893e+00,1.535825e+00,1.465874e+00,1.427444e+00,1.530923e+00,1.517329e+00,1.487299e+00,1.450552e+00,1.282013e+00,1.205200e+00,1.332528e+00,1.286680e+00,1.463728e+00,1.227280e+00,1.289704e+00,1.199633e+00,1.424217e+00,1.479942e+00,1.318125e+00,1.402260e+00,1.389848e+00,1.499673e+00,1.373375e+00,1.421882e+00,1.396051e+00,1.027629e-01,1.199633e+00,1.535825e+00
5.317000e+00,1.079810e+00,1.494351e+00,1.537476e+00,1.467130e+00,1.427556e+00,1.532000e+00,1.518416e+00,1.487820e+00,1.452552e+00,1.282416e+00,1.206200e+00,1.333717e+00,1.287201e+00,1.464613e+00,1.230000e+00,1.290410e+00,1.200571e+00,1.426024e+00,1.480809e+00,1.319813e+00,1.403606e+00,1.390556e+00,1.501347e+00,1.374500e+00,1.422765e+00,1.397160e+00,1.027399e-01,1.200571e+00,1.537476e+00
5.318000e+00,1.079970e+00,1.496412e+00,1.537379e+00,1.467982e+00,1.427556e+00,1.532615e+00,1.519969e+00,1.489028e+00,1.454345e+00,1.282013e+00,1.206400e+00,1.334387e+00,1.287671e+00,1.465498e+00,1.230400e+00,1.291117e+00,1.200857e+00,1.426446e+00,1.481618e+00,1.321625e+00,1.405096e+00,1.392121e+00,1.503061e+00,1.376000e+00,1.424176e+00,1.398074e+00,1.029937e-01,1.200857e+00,1.537379e+00
5.319000e+00,1.080100e+00,1.496107e+00,1.538932e+00,1.468161e+00,1.427444e+00,1.533385e+00,1.521304e+00,1.489455e+00,1.455862e+00,1.281611e+00,1.207600e+00,1.335799e+00,1.288133e+00,1.466385e+00,1.231120e+00,1.291825e+00,1.201633e+00,1.428193e+00,1.482832e+00,1.321438e+00,1.406683e+00,1.393889e+00,1.504163e+00,1.377250e+00,1.426765e+00,1.398999e+00,1.031151e-01,1.201633e+00,1.538932e+00
5.320000e+00,1.080610e+00,1.497863e+00,1.540485e+00,1.469103e+00,1.430222e+00,1.533808e+00,1.521957e+00,1.490545e+00,1.456138e+00,1.281141e+00,1.209250e+00,1.336506e+00,1.288587e+00,1.467272e+00,1.233040e+00,1.292533e+00,1.201429e+00,1.428675e+00,1.484451e+00,1.322875e+00,1.407356e+00,1.394848e+00,1.506286e+00,1.376500e+00,1.427176e+00,1.399919e+00,1.032873e-01,1.201429e+00,1.540485e+00
5.321000e+00,1.080820e+00,1.498626e+00,1.541650e+00,1.469686e+00,1.430889e+00,1.533769e+00,1.523696e+00,1.491043e+00,1.457172e+00,1.281074e+00,1.209950e+00,1.337807e+00,1.289035e+00,1.468160e+00,1.233520e+00,1.293242e+00,1.201673e+00,1.429458e+00,1.485202e+00,1.324375e+00,1.409519e+00,1.396111e+00,1.506980e+00,1.376500e+00,1.428706e+00,1.400743e+00,1.034106e-01,1.201673e+00,1.541650e+00
5.322000e+00,1.081170e+00,1.499008e+00,1.541748e+00,1.470090e+00,1.430667e+00,1.534423e+00,1.525031e+00,1.491682e+00,1.458069e+00,1.280940e+00,1.210750e+00,1.339182e+00,1.289475e+00,1.469049e+00,1.233200e+00,1.293952e+00,1.202000e+00,1.429157e+00,1.485723e+00,1.325438e+00,1.411010e+00,1.397576e+00,1.508327e+00,1.376000e+00,1.430647e+00,1.401381e+00,1.035340e-01,1.202000e+00,1.541748e+00
5.323000e+00,1.081410e+00,1.501298e+00,1.542136e+00,1.471166e+00,1.432556e+00,1.534308e+00,1.525807e+00,1.492275e+00,1.459379e+00,1.281141e+00,1.211400e+00,1.340074e+00,1.289910e+00,1.469939e+00,1.235600e+00,1.294662e+00,1.202041e+00,1.429819e+00,1.486994e+00,1.326687e+00,1.411779e+00,1.398434e+00,1.509388e+00,1.378875e+00,1.430882e+00,1.402356e+00,1.035438e-01,1.202041e+00,1.542136e+00
5.324000e+00,1.081500e+00,1.501679e+00,1.543786e+00,1.472377e+00,1.433778e+00,1.535385e+00,1.527112e+00,1.492867e+00,1.461517e+00,1.282215e+00,1.212950e+00,1.341599e+00,1.290338e+00,1.470831e+00,1.237760e+00,1.295374e+00,1.203347e+00,1.431084e+00,1.488844e+00,1.327562e+00,1.412981e+00,1.398939e+00,1.510408e+00,1.379125e+00,1.431765e+00,1.403484e+00,1.035138e-01,1.203347e+00,1.543786e+00
5.325000e+00,1.081810e+00,1.504046e+00,1.544563e+00,1.471390e+00,1.434111e+00,1.536500e+00,1.528447e+00,1.494265e+00,1.462345e+00,1.282953e+00,1.214750e+00,1.342862e+00,1.290761e+00,1.471723e+00,1.237360e+00,1.296086e+00,1.203633e+00,1.431687e+00,1.490462e+00,1.328563e+00,1.414279e+00,1.399545e+00,1.511102e+00,1.378875e+00,1.432353e+00,1.404278e+00,1.036722e-01,1.203633e+00,1.544563e+00
5.326000e+00,1.082060e+00,1.503664e+00,1.544563e+00,1.471300e+00,1.435111e+00,1.537154e+00,1.530280e+00,1.495332e+00,1.463931e+00,1.284430e+00,1.215500e+00,1.344015e+00,1.291178e+00,1.472648e+00,1.236800e+00,1.296799e+00,1.204571e+00,1.433373e+00,1.491618e+00,1.329500e+00,1.416010e+00,1.400152e+00,1.512490e+00,1.379000e+00,1.433588e+00,1.405125e+00,1.037576e-01,1.204571e+00,1.544563e+00
5.327000e+00,1.082310e+00,1.506031e+00,1.547087e+00,1.471794e+00,1.435111e+00,1.537962e+00,1.531087e+00,1.496564e+00,1.465931e+00,1.282752e+00,1.217450e+00,1.345056e+00,1.291591e+00,1.473542e+00,1.237920e+00,1.297513e+00,1.204449e+00,1.435602e+00,1.493179e+00,1.330875e+00,1.417981e+00,1.400909e+00,1.513959e+00,1.381625e+00,1.434706e+00,1.406278e+00,1.040940e-01,1.204449e+00,1.547087e+00
5.328000e+00,1.082440e+00,1.505878e+00,1.547670e+00,1.472735e+00,1.437556e+00,1.538192e+00,1.531957e+00,1.496564e+00,1.466138e+00,1.283758e+00,1.218800e+00,1.346543e+00,1.292000e+00,1.474437e+00,1.238480e+00,1.298228e+00,1.205020e+00,1.436747e+00,1.493757e+00,1.331937e+00,1.418846e+00,1.402020e+00,1.514122e+00,1.381125e+00,1.437118e+00,1.407068e+00,1.039809e-01,1.205020e+00,1.547670e+00
5.329000e+00,1.082910e+00,1.508244e+00,1.547670e+00,1.473408e+00,1.439222e+00,1.538538e+00,1.533261e+00,1.495829e+00,1.467241e+00,1.283826e+00,1.220450e+00,1.348773e+00,1.292406e+00,1.475334e+00,1.238240e+00,1.298943e+00,1.205265e+00,1.437410e+00,1.495780e+00,1.331562e+00,1.420769e+00,1.403434e+00,1.515837e+00,1.381875e+00,1.439118e+00,1.408018e+00,1.041736e-01,1.205265e+00,1.547670e+00
5.330000e+00,1.083190e+00,1.508855e+00,1.550680e+00,1.475381e+00,1.440444e+00,1.539077e+00,1.533882e+00,1.495758e+00,1.468552e+00,1.284430e+00,1.221750e+00,1.350112e+00,1.292809e+00,1.476232e+00,1.240720e+00,1.299660e+00,1.206041e+00,1.436867e+00,1.496474e+00,1.334250e+00,1.422692e+00,1.404697e+00,1.517224e+00,1.382875e+00,1.439176e+00,1.409110e+00,1.041013e-01,1.206041e+00,1.550680e+00
5.331000e+00,1.083420e+00,1.510153e+00,1.550777e+00,1.476188e+00,1.442556e+00,1.539500e+00,1.535559e+00,1.494929e+00,1.470138e+00,1.285705e+00,1.222850e+00,1.351450e+00,1.293209e+00,1.477158e+00,1.242400e+00,1.300390e+00,1.205837e+00,1.437108e+00,1.497803e+00,1.334812e+00,1.423606e+00,1.405556e+00,1.518490e+00,1.382375e+00,1.441588e+00,1.410006e+00,1.041488e-01,1.205837e+00,1.550777e+00
5.332000e+00,1.083670e+00,1.512824e+00,1.551942e+00,1.478206e+00,1.441556e+00,1.541154e+00,1.536335e+00,1.495545e+00,1.471517e+00,1.285973e+00,1.224200e+00,1.352230e+00,1.293608e+00,1.478084e+00,1.242960e+00,1.301121e+00,1.206490e+00,1.436928e+00,1.498324e+00,1.335250e+00,1.424856e+00,1.406414e+00,1.520163e+00,1.383750e+00,1.443000e+00,1.410935e+00,1.043772e-01,1.206490e+00,1.551942e+00
5.333000e+00,1.083890e+00,1.513206e+00,1.554369e+00,1.480000e+00,1.444111e+00,1.542615e+00,1.537609e+00,1.496066e+00,1.473793e+00,1.286711e+00,1.225600e+00,1.354164e+00,1.294006e+00,1.479009e+00,1.242400e+00,1.301840e+00,1.206694e+00,1.437530e+00,1.500636e+00,1.335750e+00,1.426250e+00,1.406869e+00,1.520939e+00,1.385375e+00,1.444059e+00,1.412067e+00,1.047410e-01,1.206694e+00,1.554369e+00
5.334000e+00,1.084180e+00,1.513969e+00,1.553495e+00,1.480538e+00,1.444111e+00,1.543154e+00,1.538634e+00,1.496706e+00,1.474000e+00,1.287315e+00,1.226500e+00,1.355242e+00,1.294403e+00,1.479935e+00,1.243600e+00,1.302573e+00,1.207510e+00,1.438855e+00,1.500809e+00,1.337250e+00,1.427500e+00,1.407626e+00,1.522367e+00,1.385000e+00,1.445941e+00,1.412793e+00,1.046178e-01,1.207510e+00,1.553495e+00
5.335000e+00,1.084440e+00,1.514656e+00,1.556796e+00,1.482242e+00,1.445556e+00,1.544115e+00,1.540093e+00,1.497820e+00,1.475103e+00,1.287248e+00,1.227350e+00,1.356803e+00,1.294800e+00,1.480861e+00,1.243200e+00,1.303308e+00,1.207796e+00,1.440422e+00,1.501965e+00,1.338250e+00,1.428606e+00,1.407778e+00,1.524327e+00,1.388125e+00,1.447118e+00,1.413931e+00,1.050652e-01,1.207796e+00,1.556796e+00
5.336000e+00,1.084740e+00,1.516489e+00,1.556893e+00,1.483901e+00,1.447222e+00,1.544692e+00,1.541118e+00,1.498033e+00,1.475862e+00,1.286644e+00,1.228450e+00,1.358550e+00,1.295264e+00,1.481787e+00,1.246240e+00,1.304043e+00,1.208204e+00,1.441386e+00,1.503410e+00,1.339438e+00,1.430000e+00,1.409646e+00,1.525143e+00,1.389750e+00,1.449000e+00,1.415049e+00,1.050319e-01,1.208204e+00,1.556893e+00
5.337000e+00,1.084860e+00,1.516565e+00,1.559126e+00,1.485067e+00,1.447889e+00,1.545808e+00,1.542205e+00,1.498815e+00,1.476345e+00,1.287047e+00,1.229650e+00,1.359405e+00,1.295725e+00,1.482713e+00,1.247120e+00,1.304766e+00,1.208367e+00,1.443133e+00,1.504162e+00,1.339938e+00,1.430337e+00,1.410152e+00,1.526041e+00,1.389375e+00,1.449353e+00,1.415796e+00,1.051994e-01,1.208367e+00,1.559126e+00
5.338000e+00,1.085100e+00,1.516031e+00,1.561068e+00,1.486009e+00,1.449444e+00,1.546231e+00,1.544006e+00,1.499265e+00,1.477862e+00,1.287919e+00,1.231000e+00,1.360520e+00,1.296185e+00,1.483640e+00,1.246000e+00,1.305489e+00,1.208816e+00,1.444036e+00,1.505202e+00,1.341312e+00,1.431731e+00,1.409242e+00,1.524531e+00,1.388875e+00,1.451353e+00,1.416490e+00,1.053220e-01,1.208816e+00,1.561068e+00
5.339000e+00,1.085310e+00,1.518321e+00,1.562136e+00,1.486996e+00,1.449889e+00,1.546885e+00,1.545311e+00,1.500237e+00,1.478966e+00,1.287987e+00,1.232300e+00,1.361933e+00,1.296644e+00,1.484542e+00,1.247760e+00,1.306214e+00,1.207673e+00,1.443434e+00,1.505723e+00,1.341437e+00,1.433269e+00,1.407980e+00,1.524653e+00,1.386125e+00,1.452588e+00,1.417042e+00,1.055580e-01,1.207673e+00,1.562136e+00
5.340000e+00,1.085570e+00,1.518702e+00,1.563883e+00,1.488206e+00,1.451111e+00,1.548154e+00,1.545932e+00,1.500972e+00,1.480345e+00,1.288121e+00,1.233100e+00,1.363011e+00,1.297100e+00,1.485445e+00,1.247200e+00,1.306939e+00,1.207551e+00,1.440361e+00,1.506821e+00,1.342688e+00,1.433894e+00,1.407374e+00,1.524449e+00,1.386375e+00,1.453000e+00,1.417531e+00,1.057800e-01,1.207551e+00,1.563883e+00
5.341000e+00,1.085890e+00,1.518244e+00,1.564175e+00,1.489327e+00,1.452556e+00,1.549154e+00,1.547360e+00,1.502607e+00,1.482483e+00,1.289060e+00,1.233800e+00,1.363717e+00,1.297555e+00,1.486350e+00,1.247120e+00,1.307665e+00,1.208122e+00,1.439639e+00,1.507168e+00,1.342688e+00,1.435385e+00,1.407677e+00,1.524857e+00,1.382500e+00,1.454235e+00,1.418060e+00,1.059763e-01,1.208122e+00,1.564175e+00
5.342000e+00,1.086140e+00,1.519237e+00,1.565243e+00,1.490404e+00,1.454444e+00,1.550500e+00,1.548416e+00,1.503104e+00,1.482552e+00,1.289195e+00,1.235900e+00,1.365539e+00,1.298008e+00,1.487257e+00,1.247360e+00,1.308392e+00,1.208816e+00,1.438855e+00,1.507399e+00,1.344250e+00,1.435673e+00,1.408838e+00,1.525878e+00,1.383125e+00,1.455353e+00,1.418906e+00,1.059783e-01,1.208816e+00,1.565243e+00
5.343000e+00,1.086320e+00,1.520992e+00,1.566893e+00,1.491435e+00,1.455333e+00,1.551077e+00,1.549099e+00,1.504242e+00,1.484069e+00,1.289463e+00,1.236900e+00,1.365799e+00,1.298459e+00,1.488165e+00,1.249040e+00,1.309120e+00,1.209061e+00,1.439458e+00,1.505896e+00,1.345625e+00,1.434183e+00,1.409697e+00,1.527347e+00,1.384250e+00,1.456941e+00,1.419689e+00,1.060417e-01,1.209061e+00,1.566893e+00
5.344000e+00,1.086610e+00,1.521221e+00,1.568350e+00,1.492422e+00,1.454333e+00,1.551385e+00,1.550621e+00,1.504858e+00,1.484621e+00,1.288591e+00,1.237950e+00,1.366952e+00,1.298909e+00,1.489075e+00,1.247600e+00,1.309848e+00,1.209347e+00,1.439940e+00,1.506243e+00,1.346000e+00,1.433606e+00,1.411111e+00,1.528449e+00,1.383750e+00,1.457412e+00,1.420108e+00,1.063243e-01,1.209347e+00,1.568350e+00
5.345000e+00,1.086800e+00,1.523130e+00,1.570388e+00,1.494126e+00,1.456667e+00,1.552038e+00,1.551056e+00,1.506351e+00,1.484897e+00,1.290940e+00,1.239450e+00,1.367955e+00,1.299356e+00,1.489985e+00,1.249680e+00,1.310578e+00,1.209959e+00,1.441084e+00,1.507168e+00,1.346625e+00,1.434135e+00,1.412020e+00,1.530041e+00,1.384625e+00,1.458000e+00,1.421261e+00,1.063291e-01,1.209959e+00,1.570388e+00
5.346000e+00,1.087130e+00,1.523511e+00,1.570194e+00,1.495471e+00,1.457778e+00,1.552154e+00,1.551801e+00,1.507346e+00,1.486897e+00,1.291409e+00,1.240550e+00,1.369145e+00,1.299755e+00,1.490898e+00,1.250320e+00,1.311308e+00,1.210367e+00,1.442590e+00,1.508324e+00,1.348375e+00,1.435962e+00,1.413232e+00,1.531020e+00,1.385625e+00,1.459000e+00,1.422210e+00,1.063309e-01,1.210367e+00,1.570194e+00
5.347000e+00,1.087370e+00,1.524046e+00,1.573301e+00,1.496368e+00,1.459222e+00,1.552000e+00,1.552888e+00,1.508318e+00,1.487310e+00,1.291611e+00,1.241600e+00,1.369591e+00,1.300202e+00,1.491812e+00,1.249600e+00,1.312040e+00,1.211061e+00,1.444699e+00,1.509364e+00,1.349500e+00,1.437212e+00,1.414899e+00,1.532327e+00,1.387750e+00,1.460118e+00,1.423202e+00,1.066003e-01,1.211061e+00,1.573301e+00
5.348000e+00,1.087650e+00,1.525649e+00,1.572913e+00,1.497668e+00,1.458333e+00,1.551346e+00,1.553602e+00,1.509597e+00,1.487517e+00,1.292215e+00,1.243000e+00,1.369405e+00,1.300648e+00,1.492727e+00,1.250880e+00,1.312772e+00,1.210939e+00,1.446687e+00,1.510694e+00,1.349437e+00,1.438413e+00,1.415707e+00,1.533633e+00,1.389250e+00,1.461176e+00,1.423925e+00,1.066046e-01,1.210939e+00,1.572913e+00
5.349000e+00,1.087910e+00,1.527481e+00,1.574660e+00,1.499776e+00,1.460000e+00,1.551731e+00,1.555280e+00,1.510237e+00,1.488069e+00,1.292416e+00,1.244150e+00,1.369963e+00,1.301092e+00,1.493643e+00,1.252000e+00,1.313506e+00,1.211551e+00,1.448373e+00,1.511387e+00,1.350250e+00,1.439423e+00,1.417828e+00,1.535102e+00,1.389125e+00,1.462412e+00,1.424977e+00,1.068407e-01,1.211551e+00,1.574660e+00
5.350000e+00,1.088140e+00,1.530153e+00,1.575825e+00,1.501076e+00,1.460222e+00,1.551500e+00,1.556025e+00,1.510877e+00,1.486897e+00,1.292282e+00,1.245050e+00,1.370929e+00,1.301534e+00,1.494561e+00,1.253040e+00,1.314240e+00,1.212449e+00,1.448373e+00,1.512890e+00,1.351687e+00,1.440817e+00,1.419192e+00,1.537143e+00,1.389500e+00,1.463882e+00,1.425839e+00,1.069440e-01,1.212449e+00,1.575825e+00
5.351000e+00,1.088420e+00,1.530153e+00,1.577476e+00,1.501973e+00,1.463000e+00,1.551808e+00,1.556925e+00,1.511066e+00,1.488069e+00,1.291879e+00,1.245800e+00,1.371747e+00,1.301976e+00,1.495480e+00,1.253440e+00,1.314975e+00,1.212939e+00,1.450120e+00,1.513988e+00,1.352812e+00,1.442019e+00,1.420303e+00,1.537714e+00,1.393125e+00,1.464588e+00,1.426807e+00,1.070644e-01,1.212939e+00,1.577476e+00
5.352000e+00,1.088660e+00,1.531145e+00,1.578350e+00,1.504395e+00,1.464111e+00,1.552385e+00,1.558416e+00,1.511659e+00,1.488207e+00,1.291611e+00,1.247450e+00,1.373011e+00,1.302416e+00,1.496400e+00,1.252720e+00,1.315711e+00,1.212735e+00,1.450000e+00,1.514971e+00,1.352812e+00,1.443221e+00,1.421818e+00,1.538857e+00,1.393625e+00,1.466118e+00,1.427589e+00,1.073785e-01,1.212735e+00,1.578350e+00
5.353000e+00,1.088940e+00,1.532366e+00,1.580485e+00,1.506143e+00,1.465111e+00,1.553308e+00,1.559348e+00,1.512346e+00,1.490000e+00,1.292215e+00,1.248350e+00,1.374201e+00,1.302855e+00,1.497321e+00,1.254720e+00,1.316449e+00,1.213102e+00,1.451928e+00,1.516243e+00,1.354375e+00,1.444327e+00,1.422980e+00,1.539796e+00,1.393750e+00,1.464941e+00,1.428611e+00,1.075025e-01,1.213102e+00,1.580485e+00
5.354000e+00,1.089090e+00,1.533282e+00,1.579417e+00,1.506861e+00,1.466111e+00,1.554154e+00,1.560217e+00,1.513389e+00,1.491103e+00,1.292215e+00,1.249100e+00,1.375651e+00,1.303292e+00,1.498244e+00,1.255280e+00,1.317187e+00,1.214082e+00,1.452048e+00,1.517514e+00,1.354062e+00,1.446106e+00,1.423838e+00,1.541918e+00,1.395375e+00,1.464059e+00,1.429354e+00,1.075476e-01,1.214082e+00,1.579417e+00
5.355000e+00,1.089350e+00,1.534198e+00,1.580874e+00,1.508251e+00,1.466333e+00,1.554846e+00,1.561149e+00,1.514242e+00,1.492276e+00,1.292483e+00,1.250300e+00,1.376617e+00,1.303729e+00,1.499167e+00,1.256080e+00,1.317926e+00,1.214612e+00,1.453795e+00,1.519249e+00,1.355938e+00,1.447500e+00,1.425051e+00,1.542816e+00,1.397625e+00,1.464824e+00,1.430412e+00,1.076527e-01,1.214612e+00,1.580874e+00
5.356000e+00,1.089710e+00,1.534427e+00,1.581068e+00,1.509283e+00,1.467444e+00,1.556269e+00,1.562050e+00,1.515024e+00,1.493034e+00,1.291477e+00,1.250650e+00,1.377918e+00,1.304166e+00,1.500091e+00,1.257040e+00,1.318667e+00,1.214857e+00,1.455181e+00,1.520983e+00,1.356187e+00,1.449231e+00,1.425556e+00,1.543837e+00,1.399500e+00,1.464588e+00,1.431189e+00,1.078600e-01,1.214857e+00,1.581068e+00
5.357000e+00,1.089950e+00,1.537557e+00,1.581845e+00,1.510359e+00,1.467667e+00,1.558038e+00,1.563168e+00,1.516445e+00,1.493931e+00,1.291812e+00,1.252950e+00,1.379071e+00,1.304601e+00,1.501017e+00,1.257120e+00,1.319408e+00,1.215429e+00,1.455723e+00,1.521618e+00,1.356562e+00,1.450000e+00,1.426566e+00,1.545224e+00,1.400375e+00,1.465765e+00,1.432177e+00,1.080765e-01,1.215429e+00,1.581845e+00
5.358000e+00,1.090160e+00,1.537710e+00,1.582913e+00,1.511973e+00,1.469111e+00,1.558769e+00,1.564099e+00,1.516611e+00,1.495103e+00,1.292752e+00,1.253400e+00,1.380000e+00,1.305036e+00,1.501943e+00,1.258000e+00,1.320151e+00,1.215878e+00,1.457892e+00,1.522486e+00,1.356750e+00,1.451298e+00,1.427980e+00,1.546204e+00,1.400625e+00,1.467824e+00,1.433104e+00,1.082191e-01,1.215878e+00,1.582913e+00
5.359000e+00,1.090460e+00,1.539008e+00,1.585146e+00,1.512915e+00,1.468778e+00,1.560462e+00,1.565186e+00,1.517749e+00,1.496000e+00,1.294027e+00,1.255350e+00,1.381338e+00,1.305458e+00,1.502870e+00,1.259600e+00,1.320894e+00,1.216490e+00,1.459398e+00,1.523873e+00,1.357687e+00,1.453510e+00,1.429444e+00,1.548082e+00,1.402375e+00,1.469235e+00,1.434370e+00,1.083274e-01,1.216490e+00,1.585146e+00
5.360000e+00,1.090590e+00,1.540534e+00,1.585825e+00,1.513229e+00,1.471667e+00,1.561192e+00,1.565311e+00,1.518009e+00,1.497448e+00,1.295168e+00,1.255450e+00,1.382416e+00,1.305895e+00,1.503798e+00,1.260160e+00,1.321639e+00,1.216735e+00,1.460843e+00,1.525491e+00,1.358625e+00,1.455337e+00,1.430152e+00,1.548490e+00,1.402375e+00,1.470588e+00,1.435266e+00,1.084740e-01,1.216735e+00,1.585825e+00
5.361000e+00,1.091050e+00,1.541756e+00,1.588641e+00,1.514664e+00,1.471556e+00,1.562654e+00,1.566087e+00,1.519739e+00,1.498552e+00,1.295369e+00,1.255550e+00,1.384126e+00,1.306324e+00,1.504726e+00,1.261120e+00,1.322385e+00,1.216857e+00,1.462289e+00,1.526012e+00,1.359375e+00,1.456538e+00,1.431414e+00,1.550163e+00,1.403250e+00,1.471412e+00,1.436273e+00,1.088528e-01,1.216857e+00,1.588641e+00
5.362000e+00,1.091190e+00,1.542977e+00,1.587767e+00,1.515426e+00,1.473667e+00,1.563192e+00,1.567733e+00,1.520592e+00,1.500483e+00,1.295839e+00,1.255200e+00,1.384907e+00,1.306758e+00,1.505655e+00,1.260960e+00,1.323131e+00,1.218122e+00,1.463434e+00,1.527052e+00,1.360062e+00,1.457933e+00,1.432828e+00,1.550816e+00,1.406000e+00,1.472588e+00,1.437213e+00,1.089888e-01,1.218122e+00,1.587767e+00
5.363000e+00,1.091390e+00,1.544351e+00,1.589612e+00,1.515830e+00,1.476222e+00,1.564385e+00,1.567516e+00,1.521351e+00,1.502483e+00,1.295839e+00,1.256300e+00,1.385353e+00,1.307196e+00,1.506585e+00,1.262000e+00,1.323879e+00,1.218531e+00,1.465000e+00,1.528324e+00,1.361187e+00,1.459327e+00,1.433788e+00,1.552122e+00,1.406875e+00,1.472706e+00,1.438198e+00,1.091826e-01,1.218531e+00,1.589612e+00
5.364000e+00,1.091670e+00,1.546794e+00,1.590485e+00,1.517982e+00,1.475333e+00,1.565269e+00,1.567019e+00,1.521398e+00,1.503586e+00,1.296376e+00,1.257700e+00,1.386468e+00,1.307640e+00,1.507515e+00,1.263760e+00,1.324628e+00,1.217918e+00,1.465422e+00,1.529480e+00,1.360875e+00,1.460096e+00,1.435455e+00,1.553143e+00,1.407875e+00,1.474235e+00,1.439019e+00,1.092954e-01,1.217918e+00,1.590485e+00
5.365000e+00,1.091940e+00,1.547176e+00,1.591359e+00,1.518879e+00,1.475889e+00,1.566462e+00,1.566118e+00,1.520616e+00,1.504552e+00,1.297852e+00,1.258550e+00,1.387658e+00,1.308088e+00,1.508446e+00,1.263040e+00,1.325385e+00,1.218776e+00,1.467892e+00,1.531503e+00,1.362313e+00,1.461683e+00,1.436465e+00,1.553796e+00,1.407625e+00,1.475412e+00,1.439814e+00,1.093040e-01,1.218776e+00,1.591359e+00
5.366000e+00,1.092200e+00,1.547328e+00,1.593398e+00,1.519327e+00,1.478778e+00,1.567038e+00,1.567143e+00,1.520095e+00,1.506069e+00,1.299195e+00,1.259050e+00,1.388922e+00,1.308541e+00,1.509377e+00,1.264080e+00,1.326143e+00,1.219306e+00,1.469699e+00,1.532023e+00,1.362437e+00,1.461587e+00,1.437626e+00,1.555102e+00,1.409375e+00,1.476000e+00,1.440735e+00,1.093786e-01,1.219306e+00,1.593398e+00
5.367000e+00,1.092400e+00,1.548626e+00,1.595728e+00,1.520807e+00,1.477222e+00,1.567577e+00,1.567360e+00,1.519763e+00,1.506069e+00,1.299597e+00,1.259450e+00,1.389888e+00,1.308992e+00,1.510308e+00,1.265120e+00,1.326902e+00,1.220286e+00,1.471265e+00,1.534046e+00,1.363563e+00,1.462933e+00,1.438535e+00,1.556163e+00,1.410625e+00,1.477647e+00,1.441603e+00,1.094822e-01,1.220286e+00,1.595728e+00
5.368000e+00,1.092850e+00,1.550916e+00,1.595437e+00,1.521883e+00,1.478778e+00,1.567962e+00,1.567826e+00,1.519976e+00,1.506483e+00,1.301141e+00,1.260600e+00,1.391375e+00,1.309452e+00,1.511240e+00,1.265440e+00,1.327661e+00,1.220245e+00,1.472169e+00,1.535202e+00,1.363500e+00,1.463654e+00,1.440152e+00,1.557265e+00,1.411375e+00,1.479059e+00,1.442450e+00,1.095437e-01,1.220245e+00,1.595437e+00
5.369000e+00,1.093040e+00,1.550992e+00,1.597476e+00,1.522556e+00,1.479000e+00,1.569577e+00,1.568478e+00,1.521588e+00,1.508207e+00,1.301477e+00,1.262300e+00,1.392639e+00,1.309917e+00,1.512173e+00,1.267040e+00,1.328413e+00,1.221143e+00,1.473554e+00,1.536590e+00,1.361250e+00,1.465192e+00,1.441515e+00,1.557592e+00,1.412125e+00,1.479588e+00,1.443349e+00,1.096703e-01,1.221143e+00,1.597476e+00
5.370000e+00,1.093340e+00,1.551756e+00,1.597767e+00,1.524484e+00,1.479111e+00,1.570192e+00,1.569907e+00,1.522180e+00,1.509379e+00,1.302282e+00,1.262850e+00,1.393643e+00,1.310373e+00,1.513105e+00,1.267360e+00,1.329166e+00,1.221102e+00,1.473735e+00,1.537457e+00,1.361812e+00,1.466058e+00,1.441566e+00,1.558653e+00,1.414500e+00,1.481294e+00,1.444156e+00,1.098370e-01,1.221102e+00,1.597767e+00
5.371000e+00,1.093500e+00,1.553359e+00,1.598835e+00,1.525695e+00,1.481889e+00,1.571192e+00,1.570559e+00,1.523555e+00,1.511517e+00,1.302416e+00,1.264700e+00,1.394981e+00,1.310844e+00,1.514038e+00,1.267120e+00,1.329920e+00,1.221592e+00,1.473193e+00,1.538324e+00,1.360562e+00,1.467404e+00,1.442424e+00,1.558367e+00,1.415000e+00,1.482824e+00,1.445013e+00,1.100737e-01,1.221592e+00,1.598835e+00
5.372000e+00,1.093950e+00,1.552824e+00,1.600000e+00,1.526682e+00,1.481556e+00,1.572077e+00,1.570870e+00,1.523981e+00,1.511517e+00,1.303826e+00,1.266300e+00,1.396357e+00,1.311320e+00,1.514971e+00,1.266720e+00,1.330675e+00,1.222571e+00,1.474277e+00,1.539133e+00,1.360375e+00,1.468462e+00,1.443232e+00,1.557510e+00,1.416750e+00,1.483471e+00,1.445644e+00,1.099239e-01,1.222571e+00,1.600000e+00
5.373000e+00,1.094100e+00,1.554122e+00,1.603107e+00,1.527309e+00,1.481444e+00,1.574077e+00,1.572019e+00,1.524953e+00,1.512552e+00,1.304564e+00,1.267600e+00,1.397063e+00,1.311799e+00,1.515904e+00,1.269200e+00,1.331431e+00,1.223020e+00,1.475964e+00,1.540347e+00,1.359687e+00,1.469471e+00,1.444141e+00,1.557265e+00,1.416625e+00,1.485235e+00,1.446621e+00,1.101117e-01,1.223020e+00,1.603107e+00
5.374000e+00,1.094230e+00,1.555344e+00,1.603107e+00,1.528072e+00,1.486111e+00,1.575154e+00,1.572609e+00,1.526090e+00,1.513448e+00,1.306174e+00,1.268800e+00,1.399071e+00,1.312282e+00,1.516837e+00,1.269600e+00,1.332188e+00,1.223469e+00,1.476145e+00,1.541272e+00,1.361125e+00,1.470865e+00,1.444343e+00,1.558449e+00,1.418750e+00,1.486353e+00,1.447736e+00,1.101235e-01,1.223469e+00,1.603107e+00
5.375000e+00,1.094590e+00,1.556489e+00,1.605631e+00,1.529193e+00,1.484444e+00,1.575615e+00,1.573913e+00,1.527227e+00,1.514069e+00,1.307047e+00,1.270250e+00,1.400297e+00,1.312749e+00,1.517770e+00,1.270880e+00,1.332945e+00,1.224163e+00,1.477771e+00,1.541965e+00,1.361687e+00,1.471538e+00,1.444596e+00,1.559061e+00,1.418750e+00,1.487647e+00,1.448571e+00,1.101923e-01,1.224163e+00,1.605631e+00
5.376000e+00,1.094750e+00,1.558168e+00,1.605825e+00,1.531390e+00,1.485000e+00,1.577462e+00,1.574938e+00,1.528175e+00,1.514759e+00,1.306711e+00,1.270350e+00,1.401524e+00,1.313238e+00,1.518704e+00,1.271200e+00,1.333704e+00,1.225429e+00,1.478855e+00,1.543757e+00,1.362938e+00,1.473510e+00,1.445960e+00,1.560694e+00,1.420500e+00,1.489706e+00,1.449687e+00,1.104853e-01,1.225429e+00,1.605825e+00
5.377000e+00,1.095210e+00,1.559618e+00,1.607476e+00,1.532780e+00,1.484333e+00,1.578154e+00,1.576522e+00,1.529289e+00,1.517034e+00,1.307114e+00,1.271850e+00,1.402416e+00,1.313707e+00,1.519637e+00,1.273360e+00,1.334463e+00,1.225918e+00,1.480542e+00,1.545145e+00,1.362875e+00,1.474423e+00,1.446818e+00,1.561714e+00,1.421000e+00,1.489706e+00,1.450662e+00,1.106296e-01,1.225918e+00,1.607476e+00
5.378000e+00,1.095310e+00,1.560458e+00,1.606505e+00,1.532108e+00,1.484000e+00,1.579731e+00,1.578509e+00,1.530118e+00,1.517724e+00,1.307450e+00,1.272800e+00,1.403792e+00,1.314177e+00,1.520571e+00,1.273840e+00,1.335223e+00,1.226082e+00,1.481325e+00,1.546416e+00,1.363625e+00,1.475673e+00,1.447424e+00,1.563755e+00,1.422625e+00,1.491412e+00,1.451473e+00,1.107415e-01,1.226082e+00,1.606505e+00
5.379000e+00,1.095500e+00,1.560687e+00,1.610388e+00,1.531166e+00,1.484556e+00,1.581308e+00,1.579441e+00,1.530853e+00,1.519448e+00,1.308456e+00,1.273550e+00,1.404349e+00,1.314648e+00,1.521504e+00,1.274240e+00,1.335983e+00,1.226122e+00,1.483072e+00,1.546590e+00,1.364125e+00,1.476683e+00,1.448485e+00,1.565102e+00,1.423500e+00,1.492235e+00,1.452354e+00,1.110419e-01,1.226122e+00,1.610388e+00
5.380000e+00,1.095640e+00,1.560840e+00,1.610485e+00,1.531031e+00,1.483111e+00,1.583038e+00,1.580124e+00,1.531256e+00,1.520414e+00,1.309262e+00,1.275100e+00,1.405279e+00,1.315120e+00,1.522438e+00,1.275680e+00,1.336744e+00,1.225918e+00,1.483494e+00,1.546301e+00,1.365312e+00,1.476250e+00,1.449596e+00,1.565755e+00,1.422875e+00,1.493706e+00,1.452880e+00,1.109171e-01,1.225918e+00,1.610485e+00
5.381000e+00,1.095990e+00,1.560916e+00,1.613010e+00,1.530897e+00,1.484556e+00,1.583769e+00,1.582174e+00,1.532654e+00,1.519931e+00,1.310134e+00,1.275550e+00,1.406543e+00,1.315593e+00,1.523372e+00,1.275360e+00,1.337506e+00,1.225755e+00,1.484398e+00,1.544971e+00,1.366000e+00,1.475337e+00,1.450960e+00,1.567061e+00,1.424250e+00,1.495647e+00,1.453598e+00,1.111516e-01,1.225755e+00,1.613010e+00
5.382000e+00,1.096160e+00,1.562061e+00,1.611748e+00,1.532063e+00,1.485778e+00,1.585192e+00,1.582547e+00,1.533507e+00,1.521655e+00,1.311409e+00,1.276250e+00,1.408141e+00,1.316068e+00,1.524305e+00,1.274800e+00,1.338269e+00,1.226122e+00,1.485602e+00,1.544451e+00,1.367563e+00,1.475673e+00,1.451061e+00,1.568735e+00,1.423625e+00,1.496647e+00,1.454303e+00,1.111990e-01,1.226122e+00,1.611748e+00
5.383000e+00,1.096390e+00,1.562519e+00,1.613981e+00,1.531794e+00,1.486889e+00,1.585962e+00,1.583012e+00,1.534052e+00,1.521862e+00,1.310738e+00,1.277050e+00,1.408959e+00,1.316545e+00,1.525239e+00,1.276320e+00,1.339032e+00,1.226735e+00,1.486687e+00,1.544451e+00,1.368250e+00,1.475673e+00,1.451162e+00,1.569837e+00,1.423875e+00,1.497353e+00,1.454916e+00,1.112638e-01,1.226735e+00,1.613981e+00
5.384000e+00,1.096730e+00,1.562214e+00,1.615146e+00,1.532915e+00,1.487667e+00,1.586615e+00,1.583820e+00,1.535284e+00,1.522621e+00,1.311342e+00,1.278350e+00,1.410372e+00,1.317023e+00,1.526173e+00,1.277040e+00,1.339796e+00,1.227633e+00,1.487831e+00,1.544509e+00,1.369187e+00,1.476010e+00,1.452727e+00,1.570571e+00,1.426250e+00,1.498176e+00,1.455803e+00,1.111909e-01,1.227633e+00,1.615146e+00
5.385000e+00,1.097010e+00,1.564427e+00,1.617961e+00,1.534484e+00,1.488222e+00,1.586154e+00,1.584783e+00,1.536137e+00,1.523310e+00,1.311342e+00,1.280150e+00,1.410409e+00,1.317503e+00,1.527106e+00,1.278720e+00,1.340560e+00,1.228245e+00,1.489277e+00,1.545896e+00,1.370500e+00,1.477260e+00,1.453333e+00,1.572449e+00,1.428375e+00,1.498412e+00,1.456876e+00,1.113399e-01,1.228245e+00,1.617961e+00
5.386000e+00,1.097350e+00,1.564809e+00,1.615437e+00,1.536368e+00,1.487778e+00,1.585769e+00,1.586087e+00,1.537820e+00,1.523655e+00,1.311409e+00,1.281100e+00,1.409703e+00,1.317985e+00,1.528040e+00,1.277920e+00,1.341325e+00,1.228449e+00,1.491145e+00,1.547977e+00,1.371312e+00,1.478365e+00,1.450960e+00,1.574000e+00,1.428625e+00,1.499059e+00,1.457296e+00,1.114605e-01,1.228449e+00,1.615437e+00
5.387000e+00,1.097550e+00,1.567176e+00,1.618058e+00,1.536771e+00,1.490778e+00,1.585769e+00,1.586770e+00,1.538057e+00,1.522897e+00,1.311611e+00,1.282600e+00,1.410260e+00,1.318469e+00,1.528974e+00,1.279840e+00,1.342091e+00,1.228735e+00,1.492530e+00,1.549538e+00,1.372812e+00,1.479615e+00,1.450404e+00,1.576000e+00,1.430125e+00,1.501000e+00,1.458370e+00,1.116101e-01,1.228735e+00,1.618058e+00
5.388000e+00,1.097670e+00,1.566031e+00,1.617864e+00,1.538027e+00,1.491111e+00,1.586423e+00,1.587919e+00,1.539621e+00,1.522276e+00,1.311208e+00,1.284000e+00,1.410669e+00,1.318955e+00,1.529907e+00,1.280320e+00,1.342857e+00,1.229959e+00,1.493253e+00,1.551156e+00,1.372687e+00,1.480673e+00,1.450101e+00,1.576898e+00,1.427875e+00,1.501824e+00,1.458817e+00,1.116198e-01,1.229959e+00,1.617864e+00
5.389000e+00,1.097990e+00,1.568321e+00,1.619126e+00,1.539865e+00,1.491111e+00,1.586885e+00,1.588944e+00,1.540829e+00,1.523172e+00,1.312148e+00,1.284450e+00,1.411896e+00,1.319444e+00,1.530841e+00,1.279120e+00,1.343624e+00,1.230122e+00,1.493675e+00,1.553353e+00,1.372375e+00,1.481010e+00,1.451162e+00,1.578163e+00,1.429250e+00,1.502588e+00,1.459645e+00,1.120431e-01,1.230122e+00,1.619126e+00
5.390000e+00,1.098200e+00,1.569008e+00,1.619029e+00,1.539910e+00,1.493222e+00,1.587692e+00,1.589752e+00,1.541540e+00,1.522621e+00,1.312953e+00,1.285750e+00,1.412491e+00,1.319935e+00,1.531774e+00,1.280800e+00,1.344391e+00,1.230816e+00,1.493614e+00,1.554335e+00,1.374125e+00,1.483029e+00,1.451616e+00,1.579388e+00,1.429125e+00,1.502706e+00,1.460401e+00,1.118817e-01,1.230816e+00,1.619029e+00
5.391000e+00,1.098410e+00,1.569695e+00,1.621845e+00,1.541480e+00,1.493333e+00,1.587769e+00,1.591025e+00,1.543223e+00,1.523517e+00,1.312416e+00,1.287050e+00,1.414275e+00,1.320429e+00,1.532708e+00,1.281760e+00,1.345158e+00,1.231510e+00,1.493494e+00,1.556185e+00,1.375125e+00,1.484135e+00,1.453131e+00,1.580122e+00,1.430750e+00,1.504706e+00,1.461452e+00,1.120984e-01,1.231510e+00,1.621845e+00
5.392000e+00,1.098650e+00,1.570840e+00,1.620874e+00,1.543318e+00,1.494889e+00,1.588308e+00,1.591429e+00,1.543720e+00,1.524552e+00,1.313289e+00,1.288650e+00,1.414758e+00,1.320925e+00,1.533641e+00,1.281760e+00,1.345926e+00,1.231551e+00,1.492831e+00,1.557110e+00,1.375500e+00,1.485048e+00,1.453990e+00,1.581510e+00,1.432375e+00,1.505118e+00,1.462163e+00,1.121139e-01,1.231551e+00,1.620874e+00
5.393000e+00,1.099040e+00,1.572137e+00,1.623204e+00,1.544439e+00,1.496556e+00,1.589077e+00,1.593012e+00,1.544716e+00,1.526345e+00,1.313960e+00,1.289300e+00,1.416134e+00,1.321425e+00,1.534574e+00,1.282400e+00,1.346695e+00,1.232776e+00,1.493072e+00,1.558960e+00,1.375563e+00,1.486442e+00,1.455606e+00,1.582735e+00,1.430875e+00,1.506588e+00,1.463191e+00,1.124254e-01,1.232776e+00,1.623204e+00
5.394000e+00,1.099260e+00,1.573588e+00,1.624175e+00,1.546099e+00,1.495889e+00,1.591115e+00,1.594130e+00,1.545379e+00,1.528207e+00,1.315772e+00,1.289900e+00,1.417100e+00,1.321927e+00,1.535508e+00,1.282800e+00,1.347467e+00,1.233388e+00,1.493916e+00,1.559538e+00,1.376937e+00,1.487644e+00,1.455758e+00,1.583918e+00,1.431250e+00,1.507353e+00,1.464115e+00,1.125827e-01,1.233388e+00,1.624175e+00
5.395000e+00,1.099630e+00,1.574046e+00,1.625825e+00,1.548117e+00,1.499778e+00,1.592577e+00,1.595342e+00,1.545474e+00,1.529655e+00,1.316510e+00,1.290000e+00,1.418253e+00,1.322431e+00,1.536441e+00,1.284480e+00,1.348240e+00,1.234122e+00,1.495301e+00,1.560636e+00,1.378000e+00,1.489279e+00,1.456768e+00,1.585959e+00,1.433250e+00,1.507588e+00,1.465336e+00,1.127958e-01,1.234122e+00,1.625825e+00
5.396000e+00,1.099790e+00,1.575496e+00,1.625922e+00,1.548341e+00,1.498333e+00,1.594346e+00,1.595466e+00,1.546303e+00,1.529448e+00,1.317315e+00,1.291250e+00,1.420000e+00,1.322939e+00,1.537374e+00,1.284480e+00,1.349013e+00,1.234286e+00,1.497590e+00,1.561734e+00,1.378625e+00,1.490769e+00,1.457626e+00,1.587224e+00,1.434875e+00,1.509000e+00,1.466157e+00,1.128680e-01,1.234286e+00,1.625922e+00
5.397000e+00,1.100100e+00,1.577023e+00,1.628252e+00,1.549955e+00,1.500000e+00,1.595923e+00,1.596832e+00,1.546825e+00,1.531310e+00,1.317718e+00,1.292400e+00,1.421115e+00,1.323450e+00,1.538307e+00,1.284640e+00,1.349787e+00,1.235061e+00,1.499518e+00,1.562948e+00,1.378875e+00,1.491346e+00,1.459242e+00,1.588653e+00,1.435375e+00,1.510529e+00,1.467295e+00,1.132465e-01,1.235061e+00,1.628252e+00
5.398000e+00,1.100290e+00,1.579008e+00,1.629126e+00,1.551166e+00,1.501667e+00,1.597615e+00,1.597795e+00,1.547583e+00,1.531862e+00,1.318389e+00,1.293600e+00,1.422342e+00,1.323964e+00,1.539241e+00,1.285440e+00,1.350561e+00,1.235184e+00,1.500301e+00,1.563642e+00,1.379375e+00,1.493077e+00,1.460101e+00,1.589714e+00,1.436000e+00,1.511588e+00,1.468264e+00,1.134487e-01,1.235184e+00,1.629126e+00
5.399000e+00,1.100450e+00,1.580687e+00,1.631456e+00,1.552152e+00,1.501444e+00,1.598654e+00,1.598323e+00,1.547204e+00,1.532828e+00,1.319195e+00,1.294200e+00,1.423494e+00,1.324481e+00,1.540174e+00,1.287280e+00,1.351332e+00,1.236041e+00,1.501988e+00,1.565376e+00,1.379188e+00,1.494808e+00,1.461869e+00,1.590653e+00,1.436250e+00,1.511941e+00,1.469209e+00,1.135761e-01,1.236041e+00,1.631456e+00
5.400000e+00,1.100850e+00,1.581908e+00,1.632427e+00,1.554260e+00,1.504111e+00,1.599423e+00,1.599068e+00,1.547725e+00,1.534138e+00,1.320000e+00,1.295250e+00,1.424498e+00,1.325001e+00,1.541107e+00,1.287440e+00,1.352104e+00,1.236857e+00,1.502169e+00,1.567283e+00,1.379937e+00,1.495865e+00,1.463939e+00,1.591796e+00,1.438625e+00,1.513176e+00,1.470338e+00,1.137434e-01,1.236857e+00,1.632427e+00
5.401000e+00,1.101030e+00,1.582061e+00,1.633204e+00,1.555516e+00,1.506000e+00,1.601577e+00,1.599783e+00,1.546327e+00,1.535103e+00,1.321275e+00,1.296550e+00,1.425651e+00,1.325524e+00,1.542040e+00,1.287920e+00,1.352876e+00,1.237143e+00,1.503795e+00,1.568555e+00,1.381250e+00,1.496346e+00,1.465303e+00,1.592980e+00,1.437750e+00,1.515118e+00,1.471235e+00,1.138275e-01,1.237143e+00,1.633204e+00
5.402000e+00,1.101470e+00,1.583282e+00,1.633592e+00,1.555561e+00,1.505111e+00,1.602615e+00,1.600435e+00,1.545900e+00,1.535931e+00,1.323221e+00,1.297550e+00,1.426840e+00,1.326050e+00,1.542973e+00,1.288960e+00,1.353648e+00,1.237347e+00,1.504036e+00,1.569942e+00,1.381188e+00,1.497981e+00,1.466717e+00,1.593714e+00,1.438375e+00,1.515412e+00,1.471933e+00,1.137607e-01,1.237347e+00,1.633592e+00
5.403000e+00,1.101750e+00,1.585115e+00,1.634272e+00,1.557085e+00,1.507222e+00,1.603500e+00,1.601398e+00,1.545498e+00,1.536621e+00,1.323423e+00,1.297950e+00,1.428476e+00,1.326579e+00,1.543906e+00,1.289840e+00,1.354421e+00,1.239265e+00,1.504639e+00,1.571387e+00,1.382437e+00,1.499375e+00,1.466414e+00,1.595469e+00,1.438625e+00,1.517235e+00,1.472923e+00,1.138536e-01,1.239265e+00,1.634272e+00
5.404000e+00,1.101860e+00,1.586107e+00,1.636699e+00,1.557848e+00,1.507889e+00,1.604615e+00,1.601273e+00,1.545616e+00,1.537724e+00,1.324161e+00,1.298650e+00,1.428848e+00,1.327111e+00,1.544839e+00,1.290400e+00,1.355195e+00,1.239429e+00,1.505361e+00,1.572370e+00,1.383250e+00,1.499087e+00,1.467828e+00,1.595020e+00,1.441500e+00,1.517059e+00,1.473662e+00,1.139194e-01,1.239429e+00,1.636699e+00
5.405000e+00,1.102110e+00,1.587939e+00,1.637864e+00,1.558924e+00,1.508556e+00,1.605385e+00,1.602609e+00,1.546493e+00,1.537931e+00,1.324497e+00,1.298550e+00,1.430037e+00,1.327647e+00,1.545772e+00,1.290320e+00,1.355968e+00,1.239429e+00,1.507349e+00,1.573757e+00,1.383812e+00,1.500000e+00,1.467879e+00,1.594204e+00,1.441625e+00,1.517882e+00,1.474351e+00,1.142084e-01,1.239429e+00,1.637864e+00
5.406000e+00,1.102380e+00,1.589847e+00,1.638350e+00,1.560493e+00,1.509556e+00,1.606269e+00,1.604037e+00,1.547654e+00,1.538966e+00,1.325772e+00,1.298950e+00,1.430520e+00,1.328185e+00,1.546706e+00,1.290000e+00,1.356742e+00,1.239796e+00,1.508193e+00,1.574855e+00,1.384875e+00,1.500673e+00,1.469697e+00,1.594000e+00,1.444000e+00,1.518176e+00,1.475263e+00,1.143758e-01,1.239796e+00,1.638350e+00
5.407000e+00,1.102710e+00,1.589542e+00,1.640388e+00,1.561883e+00,1.511667e+00,1.607231e+00,1.604658e+00,1.548081e+00,1.540138e+00,1.326846e+00,1.299150e+00,1.431970e+00,1.328727e+00,1.547639e+00,1.290560e+00,1.357517e+00,1.240898e+00,1.510602e+00,1.575954e+00,1.385875e+00,1.501538e+00,1.470455e+00,1.594367e+00,1.443500e+00,1.518941e+00,1.476172e+00,1.144795e-01,1.240898e+00,1.640388e+00
5.408000e+00,1.102850e+00,1.589924e+00,1.641068e+00,1.562735e+00,1.512444e+00,1.607846e+00,1.606056e+00,1.548957e+00,1.541379e+00,1.327584e+00,1.300300e+00,1.432751e+00,1.329272e+00,1.548573e+00,1.291280e+00,1.358292e+00,1.241184e+00,1.511988e+00,1.577746e+00,1.385875e+00,1.502644e+00,1.472374e+00,1.594857e+00,1.444750e+00,1.520118e+00,1.477083e+00,1.145947e-01,1.241184e+00,1.641068e+00
5.409000e+00,1.103240e+00,1.590076e+00,1.641650e+00,1.563453e+00,1.513000e+00,1.609615e+00,1.607360e+00,1.550000e+00,1.542897e+00,1.329732e+00,1.300450e+00,1.433717e+00,1.329819e+00,1.549506e+00,1.291920e+00,1.359067e+00,1.242327e+00,1.512289e+00,1.578671e+00,1.385438e+00,1.503750e+00,1.473030e+00,1.595633e+00,1.446125e+00,1.520000e+00,1.477897e+00,1.146293e-01,1.242327e+00,1.641650e+00
5.410000e+00,1.103440e+00,1.593359e+00,1.642621e+00,1.565112e+00,1.513778e+00,1.610692e+00,1.608354e+00,1.550474e+00,1.544069e+00,1.329866e+00,1.301400e+00,1.434870e+00,1.330370e+00,1.550439e+00,1.291280e+00,1.359843e+00,1.242449e+00,1.512831e+00,1.580231e+00,1.386000e+00,1.505481e+00,1.474596e+00,1.596408e+00,1.444250e+00,1.520176e+00,1.478706e+00,1.150468e-01,1.242449e+00,1.642621e+00
5.411000e+00,1.103830e+00,1.593282e+00,1.644466e+00,1.565740e+00,1.516000e+00,1.612154e+00,1.609317e+00,1.551327e+00,1.545034e+00,1.331409e+00,1.302600e+00,1.436468e+00,1.330923e+00,1.551373e+00,1.291680e+00,1.360619e+00,1.242163e+00,1.513554e+00,1.580983e+00,1.387000e+00,1.505481e+00,1.475909e+00,1.598122e+00,1.443875e+00,1.519118e+00,1.479525e+00,1.151991e-01,1.242163e+00,1.644466e+00
5.412000e+00,1.104040e+00,1.593969e+00,1.644854e+00,1.566996e+00,1.514778e+00,1.613500e+00,1.609720e+00,1.552062e+00,1.545793e+00,1.331544e+00,1.303600e+00,1.437918e+00,1.331480e+00,1.552306e+00,1.293520e+00,1.361396e+00,1.242776e+00,1.513494e+00,1.582659e+00,1.386375e+00,1.506010e+00,1.477020e+00,1.599061e+00,1.444500e+00,1.518294e+00,1.480151e+00,1.151917e-01,1.242776e+00,1.644854e+00
5.413000e+00,1.104250e+00,1.596183e+00,1.646311e+00,1.568251e+00,1.517000e+00,1.614923e+00,1.609876e+00,1.553104e+00,1.545724e+00,1.332081e+00,1.303900e+00,1.439033e+00,1.332039e+00,1.553238e+00,1.294640e+00,1.362173e+00,1.243347e+00,1.514337e+00,1.583353e+00,1.386875e+00,1.506923e+00,1.477071e+00,1.600449e+00,1.446000e+00,1.518765e+00,1.481066e+00,1.153850e-01,1.243347e+00,1.646311e+00
5.414000e+00,1.104480e+00,1.596947e+00,1.646893e+00,1.569193e+00,1.519111e+00,1.616038e+00,1.610093e+00,1.553389e+00,1.545724e+00,1.333557e+00,1.304900e+00,1.440335e+00,1.332601e+00,1.554171e+00,1.293520e+00,1.362951e+00,1.243918e+00,1.514940e+00,1.584162e+00,1.387875e+00,1.507644e+00,1.478434e+00,1.602163e+00,1.447250e+00,1.518647e+00,1.481852e+00,1.154700e-01,1.243918e+00,1.646893e+00
5.415000e+00,1.104780e+00,1.597176e+00,1.649320e+00,1.570359e+00,1.518667e+00,1.617462e+00,1.609068e+00,1.554597e+00,1.546828e+00,1.334295e+00,1.306050e+00,1.441859e+00,1.333165e+00,1.555104e+00,1.294480e+00,1.363728e+00,1.244571e+00,1.516506e+00,1.584971e+00,1.388437e+00,1.509279e+00,1.479192e+00,1.603878e+00,1.448125e+00,1.520412e+00,1.482814e+00,1.155692e-01,1.244571e+00,1.649320e+00
5.416000e+00,1.104890e+00,1.599618e+00,1.648835e+00,1.570583e+00,1.519222e+00,1.618615e+00,1.607795e+00,1.555047e+00,1.548069e+00,1.335369e+00,1.307350e+00,1.442862e+00,1.333733e+00,1.556036e+00,1.294800e+00,1.364507e+00,1.244531e+00,1.517651e+00,1.585838e+00,1.388250e+00,1.509712e+00,1.480152e+00,1.604694e+00,1.449750e+00,1.519647e+00,1.483444e+00,1.155429e-01,1.244531e+00,1.648835e+00
5.417000e+00,1.105220e+00,1.601679e+00,1.649417e+00,1.573004e+00,1.522111e+00,1.619808e+00,1.607112e+00,1.556161e+00,1.549103e+00,1.337114e+00,1.308100e+00,1.443941e+00,1.334303e+00,1.556969e+00,1.294880e+00,1.365286e+00,1.245796e+00,1.519277e+00,1.586474e+00,1.389312e+00,1.509471e+00,1.481061e+00,1.606245e+00,1.451000e+00,1.520824e+00,1.484519e+00,1.156211e-01,1.245796e+00,1.649417e+00
5.418000e+00,1.105510e+00,1.602137e+00,1.650777e+00,1.573946e+00,1.521556e+00,1.620846e+00,1.607453e+00,1.556280e+00,1.549931e+00,1.338523e+00,1.309800e+00,1.444312e+00,1.334876e+00,1.557901e+00,1.295920e+00,1.366065e+00,1.245388e+00,1.520301e+00,1.584971e+00,1.390187e+00,1.509038e+00,1.481010e+00,1.607429e+00,1.451500e+00,1.523294e+00,1.485143e+00,1.155721e-01,1.245388e+00,1.650777e+00
5.419000e+00,1.105710e+00,1.602061e+00,1.650291e+00,1.575247e+00,1.522889e+00,1.622538e+00,1.608261e+00,1.556872e+00,1.550276e+00,1.337450e+00,1.310200e+00,1.445539e+00,1.335451e+00,1.558833e+00,1.296960e+00,1.366844e+00,1.246653e+00,1.521506e+00,1.584740e+00,1.389687e+00,1.508125e+00,1.482475e+00,1.609143e+00,1.451750e+00,1.524000e+00,1.485741e+00,1.156325e-01,1.246653e+00,1.650291e+00
5.420000e+00,1.105890e+00,1.604198e+00,1.651068e+00,1.576054e+00,1.524333e+00,1.623846e+00,1.609006e+00,1.557488e+00,1.550690e+00,1.336644e+00,1.312050e+00,1.446580e+00,1.336029e+00,1.559765e+00,1.298720e+00,1.367624e+00,1.246735e+00,1.522349e+00,1.584971e+00,1.389750e+00,1.507885e+00,1.484091e+00,1.609469e+00,1.453625e+00,1.525882e+00,1.486619e+00,1.157132e-01,1.246735e+00,1.651068e+00
5.421000e+00,1.106090e+00,1.603664e+00,1.653592e+00,1.576861e+00,1.524778e+00,1.625269e+00,1.609938e+00,1.558649e+00,1.551103e+00,1.336443e+00,1.312900e+00,1.447212e+00,1.336609e+00,1.560697e+00,1.297760e+00,1.368405e+00,1.247143e+00,1.523795e+00,1.585665e+00,1.389938e+00,1.508606e+00,1.484545e+00,1.610776e+00,1.454625e+00,1.526941e+00,1.487330e+00,1.160644e-01,1.247143e+00,1.653592e+00
5.422000e+00,1.106370e+00,1.604427e+00,1.652524e+00,1.578520e+00,1.526000e+00,1.626308e+00,1.611087e+00,1.559573e+00,1.551448e+00,1.337248e+00,1.313600e+00,1.447955e+00,1.337191e+00,1.561629e+00,1.297680e+00,1.369185e+00,1.246694e+00,1.521084e+00,1.587457e+00,1.390500e+00,1.509279e+00,1.484899e+00,1.611959e+00,1.453250e+00,1.527882e+00,1.487808e+00,1.162404e-01,1.246694e+00,1.652524e+00
5.423000e+00,1.106660e+00,1.603664e+00,1.653592e+00,1.579238e+00,1.525222e+00,1.625962e+00,1.611988e+00,1.560355e+00,1.552138e+00,1.337651e+00,1.315100e+00,1.448476e+00,1.337776e+00,1.562560e+00,1.298800e+00,1.369964e+00,1.246694e+00,1.518554e+00,1.589133e+00,1.391250e+00,1.510962e+00,1.486414e+00,1.613061e+00,1.450500e+00,1.528471e+00,1.488230e+00,1.162154e-01,1.246694e+00,1.653592e+00
5.424000e+00,1.106900e+00,1.605954e+00,1.654951e+00,1.580314e+00,1.527222e+00,1.625462e+00,1.612888e+00,1.560806e+00,1.552690e+00,1.338658e+00,1.315200e+00,1.447918e+00,1.338363e+00,1.563492e+00,1.296800e+00,1.370742e+00,1.247143e+00,1.517048e+00,1.590636e+00,1.391812e+00,1.511971e+00,1.486869e+00,1.614041e+00,1.447875e+00,1.529529e+00,1.488683e+00,1.166224e-01,1.247143e+00,1.654951e+00
5.425000e+00,1.107140e+00,1.606107e+00,1.656699e+00,1.581435e+00,1.527778e+00,1.625500e+00,1.613602e+00,1.561351e+00,1.551862e+00,1.338926e+00,1.316450e+00,1.447844e+00,1.338953e+00,1.564423e+00,1.296000e+00,1.371521e+00,1.247429e+00,1.517410e+00,1.592139e+00,1.393063e+00,1.512837e+00,1.488131e+00,1.615184e+00,1.448250e+00,1.529824e+00,1.489280e+00,1.167786e-01,1.247429e+00,1.656699e+00
5.426000e+00,1.107410e+00,1.606565e+00,1.658155e+00,1.581883e+00,1.528667e+00,1.626346e+00,1.614658e+00,1.561730e+00,1.552000e+00,1.339933e+00,1.317050e+00,1.448030e+00,1.339544e+00,1.565354e+00,1.296560e+00,1.372300e+00,1.248122e+00,1.517530e+00,1.592486e+00,1.392688e+00,1.514471e+00,1.488333e+00,1.616286e+00,1.447250e+00,1.530235e+00,1.489841e+00,1.168925e-01,1.248122e+00,1.658155e+00
5.427000e+00,1.107700e+00,1.606565e+00,1.657573e+00,1.582825e+00,1.529111e+00,1.626923e+00,1.615714e+00,1.561777e+00,1.552759e+00,1.340671e+00,1.317550e+00,1.448922e+00,1.340138e+00,1.566285e+00,1.297200e+00,1.373080e+00,1.248367e+00,1.518735e+00,1.594509e+00,1.393750e+00,1.515144e+00,1.489192e+00,1.617755e+00,1.449125e+00,1.531765e+00,1.490643e+00,1.169152e-01,1.248367e+00,1.657573e+00
5.428000e+00,1.107870e+00,1.607786e+00,1.660000e+00,1.583274e+00,1.529000e+00,1.627500e+00,1.616770e+00,1.563104e+00,1.552000e+00,1.341208e+00,1.318650e+00,1.449740e+00,1.340734e+00,1.567216e+00,1.296320e+00,1.373861e+00,1.249184e+00,1.519880e+00,1.594798e+00,1.394000e+00,1.516106e+00,1.489646e+00,1.619102e+00,1.448500e+00,1.532353e+00,1.491280e+00,1.171596e-01,1.249184e+00,1.660000e+00
5.429000e+00,1.108060e+00,1.609618e+00,1.660000e+00,1.584126e+00,1.529000e+00,1.628423e+00,1.618354e+00,1.563839e+00,1.552966e+00,1.343020e+00,1.320250e+00,1.450520e+00,1.341332e+00,1.568147e+00,1.297600e+00,1.374641e+00,1.248898e+00,1.521024e+00,1.597225e+00,1.393813e+00,1.517308e+00,1.490960e+00,1.620000e+00,1.448500e+00,1.532882e+00,1.492185e+00,1.172761e-01,1.248898e+00,1.660000e+00
5.430000e+00,1.108460e+00,1.608397e+00,1.662136e+00,1.585157e+00,1.532222e+00,1.629462e+00,1.618913e+00,1.565118e+00,1.553724e+00,1.345101e+00,1.321300e+00,1.451450e+00,1.341932e+00,1.569077e+00,1.297440e+00,1.375422e+00,1.249429e+00,1.521627e+00,1.598786e+00,1.391312e+00,1.518942e+00,1.491616e+00,1.620816e+00,1.449625e+00,1.533765e+00,1.493032e+00,1.174930e-01,1.249429e+00,1.662136e+00
5.431000e+00,1.108710e+00,1.611145e+00,1.660971e+00,1.584619e+00,1.532222e+00,1.630154e+00,1.620062e+00,1.565190e+00,1.555172e+00,1.346846e+00,1.321600e+00,1.452416e+00,1.342534e+00,1.570008e+00,1.298560e+00,1.376204e+00,1.250163e+00,1.522410e+00,1.598439e+00,1.390625e+00,1.519327e+00,1.491768e+00,1.621265e+00,1.450000e+00,1.535000e+00,1.493612e+00,1.173892e-01,1.250163e+00,1.660971e+00
5.432000e+00,1.109000e+00,1.610534e+00,1.662913e+00,1.584709e+00,1.532889e+00,1.631654e+00,1.620901e+00,1.566327e+00,1.556483e+00,1.347114e+00,1.323200e+00,1.453829e+00,1.343138e+00,1.570938e+00,1.298880e+00,1.376986e+00,1.250163e+00,1.522590e+00,1.600751e+00,1.390313e+00,1.520529e+00,1.492323e+00,1.622245e+00,1.452500e+00,1.536235e+00,1.494506e+00,1.176008e-01,1.250163e+00,1.662913e+00
5.433000e+00,1.109120e+00,1.612672e+00,1.664563e+00,1.584260e+00,1.534444e+00,1.632346e+00,1.621801e+00,1.566825e+00,1.557379e+00,1.348456e+00,1.324550e+00,1.454981e+00,1.343744e+00,1.571869e+00,1.298640e+00,1.377768e+00,1.250816e+00,1.523675e+00,1.602312e+00,1.389625e+00,1.521106e+00,1.491869e+00,1.622939e+00,1.453500e+00,1.537471e+00,1.495317e+00,1.177891e-01,1.250816e+00,1.664563e+00
5.434000e+00,1.109450e+00,1.613893e+00,1.666117e+00,1.584305e+00,1.534222e+00,1.633923e+00,1.622795e+00,1.568246e+00,1.557793e+00,1.349060e+00,1.325400e+00,1.456320e+00,1.344352e+00,1.572799e+00,1.297840e+00,1.378551e+00,1.251469e+00,1.524819e+00,1.604335e+00,1.390875e+00,1.522356e+00,1.490000e+00,1.624000e+00,1.453875e+00,1.538176e+00,1.496063e+00,1.180648e-01,1.251469e+00,1.666117e+00
5.435000e+00,1.109660e+00,1.614656e+00,1.665631e+00,1.585112e+00,1.535889e+00,1.635308e+00,1.623882e+00,1.568815e+00,1.558966e+00,1.350067e+00,1.326150e+00,1.457695e+00,1.344962e+00,1.573729e+00,1.299200e+00,1.379334e+00,1.251184e+00,1.527289e+00,1.605145e+00,1.390875e+00,1.524279e+00,1.488990e+00,1.625306e+00,1.456875e+00,1.539471e+00,1.497034e+00,1.181565e-01,1.251184e+00,1.665631e+00
5.436000e+00,1.109900e+00,1.617405e+00,1.668835e+00,1.585561e+00,1.535778e+00,1.636654e+00,1.623975e+00,1.569052e+00,1.558759e+00,1.351409e+00,1.326950e+00,1.458662e+00,1.345574e+00,1.574658e+00,1.299840e+00,1.380118e+00,1.252000e+00,1.529518e+00,1.606416e+00,1.391812e+00,1.525000e+00,1.489444e+00,1.626204e+00,1.458250e+00,1.541059e+00,1.498039e+00,1.183481e-01,1.252000e+00,1.668835e+00
5.437000e+00,1.110250e+00,1.618779e+00,1.668252e+00,1.586816e+00,1.537222e+00,1.638154e+00,1.624627e+00,1.568270e+00,1.559379e+00,1.353289e+00,1.327800e+00,1.459591e+00,1.346188e+00,1.575588e+00,1.299680e+00,1.380902e+00,1.252571e+00,1.531988e+00,1.608208e+00,1.392000e+00,1.526058e+00,1.489697e+00,1.626571e+00,1.459625e+00,1.542412e+00,1.498903e+00,1.184029e-01,1.252571e+00,1.668252e+00
5.438000e+00,1.110400e+00,1.620763e+00,1.669806e+00,1.588161e+00,1.538889e+00,1.639077e+00,1.625404e+00,1.567417e+00,1.561241e+00,1.353893e+00,1.328800e+00,1.460520e+00,1.346803e+00,1.576518e+00,1.300240e+00,1.381686e+00,1.253265e+00,1.533855e+00,1.609422e+00,1.392437e+00,1.526875e+00,1.490505e+00,1.625755e+00,1.460375e+00,1.542706e+00,1.499767e+00,1.185142e-01,1.253265e+00,1.669806e+00
5.439000e+00,1.110800e+00,1.620687e+00,1.670000e+00,1.588655e+00,1.537667e+00,1.641000e+00,1.626366e+00,1.567038e+00,1.561931e+00,1.354497e+00,1.329000e+00,1.461970e+00,1.347420e+00,1.577447e+00,1.301680e+00,1.382471e+00,1.253510e+00,1.534759e+00,1.610694e+00,1.393875e+00,1.527692e+00,1.490960e+00,1.624735e+00,1.460500e+00,1.543882e+00,1.500352e+00,1.184228e-01,1.253510e+00,1.670000e+00
5.440000e+00,1.111030e+00,1.621145e+00,1.672330e+00,1.590000e+00,1.536333e+00,1.642808e+00,1.626957e+00,1.567488e+00,1.563172e+00,1.354899e+00,1.330100e+00,1.462751e+00,1.348040e+00,1.578377e+00,1.301600e+00,1.383257e+00,1.253878e+00,1.535482e+00,1.611329e+00,1.394000e+00,1.528269e+00,1.492778e+00,1.625224e+00,1.461000e+00,1.545765e+00,1.501124e+00,1.186677e-01,1.253878e+00,1.672330e+00
5.441000e+00,1.111360e+00,1.623435e+00,1.672621e+00,1.590942e+00,1.536333e+00,1.644269e+00,1.627826e+00,1.567844e+00,1.564345e+00,1.355302e+00,1.330600e+00,1.464126e+00,1.348661e+00,1.579306e+00,1.302480e+00,1.384042e+00,1.254449e+00,1.536265e+00,1.611734e+00,1.394687e+00,1.529760e+00,1.494394e+00,1.626082e+00,1.463625e+00,1.545294e+00,1.502018e+00,1.187384e-01,1.254449e+00,1.672621e+00
5.442000e+00,1.111470e+00,1.624656e+00,1.673883e+00,1.592691e+00,1.536444e+00,1.645692e+00,1.628820e+00,1.567962e+00,1.564552e+00,1.356644e+00,1.331650e+00,1.464833e+00,1.349284e+00,1.580235e+00,1.301760e+00,1.384829e+00,1.255020e+00,1.537410e+00,1.614393e+00,1.395250e+00,1.530625e+00,1.495051e+00,1.626857e+00,1.464375e+00,1.546235e+00,1.502881e+00,1.190032e-01,1.255020e+00,1.673883e+00
5.443000e+00,1.111770e+00,1.625344e+00,1.673592e+00,1.593543e+00,1.538222e+00,1.647115e+00,1.629348e+00,1.568744e+00,1.565103e+00,1.357383e+00,1.332550e+00,1.465502e+00,1.349908e+00,1.581164e+00,1.302640e+00,1.385615e+00,1.255061e+00,1.538916e+00,1.615202e+00,1.396125e+00,1.531058e+00,1.496263e+00,1.628531e+00,1.465875e+00,1.546235e+00,1.503710e+00,1.190510e-01,1.255061e+00,1.673592e+00
5.444000e+00,1.111950e+00,1.625725e+00,1.676117e+00,1.594978e+00,1.537333e+00,1.647962e+00,1.630870e+00,1.568507e+00,1.566345e+00,1.358658e+00,1.332700e+00,1.466952e+00,1.350535e+00,1.582092e+00,1.304320e+00,1.386402e+00,1.255429e+00,1.540241e+00,1.616474e+00,1.397000e+00,1.531731e+00,1.498333e+00,1.630000e+00,1.466625e+00,1.547529e+00,1.504702e+00,1.192070e-01,1.255429e+00,1.676117e+00
5.445000e+00,1.112160e+00,1.627710e+00,1.674854e+00,1.596457e+00,1.538444e+00,1.649462e+00,1.631366e+00,1.570095e+00,1.567034e+00,1.360067e+00,1.334550e+00,1.467658e+00,1.351163e+00,1.583021e+00,1.304160e+00,1.387190e+00,1.256163e+00,1.540422e+00,1.617110e+00,1.397375e+00,1.531779e+00,1.499242e+00,1.631837e+00,1.469000e+00,1.547529e+00,1.505570e+00,1.191983e-01,1.256163e+00,1.674854e+00
5.446000e+00,1.112610e+00,1.628550e+00,1.676019e+00,1.597489e+00,1.539556e+00,1.649654e+00,1.632516e+00,1.570261e+00,1.568552e+00,1.361208e+00,1.335900e+00,1.468736e+00,1.351793e+00,1.583950e+00,1.304400e+00,1.387978e+00,1.256449e+00,1.542771e+00,1.617688e+00,1.399000e+00,1.533702e+00,1.500859e+00,1.632490e+00,1.468500e+00,1.548588e+00,1.506525e+00,1.192649e-01,1.256449e+00,1.676019e+00
5.447000e+00,1.112790e+00,1.628473e+00,1.677864e+00,1.599955e+00,1.537889e+00,1.651115e+00,1.633261e+00,1.571090e+00,1.569586e+00,1.361544e+00,1.336800e+00,1.469294e+00,1.352425e+00,1.584878e+00,1.304880e+00,1.388766e+00,1.256735e+00,1.545181e+00,1.619711e+00,1.399562e+00,1.534615e+00,1.501515e+00,1.633347e+00,1.469500e+00,1.549353e+00,1.507389e+00,1.195317e-01,1.256735e+00,1.677864e+00
5.448000e+00,1.113090e+00,1.629542e+00,1.678155e+00,1.600359e+00,1.540778e+00,1.652615e+00,1.634317e+00,1.570972e+00,1.570897e+00,1.362752e+00,1.337750e+00,1.470037e+00,1.353059e+00,1.585806e+00,1.305120e+00,1.389555e+00,1.257306e+00,1.547289e+00,1.620636e+00,1.400313e+00,1.535096e+00,1.502576e+00,1.634245e+00,1.470750e+00,1.549824e+00,1.508323e+00,1.196182e-01,1.257306e+00,1.678155e+00
5.449000e+00,1.113310e+00,1.631603e+00,1.678738e+00,1.601435e+00,1.542000e+00,1.653846e+00,1.635404e+00,1.572370e+00,1.572069e+00,1.363758e+00,1.337400e+00,1.470855e+00,1.353695e+00,1.586734e+00,1.305600e+00,1.390344e+00,1.257469e+00,1.548735e+00,1.621792e+00,1.401438e+00,1.536394e+00,1.504697e+00,1.635469e+00,1.472125e+00,1.550294e+00,1.509344e+00,1.198960e-01,1.257469e+00,1.678738e+00
5.450000e+00,1.113560e+00,1.632595e+00,1.679806e+00,1.602915e+00,1.542333e+00,1.654500e+00,1.636366e+00,1.573270e+00,1.571931e+00,1.365034e+00,1.337200e+00,1.471896e+00,1.354332e+00,1.587663e+00,1.306400e+00,1.391134e+00,1.257714e+00,1.550060e+00,1.622428e+00,1.402187e+00,1.536827e+00,1.506263e+00,1.636163e+00,1.472375e+00,1.551412e+00,1.510117e+00,1.200174e-01,1.257714e+00,1.679806e+00
5.451000e+00,1.113800e+00,1.633511e+00,1.678447e+00,1.604439e+00,1.543444e+00,1.655269e+00,1.637391e+00,1.574265e+00,1.572069e+00,1.366510e+00,1.336700e+00,1.472045e+00,1.354971e+00,1.588590e+00,1.305440e+00,1.391924e+00,1.258286e+00,1.550542e+00,1.623699e+00,1.402562e+00,1.537885e+00,1.507222e+00,1.637265e+00,1.472500e+00,1.553118e+00,1.510754e+00,1.201992e-01,1.258286e+00,1.678447e+00
5.452000e+00,1.113990e+00,1.634198e+00,1.680388e+00,1.605067e+00,1.543889e+00,1.655500e+00,1.638137e+00,1.575427e+00,1.572897e+00,1.367987e+00,1.337100e+00,1.473606e+00,1.355613e+00,1.589518e+00,1.307200e+00,1.392714e+00,1.258735e+00,1.551265e+00,1.624451e+00,1.403187e+00,1.538702e+00,1.507727e+00,1.637959e+00,1.473250e+00,1.553176e+00,1.511571e+00,1.201738e-01,1.258735e+00,1.680388e+00
5.453000e+00,1.114350e+00,1.634885e+00,1.680291e+00,1.606368e+00,1.544889e+00,1.657192e+00,1.638727e+00,1.576327e+00,1.572828e+00,1.368926e+00,1.336850e+00,1.474572e+00,1.356255e+00,1.590446e+00,1.306240e+00,1.393505e+00,1.259796e+00,1.551446e+00,1.626532e+00,1.404688e+00,1.539327e+00,1.508535e+00,1.639837e+00,1.474750e+00,1.554412e+00,1.512401e+00,1.203822e-01,1.259796e+00,1.680291e+00
5.454000e+00,1.114550e+00,1.637023e+00,1.681553e+00,1.607713e+00,1.547333e+00,1.658077e+00,1.639752e+00,1.577275e+00,1.573517e+00,1.368792e+00,1.338100e+00,1.475353e+00,1.356891e+00,1.591373e+00,1.307040e+00,1.394297e+00,1.259878e+00,1.552831e+00,1.626821e+00,1.405500e+00,1.539423e+00,1.508788e+00,1.640939e+00,1.476375e+00,1.556471e+00,1.513380e+00,1.206155e-01,1.259878e+00,1.681553e+00
5.455000e+00,1.114800e+00,1.638550e+00,1.681942e+00,1.607803e+00,1.549000e+00,1.659115e+00,1.640404e+00,1.577559e+00,1.575586e+00,1.367584e+00,1.338200e+00,1.476766e+00,1.357537e+00,1.592301e+00,1.306880e+00,1.395088e+00,1.259918e+00,1.553795e+00,1.626243e+00,1.407000e+00,1.538269e+00,1.510556e+00,1.642245e+00,1.479875e+00,1.555706e+00,1.514080e+00,1.207839e-01,1.259918e+00,1.681942e+00
5.456000e+00,1.115050e+00,1.638092e+00,1.683786e+00,1.609327e+00,1.550889e+00,1.661077e+00,1.641087e+00,1.578768e+00,1.576552e+00,1.366913e+00,1.338750e+00,1.478253e+00,1.358175e+00,1.593228e+00,1.307920e+00,1.395881e+00,1.260816e+00,1.554458e+00,1.625665e+00,1.406625e+00,1.537019e+00,1.511869e+00,1.642653e+00,1.479250e+00,1.556235e+00,1.514720e+00,1.209289e-01,1.260816e+00,1.683786e+00
5.457000e+00,1.115360e+00,1.638550e+00,1.683204e+00,1.610583e+00,1.551111e+00,1.662769e+00,1.641366e+00,1.579882e+00,1.577724e+00,1.368121e+00,1.340450e+00,1.479294e+00,1.358825e+00,1.594155e+00,1.307600e+00,1.396673e+00,1.260653e+00,1.555723e+00,1.625780e+00,1.406875e+00,1.536683e+00,1.513030e+00,1.643918e+00,1.481750e+00,1.557118e+00,1.515493e+00,1.209710e-01,1.260653e+00,1.683204e+00
5.458000e+00,1.115730e+00,1.638855e+00,1.685728e+00,1.611300e+00,1.551778e+00,1.663692e+00,1.642360e+00,1.580711e+00,1.578138e+00,1.368725e+00,1.340700e+00,1.480446e+00,1.359465e+00,1.595082e+00,1.308480e+00,1.397466e+00,1.261510e+00,1.556807e+00,1.625896e+00,1.407750e+00,1.537115e+00,1.513939e+00,1.644980e+00,1.480875e+00,1.558706e+00,1.516271e+00,1.211086e-01,1.261510e+00,1.685728e+00
5.459000e+00,1.115930e+00,1.640687e+00,1.685825e+00,1.612691e+00,1.552111e+00,1.664923e+00,1.642888e+00,1.580237e+00,1.578207e+00,1.371275e+00,1.342000e+00,1.481822e+00,1.360107e+00,1.596009e+00,1.308400e+00,1.398260e+00,1.261673e+00,1.557771e+00,1.627572e+00,1.408875e+00,1.537548e+00,1.515101e+00,1.646612e+00,1.481000e+00,1.559235e+00,1.517118e+00,1.211592e-01,1.261673e+00,1.685825e+00
5.460000e+00,1.116040e+00,1.641145e+00,1.687087e+00,1.613901e+00,1.552778e+00,1.666077e+00,1.643447e+00,1.581090e+00,1.579448e+00,1.371275e+00,1.343300e+00,1.482602e+00,1.360750e+00,1.596936e+00,1.310000e+00,1.399054e+00,1.262653e+00,1.558494e+00,1.628266e+00,1.408187e+00,1.538798e+00,1.516515e+00,1.647347e+00,1.482000e+00,1.560765e+00,1.517997e+00,1.212097e-01,1.262653e+00,1.687087e+00
5.461000e+00,1.116380e+00,1.642137e+00,1.687379e+00,1.615022e+00,1.555222e+00,1.666077e+00,1.643820e+00,1.581540e+00,1.579448e+00,1.371745e+00,1.344550e+00,1.483160e+00,1.361394e+00,1.597863e+00,1.311040e+00,1.399848e+00,1.262694e+00,1.559277e+00,1.628728e+00,1.408813e+00,1.539135e+00,1.516667e+00,1.648980e+00,1.480875e+00,1.561412e+00,1.518618e+00,1.212400e-01,1.262694e+00,1.687379e+00
5.462000e+00,1.116440e+00,1.642214e+00,1.689223e+00,1.615919e+00,1.556111e+00,1.665692e+00,1.644379e+00,1.582441e+00,1.579172e+00,1.372416e+00,1.344650e+00,1.482230e+00,1.362040e+00,1.598789e+00,1.309280e+00,1.400643e+00,1.263633e+00,1.559518e+00,1.629827e+00,1.409063e+00,1.540192e+00,1.517778e+00,1.650816e+00,1.482125e+00,1.561294e+00,1.519144e+00,1.214907e-01,1.263633e+00,1.689223e+00
5.463000e+00,1.116720e+00,1.641679e+00,1.687961e+00,1.617265e+00,1.554778e+00,1.666423e+00,1.645155e+00,1.582986e+00,1.579310e+00,1.373758e+00,1.346400e+00,1.482305e+00,1.362687e+00,1.599716e+00,1.309440e+00,1.401438e+00,1.262939e+00,1.559819e+00,1.631214e+00,1.410250e+00,1.541154e+00,1.518939e+00,1.651306e+00,1.482625e+00,1.561882e+00,1.519643e+00,1.213864e-01,1.262939e+00,1.687961e+00
5.464000e+00,1.116860e+00,1.642977e+00,1.690000e+00,1.617892e+00,1.556778e+00,1.667231e+00,1.646304e+00,1.582867e+00,1.579310e+00,1.374564e+00,1.348000e+00,1.482045e+00,1.363335e+00,1.600642e+00,1.310800e+00,1.402234e+00,1.262204e+00,1.560663e+00,1.633526e+00,1.410375e+00,1.542212e+00,1.519545e+00,1.652245e+00,1.485250e+00,1.562706e+00,1.520571e+00,1.216106e-01,1.262204e+00,1.690000e+00
5.465000e+00,1.117290e+00,1.642137e+00,1.690680e+00,1.619417e+00,1.556333e+00,1.667308e+00,1.647516e+00,1.583673e+00,1.579034e+00,1.375772e+00,1.349000e+00,1.482788e+00,1.363984e+00,1.601568e+00,1.310160e+00,1.403030e+00,1.262367e+00,1.562831e+00,1.634566e+00,1.411500e+00,1.542837e+00,1.520303e+00,1.653306e+00,1.483750e+00,1.562529e+00,1.521100e+00,1.216863e-01,1.262367e+00,1.690680e+00
5.466000e+00,1.117500e+00,1.643206e+00,1.691262e+00,1.620987e+00,1.559000e+00,1.667846e+00,1.647298e+00,1.584692e+00,1.579793e+00,1.377383e+00,1.349600e+00,1.483086e+00,1.364634e+00,1.602494e+00,1.310400e+00,1.403827e+00,1.262531e+00,1.565120e+00,1.636590e+00,1.411375e+00,1.544135e+00,1.521010e+00,1.654327e+00,1.487250e+00,1.562059e+00,1.522079e+00,1.218346e-01,1.262531e+00,1.691262e+00
5.467000e+00,1.117740e+00,1.643053e+00,1.691942e+00,1.620807e+00,1.559667e+00,1.667885e+00,1.645839e+00,1.584953e+00,1.579724e+00,1.379060e+00,1.350150e+00,1.483271e+00,1.365286e+00,1.603420e+00,1.311040e+00,1.404624e+00,1.263143e+00,1.566988e+00,1.637630e+00,1.412062e+00,1.545000e+00,1.522071e+00,1.655551e+00,1.486375e+00,1.563529e+00,1.522628e+00,1.216895e-01,1.263143e+00,1.691942e+00
5.468000e+00,1.118090e+00,1.643664e+00,1.694369e+00,1.622422e+00,1.559667e+00,1.669462e+00,1.645559e+00,1.585900e+00,1.580000e+00,1.380000e+00,1.350400e+00,1.483457e+00,1.365938e+00,1.604346e+00,1.311920e+00,1.405421e+00,1.263714e+00,1.569337e+00,1.639306e+00,1.411750e+00,1.546010e+00,1.523384e+00,1.656367e+00,1.487250e+00,1.563059e+00,1.523446e+00,1.219249e-01,1.263714e+00,1.694369e+00
5.469000e+00,1.118300e+00,1.643893e+00,1.692621e+00,1.624170e+00,1.562000e+00,1.670346e+00,1.645093e+00,1.586967e+00,1.581448e+00,1.380336e+00,1.351650e+00,1.484833e+00,1.366592e+00,1.605272e+00,1.313280e+00,1.406219e+00,1.264286e+00,1.570422e+00,1.641561e+00,1.412125e+00,1.547115e+00,1.524444e+00,1.657143e+00,1.486875e+00,1.561059e+00,1.524156e+00,1.218132e-01,1.264286e+00,1.692621e+00
5.470000e+00,1.118520e+00,1.645725e+00,1.695146e+00,1.627982e+00,1.562889e+00,1.671962e+00,1.645932e+00,1.587109e+00,1.582276e+00,1.380872e+00,1.352300e+00,1.485762e+00,1.367248e+00,1.606198e+00,1.313440e+00,1.407017e+00,1.264327e+00,1.571024e+00,1.642717e+00,1.414687e+00,1.548413e+00,1.524444e+00,1.657102e+00,1.488125e+00,1.559824e+00,1.525105e+00,1.221143e-01,1.264327e+00,1.695146e+00
5.471000e+00,1.118740e+00,1.646489e+00,1.694272e+00,1.632108e+00,1.562667e+00,1.673000e+00,1.646429e+00,1.588081e+00,1.584000e+00,1.382416e+00,1.352900e+00,1.486468e+00,1.367904e+00,1.607123e+00,1.313600e+00,1.407816e+00,1.265061e+00,1.571627e+00,1.644104e+00,1.414062e+00,1.548702e+00,1.525152e+00,1.655551e+00,1.488625e+00,1.559353e+00,1.525730e+00,1.221375e-01,1.265061e+00,1.694272e+00
5.472000e+00,1.119060e+00,1.647557e+00,1.695534e+00,1.629148e+00,1.564556e+00,1.674038e+00,1.647578e+00,1.587867e+00,1.585310e+00,1.384430e+00,1.353250e+00,1.487323e+00,1.368562e+00,1.608049e+00,1.312320e+00,1.408615e+00,1.265429e+00,1.571747e+00,1.645260e+00,1.415125e+00,1.549375e+00,1.525354e+00,1.655551e+00,1.489375e+00,1.558941e+00,1.526262e+00,1.221824e-01,1.265429e+00,1.695534e+00
5.473000e+00,1.119300e+00,1.650076e+00,1.696699e+00,1.620897e+00,1.565667e+00,1.675115e+00,1.648385e+00,1.587275e+00,1.586138e+00,1.386040e+00,1.354150e+00,1.488922e+00,1.369221e+00,1.608974e+00,1.313440e+00,1.409415e+00,1.266367e+00,1.573313e+00,1.646012e+00,1.414875e+00,1.550577e+00,1.527273e+00,1.654898e+00,1.491000e+00,1.559882e+00,1.526859e+00,1.218615e-01,1.266367e+00,1.696699e+00
5.474000e+00,1.119540e+00,1.650000e+00,1.697864e+00,1.616861e+00,1.566444e+00,1.676692e+00,1.648634e+00,1.585616e+00,1.586897e+00,1.386913e+00,1.355450e+00,1.490632e+00,1.369881e+00,1.609900e+00,1.313280e+00,1.410215e+00,1.266653e+00,1.574518e+00,1.646416e+00,1.415250e+00,1.551538e+00,1.527525e+00,1.656612e+00,1.492125e+00,1.561647e+00,1.527398e+00,1.217976e-01,1.266653e+00,1.697864e+00
5.475000e+00,1.119860e+00,1.651298e+00,1.697379e+00,1.623946e+00,1.566556e+00,1.677269e+00,1.649503e+00,1.586185e+00,1.587103e+00,1.387852e+00,1.355350e+00,1.491561e+00,1.370542e+00,1.610825e+00,1.314480e+00,1.411016e+00,1.266694e+00,1.576084e+00,1.647225e+00,1.416188e+00,1.551346e+00,1.527677e+00,1.656939e+00,1.492500e+00,1.561824e+00,1.528223e+00,1.219795e-01,1.266694e+00,1.697379e+00
5.476000e+00,1.120110e+00,1.651450e+00,1.698835e+00,1.635022e+00,1.565222e+00,1.678577e+00,1.650155e+00,1.586517e+00,1.588414e+00,1.388054e+00,1.356550e+00,1.493346e+00,1.371205e+00,1.611750e+00,1.314240e+00,1.411816e+00,1.268204e+00,1.576386e+00,1.649422e+00,1.416500e+00,1.552115e+00,1.528687e+00,1.658327e+00,1.493500e+00,1.562059e+00,1.529431e+00,1.224377e-01,1.268204e+00,1.698835e+00
5.477000e+00,1.120430e+00,1.652824e+00,1.699903e+00,1.639955e+00,1.567222e+00,1.680269e+00,1.651211e+00,1.587346e+00,1.589793e+00,1.389329e+00,1.357150e+00,1.494312e+00,1.371869e+00,1.612675e+00,1.314560e+00,1.412618e+00,1.268449e+00,1.576928e+00,1.650983e+00,1.417375e+00,1.553077e+00,1.529091e+00,1.659714e+00,1.493750e+00,1.563529e+00,1.530581e+00,1.228583e-01,1.268449e+00,1.699903e+00
5.478000e+00,1.120410e+00,1.654656e+00,1.701262e+00,1.636054e+00,1.569778e+00,1.682115e+00,1.651522e+00,1.587678e+00,1.590966e+00,1.390000e+00,1.358550e+00,1.495836e+00,1.372534e+00,1.613600e+00,1.314640e+00,1.413420e+00,1.268816e+00,1.578373e+00,1.651561e+00,1.417312e+00,1.554038e+00,1.530000e+00,1.660653e+00,1.494125e+00,1.563588e+00,1.531295e+00,1.229198e-01,1.268816e+00,1.701262e+00
5.479000e+00,1.120820e+00,1.655115e+00,1.702330e+00,1.629058e+00,1.567667e+00,1.683538e+00,1.651801e+00,1.587607e+00,1.592207e+00,1.390940e+00,1.359050e+00,1.496803e+00,1.373200e+00,1.614525e+00,1.316480e+00,1.414222e+00,1.268980e+00,1.578494e+00,1.653584e+00,1.418250e+00,1.555048e+00,1.531061e+00,1.662653e+00,1.495750e+00,1.565118e+00,1.531812e+00,1.227069e-01,1.268980e+00,1.702330e+00
5.480000e+00,1.121150e+00,1.657863e+00,1.701942e+00,1.629955e+00,1.569667e+00,1.684846e+00,1.652857e+00,1.588649e+00,1.593241e+00,1.392081e+00,1.360200e+00,1.497584e+00,1.373868e+00,1.615450e+00,1.316640e+00,1.415025e+00,1.269102e+00,1.579578e+00,1.654913e+00,1.418625e+00,1.555529e+00,1.531465e+00,1.662939e+00,1.495375e+00,1.565529e+00,1.532622e+00,1.228938e-01,1.269102e+00,1.701942e+00
5.481000e+00,1.121410e+00,1.658397e+00,1.701845e+00,1.633274e+00,1.571222e+00,1.686038e+00,1.654286e+00,1.589360e+00,1.593586e+00,1.393758e+00,1.360550e+00,1.498996e+00,1.374536e+00,1.616374e+00,1.315840e+00,1.415828e+00,1.270082e+00,1.578916e+00,1.656821e+00,1.419813e+00,1.556490e+00,1.530556e+00,1.664408e+00,1.498250e+00,1.567118e+00,1.533598e+00,1.230729e-01,1.270082e+00,1.701845e+00
5.482000e+00,1.121660e+00,1.660153e+00,1.702136e+00,1.632152e+00,1.571000e+00,1.686885e+00,1.654938e+00,1.590498e+00,1.593931e+00,1.394631e+00,1.361250e+00,1.499554e+00,1.375206e+00,1.617299e+00,1.317120e+00,1.416631e+00,1.270490e+00,1.579639e+00,1.657341e+00,1.420187e+00,1.557740e+00,1.528535e+00,1.665347e+00,1.494875e+00,1.567118e+00,1.533944e+00,1.230768e-01,1.270490e+00,1.702136e+00
5.483000e+00,1.121720e+00,1.661069e+00,1.701942e+00,1.629686e+00,1.573222e+00,1.688308e+00,1.655186e+00,1.591043e+00,1.594207e+00,1.394832e+00,1.362100e+00,1.499851e+00,1.375878e+00,1.618224e+00,1.316720e+00,1.417435e+00,1.270694e+00,1.581446e+00,1.658497e+00,1.420937e+00,1.558125e+00,1.527828e+00,1.666000e+00,1.498000e+00,1.567824e+00,1.534544e+00,1.231089e-01,1.270694e+00,1.701942e+00
5.484000e+00,1.122160e+00,1.663359e+00,1.701650e+00,1.635830e+00,1.572778e+00,1.689192e+00,1.656366e+00,1.591280e+00,1.595517e+00,1.395503e+00,1.362350e+00,1.501152e+00,1.376550e+00,1.619148e+00,1.316880e+00,1.418240e+00,1.270816e+00,1.582229e+00,1.660058e+00,1.422250e+00,1.558846e+00,1.527980e+00,1.667714e+00,1.497125e+00,1.569529e+00,1.535514e+00,1.235269e-01,1.270816e+00,1.701650e+00
5.485000e+00,1.122460e+00,1.664351e+00,1.703204e+00,1.643632e+00,1.572889e+00,1.690577e+00,1.657143e+00,1.592370e+00,1.596552e+00,1.396174e+00,1.362850e+00,1.501747e+00,1.377224e+00,1.620072e+00,1.317120e+00,1.419044e+00,1.271429e+00,1.584819e+00,1.660809e+00,1.421500e+00,1.559519e+00,1.528131e+00,1.668980e+00,1.499625e+00,1.568882e+00,1.536610e+00,1.240168e-01,1.271429e+00,1.703204e+00
5.486000e+00,1.122660e+00,1.663893e+00,1.705243e+00,1.645381e+00,1.573333e+00,1.691654e+00,1.658913e+00,1.592844e+00,1.597517e+00,1.397651e+00,1.363850e+00,1.502379e+00,1.377899e+00,1.620997e+00,1.317760e+00,1.419850e+00,1.272245e+00,1.587048e+00,1.662023e+00,1.423000e+00,1.560769e+00,1.529343e+00,1.670082e+00,1.499125e+00,1.570000e+00,1.537617e+00,1.241417e-01,1.272245e+00,1.705243e+00
5.487000e+00,1.122920e+00,1.667176e+00,1.705631e+00,1.639013e+00,1.573667e+00,1.692731e+00,1.659689e+00,1.593815e+00,1.598483e+00,1.398725e+00,1.364100e+00,1.502788e+00,1.378575e+00,1.621921e+00,1.319120e+00,1.420655e+00,1.272531e+00,1.588494e+00,1.663179e+00,1.422937e+00,1.560817e+00,1.530051e+00,1.671755e+00,1.500625e+00,1.571118e+00,1.538233e+00,1.241137e-01,1.272531e+00,1.705631e+00
5.488000e+00,1.123260e+00,1.668244e+00,1.705340e+00,1.630628e+00,1.574556e+00,1.693346e+00,1.660870e+00,1.594431e+00,1.600069e+00,1.399732e+00,1.365200e+00,1.504275e+00,1.379252e+00,1.622845e+00,1.318720e+00,1.421462e+00,1.273551e+00,1.589458e+00,1.663699e+00,1.422875e+00,1.561827e+00,1.531970e+00,1.672408e+00,1.501250e+00,1.572353e+00,1.538682e+00,1.238536e-01,1.273551e+00,1.705340e+00
5.489000e+00,1.123460e+00,1.669695e+00,1.706990e+00,1.627578e+00,1.576333e+00,1.694692e+00,1.661988e+00,1.595664e+00,1.600207e+00,1.399799e+00,1.365600e+00,1.504796e+00,1.379931e+00,1.623770e+00,1.320320e+00,1.422268e+00,1.273714e+00,1.590602e+00,1.665318e+00,1.423062e+00,1.562019e+00,1.533384e+00,1.673918e+00,1.502625e+00,1.572647e+00,1.539455e+00,1.240073e-01,1.273714e+00,1.706990e+00
5.490000e+00,1.123700e+00,1.669695e+00,1.706796e+00,1.633543e+00,1.576333e+00,1.695000e+00,1.662857e+00,1.596185e+00,1.600621e+00,1.399866e+00,1.366400e+00,1.505576e+00,1.380611e+00,1.624694e+00,1.319920e+00,1.423075e+00,1.274245e+00,1.591867e+00,1.666358e+00,1.421375e+00,1.562981e+00,1.534899e+00,1.675429e+00,1.501625e+00,1.572647e+00,1.540108e+00,1.243473e-01,1.274245e+00,1.706796e+00
5.491000e+00,1.123900e+00,1.671985e+00,1.708738e+00,1.641480e+00,1.578111e+00,1.696115e+00,1.663323e+00,1.597322e+00,1.601172e+00,1.399799e+00,1.366550e+00,1.506506e+00,1.381292e+00,1.625618e+00,1.320560e+00,1.423883e+00,1.274367e+00,1.592289e+00,1.667630e+00,1.420187e+00,1.563413e+00,1.535707e+00,1.675959e+00,1.503000e+00,1.573706e+00,1.541196e+00,1.249553e-01,1.274367e+00,1.708738e+00
5.492000e+00,1.124210e+00,1.671985e+00,1.708447e+00,1.645650e+00,1.578556e+00,1.697154e+00,1.664068e+00,1.598057e+00,1.602138e+00,1.399732e+00,1.368300e+00,1.507546e+00,1.381975e+00,1.626542e+00,1.319600e+00,1.424690e+00,1.274408e+00,1.592229e+00,1.667399e+00,1.419250e+00,1.562212e+00,1.537525e+00,1.677143e+00,1.504250e+00,1.574118e+00,1.541791e+00,1.251763e-01,1.274408e+00,1.708447e+00
5.493000e+00,1.124450e+00,1.672137e+00,1.711359e+00,1.644305e+00,1.580111e+00,1.698269e+00,1.665280e+00,1.598626e+00,1.602828e+00,1.401678e+00,1.368100e+00,1.509480e+00,1.382658e+00,1.627466e+00,1.319760e+00,1.425499e+00,1.274367e+00,1.592892e+00,1.666358e+00,1.419938e+00,1.561058e+00,1.538889e+00,1.678041e+00,1.503000e+00,1.574882e+00,1.542374e+00,1.252944e-01,1.274367e+00,1.711359e+00
5.494000e+00,1.124760e+00,1.673664e+00,1.711456e+00,1.640942e+00,1.581556e+00,1.699846e+00,1.665963e+00,1.599242e+00,1.604552e+00,1.402685e+00,1.367350e+00,1.509591e+00,1.383343e+00,1.628390e+00,1.318960e+00,1.426308e+00,1.274939e+00,1.593133e+00,1.665491e+00,1.420813e+00,1.559760e+00,1.539394e+00,1.679592e+00,1.504000e+00,1.575000e+00,1.542749e+00,1.253746e-01,1.274939e+00,1.711456e+00
5.495000e+00,1.124960e+00,1.674122e+00,1.712233e+00,1.638341e+00,1.580444e+00,1.699962e+00,1.666708e+00,1.599692e+00,1.606276e+00,1.403826e+00,1.366750e+00,1.511487e+00,1.384029e+00,1.629314e+00,1.319680e+00,1.427117e+00,1.275469e+00,1.593434e+00,1.665087e+00,1.420438e+00,1.558990e+00,1.540556e+00,1.680408e+00,1.504750e+00,1.575412e+00,1.543105e+00,1.252716e-01,1.275469e+00,1.712233e+00
5.496000e+00,1.125150e+00,1.675344e+00,1.713204e+00,1.638430e+00,1.582444e+00,1.701154e+00,1.667453e+00,1.600545e+00,1.605793e+00,1.404698e+00,1.366900e+00,1.511933e+00,1.384717e+00,1.630238e+00,1.321200e+00,1.427926e+00,1.276531e+00,1.594819e+00,1.665318e+00,1.421312e+00,1.559663e+00,1.542222e+00,1.681592e+00,1.507250e+00,1.576882e+00,1.544065e+00,1.252420e-01,1.276531e+00,1.713204e+00
5.497000e+00,1.125410e+00,1.676794e+00,1.714466e+00,1.641614e+00,1.582778e+00,1.701615e+00,1.668230e+00,1.600948e+00,1.606069e+00,1.404765e+00,1.367300e+00,1.513494e+00,1.385405e+00,1.631162e+00,1.319920e+00,1.428736e+00,1.276898e+00,1.596506e+00,1.666185e+00,1.422437e+00,1.560529e+00,1.542626e+00,1.682327e+00,1.506125e+00,1.577412e+00,1.544764e+00,1.256046e-01,1.276898e+00,1.714466e+00
5.498000e+00,1.125650e+00,1.677557e+00,1.714272e+00,1.646906e+00,1.582333e+00,1.702654e+00,1.669627e+00,1.601967e+00,1.607172e+00,1.405570e+00,1.367500e+00,1.513866e+00,1.386095e+00,1.632086e+00,1.321600e+00,1.429547e+00,1.277429e+00,1.597530e+00,1.667919e+00,1.423563e+00,1.561587e+00,1.544091e+00,1.683673e+00,1.506750e+00,1.578294e+00,1.545816e+00,1.257908e-01,1.277429e+00,1.714272e+00
5.499000e+00,1.125900e+00,1.678702e+00,1.716117e+00,1.652018e+00,1.583444e+00,1.703077e+00,1.669969e+00,1.602156e+00,1.607448e+00,1.405772e+00,1.368000e+00,1.514312e+00,1.386787e+00,1.633010e+00,1.321600e+00,1.430358e+00,1.276980e+00,1.597771e+00,1.669249e+00,1.423813e+00,1.562788e+00,1.545303e+00,1.684163e+00,1.507125e+00,1.578471e+00,1.546601e+00,1.262047e-01,1.276980e+00,1.716117e+00
5.500000e+00,1.126300e+00,1.680000e+00,1.715825e+00,1.653722e+00,1.584333e+00,1.703000e+00,1.670559e+00,1.603175e+00,1.605724e+00,1.406980e+00,1.368400e+00,1.514349e+00,1.387479e+00,1.633934e+00,1.321120e+00,1.431169e+00,1.277673e+00,1.599036e+00,1.670173e+00,1.424313e+00,1.562933e+00,1.547424e+00,1.684653e+00,1.508875e+00,1.579941e+00,1.547283e+00,1.262276e-01,1.277673e+00,1.715825e+00
5.501000e+00,1.126450e+00,1.681527e+00,1.717767e+00,1.650762e+00,1.583556e+00,1.703769e+00,1.671522e+00,1.603152e+00,1.605862e+00,1.408456e+00,1.368450e+00,1.514349e+00,1.388173e+00,1.634857e+00,1.322960e+00,1.431981e+00,1.277306e+00,1.599398e+00,1.672717e+00,1.426000e+00,1.563894e+00,1.547626e+00,1.685959e+00,1.509500e+00,1.580235e+00,1.547907e+00,1.262575e-01,1.277306e+00,1.717767e+00
5.502000e+00,1.126690e+00,1.681298e+00,1.718738e+00,1.646457e+00,1.583111e+00,1.704692e+00,1.671366e+00,1.603270e+00,1.606000e+00,1.410201e+00,1.369700e+00,1.514535e+00,1.388868e+00,1.635781e+00,1.322400e+00,1.432793e+00,1.278327e+00,1.600361e+00,1.674566e+00,1.426625e+00,1.564519e+00,1.548485e+00,1.687551e+00,1.508625e+00,1.580471e+00,1.548281e+00,1.261117e-01,1.278327e+00,1.718738e+00
5.503000e+00,1.127000e+00,1.683282e+00,1.718350e+00,1.646323e+00,1.581778e+00,1.705000e+00,1.672050e+00,1.604265e+00,1.606690e+00,1.410671e+00,1.370200e+00,1.515019e+00,1.389564e+00,1.636705e+00,1.322560e+00,1.433605e+00,1.278939e+00,1.600602e+00,1.675780e+00,1.427812e+00,1.565288e+00,1.548939e+00,1.688327e+00,1.511500e+00,1.581706e+00,1.548957e+00,1.260931e-01,1.278939e+00,1.718350e+00
5.504000e+00,1.127240e+00,1.682748e+00,1.718350e+00,1.650717e+00,1.581444e+00,1.705423e+00,1.672422e+00,1.604123e+00,1.607655e+00,1.411678e+00,1.370950e+00,1.515316e+00,1.390262e+00,1.637629e+00,1.322720e+00,1.434418e+00,1.278980e+00,1.601446e+00,1.677803e+00,1.428125e+00,1.565817e+00,1.550101e+00,1.687265e+00,1.512000e+00,1.581824e+00,1.549551e+00,1.261495e-01,1.278980e+00,1.718350e+00
5.505000e+00,1.127340e+00,1.683893e+00,1.720680e+00,1.655964e+00,1.582222e+00,1.706385e+00,1.673137e+00,1.604858e+00,1.608621e+00,1.412416e+00,1.372100e+00,1.516171e+00,1.390960e+00,1.638553e+00,1.323840e+00,1.435232e+00,1.278204e+00,1.601687e+00,1.678150e+00,1.429312e+00,1.567548e+00,1.551364e+00,1.686367e+00,1.512250e+00,1.582529e+00,1.550518e+00,1.264059e-01,1.278204e+00,1.720680e+00
5.506000e+00,1.127590e+00,1.683817e+00,1.720485e+00,1.658924e+00,1.582889e+00,1.707038e+00,1.674130e+00,1.604976e+00,1.609103e+00,1.413289e+00,1.372750e+00,1.516729e+00,1.391661e+00,1.639477e+00,1.322240e+00,1.436046e+00,1.278245e+00,1.601386e+00,1.679364e+00,1.430000e+00,1.568510e+00,1.551869e+00,1.686163e+00,1.509000e+00,1.582941e+00,1.550876e+00,1.266419e-01,1.278245e+00,1.720485e+00
5.507000e+00,1.127840e+00,1.683130e+00,1.722427e+00,1.661166e+00,1.585444e+00,1.707962e+00,1.674938e+00,1.605782e+00,1.609517e+00,1.415235e+00,1.373650e+00,1.516803e+00,1.392362e+00,1.640401e+00,1.321920e+00,1.436860e+00,1.279184e+00,1.601265e+00,1.680751e+00,1.430750e+00,1.569327e+00,1.552980e+00,1.687184e+00,1.506500e+00,1.584412e+00,1.551665e+00,1.268181e-01,1.279184e+00,1.722427e+00
5.508000e+00,1.128050e+00,1.685573e+00,1.721456e+00,1.660807e+00,1.583556e+00,1.709692e+00,1.675932e+00,1.604787e+00,1.610759e+00,1.415436e+00,1.374600e+00,1.518141e+00,1.393065e+00,1.641325e+00,1.321440e+00,1.437675e+00,1.278653e+00,1.600602e+00,1.681618e+00,1.432375e+00,1.569904e+00,1.554343e+00,1.687347e+00,1.505375e+00,1.584235e+00,1.552029e+00,1.269253e-01,1.278653e+00,1.721456e+00
5.509000e+00,1.128340e+00,1.685191e+00,1.723495e+00,1.658655e+00,1.586111e+00,1.710885e+00,1.676553e+00,1.603768e+00,1.612276e+00,1.417181e+00,1.375050e+00,1.518736e+00,1.393769e+00,1.642249e+00,1.321040e+00,1.438490e+00,1.279429e+00,1.601627e+00,1.683642e+00,1.431500e+00,1.570962e+00,1.555354e+00,1.687673e+00,1.505500e+00,1.585118e+00,1.552677e+00,1.270493e-01,1.279429e+00,1.723495e+00
5.510000e+00,1.128710e+00,1.687710e+00,1.723010e+00,1.656637e+00,1.587444e+00,1.711000e+00,1.677516e+00,1.603649e+00,1.614414e+00,1.418591e+00,1.375850e+00,1.520000e+00,1.394474e+00,1.643173e+00,1.321360e+00,1.439305e+00,1.279755e+00,1.601084e+00,1.684046e+00,1.433688e+00,1.571154e+00,1.556313e+00,1.688857e+00,1.505375e+00,1.585882e+00,1.553345e+00,1.269337e-01,1.279755e+00,1.723010e+00
5.511000e+00,1.128880e+00,1.687328e+00,1.724660e+00,1.657489e+00,1.587667e+00,1.711923e+00,1.678261e+00,1.603436e+00,1.615931e+00,1.419463e+00,1.376850e+00,1.520892e+00,1.395180e+00,1.644097e+00,1.321200e+00,1.440121e+00,1.279551e+00,1.602289e+00,1.685780e+00,1.435063e+00,1.572452e+00,1.557525e+00,1.690204e+00,1.505625e+00,1.587882e+00,1.554203e+00,1.271558e-01,1.279551e+00,1.724660e+00
5.512000e+00,1.129250e+00,1.688779e+00,1.724175e+00,1.661345e+00,1.588667e+00,1.712538e+00,1.678789e+00,1.604194e+00,1.616276e+00,1.420805e+00,1.377150e+00,1.521673e+00,1.395888e+00,1.645021e+00,1.322000e+00,1.440938e+00,1.279796e+00,1.602470e+00,1.687399e+00,1.434437e+00,1.572548e+00,1.558182e+00,1.691388e+00,1.506375e+00,1.587471e+00,1.554929e+00,1.273347e-01,1.279796e+00,1.724175e+00
5.513000e+00,1.129340e+00,1.689695e+00,1.725243e+00,1.666996e+00,1.589889e+00,1.713692e+00,1.680000e+00,1.604384e+00,1.616759e+00,1.420738e+00,1.378100e+00,1.522342e+00,1.396597e+00,1.645945e+00,1.322080e+00,1.441754e+00,1.279878e+00,1.603614e+00,1.688902e+00,1.435688e+00,1.572163e+00,1.559798e+00,1.692449e+00,1.507375e+00,1.587824e+00,1.555913e+00,1.277249e-01,1.279878e+00,1.725243e+00
5.514000e+00,1.129790e+00,1.689847e+00,1.724757e+00,1.669910e+00,1.588667e+00,1.715308e+00,1.680373e+00,1.605924e+00,1.616207e+00,1.422416e+00,1.378450e+00,1.523643e+00,1.397308e+00,1.646869e+00,1.323360e+00,1.442572e+00,1.281020e+00,1.604759e+00,1.690231e+00,1.435812e+00,1.572692e+00,1.560101e+00,1.693469e+00,1.509375e+00,1.586941e+00,1.556667e+00,1.276409e-01,1.281020e+00,1.724757e+00
5.515000e+00,1.129990e+00,1.691450e+00,1.725437e+00,1.668206e+00,1.592889e+00,1.716577e+00,1.681335e+00,1.606280e+00,1.618000e+00,1.423020e+00,1.378750e+00,1.524870e+00,1.398020e+00,1.647793e+00,1.323040e+00,1.443389e+00,1.282327e+00,1.605422e+00,1.690925e+00,1.436625e+00,1.574279e+00,1.562172e+00,1.694980e+00,1.511750e+00,1.588176e+00,1.557738e+00,1.277500e-01,1.282327e+00,1.725437e+00
5.516000e+00,1.130200e+00,1.692061e+00,1.725340e+00,1.663408e+00,1.591556e+00,1.718000e+00,1.681863e+00,1.607512e+00,1.618345e+00,1.424832e+00,1.379550e+00,1.526431e+00,1.398733e+00,1.648717e+00,1.323040e+00,1.444207e+00,1.282204e+00,1.606506e+00,1.692717e+00,1.437688e+00,1.574904e+00,1.562273e+00,1.695959e+00,1.512750e+00,1.587824e+00,1.558184e+00,1.276201e-01,1.282204e+00,1.725340e+00
5.517000e+00,1.130410e+00,1.694504e+00,1.726893e+00,1.662377e+00,1.594667e+00,1.718731e+00,1.682112e+00,1.607796e+00,1.619517e+00,1.426107e+00,1.380150e+00,1.527732e+00,1.399447e+00,1.649641e+00,1.323200e+00,1.445026e+00,1.282531e+00,1.608373e+00,1.693699e+00,1.437437e+00,1.576250e+00,1.563535e+00,1.696980e+00,1.514375e+00,1.588941e+00,1.559168e+00,1.278265e-01,1.282531e+00,1.726893e+00
5.518000e+00,1.130710e+00,1.694122e+00,1.726408e+00,1.665471e+00,1.595556e+00,1.719846e+00,1.680994e+00,1.608389e+00,1.620897e+00,1.426980e+00,1.380800e+00,1.528550e+00,1.400163e+00,1.650566e+00,1.323840e+00,1.445844e+00,1.283020e+00,1.609699e+00,1.694451e+00,1.439125e+00,1.577356e+00,1.564747e+00,1.698490e+00,1.514000e+00,1.589118e+00,1.559935e+00,1.278020e-01,1.283020e+00,1.726408e+00
5.519000e+00,1.131020e+00,1.695496e+00,1.727379e+00,1.670448e+00,1.594000e+00,1.720654e+00,1.680342e+00,1.608649e+00,1.622000e+00,1.427852e+00,1.381550e+00,1.529591e+00,1.400880e+00,1.651490e+00,1.324560e+00,1.446664e+00,1.283429e+00,1.611928e+00,1.695202e+00,1.439437e+00,1.578365e+00,1.565152e+00,1.699469e+00,1.516875e+00,1.589588e+00,1.560875e+00,1.279594e-01,1.283429e+00,1.727379e+00
5.520000e+00,1.131280e+00,1.697405e+00,1.727767e+00,1.674036e+00,1.597556e+00,1.722462e+00,1.679876e+00,1.609076e+00,1.623448e+00,1.428792e+00,1.382250e+00,1.530372e+00,1.401598e+00,1.652414e+00,1.324240e+00,1.447483e+00,1.283020e+00,1.612169e+00,1.696185e+00,1.439563e+00,1.579087e+00,1.565657e+00,1.700939e+00,1.516500e+00,1.589882e+00,1.561741e+00,1.283979e-01,1.283020e+00,1.727767e+00
5.521000e+00,1.131550e+00,1.698550e+00,1.730485e+00,1.674170e+00,1.597778e+00,1.724000e+00,1.680311e+00,1.609929e+00,1.623241e+00,1.429463e+00,1.382300e+00,1.532045e+00,1.402318e+00,1.653339e+00,1.325520e+00,1.448303e+00,1.284490e+00,1.613976e+00,1.697688e+00,1.440625e+00,1.579471e+00,1.566465e+00,1.702082e+00,1.517500e+00,1.590647e+00,1.562696e+00,1.284888e-01,1.284490e+00,1.730485e+00
5.522000e+00,1.131760e+00,1.700534e+00,1.730874e+00,1.672915e+00,1.598667e+00,1.725577e+00,1.680497e+00,1.610261e+00,1.623862e+00,1.430738e+00,1.383300e+00,1.532416e+00,1.403039e+00,1.654263e+00,1.326320e+00,1.449124e+00,1.285306e+00,1.615241e+00,1.697457e+00,1.441375e+00,1.580048e+00,1.567374e+00,1.703633e+00,1.519625e+00,1.591706e+00,1.563506e+00,1.284115e-01,1.285306e+00,1.730874e+00
5.523000e+00,1.132030e+00,1.701603e+00,1.731553e+00,1.671883e+00,1.599222e+00,1.727154e+00,1.680186e+00,1.610379e+00,1.625310e+00,1.429597e+00,1.384000e+00,1.533643e+00,1.403761e+00,1.655188e+00,1.326400e+00,1.449945e+00,1.285551e+00,1.617229e+00,1.699538e+00,1.442125e+00,1.580673e+00,1.568384e+00,1.704571e+00,1.520125e+00,1.591529e+00,1.564148e+00,1.286286e-01,1.285551e+00,1.731553e+00
5.524000e+00,1.132250e+00,1.703282e+00,1.730874e+00,1.672377e+00,1.600222e+00,1.727923e+00,1.681770e+00,1.610995e+00,1.626276e+00,1.430268e+00,1.384950e+00,1.534349e+00,1.404485e+00,1.656112e+00,1.326160e+00,1.450766e+00,1.286490e+00,1.618253e+00,1.701329e+00,1.442625e+00,1.580433e+00,1.569545e+00,1.706122e+00,1.522375e+00,1.592706e+00,1.565029e+00,1.287521e-01,1.286490e+00,1.730874e+00
5.525000e+00,1.132400e+00,1.704809e+00,1.732913e+00,1.674350e+00,1.600556e+00,1.729077e+00,1.682329e+00,1.611706e+00,1.627586e+00,1.430201e+00,1.384550e+00,1.534758e+00,1.405210e+00,1.657037e+00,1.326000e+00,1.451587e+00,1.287061e+00,1.620904e+00,1.703121e+00,1.443500e+00,1.580481e+00,1.569949e+00,1.706776e+00,1.520250e+00,1.592353e+00,1.565711e+00,1.292126e-01,1.287061e+00,1.732913e+00
5.526000e+00,1.132800e+00,1.704275e+00,1.732816e+00,1.676951e+00,1.602444e+00,1.729538e+00,1.683665e+00,1.611919e+00,1.628690e+00,1.430067e+00,1.385300e+00,1.535502e+00,1.405936e+00,1.657962e+00,1.326560e+00,1.452409e+00,1.287347e+00,1.623855e+00,1.704104e+00,1.444187e+00,1.581731e+00,1.570556e+00,1.708816e+00,1.523750e+00,1.591706e+00,1.566670e+00,1.293561e-01,1.287347e+00,1.732816e+00
5.527000e+00,1.133050e+00,1.706641e+00,1.736408e+00,1.679821e+00,1.600444e+00,1.729846e+00,1.684193e+00,1.612749e+00,1.630345e+00,1.430805e+00,1.385600e+00,1.535502e+00,1.406664e+00,1.658886e+00,1.326800e+00,1.453232e+00,1.289187e+00,1.625241e+00,1.704624e+00,1.445437e+00,1.582596e+00,1.570606e+00,1.709102e+00,1.524375e+00,1.589941e+00,1.567460e+00,1.295374e-01,1.289187e+00,1.736408e+00
5.528000e+00,1.133290e+00,1.707405e+00,1.735922e+00,1.681749e+00,1.603000e+00,1.730654e+00,1.685466e+00,1.613081e+00,1.630690e+00,1.431275e+00,1.386800e+00,1.536468e+00,1.407393e+00,1.659811e+00,1.327520e+00,1.454055e+00,1.289876e+00,1.626325e+00,1.705029e+00,1.445875e+00,1.583125e+00,1.570758e+00,1.710327e+00,1.526250e+00,1.588471e+00,1.568222e+00,1.295300e-01,1.289876e+00,1.735922e+00
5.529000e+00,1.133570e+00,1.709847e+00,1.736602e+00,1.682018e+00,1.603444e+00,1.731462e+00,1.686460e+00,1.614360e+00,1.631793e+00,1.432349e+00,1.387250e+00,1.537323e+00,1.408123e+00,1.660736e+00,1.327360e+00,1.454878e+00,1.290564e+00,1.626446e+00,1.705491e+00,1.446438e+00,1.582933e+00,1.569293e+00,1.710571e+00,1.526375e+00,1.588176e+00,1.568762e+00,1.296465e-01,1.290564e+00,1.736602e+00
5.530000e+00,1.133840e+00,1.710534e+00,1.736893e+00,1.679955e+00,1.604444e+00,1.732192e+00,1.687205e+00,1.614692e+00,1.632207e+00,1.433826e+00,1.387600e+00,1.538736e+00,1.408855e+00,1.661661e+00,1.327840e+00,1.455701e+00,1.291254e+00,1.626205e+00,1.704277e+00,1.447125e+00,1.581202e+00,1.569394e+00,1.711755e+00,1.527500e+00,1.587588e+00,1.569110e+00,1.294154e-01,1.291254e+00,1.736893e+00
5.531000e+00,1.133990e+00,1.710534e+00,1.737476e+00,1.679058e+00,1.605111e+00,1.732692e+00,1.688602e+00,1.615498e+00,1.632828e+00,1.434966e+00,1.388050e+00,1.539517e+00,1.409588e+00,1.662586e+00,1.327920e+00,1.456525e+00,1.291944e+00,1.627289e+00,1.703064e+00,1.448937e+00,1.580529e+00,1.568990e+00,1.712204e+00,1.528750e+00,1.588000e+00,1.569611e+00,1.292357e-01,1.291944e+00,1.737476e+00
5.532000e+00,1.134290e+00,1.711374e+00,1.737767e+00,1.680045e+00,1.605000e+00,1.733192e+00,1.689379e+00,1.615711e+00,1.633586e+00,1.435772e+00,1.388100e+00,1.540558e+00,1.410322e+00,1.663511e+00,1.328000e+00,1.457350e+00,1.292635e+00,1.626687e+00,1.703353e+00,1.449062e+00,1.579808e+00,1.570000e+00,1.712980e+00,1.529375e+00,1.589059e+00,1.570109e+00,1.292698e-01,1.292635e+00,1.737767e+00
5.533000e+00,1.134640e+00,1.713053e+00,1.740388e+00,1.682691e+00,1.607222e+00,1.733923e+00,1.690466e+00,1.616943e+00,1.634759e+00,1.436846e+00,1.388950e+00,1.541673e+00,1.411058e+00,1.664439e+00,1.329040e+00,1.458174e+00,1.293326e+00,1.625964e+00,1.704046e+00,1.449437e+00,1.579567e+00,1.570657e+00,1.713469e+00,1.530375e+00,1.588941e+00,1.571059e+00,1.294512e-01,1.293326e+00,1.740388e+00
5.534000e+00,1.134820e+00,1.713435e+00,1.740388e+00,1.686726e+00,1.607889e+00,1.734692e+00,1.691335e+00,1.617559e+00,1.635241e+00,1.438389e+00,1.389750e+00,1.542751e+00,1.411795e+00,1.665364e+00,1.329040e+00,1.458999e+00,1.294018e+00,1.626988e+00,1.704104e+00,1.450562e+00,1.580240e+00,1.572121e+00,1.714816e+00,1.530750e+00,1.589529e+00,1.571937e+00,1.295290e-01,1.294018e+00,1.740388e+00
5.535000e+00,1.135190e+00,1.713206e+00,1.742427e+00,1.689417e+00,1.608000e+00,1.735692e+00,1.692143e+00,1.618578e+00,1.636759e+00,1.437919e+00,1.389800e+00,1.543866e+00,1.412534e+00,1.666289e+00,1.328560e+00,1.459825e+00,1.294711e+00,1.628494e+00,1.706358e+00,1.451375e+00,1.580192e+00,1.573232e+00,1.715224e+00,1.532125e+00,1.590353e+00,1.572795e+00,1.298988e-01,1.294711e+00,1.742427e+00
5.536000e+00,1.135310e+00,1.716565e+00,1.741748e+00,1.688520e+00,1.610222e+00,1.737077e+00,1.692919e+00,1.619100e+00,1.637586e+00,1.439866e+00,1.390350e+00,1.545130e+00,1.413274e+00,1.667214e+00,1.329280e+00,1.460651e+00,1.295404e+00,1.630361e+00,1.707514e+00,1.451750e+00,1.581202e+00,1.573838e+00,1.716449e+00,1.532750e+00,1.590706e+00,1.573728e+00,1.299680e-01,1.295404e+00,1.741748e+00
5.537000e+00,1.135580e+00,1.715420e+00,1.743107e+00,1.687713e+00,1.610667e+00,1.738000e+00,1.693696e+00,1.620024e+00,1.638276e+00,1.440268e+00,1.391500e+00,1.545204e+00,1.414015e+00,1.668139e+00,1.331440e+00,1.461477e+00,1.296098e+00,1.631928e+00,1.708497e+00,1.451875e+00,1.582885e+00,1.575000e+00,1.715714e+00,1.534500e+00,1.591471e+00,1.574455e+00,1.297321e-01,1.296098e+00,1.743107e+00
5.538000e+00,1.135840e+00,1.717634e+00,1.743592e+00,1.686143e+00,1.611111e+00,1.737538e+00,1.694130e+00,1.620071e+00,1.637241e+00,1.441678e+00,1.390800e+00,1.544758e+00,1.414758e+00,1.669064e+00,1.330960e+00,1.462304e+00,1.296793e+00,1.634819e+00,1.710347e+00,1.453688e+00,1.583846e+00,1.576566e+00,1.715551e+00,1.534750e+00,1.592412e+00,1.575023e+00,1.297614e-01,1.296793e+00,1.743592e+00
5.539000e+00,1.136140e+00,1.719466e+00,1.744854e+00,1.684126e+00,1.613000e+00,1.738231e+00,1.694658e+00,1.620806e+00,1.636759e+00,1.443154e+00,1.390400e+00,1.545242e+00,1.415502e+00,1.669989e+00,1.330960e+00,1.463131e+00,1.297489e+00,1.636024e+00,1.711445e+00,1.453437e+00,1.585144e+00,1.577626e+00,1.714449e+00,1.536625e+00,1.593529e+00,1.575669e+00,1.297945e-01,1.297489e+00,1.744854e+00
5.540000e+00,1.136440e+00,1.720305e+00,1.746019e+00,1.684664e+00,1.613444e+00,1.738462e+00,1.695217e+00,1.621374e+00,1.637103e+00,1.444564e+00,1.390100e+00,1.544907e+00,1.416248e+00,1.670914e+00,1.331760e+00,1.463958e+00,1.298185e+00,1.637108e+00,1.712775e+00,1.452937e+00,1.585577e+00,1.579444e+00,1.714571e+00,1.535625e+00,1.593882e+00,1.576214e+00,1.298875e-01,1.298185e+00,1.746019e+00
5.541000e+00,1.136540e+00,1.720229e+00,1.746408e+00,1.687623e+00,1.613222e+00,1.738885e+00,1.696677e+00,1.621801e+00,1.637310e+00,1.444094e+00,1.390200e+00,1.545130e+00,1.416995e+00,1.671839e+00,1.332880e+00,1.464786e+00,1.298881e+00,1.638253e+00,1.714971e+00,1.454625e+00,1.586442e+00,1.579848e+00,1.715184e+00,1.538250e+00,1.595235e+00,1.577074e+00,1.299732e-01,1.298881e+00,1.746408e+00
5.542000e+00,1.136890e+00,1.720840e+00,1.746117e+00,1.689865e+00,1.616444e+00,1.739500e+00,1.696925e+00,1.622820e+00,1.638483e+00,1.444966e+00,1.390000e+00,1.546729e+00,1.417743e+00,1.672764e+00,1.332480e+00,1.465614e+00,1.299579e+00,1.639940e+00,1.715549e+00,1.455313e+00,1.587500e+00,1.581162e+00,1.716367e+00,1.537875e+00,1.596412e+00,1.577958e+00,1.301706e-01,1.299579e+00,1.746117e+00
5.543000e+00,1.137040e+00,1.722443e+00,1.749223e+00,1.690404e+00,1.615111e+00,1.740000e+00,1.697578e+00,1.623531e+00,1.640000e+00,1.445906e+00,1.390800e+00,1.546914e+00,1.418493e+00,1.673689e+00,1.331760e+00,1.466442e+00,1.300277e+00,1.640542e+00,1.716647e+00,1.455500e+00,1.587981e+00,1.582323e+00,1.717673e+00,1.538375e+00,1.597353e+00,1.578707e+00,1.304832e-01,1.300277e+00,1.749223e+00
5.544000e+00,1.137200e+00,1.722748e+00,1.748544e+00,1.689238e+00,1.615667e+00,1.741577e+00,1.698602e+00,1.622749e+00,1.640276e+00,1.447181e+00,1.391200e+00,1.548067e+00,1.419244e+00,1.674614e+00,1.333520e+00,1.467271e+00,1.300976e+00,1.642108e+00,1.717977e+00,1.456437e+00,1.588750e+00,1.584495e+00,1.718653e+00,1.539375e+00,1.598000e+00,1.579470e+00,1.303025e-01,1.300976e+00,1.748544e+00
5.545000e+00,1.137560e+00,1.725115e+00,1.747184e+00,1.686054e+00,1.615778e+00,1.741808e+00,1.699193e+00,1.621682e+00,1.641034e+00,1.448322e+00,1.392350e+00,1.548810e+00,1.419997e+00,1.675539e+00,1.333280e+00,1.468101e+00,1.301675e+00,1.644157e+00,1.719538e+00,1.457187e+00,1.590337e+00,1.585000e+00,1.720653e+00,1.540750e+00,1.598294e+00,1.580077e+00,1.302174e-01,1.301675e+00,1.747184e+00
5.546000e+00,1.137800e+00,1.725420e+00,1.749126e+00,1.686592e+00,1.616667e+00,1.742423e+00,1.700466e+00,1.621303e+00,1.641241e+00,1.449597e+00,1.392100e+00,1.548848e+00,1.420751e+00,1.676465e+00,1.334160e+00,1.468932e+00,1.302375e+00,1.644217e+00,1.720983e+00,1.458438e+00,1.590962e+00,1.585909e+00,1.721184e+00,1.540875e+00,1.598882e+00,1.580746e+00,1.302789e-01,1.302375e+00,1.749126e+00
5.547000e+00,1.138040e+00,1.724656e+00,1.750194e+00,1.689238e+00,1.617889e+00,1.742308e+00,1.700932e+00,1.620498e+00,1.642000e+00,1.451074e+00,1.392500e+00,1.549368e+00,1.421506e+00,1.677390e+00,1.333440e+00,1.469762e+00,1.303076e+00,1.645482e+00,1.722312e+00,1.458562e+00,1.591875e+00,1.587980e+00,1.722490e+00,1.542000e+00,1.599235e+00,1.581490e+00,1.304194e-01,1.303076e+00,1.750194e+00
5.548000e+00,1.138290e+00,1.725038e+00,1.750485e+00,1.693363e+00,1.617889e+00,1.742538e+00,1.701429e+00,1.621327e+00,1.643517e+00,1.451611e+00,1.393250e+00,1.550781e+00,1.422263e+00,1.678315e+00,1.334000e+00,1.470592e+00,1.303778e+00,1.646747e+00,1.723815e+00,1.459062e+00,1.592356e+00,1.588737e+00,1.724000e+00,1.541625e+00,1.600471e+00,1.582375e+00,1.305954e-01,1.303778e+00,1.750485e+00
5.549000e+00,1.138510e+00,1.725344e+00,1.750777e+00,1.696099e+00,1.618778e+00,1.742846e+00,1.702733e+00,1.621611e+00,1.644759e+00,1.452148e+00,1.393900e+00,1.551375e+00,1.423021e+00,1.679240e+00,1.333040e+00,1.471423e+00,1.304480e+00,1.646747e+00,1.724913e+00,1.459625e+00,1.593702e+00,1.590606e+00,1.724694e+00,1.541875e+00,1.600882e+00,1.583109e+00,1.307985e-01,1.304480e+00,1.750777e+00
5.550000e+00,1.138720e+00,1.728550e+00,1.751845e+00,1.696951e+00,1.619667e+00,1.743846e+00,1.703602e+00,1.622346e+00,1.646414e+00,1.453087e+00,1.395050e+00,1.551673e+00,1.423781e+00,1.680165e+00,1.333440e+00,1.472254e+00,1.305183e+00,1.648193e+00,1.726994e+00,1.459125e+00,1.594519e+00,1.591364e+00,1.726163e+00,1.543625e+00,1.600824e+00,1.584111e+00,1.311134e-01,1.305183e+00,1.751845e+00
5.551000e+00,1.138920e+00,1.727405e+00,1.752913e+00,1.695874e+00,1.619667e+00,1.745154e+00,1.704534e+00,1.624100e+00,1.648276e+00,1.454362e+00,1.395700e+00,1.553011e+00,1.424542e+00,1.681091e+00,1.334240e+00,1.473086e+00,1.305886e+00,1.648193e+00,1.728555e+00,1.457562e+00,1.594856e+00,1.593182e+00,1.726898e+00,1.543375e+00,1.601941e+00,1.584767e+00,1.311507e-01,1.305886e+00,1.752913e+00
5.552000e+00,1.139220e+00,1.727939e+00,1.752427e+00,1.696906e+00,1.621222e+00,1.746962e+00,1.705217e+00,1.625024e+00,1.649586e+00,1.455503e+00,1.396400e+00,1.553680e+00,1.425305e+00,1.682016e+00,1.334320e+00,1.473918e+00,1.306590e+00,1.648133e+00,1.728902e+00,1.457562e+00,1.595240e+00,1.593990e+00,1.727633e+00,1.547000e+00,1.602176e+00,1.585569e+00,1.311610e-01,1.306590e+00,1.752427e+00
5.553000e+00,1.139620e+00,1.729847e+00,1.753883e+00,1.696457e+00,1.622667e+00,1.748154e+00,1.706118e+00,1.626256e+00,1.649379e+00,1.456711e+00,1.397450e+00,1.554572e+00,1.426069e+00,1.682941e+00,1.335440e+00,1.474750e+00,1.307295e+00,1.648795e+00,1.729422e+00,1.457062e+00,1.596202e+00,1.595354e+00,1.729673e+00,1.545875e+00,1.603118e+00,1.586396e+00,1.312942e-01,1.307295e+00,1.753883e+00
5.554000e+00,1.139770e+00,1.730611e+00,1.753689e+00,1.696592e+00,1.622778e+00,1.749154e+00,1.706832e+00,1.628294e+00,1.650000e+00,1.457584e+00,1.398350e+00,1.555576e+00,1.426834e+00,1.683867e+00,1.334880e+00,1.475582e+00,1.308001e+00,1.650120e+00,1.730578e+00,1.457125e+00,1.596827e+00,1.595707e+00,1.730857e+00,1.547500e+00,1.603412e+00,1.587115e+00,1.313980e-01,1.308001e+00,1.753689e+00
5.555000e+00,1.139950e+00,1.732061e+00,1.755243e+00,1.698655e+00,1.623333e+00,1.750308e+00,1.707640e+00,1.628863e+00,1.650690e+00,1.458658e+00,1.398750e+00,1.557435e+00,1.427601e+00,1.684792e+00,1.336000e+00,1.476415e+00,1.308707e+00,1.651687e+00,1.731329e+00,1.458063e+00,1.597933e+00,1.596869e+00,1.731347e+00,1.546000e+00,1.604588e+00,1.588040e+00,1.315385e-01,1.308707e+00,1.755243e+00
5.556000e+00,1.140360e+00,1.732824e+00,1.756796e+00,1.702332e+00,1.623778e+00,1.750654e+00,1.708509e+00,1.630000e+00,1.651310e+00,1.458926e+00,1.399550e+00,1.558773e+00,1.428370e+00,1.685717e+00,1.335520e+00,1.477249e+00,1.309414e+00,1.652711e+00,1.732197e+00,1.458625e+00,1.598558e+00,1.597828e+00,1.732286e+00,1.549625e+00,1.605176e+00,1.589030e+00,1.317726e-01,1.309414e+00,1.756796e+00
5.557000e+00,1.140450e+00,1.733282e+00,1.756408e+00,1.704574e+00,1.625667e+00,1.752615e+00,1.709193e+00,1.631256e+00,1.653241e+00,1.459396e+00,1.400200e+00,1.559517e+00,1.429140e+00,1.686643e+00,1.336800e+00,1.478082e+00,1.310121e+00,1.654639e+00,1.733064e+00,1.459062e+00,1.599038e+00,1.599394e+00,1.733429e+00,1.548875e+00,1.605353e+00,1.589958e+00,1.319132e-01,1.310121e+00,1.756408e+00
5.558000e+00,1.140810e+00,1.733817e+00,1.758252e+00,1.706278e+00,1.626111e+00,1.753692e+00,1.709783e+00,1.632630e+00,1.654552e+00,1.458926e+00,1.400800e+00,1.561041e+00,1.429911e+00,1.687568e+00,1.336800e+00,1.478916e+00,1.310829e+00,1.656988e+00,1.734798e+00,1.460625e+00,1.600192e+00,1.600758e+00,1.735388e+00,1.550625e+00,1.606294e+00,1.591066e+00,1.322295e-01,1.310829e+00,1.758252e+00
5.559000e+00,1.141040e+00,1.735725e+00,1.759223e+00,1.706188e+00,1.625778e+00,1.754923e+00,1.710155e+00,1.633815e+00,1.655793e+00,1.458926e+00,1.401250e+00,1.561338e+00,1.430684e+00,1.688494e+00,1.336880e+00,1.479751e+00,1.311538e+00,1.658614e+00,1.736127e+00,1.460437e+00,1.600865e+00,1.601919e+00,1.736082e+00,1.548625e+00,1.606471e+00,1.591650e+00,1.325046e-01,1.311538e+00,1.759223e+00
5.560000e+00,1.141350e+00,1.737099e+00,1.760777e+00,1.706099e+00,1.626889e+00,1.755769e+00,1.710621e+00,1.634692e+00,1.656759e+00,1.459866e+00,1.402250e+00,1.563086e+00,1.431458e+00,1.689419e+00,1.337520e+00,1.480586e+00,1.312248e+00,1.659337e+00,1.738092e+00,1.461250e+00,1.601490e+00,1.601818e+00,1.737306e+00,1.550500e+00,1.606353e+00,1.592553e+00,1.325827e-01,1.312248e+00,1.760777e+00
5.561000e+00,1.141640e+00,1.737786e+00,1.760291e+00,1.707085e+00,1.627222e+00,1.756385e+00,1.710994e+00,1.636019e+00,1.657172e+00,1.461342e+00,1.401900e+00,1.563569e+00,1.432233e+00,1.690345e+00,1.337120e+00,1.481421e+00,1.312958e+00,1.660301e+00,1.738728e+00,1.461812e+00,1.602356e+00,1.602778e+00,1.737918e+00,1.549375e+00,1.607176e+00,1.593095e+00,1.326612e-01,1.312958e+00,1.760291e+00
5.562000e+00,1.141750e+00,1.739618e+00,1.762913e+00,1.709686e+00,1.628444e+00,1.757308e+00,1.711522e+00,1.636327e+00,1.657103e+00,1.461409e+00,1.402500e+00,1.564610e+00,1.433011e+00,1.691271e+00,1.339120e+00,1.482256e+00,1.313669e+00,1.661145e+00,1.739364e+00,1.463000e+00,1.603173e+00,1.603788e+00,1.739429e+00,1.551500e+00,1.607294e+00,1.594144e+00,1.327911e-01,1.313669e+00,1.762913e+00
5.563000e+00,1.141970e+00,1.739847e+00,1.763592e+00,1.712377e+00,1.627556e+00,1.757692e+00,1.712050e+00,1.637275e+00,1.658000e+00,1.461544e+00,1.402850e+00,1.565465e+00,1.433789e+00,1.692196e+00,1.339040e+00,1.483092e+00,1.314381e+00,1.662349e+00,1.740231e+00,1.464750e+00,1.603462e+00,1.604495e+00,1.740939e+00,1.550000e+00,1.607059e+00,1.594751e+00,1.329498e-01,1.314381e+00,1.763592e+00
5.564000e+00,1.142400e+00,1.740305e+00,1.764951e+00,1.714036e+00,1.626889e+00,1.758423e+00,1.712329e+00,1.638436e+00,1.658759e+00,1.461611e+00,1.404000e+00,1.566394e+00,1.434569e+00,1.693122e+00,1.338560e+00,1.483928e+00,1.315093e+00,1.663072e+00,1.741156e+00,1.464812e+00,1.604471e+00,1.605354e+00,1.742163e+00,1.554500e+00,1.606941e+00,1.595578e+00,1.330861e-01,1.315093e+00,1.764951e+00
5.565000e+00,1.142560e+00,1.742214e+00,1.764272e+00,1.714439e+00,1.626111e+00,1.759308e+00,1.713975e+00,1.639408e+00,1.660138e+00,1.463490e+00,1.404150e+00,1.567286e+00,1.435351e+00,1.694048e+00,1.339120e+00,1.484765e+00,1.315806e+00,1.664880e+00,1.742370e+00,1.465375e+00,1.605865e+00,1.606616e+00,1.743020e+00,1.555375e+00,1.606765e+00,1.596423e+00,1.331530e-01,1.315806e+00,1.764272e+00
5.566000e+00,1.142920e+00,1.744046e+00,1.766699e+00,1.712825e+00,1.625556e+00,1.760423e+00,1.714845e+00,1.640640e+00,1.661586e+00,1.463624e+00,1.404950e+00,1.567695e+00,1.436133e+00,1.694974e+00,1.338240e+00,1.485602e+00,1.316520e+00,1.665904e+00,1.743237e+00,1.467062e+00,1.606538e+00,1.607475e+00,1.744735e+00,1.554500e+00,1.607471e+00,1.597137e+00,1.334359e-01,1.316520e+00,1.766699e+00
5.567000e+00,1.143100e+00,1.744580e+00,1.766699e+00,1.713498e+00,1.624667e+00,1.760769e+00,1.715683e+00,1.641185e+00,1.663034e+00,1.465302e+00,1.405600e+00,1.568401e+00,1.436918e+00,1.695900e+00,1.338640e+00,1.486439e+00,1.317234e+00,1.665783e+00,1.742197e+00,1.467062e+00,1.605481e+00,1.609444e+00,1.745224e+00,1.556250e+00,1.608588e+00,1.597691e+00,1.332694e-01,1.317234e+00,1.766699e+00
5.568000e+00,1.143290e+00,1.745802e+00,1.767379e+00,1.715381e+00,1.626556e+00,1.760923e+00,1.715435e+00,1.642441e+00,1.663034e+00,1.466510e+00,1.406200e+00,1.569405e+00,1.437703e+00,1.696826e+00,1.340320e+00,1.487277e+00,1.317949e+00,1.666024e+00,1.740694e+00,1.468562e+00,1.603365e+00,1.610556e+00,1.746694e+00,1.554750e+00,1.609118e+00,1.598288e+00,1.330949e-01,1.317949e+00,1.767379e+00
5.569000e+00,1.143610e+00,1.747710e+00,1.766796e+00,1.717713e+00,1.625556e+00,1.761769e+00,1.714845e+00,1.643649e+00,1.663172e+00,1.468322e+00,1.407250e+00,1.570409e+00,1.438491e+00,1.697752e+00,1.340320e+00,1.488115e+00,1.318665e+00,1.666386e+00,1.740462e+00,1.469125e+00,1.602404e+00,1.611919e+00,1.746939e+00,1.558375e+00,1.609235e+00,1.598974e+00,1.329645e-01,1.318665e+00,1.766796e+00
5.570000e+00,1.143730e+00,1.748626e+00,1.769320e+00,1.718789e+00,1.627667e+00,1.762000e+00,1.714099e+00,1.645024e+00,1.664483e+00,1.469060e+00,1.407100e+00,1.571375e+00,1.439279e+00,1.698678e+00,1.341760e+00,1.488953e+00,1.319381e+00,1.667108e+00,1.741156e+00,1.471000e+00,1.602981e+00,1.612626e+00,1.747592e+00,1.556500e+00,1.609471e+00,1.599751e+00,1.330092e-01,1.319381e+00,1.769320e+00
5.571000e+00,1.144200e+00,1.749695e+00,1.770388e+00,1.719776e+00,1.629556e+00,1.762577e+00,1.713199e+00,1.645427e+00,1.665448e+00,1.469463e+00,1.408650e+00,1.572230e+00,1.440069e+00,1.699605e+00,1.341840e+00,1.489791e+00,1.320099e+00,1.667229e+00,1.741445e+00,1.472125e+00,1.603125e+00,1.613485e+00,1.746735e+00,1.557750e+00,1.610235e+00,1.600414e+00,1.328849e-01,1.320099e+00,1.770388e+00
5.572000e+00,1.144350e+00,1.750611e+00,1.772330e+00,1.719955e+00,1.628111e+00,1.763769e+00,1.713199e+00,1.646777e+00,1.666414e+00,1.470336e+00,1.409400e+00,1.573123e+00,1.440861e+00,1.700531e+00,1.341840e+00,1.490630e+00,1.320816e+00,1.666988e+00,1.742428e+00,1.472312e+00,1.603077e+00,1.614798e+00,1.745837e+00,1.557875e+00,1.611059e+00,1.600962e+00,1.329301e-01,1.320816e+00,1.772330e+00
5.573000e+00,1.144640e+00,1.751908e+00,1.771845e+00,1.719103e+00,1.630000e+00,1.764615e+00,1.713696e+00,1.647583e+00,1.668621e+00,1.472013e+00,1.410400e+00,1.574572e+00,1.441654e+00,1.701457e+00,1.342800e+00,1.491470e+00,1.321535e+00,1.667651e+00,1.743410e+00,1.473062e+00,1.604231e+00,1.615505e+00,1.745592e+00,1.561125e+00,1.611412e+00,1.601886e+00,1.327237e-01,1.321535e+00,1.771845e+00
5.574000e+00,1.144940e+00,1.752901e+00,1.772427e+00,1.719865e+00,1.631444e+00,1.765654e+00,1.714193e+00,1.649052e+00,1.669241e+00,1.473356e+00,1.410350e+00,1.575167e+00,1.442448e+00,1.702384e+00,1.342240e+00,1.492309e+00,1.322254e+00,1.669699e+00,1.744277e+00,1.474125e+00,1.604808e+00,1.616010e+00,1.746204e+00,1.561375e+00,1.611588e+00,1.602641e+00,1.328985e-01,1.322254e+00,1.772427e+00
5.575000e+00,1.145140e+00,1.752977e+00,1.773689e+00,1.721435e+00,1.631000e+00,1.765577e+00,1.714627e+00,1.650024e+00,1.669793e+00,1.474832e+00,1.410750e+00,1.575056e+00,1.443244e+00,1.703310e+00,1.343360e+00,1.493149e+00,1.322974e+00,1.670422e+00,1.745318e+00,1.475000e+00,1.605913e+00,1.616414e+00,1.746408e+00,1.562000e+00,1.613000e+00,1.603345e+00,1.328167e-01,1.322974e+00,1.773689e+00
5.576000e+00,1.145480e+00,1.756031e+00,1.772816e+00,1.723587e+00,1.633222e+00,1.764077e+00,1.715093e+00,1.651066e+00,1.669379e+00,1.475906e+00,1.411700e+00,1.575204e+00,1.444041e+00,1.704237e+00,1.343680e+00,1.493990e+00,1.323695e+00,1.672108e+00,1.747688e+00,1.474813e+00,1.607308e+00,1.615354e+00,1.747510e+00,1.562000e+00,1.612647e+00,1.604048e+00,1.329257e-01,1.323695e+00,1.772816e+00
5.577000e+00,1.145600e+00,1.754885e+00,1.772621e+00,1.726099e+00,1.635444e+00,1.763231e+00,1.717329e+00,1.652109e+00,1.668759e+00,1.476846e+00,1.412300e+00,1.575093e+00,1.444839e+00,1.705164e+00,1.343120e+00,1.494830e+00,1.324416e+00,1.673494e+00,1.748497e+00,1.476437e+00,1.608269e+00,1.613990e+00,1.748408e+00,1.563000e+00,1.613353e+00,1.604689e+00,1.329121e-01,1.324416e+00,1.772621e+00
5.578000e+00,1.146000e+00,1.756641e+00,1.773010e+00,1.727982e+00,1.635333e+00,1.764269e+00,1.718851e+00,1.652678e+00,1.668621e+00,1.477852e+00,1.412900e+00,1.575428e+00,1.445639e+00,1.706091e+00,1.344560e+00,1.495671e+00,1.325138e+00,1.675542e+00,1.749364e+00,1.476875e+00,1.609327e+00,1.613939e+00,1.750163e+00,1.563750e+00,1.614059e+00,1.605570e+00,1.330351e-01,1.325138e+00,1.773010e+00
5.579000e+00,1.146210e+00,1.757939e+00,1.773495e+00,1.728610e+00,1.635889e+00,1.764808e+00,1.719689e+00,1.653175e+00,1.669448e+00,1.478725e+00,1.413700e+00,1.576617e+00,1.446440e+00,1.707018e+00,1.345440e+00,1.496513e+00,1.325861e+00,1.676386e+00,1.750462e+00,1.477875e+00,1.610769e+00,1.613586e+00,1.751714e+00,1.563125e+00,1.614882e+00,1.606340e+00,1.330715e-01,1.325861e+00,1.773495e+00
5.580000e+00,1.146440e+00,1.758626e+00,1.776408e+00,1.729327e+00,1.638000e+00,1.765462e+00,1.720124e+00,1.653246e+00,1.668759e+00,1.480067e+00,1.413650e+00,1.576654e+00,1.447242e+00,1.707945e+00,1.346720e+00,1.497354e+00,1.326584e+00,1.676627e+00,1.752023e+00,1.479375e+00,1.611442e+00,1.613687e+00,1.752327e+00,1.564500e+00,1.615765e+00,1.607163e+00,1.331101e-01,1.326584e+00,1.776408e+00
5.581000e+00,1.146680e+00,1.759542e+00,1.775340e+00,1.729058e+00,1.638889e+00,1.767077e+00,1.720745e+00,1.652417e+00,1.670966e+00,1.480201e+00,1.413650e+00,1.578067e+00,1.448046e+00,1.708872e+00,1.346720e+00,1.498196e+00,1.327308e+00,1.676386e+00,1.753006e+00,1.479250e+00,1.612692e+00,1.614747e+00,1.753918e+00,1.565125e+00,1.616235e+00,1.607769e+00,1.332211e-01,1.327308e+00,1.775340e+00
5.582000e+00,1.146860e+00,1.760382e+00,1.778544e+00,1.729955e+00,1.637556e+00,1.767462e+00,1.721025e+00,1.652180e+00,1.671586e+00,1.481678e+00,1.414100e+00,1.579331e+00,1.448851e+00,1.709800e+00,1.347680e+00,1.499039e+00,1.328033e+00,1.677349e+00,1.754277e+00,1.480938e+00,1.613269e+00,1.616465e+00,1.754694e+00,1.565375e+00,1.616294e+00,1.608578e+00,1.332581e-01,1.328033e+00,1.778544e+00
5.583000e+00,1.147230e+00,1.763130e+00,1.777476e+00,1.731480e+00,1.640222e+00,1.767577e+00,1.721304e+00,1.652085e+00,1.672966e+00,1.482819e+00,1.413750e+00,1.580037e+00,1.449657e+00,1.710727e+00,1.347600e+00,1.499882e+00,1.328758e+00,1.678012e+00,1.756243e+00,1.481688e+00,1.614231e+00,1.617323e+00,1.755918e+00,1.566875e+00,1.617059e+00,1.609451e+00,1.334454e-01,1.328758e+00,1.777476e+00
5.584000e+00,1.147480e+00,1.763359e+00,1.779903e+00,1.733318e+00,1.641556e+00,1.768577e+00,1.722205e+00,1.652654e+00,1.674000e+00,1.483691e+00,1.413050e+00,1.581524e+00,1.450465e+00,1.711655e+00,1.349200e+00,1.500725e+00,1.329485e+00,1.679639e+00,1.757341e+00,1.481688e+00,1.615481e+00,1.619040e+00,1.756980e+00,1.567000e+00,1.617176e+00,1.610405e+00,1.336758e-01,1.329485e+00,1.779903e+00
5.585000e+00,1.147750e+00,1.764275e+00,1.778544e+00,1.734215e+00,1.640333e+00,1.769038e+00,1.722950e+00,1.653057e+00,1.675103e+00,1.484497e+00,1.412700e+00,1.582602e+00,1.451298e+00,1.712583e+00,1.348160e+00,1.501568e+00,1.330212e+00,1.680422e+00,1.759769e+00,1.482375e+00,1.616875e+00,1.620303e+00,1.758898e+00,1.566875e+00,1.614706e+00,1.610890e+00,1.339003e-01,1.330212e+00,1.778544e+00
5.586000e+00,1.148000e+00,1.765802e+00,1.780485e+00,1.734484e+00,1.642000e+00,1.769731e+00,1.724068e+00,1.654052e+00,1.676138e+00,1.485436e+00,1.413250e+00,1.583160e+00,1.452133e+00,1.713510e+00,1.349280e+00,1.502412e+00,1.330939e+00,1.682229e+00,1.760405e+00,1.483625e+00,1.617596e+00,1.622222e+00,1.760571e+00,1.567750e+00,1.613471e+00,1.611865e+00,1.340258e-01,1.330939e+00,1.780485e+00
5.587000e+00,1.148200e+00,1.766336e+00,1.780583e+00,1.734036e+00,1.642889e+00,1.770731e+00,1.724565e+00,1.654621e+00,1.677172e+00,1.485973e+00,1.413850e+00,1.583903e+00,1.452945e+00,1.714438e+00,1.348480e+00,1.503256e+00,1.331668e+00,1.682711e+00,1.761734e+00,1.483812e+00,1.618846e+00,1.623182e+00,1.760776e+00,1.568375e+00,1.613118e+00,1.612417e+00,1.341109e-01,1.331668e+00,1.780583e+00
5.588000e+00,1.148290e+00,1.765954e+00,1.782816e+00,1.734170e+00,1.644556e+00,1.771846e+00,1.726025e+00,1.655308e+00,1.678207e+00,1.487181e+00,1.414550e+00,1.585576e+00,1.453758e+00,1.715367e+00,1.350480e+00,1.504101e+00,1.332397e+00,1.682831e+00,1.763064e+00,1.484312e+00,1.620144e+00,1.624747e+00,1.762367e+00,1.569750e+00,1.612824e+00,1.613430e+00,1.341014e-01,1.332397e+00,1.782816e+00
5.589000e+00,1.148510e+00,1.766031e+00,1.782621e+00,1.734170e+00,1.644444e+00,1.772538e+00,1.726832e+00,1.657062e+00,1.679586e+00,1.489195e+00,1.415050e+00,1.586171e+00,1.454572e+00,1.716295e+00,1.350320e+00,1.504946e+00,1.333126e+00,1.680181e+00,1.764335e+00,1.485062e+00,1.621683e+00,1.626313e+00,1.762531e+00,1.567375e+00,1.612941e+00,1.613891e+00,1.340260e-01,1.333126e+00,1.782621e+00
5.590000e+00,1.149010e+00,1.768092e+00,1.784078e+00,1.734888e+00,1.646111e+00,1.772115e+00,1.727702e+00,1.658081e+00,1.681586e+00,1.489530e+00,1.415200e+00,1.587138e+00,1.455387e+00,1.717223e+00,1.349120e+00,1.505791e+00,1.333857e+00,1.677530e+00,1.765954e+00,1.485937e+00,1.622644e+00,1.627980e+00,1.764531e+00,1.563375e+00,1.613941e+00,1.614491e+00,1.344228e-01,1.333857e+00,1.784078e+00
5.591000e+00,1.149060e+00,1.767252e+00,1.783981e+00,1.735336e+00,1.645000e+00,1.772769e+00,1.729037e+00,1.659005e+00,1.683310e+00,1.490872e+00,1.416500e+00,1.588364e+00,1.456203e+00,1.718152e+00,1.349200e+00,1.506637e+00,1.334588e+00,1.677048e+00,1.766416e+00,1.486750e+00,1.623510e+00,1.629091e+00,1.765020e+00,1.562250e+00,1.614824e+00,1.615046e+00,1.342879e-01,1.334588e+00,1.783981e+00
5.592000e+00,1.149410e+00,1.767634e+00,1.786019e+00,1.734798e+00,1.645111e+00,1.773692e+00,1.730093e+00,1.659858e+00,1.684966e+00,1.491879e+00,1.416700e+00,1.589182e+00,1.457020e+00,1.719081e+00,1.348160e+00,1.507483e+00,1.335320e+00,1.675783e+00,1.766763e+00,1.487125e+00,1.624760e+00,1.630657e+00,1.766204e+00,1.563000e+00,1.616000e+00,1.615720e+00,1.344801e-01,1.335320e+00,1.786019e+00
5.593000e+00,1.149710e+00,1.769313e+00,1.785534e+00,1.734036e+00,1.645222e+00,1.774231e+00,1.730839e+00,1.661090e+00,1.685517e+00,1.491678e+00,1.416950e+00,1.590558e+00,1.457839e+00,1.720010e+00,1.346960e+00,1.508329e+00,1.336053e+00,1.675723e+00,1.768150e+00,1.488125e+00,1.625529e+00,1.631212e+00,1.766857e+00,1.562875e+00,1.616529e+00,1.616215e+00,1.346286e-01,1.336053e+00,1.785534e+00
5.594000e+00,1.149850e+00,1.771145e+00,1.786699e+00,1.733812e+00,1.648556e+00,1.775269e+00,1.731584e+00,1.662583e+00,1.686000e+00,1.491007e+00,1.418300e+00,1.591747e+00,1.458659e+00,1.720939e+00,1.346880e+00,1.509176e+00,1.336786e+00,1.676747e+00,1.768671e+00,1.488938e+00,1.625817e+00,1.632525e+00,1.767796e+00,1.562375e+00,1.616647e+00,1.617027e+00,1.348165e-01,1.336786e+00,1.786699e+00
5.595000e+00,1.150210e+00,1.771374e+00,1.788738e+00,1.733587e+00,1.646000e+00,1.776077e+00,1.732484e+00,1.664597e+00,1.686690e+00,1.491544e+00,1.419200e+00,1.593123e+00,1.459480e+00,1.721868e+00,1.349200e+00,1.510024e+00,1.337520e+00,1.678434e+00,1.769884e+00,1.489937e+00,1.627596e+00,1.633081e+00,1.769469e+00,1.564625e+00,1.617765e+00,1.618012e+00,1.347322e-01,1.337520e+00,1.788738e+00
5.596000e+00,1.150350e+00,1.771298e+00,1.787864e+00,1.734439e+00,1.648000e+00,1.777077e+00,1.733478e+00,1.665877e+00,1.687655e+00,1.492819e+00,1.419700e+00,1.594572e+00,1.460302e+00,1.722798e+00,1.348880e+00,1.510872e+00,1.338255e+00,1.679940e+00,1.771329e+00,1.490625e+00,1.627548e+00,1.633636e+00,1.770531e+00,1.565875e+00,1.618765e+00,1.618839e+00,1.347872e-01,1.338255e+00,1.787864e+00
5.597000e+00,1.150600e+00,1.774580e+00,1.789223e+00,1.736726e+00,1.649556e+00,1.777654e+00,1.734317e+00,1.667322e+00,1.688897e+00,1.493624e+00,1.420650e+00,1.595576e+00,1.461126e+00,1.723727e+00,1.349760e+00,1.511721e+00,1.338990e+00,1.681747e+00,1.772601e+00,1.490500e+00,1.628894e+00,1.635909e+00,1.771306e+00,1.567375e+00,1.619235e+00,1.620042e+00,1.350669e-01,1.338990e+00,1.789223e+00
5.598000e+00,1.150870e+00,1.774962e+00,1.790680e+00,1.738520e+00,1.649778e+00,1.779000e+00,1.734565e+00,1.668294e+00,1.691034e+00,1.494228e+00,1.421600e+00,1.596952e+00,1.461950e+00,1.724657e+00,1.349280e+00,1.512570e+00,1.339727e+00,1.683855e+00,1.772486e+00,1.491875e+00,1.630096e+00,1.636970e+00,1.772571e+00,1.568625e+00,1.620235e+00,1.621021e+00,1.352343e-01,1.339727e+00,1.790680e+00
5.599000e+00,1.151180e+00,1.776718e+00,1.791553e+00,1.740045e+00,1.651667e+00,1.778962e+00,1.735621e+00,1.669360e+00,1.692690e+00,1.494899e+00,1.422350e+00,1.597546e+00,1.462776e+00,1.725587e+00,1.350800e+00,1.513419e+00,1.340463e+00,1.685301e+00,1.774393e+00,1.492250e+00,1.630817e+00,1.637980e+00,1.772898e+00,1.569125e+00,1.621294e+00,1.622021e+00,1.353314e-01,1.340463e+00,1.791553e+00
5.600000e+00,1.151410e+00,1.777786e+00,1.793204e+00,1.743004e+00,1.652111e+00,1.780462e+00,1.736273e+00,1.670190e+00,1.693448e+00,1.496174e+00,1.423150e+00,1.599331e+00,1.463603e+00,1.726521e+00,1.352480e+00,1.514269e+00,1.341201e+00,1.686024e+00,1.774682e+00,1.491875e+00,1.631394e+00,1.639394e+00,1.773878e+00,1.572125e+00,1.622118e+00,1.623112e+00,1.353976e-01,1.341201e+00,1.793204e+00
5.601000e+00,1.151820e+00,1.777405e+00,1.793301e+00,1.743812e+00,1.653889e+00,1.781885e+00,1.737081e+00,1.671564e+00,1.694966e+00,1.496107e+00,1.423500e+00,1.600855e+00,1.464431e+00,1.727456e+00,1.350720e+00,1.515119e+00,1.341940e+00,1.687169e+00,1.775838e+00,1.492625e+00,1.632548e+00,1.640253e+00,1.774531e+00,1.571000e+00,1.623059e+00,1.623794e+00,1.356958e-01,1.341940e+00,1.793301e+00
5.602000e+00,1.151960e+00,1.779618e+00,1.793883e+00,1.743946e+00,1.654889e+00,1.782654e+00,1.737888e+00,1.672133e+00,1.695448e+00,1.497584e+00,1.424450e+00,1.602119e+00,1.465260e+00,1.728391e+00,1.352000e+00,1.515969e+00,1.342679e+00,1.687952e+00,1.776994e+00,1.492500e+00,1.633365e+00,1.641768e+00,1.776327e+00,1.571500e+00,1.624118e+00,1.624726e+00,1.357531e-01,1.342679e+00,1.793883e+00
5.603000e+00,1.152270e+00,1.780229e+00,1.795534e+00,1.744709e+00,1.653444e+00,1.783231e+00,1.738230e+00,1.673294e+00,1.696207e+00,1.499329e+00,1.424550e+00,1.602788e+00,1.466091e+00,1.729326e+00,1.353200e+00,1.516820e+00,1.343419e+00,1.687892e+00,1.777514e+00,1.494500e+00,1.633798e+00,1.643182e+00,1.776939e+00,1.573375e+00,1.625000e+00,1.625525e+00,1.356228e-01,1.343419e+00,1.795534e+00
5.604000e+00,1.152440e+00,1.782824e+00,1.797379e+00,1.746368e+00,1.654333e+00,1.783231e+00,1.739876e+00,1.673910e+00,1.697241e+00,1.499866e+00,1.426000e+00,1.604052e+00,1.466922e+00,1.730261e+00,1.354000e+00,1.517671e+00,1.344159e+00,1.689157e+00,1.778208e+00,1.495750e+00,1.633558e+00,1.644293e+00,1.775837e+00,1.575250e+00,1.625588e+00,1.626489e+00,1.356421e-01,1.344159e+00,1.797379e+00
5.605000e+00,1.152600e+00,1.782977e+00,1.797573e+00,1.746682e+00,1.655000e+00,1.784615e+00,1.739969e+00,1.674810e+00,1.698483e+00,1.501544e+00,1.426400e+00,1.604684e+00,1.467755e+00,1.731197e+00,1.354400e+00,1.518523e+00,1.344901e+00,1.691205e+00,1.777341e+00,1.495812e+00,1.632885e+00,1.645657e+00,1.775469e+00,1.576250e+00,1.626235e+00,1.627099e+00,1.355268e-01,1.344901e+00,1.797573e+00
5.606000e+00,1.153010e+00,1.782672e+00,1.799029e+00,1.748341e+00,1.655556e+00,1.785038e+00,1.740497e+00,1.675545e+00,1.700207e+00,1.503154e+00,1.427050e+00,1.605242e+00,1.468589e+00,1.732132e+00,1.354000e+00,1.519375e+00,1.345643e+00,1.694157e+00,1.775723e+00,1.496813e+00,1.631923e+00,1.646566e+00,1.775673e+00,1.577000e+00,1.628059e+00,1.627833e+00,1.355121e-01,1.345643e+00,1.799029e+00
5.607000e+00,1.153160e+00,1.785573e+00,1.798544e+00,1.748565e+00,1.657333e+00,1.785462e+00,1.740963e+00,1.676019e+00,1.701862e+00,1.504430e+00,1.427600e+00,1.606468e+00,1.469424e+00,1.733063e+00,1.355280e+00,1.520228e+00,1.346386e+00,1.695361e+00,1.775723e+00,1.497500e+00,1.632356e+00,1.647778e+00,1.776163e+00,1.579500e+00,1.628412e+00,1.628750e+00,1.354151e-01,1.346386e+00,1.798544e+00
5.608000e+00,1.153400e+00,1.785954e+00,1.798641e+00,1.747848e+00,1.656778e+00,1.785962e+00,1.741677e+00,1.676611e+00,1.702414e+00,1.505973e+00,1.428600e+00,1.607621e+00,1.470260e+00,1.733995e+00,1.355840e+00,1.521081e+00,1.347129e+00,1.696928e+00,1.776243e+00,1.498000e+00,1.632067e+00,1.648939e+00,1.777102e+00,1.580750e+00,1.629353e+00,1.629407e+00,1.352634e-01,1.347129e+00,1.798641e+00
5.609000e+00,1.153760e+00,1.788015e+00,1.799320e+00,1.748655e+00,1.658444e+00,1.786231e+00,1.742857e+00,1.677512e+00,1.703241e+00,1.506644e+00,1.429050e+00,1.608439e+00,1.471098e+00,1.734926e+00,1.356400e+00,1.521935e+00,1.347874e+00,1.699277e+00,1.777572e+00,1.498437e+00,1.633558e+00,1.650859e+00,1.778163e+00,1.582250e+00,1.629824e+00,1.630441e+00,1.354477e-01,1.347874e+00,1.799320e+00
5.610000e+00,1.154000e+00,1.787786e+00,1.797476e+00,1.750000e+00,1.659333e+00,1.786692e+00,1.743758e+00,1.678863e+00,1.704276e+00,1.508322e+00,1.429600e+00,1.609108e+00,1.471936e+00,1.735858e+00,1.355360e+00,1.522789e+00,1.348619e+00,1.699157e+00,1.779133e+00,1.500250e+00,1.634615e+00,1.651616e+00,1.779224e+00,1.581500e+00,1.630765e+00,1.631085e+00,1.354362e-01,1.348619e+00,1.797476e+00
5.611000e+00,1.154210e+00,1.790992e+00,1.800680e+00,1.750628e+00,1.659222e+00,1.786538e+00,1.744969e+00,1.679645e+00,1.705724e+00,1.509396e+00,1.430700e+00,1.610409e+00,1.472776e+00,1.736790e+00,1.356720e+00,1.523644e+00,1.349365e+00,1.700301e+00,1.778786e+00,1.499000e+00,1.635913e+00,1.652576e+00,1.780245e+00,1.582125e+00,1.631588e+00,1.632031e+00,1.356240e-01,1.349365e+00,1.800680e+00
5.612000e+00,1.154430e+00,1.789618e+00,1.800777e+00,1.751659e+00,1.659889e+00,1.786962e+00,1.745745e+00,1.680687e+00,1.706414e+00,1.511007e+00,1.431350e+00,1.611413e+00,1.473617e+00,1.737722e+00,1.358000e+00,1.524499e+00,1.350111e+00,1.700361e+00,1.780173e+00,1.497250e+00,1.637019e+00,1.653384e+00,1.781143e+00,1.583500e+00,1.631882e+00,1.632674e+00,1.355264e-01,1.350111e+00,1.800777e+00
5.613000e+00,1.154730e+00,1.791374e+00,1.801262e+00,1.753632e+00,1.661333e+00,1.786923e+00,1.746646e+00,1.681611e+00,1.707172e+00,1.512483e+00,1.432050e+00,1.612305e+00,1.474459e+00,1.738654e+00,1.358640e+00,1.525355e+00,1.350861e+00,1.701145e+00,1.775434e+00,1.497688e+00,1.638029e+00,1.654747e+00,1.782000e+00,1.583875e+00,1.633235e+00,1.633371e+00,1.353493e-01,1.350861e+00,1.801262e+00
5.614000e+00,1.154950e+00,1.793511e+00,1.802524e+00,1.754798e+00,1.661556e+00,1.786423e+00,1.747174e+00,1.683199e+00,1.706276e+00,1.513356e+00,1.433100e+00,1.612230e+00,1.475302e+00,1.739587e+00,1.358640e+00,1.526211e+00,1.351611e+00,1.702470e+00,1.780173e+00,1.496563e+00,1.638990e+00,1.655000e+00,1.783755e+00,1.585625e+00,1.633588e+00,1.634236e+00,1.357026e-01,1.351611e+00,1.802524e+00
5.615000e+00,1.155340e+00,1.795573e+00,1.803010e+00,1.756054e+00,1.661889e+00,1.785654e+00,1.747267e+00,1.683744e+00,1.707379e+00,1.513826e+00,1.433350e+00,1.612193e+00,1.476146e+00,1.740519e+00,1.359200e+00,1.527068e+00,1.352360e+00,1.703976e+00,1.781272e+00,1.495937e+00,1.639952e+00,1.656414e+00,1.783837e+00,1.586250e+00,1.634529e+00,1.634892e+00,1.358065e-01,1.352360e+00,1.803010e+00
5.616000e+00,1.155550e+00,1.796794e+00,1.802913e+00,1.757668e+00,1.662222e+00,1.785615e+00,1.747609e+00,1.684123e+00,1.706966e+00,1.515235e+00,1.434400e+00,1.613011e+00,1.476992e+00,1.741452e+00,1.359200e+00,1.527925e+00,1.353110e+00,1.705542e+00,1.782428e+00,1.496938e+00,1.640577e+00,1.657121e+00,1.784939e+00,1.589125e+00,1.635765e+00,1.635736e+00,1.357607e-01,1.353110e+00,1.802913e+00
5.617000e+00,1.155760e+00,1.796794e+00,1.805437e+00,1.759013e+00,1.663000e+00,1.786038e+00,1.748602e+00,1.683720e+00,1.707931e+00,1.516510e+00,1.435200e+00,1.614015e+00,1.477838e+00,1.742385e+00,1.361360e+00,1.528783e+00,1.353861e+00,1.707470e+00,1.784335e+00,1.498000e+00,1.641875e+00,1.659394e+00,1.784735e+00,1.588500e+00,1.635882e+00,1.636695e+00,1.357250e-01,1.353861e+00,1.805437e+00
5.618000e+00,1.156050e+00,1.798015e+00,1.805631e+00,1.760942e+00,1.663556e+00,1.786385e+00,1.749503e+00,1.683199e+00,1.708069e+00,1.517919e+00,1.435400e+00,1.614312e+00,1.478686e+00,1.743318e+00,1.360880e+00,1.529642e+00,1.354612e+00,1.708133e+00,1.786127e+00,1.498000e+00,1.642837e+00,1.660253e+00,1.787184e+00,1.591125e+00,1.637118e+00,1.637535e+00,1.359610e-01,1.354612e+00,1.805631e+00
5.619000e+00,1.156190e+00,1.799084e+00,1.807379e+00,1.763004e+00,1.663667e+00,1.787423e+00,1.750031e+00,1.683602e+00,1.709103e+00,1.518792e+00,1.436350e+00,1.615836e+00,1.479535e+00,1.744251e+00,1.361200e+00,1.530500e+00,1.355364e+00,1.708494e+00,1.787168e+00,1.499437e+00,1.643125e+00,1.661061e+00,1.787837e+00,1.591000e+00,1.638294e+00,1.638397e+00,1.360748e-01,1.355364e+00,1.807379e+00
5.620000e+00,1.156600e+00,1.800763e+00,1.808155e+00,1.764439e+00,1.665000e+00,1.787577e+00,1.749876e+00,1.684123e+00,1.710759e+00,1.520738e+00,1.436900e+00,1.616766e+00,1.480385e+00,1.745185e+00,1.361840e+00,1.531360e+00,1.356117e+00,1.708313e+00,1.790000e+00,1.499937e+00,1.644615e+00,1.662172e+00,1.789306e+00,1.592875e+00,1.638706e+00,1.639413e+00,1.361921e-01,1.356117e+00,1.808155e+00
5.621000e+00,1.156870e+00,1.801985e+00,1.809320e+00,1.767399e+00,1.666000e+00,1.788731e+00,1.749317e+00,1.685237e+00,1.712207e+00,1.521611e+00,1.438100e+00,1.618625e+00,1.481236e+00,1.746118e+00,1.363280e+00,1.532220e+00,1.356871e+00,1.709639e+00,1.790983e+00,1.500625e+00,1.645865e+00,1.663586e+00,1.790327e+00,1.591750e+00,1.639647e+00,1.640445e+00,1.362879e-01,1.356871e+00,1.809320e+00
5.622000e+00,1.157100e+00,1.801145e+00,1.808932e+00,1.767578e+00,1.667444e+00,1.790154e+00,1.748602e+00,1.685711e+00,1.713586e+00,1.522416e+00,1.438950e+00,1.619257e+00,1.482089e+00,1.747052e+00,1.363760e+00,1.533080e+00,1.357625e+00,1.710060e+00,1.792081e+00,1.501313e+00,1.646779e+00,1.664545e+00,1.791714e+00,1.594750e+00,1.640471e+00,1.641212e+00,1.361493e-01,1.357625e+00,1.808932e+00
5.623000e+00,1.157340e+00,1.803817e+00,1.810097e+00,1.767758e+00,1.668667e+00,1.791385e+00,1.748323e+00,1.685995e+00,1.715862e+00,1.522953e+00,1.439550e+00,1.619963e+00,1.482942e+00,1.747986e+00,1.364880e+00,1.533942e+00,1.358380e+00,1.710843e+00,1.793642e+00,1.502687e+00,1.648510e+00,1.664394e+00,1.792612e+00,1.594250e+00,1.640824e+00,1.642094e+00,1.362778e-01,1.358380e+00,1.810097e+00
5.624000e+00,1.157650e+00,1.803817e+00,1.811262e+00,1.768700e+00,1.667889e+00,1.791923e+00,1.749099e+00,1.686374e+00,1.716207e+00,1.522752e+00,1.440000e+00,1.621561e+00,1.483797e+00,1.748920e+00,1.366320e+00,1.534803e+00,1.359137e+00,1.711988e+00,1.794913e+00,1.503312e+00,1.649423e+00,1.663586e+00,1.793796e+00,1.595250e+00,1.641471e+00,1.642762e+00,1.362649e-01,1.359137e+00,1.811262e+00
5.625000e+00,1.157870e+00,1.806107e+00,1.811845e+00,1.769283e+00,1.665556e+00,1.792769e+00,1.749565e+00,1.687464e+00,1.716897e+00,1.524698e+00,1.440500e+00,1.621859e+00,1.484652e+00,1.749854e+00,1.366160e+00,1.535666e+00,1.359893e+00,1.714157e+00,1.796590e+00,1.504813e+00,1.649712e+00,1.662424e+00,1.795061e+00,1.596250e+00,1.642118e+00,1.643495e+00,1.363999e-01,1.359893e+00,1.811845e+00
5.626000e+00,1.158050e+00,1.805496e+00,1.811942e+00,1.769283e+00,1.666444e+00,1.793654e+00,1.750093e+00,1.688128e+00,1.718138e+00,1.525839e+00,1.441250e+00,1.623086e+00,1.485509e+00,1.750789e+00,1.366080e+00,1.536529e+00,1.360651e+00,1.715120e+00,1.797283e+00,1.506000e+00,1.651683e+00,1.662374e+00,1.796612e+00,1.596625e+00,1.643118e+00,1.644239e+00,1.363537e-01,1.360651e+00,1.811942e+00
5.627000e+00,1.158350e+00,1.807176e+00,1.813883e+00,1.770359e+00,1.663778e+00,1.793538e+00,1.750745e+00,1.689052e+00,1.718552e+00,1.526443e+00,1.439650e+00,1.623755e+00,1.486367e+00,1.751723e+00,1.367280e+00,1.537392e+00,1.361410e+00,1.716988e+00,1.797688e+00,1.507500e+00,1.653077e+00,1.662828e+00,1.797714e+00,1.597750e+00,1.644412e+00,1.644961e+00,1.365020e-01,1.361410e+00,1.813883e+00
5.628000e+00,1.158550e+00,1.807863e+00,1.814563e+00,1.771659e+00,1.665222e+00,1.794308e+00,1.751677e+00,1.689763e+00,1.719724e+00,1.525839e+00,1.439350e+00,1.625242e+00,1.487227e+00,1.752657e+00,1.368000e+00,1.538256e+00,1.362169e+00,1.718133e+00,1.798613e+00,1.508063e+00,1.654904e+00,1.663687e+00,1.798735e+00,1.598375e+00,1.644118e+00,1.645756e+00,1.366882e-01,1.362169e+00,1.814563e+00
5.629000e+00,1.158840e+00,1.807710e+00,1.815340e+00,1.771390e+00,1.664333e+00,1.795423e+00,1.752671e+00,1.691896e+00,1.721034e+00,1.526376e+00,1.439900e+00,1.627100e+00,1.488087e+00,1.753592e+00,1.369040e+00,1.539121e+00,1.362929e+00,1.718916e+00,1.800058e+00,1.508750e+00,1.656827e+00,1.664293e+00,1.799306e+00,1.598250e+00,1.644824e+00,1.646549e+00,1.366809e-01,1.362929e+00,1.815340e+00
5.630000e+00,1.159060e+00,1.808473e+00,1.815631e+00,1.772108e+00,1.664111e+00,1.795654e+00,1.752733e+00,1.692536e+00,1.723724e+00,1.526913e+00,1.439750e+00,1.627993e+00,1.488949e+00,1.754527e+00,1.369760e+00,1.539986e+00,1.363690e+00,1.719217e+00,1.801214e+00,1.510500e+00,1.657548e+00,1.665202e+00,1.800490e+00,1.601375e+00,1.645824e+00,1.647413e+00,1.366653e-01,1.363690e+00,1.815631e+00
5.631000e+00,1.159300e+00,1.807863e+00,1.816990e+00,1.772825e+00,1.664889e+00,1.796077e+00,1.753634e+00,1.694100e+00,1.725241e+00,1.526980e+00,1.440850e+00,1.629071e+00,1.489811e+00,1.755461e+00,1.370960e+00,1.540852e+00,1.364452e+00,1.719578e+00,1.801734e+00,1.510437e+00,1.658558e+00,1.666263e+00,1.801306e+00,1.602375e+00,1.646294e+00,1.648192e+00,1.366241e-01,1.364452e+00,1.816990e+00
5.632000e+00,1.159450e+00,1.809313e+00,1.818447e+00,1.773229e+00,1.665889e+00,1.795654e+00,1.754006e+00,1.695071e+00,1.727034e+00,1.527785e+00,1.441600e+00,1.630186e+00,1.490675e+00,1.756396e+00,1.371040e+00,1.541719e+00,1.365215e+00,1.720241e+00,1.803295e+00,1.512438e+00,1.659038e+00,1.667879e+00,1.801959e+00,1.601000e+00,1.647588e+00,1.649029e+00,1.367075e-01,1.365215e+00,1.818447e+00
5.633000e+00,1.159650e+00,1.809466e+00,1.819223e+00,1.775291e+00,1.666667e+00,1.796538e+00,1.755466e+00,1.696517e+00,1.729034e+00,1.529732e+00,1.442250e+00,1.632268e+00,1.491540e+00,1.757330e+00,1.370320e+00,1.542586e+00,1.365978e+00,1.720361e+00,1.804220e+00,1.514062e+00,1.660192e+00,1.668687e+00,1.803061e+00,1.601500e+00,1.647118e+00,1.649975e+00,1.368543e-01,1.365978e+00,1.819223e+00
5.634000e+00,1.160000e+00,1.810840e+00,1.818641e+00,1.776054e+00,1.667778e+00,1.797731e+00,1.756398e+00,1.697512e+00,1.729310e+00,1.531141e+00,1.443400e+00,1.633903e+00,1.492406e+00,1.758265e+00,1.370880e+00,1.543454e+00,1.366743e+00,1.720723e+00,1.805029e+00,1.514062e+00,1.661683e+00,1.670354e+00,1.803837e+00,1.602000e+00,1.646941e+00,1.650795e+00,1.368330e-01,1.366743e+00,1.818641e+00
5.635000e+00,1.160290e+00,1.812366e+00,1.820874e+00,1.776143e+00,1.667111e+00,1.798538e+00,1.757609e+00,1.699028e+00,1.730552e+00,1.532148e+00,1.443650e+00,1.634796e+00,1.493274e+00,1.759199e+00,1.372720e+00,1.544323e+00,1.367508e+00,1.721807e+00,1.806532e+00,1.515062e+00,1.662260e+00,1.671364e+00,1.804612e+00,1.603125e+00,1.647294e+00,1.651746e+00,1.369083e-01,1.367508e+00,1.820874e+00
5.636000e+00,1.160500e+00,1.812290e+00,1.821456e+00,1.777668e+00,1.669111e+00,1.800192e+00,1.758727e+00,1.699645e+00,1.731586e+00,1.534899e+00,1.444850e+00,1.636097e+00,1.494142e+00,1.760134e+00,1.374320e+00,1.545192e+00,1.368274e+00,1.723916e+00,1.807919e+00,1.515000e+00,1.663558e+00,1.672778e+00,1.805306e+00,1.603000e+00,1.649647e+00,1.652904e+00,1.368787e-01,1.368274e+00,1.821456e+00
5.637000e+00,1.160840e+00,1.814275e+00,1.823301e+00,1.779372e+00,1.668667e+00,1.801231e+00,1.759845e+00,1.700379e+00,1.733517e+00,1.535302e+00,1.445250e+00,1.637286e+00,1.495012e+00,1.761068e+00,1.373600e+00,1.546062e+00,1.369041e+00,1.725181e+00,1.808035e+00,1.516750e+00,1.664471e+00,1.675505e+00,1.804816e+00,1.603250e+00,1.650294e+00,1.653813e+00,1.371340e-01,1.369041e+00,1.823301e+00
5.638000e+00,1.161010e+00,1.815267e+00,1.821748e+00,1.779821e+00,1.671000e+00,1.802692e+00,1.761025e+00,1.701114e+00,1.735931e+00,1.536107e+00,1.446200e+00,1.639033e+00,1.495883e+00,1.762002e+00,1.374080e+00,1.546933e+00,1.369808e+00,1.725783e+00,1.809191e+00,1.516312e+00,1.665385e+00,1.676869e+00,1.803755e+00,1.604750e+00,1.650294e+00,1.654624e+00,1.370855e-01,1.369808e+00,1.821748e+00
5.639000e+00,1.161340e+00,1.816489e+00,1.821845e+00,1.781076e+00,1.671667e+00,1.802423e+00,1.761801e+00,1.701398e+00,1.737103e+00,1.538121e+00,1.446400e+00,1.639814e+00,1.496755e+00,1.762936e+00,1.375280e+00,1.547805e+00,1.370577e+00,1.725783e+00,1.808728e+00,1.517500e+00,1.666538e+00,1.678081e+00,1.803837e+00,1.608000e+00,1.650706e+00,1.655444e+00,1.368454e-01,1.370577e+00,1.821845e+00
5.640000e+00,1.161500e+00,1.817252e+00,1.822524e+00,1.783004e+00,1.672333e+00,1.803308e+00,1.763137e+00,1.702133e+00,1.738414e+00,1.538255e+00,1.447600e+00,1.641487e+00,1.497628e+00,1.763870e+00,1.376240e+00,1.548677e+00,1.371346e+00,1.726325e+00,1.810231e+00,1.516625e+00,1.668029e+00,1.679747e+00,1.804531e+00,1.606375e+00,1.651647e+00,1.656280e+00,1.370325e-01,1.371346e+00,1.822524e+00
5.641000e+00,1.161810e+00,1.818168e+00,1.823495e+00,1.784081e+00,1.674556e+00,1.803885e+00,1.764317e+00,1.703412e+00,1.739379e+00,1.539732e+00,1.448400e+00,1.642416e+00,1.498503e+00,1.764803e+00,1.378000e+00,1.549550e+00,1.372117e+00,1.726807e+00,1.810694e+00,1.517437e+00,1.668942e+00,1.681364e+00,1.804898e+00,1.607500e+00,1.652882e+00,1.657306e+00,1.369306e-01,1.372117e+00,1.823495e+00
5.642000e+00,1.162010e+00,1.819542e+00,1.823204e+00,1.785874e+00,1.676111e+00,1.804423e+00,1.765000e+00,1.704123e+00,1.739172e+00,1.542013e+00,1.449250e+00,1.644015e+00,1.499379e+00,1.765737e+00,1.377360e+00,1.550424e+00,1.372888e+00,1.727831e+00,1.810173e+00,1.519062e+00,1.669952e+00,1.682727e+00,1.805673e+00,1.608125e+00,1.651412e+00,1.658061e+00,1.368874e-01,1.372888e+00,1.823204e+00
5.643000e+00,1.162330e+00,1.820382e+00,1.823398e+00,1.786323e+00,1.675333e+00,1.804731e+00,1.765217e+00,1.705592e+00,1.740621e+00,1.543087e+00,1.449600e+00,1.645204e+00,1.500256e+00,1.766670e+00,1.377760e+00,1.551299e+00,1.373660e+00,1.727952e+00,1.809133e+00,1.519187e+00,1.668702e+00,1.683384e+00,1.806816e+00,1.608250e+00,1.650647e+00,1.658467e+00,1.368243e-01,1.373660e+00,1.823398e+00
5.644000e+00,1.162550e+00,1.822824e+00,1.824466e+00,1.786637e+00,1.677889e+00,1.805308e+00,1.766429e+00,1.706256e+00,1.740966e+00,1.544430e+00,1.450500e+00,1.646729e+00,1.501134e+00,1.767603e+00,1.378880e+00,1.552174e+00,1.374432e+00,1.728193e+00,1.808266e+00,1.520375e+00,1.668510e+00,1.684646e+00,1.807755e+00,1.610625e+00,1.650000e+00,1.659376e+00,1.367275e-01,1.374432e+00,1.824466e+00
5.645000e+00,1.162960e+00,1.823588e+00,1.825922e+00,1.786054e+00,1.676778e+00,1.806423e+00,1.767143e+00,1.706659e+00,1.742414e+00,1.545034e+00,1.451200e+00,1.648178e+00,1.502014e+00,1.768535e+00,1.378560e+00,1.553051e+00,1.375206e+00,1.729578e+00,1.809480e+00,1.521312e+00,1.669183e+00,1.686515e+00,1.808612e+00,1.610875e+00,1.649588e+00,1.660079e+00,1.368717e-01,1.375206e+00,1.825922e+00
5.646000e+00,1.163140e+00,1.824351e+00,1.825534e+00,1.784798e+00,1.677667e+00,1.806231e+00,1.767857e+00,1.707749e+00,1.744207e+00,1.545436e+00,1.452350e+00,1.649071e+00,1.502895e+00,1.769467e+00,1.380960e+00,1.553928e+00,1.375980e+00,1.731988e+00,1.810116e+00,1.521750e+00,1.670288e+00,1.687727e+00,1.810245e+00,1.612000e+00,1.649647e+00,1.660927e+00,1.366512e-01,1.375980e+00,1.825534e+00
5.647000e+00,1.163280e+00,1.826260e+00,1.826699e+00,1.784036e+00,1.680000e+00,1.806346e+00,1.769037e+00,1.708270e+00,1.745655e+00,1.547383e+00,1.452950e+00,1.649926e+00,1.503777e+00,1.770400e+00,1.380720e+00,1.554806e+00,1.376756e+00,1.732470e+00,1.811561e+00,1.522500e+00,1.670817e+00,1.688535e+00,1.811347e+00,1.611500e+00,1.649706e+00,1.661727e+00,1.367905e-01,1.376756e+00,1.826699e+00
5.648000e+00,1.163690e+00,1.827023e+00,1.827573e+00,1.784978e+00,1.679222e+00,1.806885e+00,1.770124e+00,1.709194e+00,1.747448e+00,1.548859e+00,1.453350e+00,1.651041e+00,1.504661e+00,1.771331e+00,1.381040e+00,1.555685e+00,1.377532e+00,1.733795e+00,1.812659e+00,1.522812e+00,1.672356e+00,1.689747e+00,1.812531e+00,1.612875e+00,1.650118e+00,1.662618e+00,1.369176e-01,1.377532e+00,1.827573e+00
5.649000e+00,1.163810e+00,1.828244e+00,1.829709e+00,1.785516e+00,1.680333e+00,1.807423e+00,1.771118e+00,1.709621e+00,1.748345e+00,1.550805e+00,1.454100e+00,1.652082e+00,1.505546e+00,1.772271e+00,1.382400e+00,1.556564e+00,1.378309e+00,1.735181e+00,1.813468e+00,1.523813e+00,1.673654e+00,1.691818e+00,1.813592e+00,1.612625e+00,1.651412e+00,1.663664e+00,1.369477e-01,1.378309e+00,1.829709e+00
5.650000e+00,1.164090e+00,1.829084e+00,1.829709e+00,1.785291e+00,1.681222e+00,1.808500e+00,1.771863e+00,1.710592e+00,1.749172e+00,1.552416e+00,1.454850e+00,1.652788e+00,1.506432e+00,1.773210e+00,1.383040e+00,1.557445e+00,1.379086e+00,1.735663e+00,1.814798e+00,1.524250e+00,1.675288e+00,1.693081e+00,1.814694e+00,1.613875e+00,1.651941e+00,1.664512e+00,1.369219e-01,1.379086e+00,1.829709e+00
5.651000e+00,1.164400e+00,1.830534e+00,1.828544e+00,1.785964e+00,1.682111e+00,1.808231e+00,1.772981e+00,1.711019e+00,1.750000e+00,1.554564e+00,1.456250e+00,1.653941e+00,1.507320e+00,1.774149e+00,1.384080e+00,1.558327e+00,1.379865e+00,1.736024e+00,1.815549e+00,1.524875e+00,1.676250e+00,1.694141e+00,1.815306e+00,1.613375e+00,1.652706e+00,1.665254e+00,1.367155e-01,1.379865e+00,1.830534e+00
5.652000e+00,1.164600e+00,1.831450e+00,1.830680e+00,1.787040e+00,1.683000e+00,1.806885e+00,1.772950e+00,1.710924e+00,1.749586e+00,1.555235e+00,1.456500e+00,1.653346e+00,1.508209e+00,1.775089e+00,1.383280e+00,1.559209e+00,1.380644e+00,1.736325e+00,1.816301e+00,1.525500e+00,1.678029e+00,1.694394e+00,1.816980e+00,1.616000e+00,1.653824e+00,1.665891e+00,1.368202e-01,1.380644e+00,1.831450e+00
5.653000e+00,1.164860e+00,1.832672e+00,1.830680e+00,1.787668e+00,1.681333e+00,1.806231e+00,1.773975e+00,1.709645e+00,1.749655e+00,1.555839e+00,1.458300e+00,1.654164e+00,1.509100e+00,1.776028e+00,1.383840e+00,1.560093e+00,1.381425e+00,1.736867e+00,1.816763e+00,1.525875e+00,1.679183e+00,1.696717e+00,1.817755e+00,1.615500e+00,1.654471e+00,1.666407e+00,1.366761e-01,1.381425e+00,1.832672e+00
5.654000e+00,1.165050e+00,1.834580e+00,1.832427e+00,1.788789e+00,1.682444e+00,1.806654e+00,1.774783e+00,1.709171e+00,1.750276e+00,1.556376e+00,1.458500e+00,1.655167e+00,1.509992e+00,1.776967e+00,1.385760e+00,1.560978e+00,1.382206e+00,1.737831e+00,1.817168e+00,1.528188e+00,1.681058e+00,1.696414e+00,1.819306e+00,1.615250e+00,1.655647e+00,1.667330e+00,1.366707e-01,1.382206e+00,1.834580e+00
5.655000e+00,1.165400e+00,1.835344e+00,1.832427e+00,1.790448e+00,1.683778e+00,1.807231e+00,1.775497e+00,1.709526e+00,1.751862e+00,1.557987e+00,1.459400e+00,1.655576e+00,1.510886e+00,1.777907e+00,1.385840e+00,1.561863e+00,1.382991e+00,1.738072e+00,1.818555e+00,1.528937e+00,1.682452e+00,1.697980e+00,1.820367e+00,1.618000e+00,1.657353e+00,1.668345e+00,1.366985e-01,1.382991e+00,1.835344e+00
5.656000e+00,1.165660e+00,1.837405e+00,1.833786e+00,1.791883e+00,1.683889e+00,1.807962e+00,1.776429e+00,1.709479e+00,1.752690e+00,1.558859e+00,1.460200e+00,1.657584e+00,1.511781e+00,1.778846e+00,1.387120e+00,1.562750e+00,1.383776e+00,1.739578e+00,1.820405e+00,1.529062e+00,1.683510e+00,1.699293e+00,1.821959e+00,1.619375e+00,1.658294e+00,1.669413e+00,1.368783e-01,1.383776e+00,1.837405e+00
5.657000e+00,1.165850e+00,1.837405e+00,1.834369e+00,1.793812e+00,1.686333e+00,1.808385e+00,1.776894e+00,1.711019e+00,1.754069e+00,1.560671e+00,1.461000e+00,1.658401e+00,1.512678e+00,1.779786e+00,1.389280e+00,1.563637e+00,1.384560e+00,1.740602e+00,1.822370e+00,1.529687e+00,1.684567e+00,1.700859e+00,1.822327e+00,1.620625e+00,1.659294e+00,1.670526e+00,1.367679e-01,1.384560e+00,1.837405e+00
5.658000e+00,1.166110e+00,1.840229e+00,1.835146e+00,1.795247e+00,1.686667e+00,1.808846e+00,1.778199e+00,1.711588e+00,1.754759e+00,1.562081e+00,1.461350e+00,1.659628e+00,1.513577e+00,1.780726e+00,1.388320e+00,1.564526e+00,1.385344e+00,1.741807e+00,1.822948e+00,1.531000e+00,1.686202e+00,1.702828e+00,1.823918e+00,1.620125e+00,1.659941e+00,1.671458e+00,1.370930e-01,1.385344e+00,1.840229e+00
5.659000e+00,1.166450e+00,1.840534e+00,1.835728e+00,1.796323e+00,1.687222e+00,1.809231e+00,1.778789e+00,1.712536e+00,1.755793e+00,1.564027e+00,1.462100e+00,1.661078e+00,1.514478e+00,1.781665e+00,1.389600e+00,1.565416e+00,1.386129e+00,1.742349e+00,1.824740e+00,1.530500e+00,1.687644e+00,1.704394e+00,1.824286e+00,1.620250e+00,1.661294e+00,1.672338e+00,1.370648e-01,1.386129e+00,1.840534e+00
5.660000e+00,1.166590e+00,1.842061e+00,1.837476e+00,1.798251e+00,1.689222e+00,1.809346e+00,1.779441e+00,1.713223e+00,1.757310e+00,1.564832e+00,1.463150e+00,1.662751e+00,1.515380e+00,1.782605e+00,1.390160e+00,1.566307e+00,1.386916e+00,1.742590e+00,1.826416e+00,1.531625e+00,1.688654e+00,1.705707e+00,1.825714e+00,1.621125e+00,1.662588e+00,1.673452e+00,1.372276e-01,1.386916e+00,1.842061e+00
5.661000e+00,1.166910e+00,1.843359e+00,1.837864e+00,1.799955e+00,1.689667e+00,1.810385e+00,1.780031e+00,1.714550e+00,1.757586e+00,1.565101e+00,1.463750e+00,1.664387e+00,1.516284e+00,1.783545e+00,1.390880e+00,1.567199e+00,1.387702e+00,1.741928e+00,1.826994e+00,1.532563e+00,1.690096e+00,1.706061e+00,1.826163e+00,1.621375e+00,1.662941e+00,1.674182e+00,1.372401e-01,1.387702e+00,1.843359e+00
5.662000e+00,1.167180e+00,1.842824e+00,1.839903e+00,1.800448e+00,1.690333e+00,1.810885e+00,1.781366e+00,1.716185e+00,1.760207e+00,1.565369e+00,1.464450e+00,1.665836e+00,1.517190e+00,1.784484e+00,1.391520e+00,1.568092e+00,1.388490e+00,1.742108e+00,1.828555e+00,1.532875e+00,1.691394e+00,1.707273e+00,1.827878e+00,1.621750e+00,1.663941e+00,1.675140e+00,1.374151e-01,1.388490e+00,1.842824e+00
5.663000e+00,1.167350e+00,1.845115e+00,1.839029e+00,1.802242e+00,1.690000e+00,1.812423e+00,1.781925e+00,1.717204e+00,1.760483e+00,1.565839e+00,1.465150e+00,1.667249e+00,1.518098e+00,1.785424e+00,1.392320e+00,1.568986e+00,1.389278e+00,1.742711e+00,1.828786e+00,1.533937e+00,1.693173e+00,1.707424e+00,1.829224e+00,1.623500e+00,1.664529e+00,1.676002e+00,1.374339e-01,1.389278e+00,1.845115e+00
5.664000e+00,1.167740e+00,1.845649e+00,1.840291e+00,1.804215e+00,1.689444e+00,1.812615e+00,1.783602e+00,1.717891e+00,1.762414e+00,1.566443e+00,1.466300e+00,1.668587e+00,1.519008e+00,1.786364e+00,1.394240e+00,1.569882e+00,1.390067e+00,1.742349e+00,1.829480e+00,1.534687e+00,1.693846e+00,1.708535e+00,1.830245e+00,1.624000e+00,1.666118e+00,1.676928e+00,1.373862e-01,1.390067e+00,1.845649e+00
5.665000e+00,1.167950e+00,1.846412e+00,1.840680e+00,1.804888e+00,1.692778e+00,1.814154e+00,1.784845e+00,1.718981e+00,1.764138e+00,1.567651e+00,1.466950e+00,1.670149e+00,1.519920e+00,1.787304e+00,1.393040e+00,1.570778e+00,1.390857e+00,1.744217e+00,1.831272e+00,1.535625e+00,1.695433e+00,1.709444e+00,1.830653e+00,1.623875e+00,1.666000e+00,1.677918e+00,1.376715e-01,1.390857e+00,1.846412e+00
5.666000e+00,1.168350e+00,1.847405e+00,1.843010e+00,1.805336e+00,1.691000e+00,1.814308e+00,1.785528e+00,1.720047e+00,1.766069e+00,1.569128e+00,1.467850e+00,1.671190e+00,1.520834e+00,1.788244e+00,1.394720e+00,1.571676e+00,1.391648e+00,1.745361e+00,1.832312e+00,1.535875e+00,1.696202e+00,1.710253e+00,1.832204e+00,1.623500e+00,1.666529e+00,1.678760e+00,1.377242e-01,1.391648e+00,1.847405e+00
5.667000e+00,1.168540e+00,1.849160e+00,1.841456e+00,1.806143e+00,1.692000e+00,1.814923e+00,1.786429e+00,1.721422e+00,1.767931e+00,1.570134e+00,1.468650e+00,1.673086e+00,1.521751e+00,1.789184e+00,1.394480e+00,1.572575e+00,1.392439e+00,1.747349e+00,1.833006e+00,1.536375e+00,1.698846e+00,1.711111e+00,1.833510e+00,1.625125e+00,1.667824e+00,1.679788e+00,1.378169e-01,1.392439e+00,1.849160e+00
5.668000e+00,1.168670e+00,1.849542e+00,1.842913e+00,1.806771e+00,1.692333e+00,1.815769e+00,1.786553e+00,1.721848e+00,1.768414e+00,1.570738e+00,1.469250e+00,1.674461e+00,1.522670e+00,1.790124e+00,1.397360e+00,1.573475e+00,1.393231e+00,1.749036e+00,1.834451e+00,1.537187e+00,1.700577e+00,1.712727e+00,1.834531e+00,1.626000e+00,1.668412e+00,1.680766e+00,1.376929e-01,1.393231e+00,1.849542e+00
5.669000e+00,1.168950e+00,1.848855e+00,1.843398e+00,1.807937e+00,1.691667e+00,1.816654e+00,1.787267e+00,1.723033e+00,1.770000e+00,1.572819e+00,1.470600e+00,1.675539e+00,1.523592e+00,1.791063e+00,1.396800e+00,1.574376e+00,1.394023e+00,1.749759e+00,1.835318e+00,1.537625e+00,1.701442e+00,1.713788e+00,1.834857e+00,1.626250e+00,1.669882e+00,1.681523e+00,1.376774e-01,1.394023e+00,1.848855e+00
5.670000e+00,1.169140e+00,1.850916e+00,1.843981e+00,1.808969e+00,1.694444e+00,1.817462e+00,1.787453e+00,1.723673e+00,1.771724e+00,1.573221e+00,1.470350e+00,1.677026e+00,1.524516e+00,1.792003e+00,1.398480e+00,1.575279e+00,1.394817e+00,1.749639e+00,1.837110e+00,1.538625e+00,1.702067e+00,1.714091e+00,1.835020e+00,1.626000e+00,1.670647e+00,1.682396e+00,1.377506e-01,1.394817e+00,1.850916e+00
5.671000e+00,1.169260e+00,1.849389e+00,1.842621e+00,1.809283e+00,1.694111e+00,1.817731e+00,1.787143e+00,1.725142e+00,1.773724e+00,1.574430e+00,1.470200e+00,1.678401e+00,1.525442e+00,1.792943e+00,1.399680e+00,1.576182e+00,1.395610e+00,1.749578e+00,1.837341e+00,1.538500e+00,1.703702e+00,1.712576e+00,1.833878e+00,1.626875e+00,1.671824e+00,1.682763e+00,1.373852e-01,1.395610e+00,1.849389e+00
5.672000e+00,1.169590e+00,1.850076e+00,1.844854e+00,1.810538e+00,1.694222e+00,1.818077e+00,1.785901e+00,1.725592e+00,1.774759e+00,1.576309e+00,1.469250e+00,1.680632e+00,1.526372e+00,1.793883e+00,1.398560e+00,1.577087e+00,1.396405e+00,1.747590e+00,1.838960e+00,1.537000e+00,1.704712e+00,1.710758e+00,1.833184e+00,1.623625e+00,1.672471e+00,1.682951e+00,1.376865e-01,1.396405e+00,1.850076e+00
5.673000e+00,1.169840e+00,1.850000e+00,1.843204e+00,1.810852e+00,1.697111e+00,1.818538e+00,1.785217e+00,1.727512e+00,1.776483e+00,1.578188e+00,1.469700e+00,1.680967e+00,1.527304e+00,1.794823e+00,1.398880e+00,1.577993e+00,1.397200e+00,1.743434e+00,1.839480e+00,1.536875e+00,1.706154e+00,1.710657e+00,1.833429e+00,1.622625e+00,1.673471e+00,1.683337e+00,1.374556e-01,1.397200e+00,1.850000e+00
5.674000e+00,1.170150e+00,1.850840e+00,1.844563e+00,1.811794e+00,1.696111e+00,1.819115e+00,1.784876e+00,1.728389e+00,1.778138e+00,1.578859e+00,1.469450e+00,1.683086e+00,1.528239e+00,1.795754e+00,1.398080e+00,1.578900e+00,1.397995e+00,1.742952e+00,1.840289e+00,1.536375e+00,1.706827e+00,1.711162e+00,1.834449e+00,1.621125e+00,1.673824e+00,1.683800e+00,1.377551e-01,1.397995e+00,1.850840e+00
5.675000e+00,1.170500e+00,1.850382e+00,1.844078e+00,1.813408e+00,1.697222e+00,1.819846e+00,1.785217e+00,1.729408e+00,1.778897e+00,1.580671e+00,1.470850e+00,1.684833e+00,1.529177e+00,1.796686e+00,1.398000e+00,1.579808e+00,1.398791e+00,1.742289e+00,1.841561e+00,1.536437e+00,1.707692e+00,1.712071e+00,1.834898e+00,1.619125e+00,1.675059e+00,1.684434e+00,1.377152e-01,1.398000e+00,1.850382e+00
5.676000e+00,1.170630e+00,1.851908e+00,1.845437e+00,1.815112e+00,1.698222e+00,1.820692e+00,1.786056e+00,1.729976e+00,1.779862e+00,1.581946e+00,1.470650e+00,1.686320e+00,1.530118e+00,1.797617e+00,1.398080e+00,1.580717e+00,1.399588e+00,1.741747e+00,1.841850e+00,1.537000e+00,1.709135e+00,1.713586e+00,1.835837e+00,1.621375e+00,1.676118e+00,1.685373e+00,1.378778e-01,1.398080e+00,1.851908e+00
5.677000e+00,1.170900e+00,1.853282e+00,1.845340e+00,1.816547e+00,1.698333e+00,1.821462e+00,1.786988e+00,1.731730e+00,1.781241e+00,1.582617e+00,1.471650e+00,1.688401e+00,1.531062e+00,1.798548e+00,1.398720e+00,1.581627e+00,1.400385e+00,1.743193e+00,1.843179e+00,1.536625e+00,1.710144e+00,1.714646e+00,1.836816e+00,1.620250e+00,1.677412e+00,1.686258e+00,1.380554e-01,1.398720e+00,1.853282e+00
5.678000e+00,1.171280e+00,1.853282e+00,1.846796e+00,1.817265e+00,1.700000e+00,1.822615e+00,1.788354e+00,1.732583e+00,1.782690e+00,1.584430e+00,1.472750e+00,1.690149e+00,1.532010e+00,1.799480e+00,1.399920e+00,1.582538e+00,1.401182e+00,1.743253e+00,1.843295e+00,1.537875e+00,1.710769e+00,1.716869e+00,1.838163e+00,1.621625e+00,1.677353e+00,1.687302e+00,1.379689e-01,1.399920e+00,1.853282e+00
5.679000e+00,1.171440e+00,1.853359e+00,1.846796e+00,1.818206e+00,1.699222e+00,1.822769e+00,1.789224e+00,1.733744e+00,1.784828e+00,1.587114e+00,1.473150e+00,1.691970e+00,1.533008e+00,1.800411e+00,1.400160e+00,1.583451e+00,1.401980e+00,1.743855e+00,1.843526e+00,1.538750e+00,1.711394e+00,1.718081e+00,1.839592e+00,1.621750e+00,1.678765e+00,1.688129e+00,1.379325e-01,1.400160e+00,1.853359e+00
5.680000e+00,1.171630e+00,1.855344e+00,1.847282e+00,1.820314e+00,1.699333e+00,1.823846e+00,1.790000e+00,1.734384e+00,1.786483e+00,1.588188e+00,1.475150e+00,1.693978e+00,1.534011e+00,1.801343e+00,1.400240e+00,1.584364e+00,1.402778e+00,1.742711e+00,1.842832e+00,1.539187e+00,1.710481e+00,1.719444e+00,1.840531e+00,1.624375e+00,1.679235e+00,1.688993e+00,1.379086e-01,1.400240e+00,1.855344e+00
5.681000e+00,1.171940e+00,1.856031e+00,1.847573e+00,1.821435e+00,1.701778e+00,1.824192e+00,1.791211e+00,1.735427e+00,1.786828e+00,1.590537e+00,1.475600e+00,1.695242e+00,1.534968e+00,1.802274e+00,1.401120e+00,1.585258e+00,1.403577e+00,1.744277e+00,1.841503e+00,1.540062e+00,1.710096e+00,1.720960e+00,1.841837e+00,1.625375e+00,1.679824e+00,1.689874e+00,1.377747e-01,1.401120e+00,1.856031e+00
5.682000e+00,1.172110e+00,1.857481e+00,1.848932e+00,1.823004e+00,1.700111e+00,1.825115e+00,1.792236e+00,1.736422e+00,1.788690e+00,1.591611e+00,1.476100e+00,1.697323e+00,1.535978e+00,1.803205e+00,1.402400e+00,1.586153e+00,1.404376e+00,1.745542e+00,1.841734e+00,1.540500e+00,1.709952e+00,1.722222e+00,1.843469e+00,1.625125e+00,1.680235e+00,1.690747e+00,1.379232e-01,1.402400e+00,1.857481e+00
5.683000e+00,1.172530e+00,1.857939e+00,1.848447e+00,1.823812e+00,1.701222e+00,1.825654e+00,1.793012e+00,1.737725e+00,1.789655e+00,1.592483e+00,1.477100e+00,1.698030e+00,1.536993e+00,1.804137e+00,1.402000e+00,1.587049e+00,1.405176e+00,1.747349e+00,1.842254e+00,1.541750e+00,1.710865e+00,1.722980e+00,1.844694e+00,1.627500e+00,1.680294e+00,1.691588e+00,1.379026e-01,1.402000e+00,1.857939e+00
5.684000e+00,1.172710e+00,1.860534e+00,1.849223e+00,1.825247e+00,1.701333e+00,1.827115e+00,1.793820e+00,1.738555e+00,1.790552e+00,1.592752e+00,1.477300e+00,1.700074e+00,1.538012e+00,1.805069e+00,1.404960e+00,1.587946e+00,1.405976e+00,1.748494e+00,1.843410e+00,1.543187e+00,1.711683e+00,1.725051e+00,1.845551e+00,1.630625e+00,1.680765e+00,1.692801e+00,1.378711e-01,1.404960e+00,1.860534e+00
5.685000e+00,1.172990e+00,1.861069e+00,1.850485e+00,1.826457e+00,1.701111e+00,1.828115e+00,1.794752e+00,1.739313e+00,1.790828e+00,1.594295e+00,1.478800e+00,1.701747e+00,1.539086e+00,1.806000e+00,1.405440e+00,1.588844e+00,1.406776e+00,1.750783e+00,1.844971e+00,1.544562e+00,1.713125e+00,1.727071e+00,1.847143e+00,1.630750e+00,1.682118e+00,1.693902e+00,1.379373e-01,1.405440e+00,1.861069e+00
5.686000e+00,1.173190e+00,1.862290e+00,1.851262e+00,1.827399e+00,1.702889e+00,1.828423e+00,1.795342e+00,1.739242e+00,1.792276e+00,1.595973e+00,1.479300e+00,1.703234e+00,1.540114e+00,1.806932e+00,1.404320e+00,1.589743e+00,1.407576e+00,1.752771e+00,1.846243e+00,1.544687e+00,1.714423e+00,1.727525e+00,1.848939e+00,1.631125e+00,1.682529e+00,1.694773e+00,1.382274e-01,1.404320e+00,1.862290e+00
5.687000e+00,1.173380e+00,1.864046e+00,1.851456e+00,1.827623e+00,1.702556e+00,1.828577e+00,1.795901e+00,1.740616e+00,1.793931e+00,1.597114e+00,1.480950e+00,1.704387e+00,1.541147e+00,1.807863e+00,1.406560e+00,1.590653e+00,1.408377e+00,1.754458e+00,1.847283e+00,1.545750e+00,1.716106e+00,1.729192e+00,1.849673e+00,1.634000e+00,1.683529e+00,1.695906e+00,1.380067e-01,1.406560e+00,1.864046e+00
5.688000e+00,1.173640e+00,1.864580e+00,1.850874e+00,1.828161e+00,1.699778e+00,1.828423e+00,1.796894e+00,1.740687e+00,1.796345e+00,1.598523e+00,1.482050e+00,1.705874e+00,1.542184e+00,1.808795e+00,1.407440e+00,1.591563e+00,1.409178e+00,1.756807e+00,1.849364e+00,1.546687e+00,1.716779e+00,1.730556e+00,1.851061e+00,1.636375e+00,1.684000e+00,1.696791e+00,1.379509e-01,1.407440e+00,1.864580e+00
5.689000e+00,1.173970e+00,1.866183e+00,1.851845e+00,1.829776e+00,1.699667e+00,1.828962e+00,1.798106e+00,1.739360e+00,1.796759e+00,1.600268e+00,1.482900e+00,1.706654e+00,1.543225e+00,1.809727e+00,1.407600e+00,1.592474e+00,1.409980e+00,1.758373e+00,1.850289e+00,1.547375e+00,1.719135e+00,1.731970e+00,1.850776e+00,1.636125e+00,1.684824e+00,1.697598e+00,1.380183e-01,1.407600e+00,1.866183e+00
5.690000e+00,1.174190e+00,1.867481e+00,1.853689e+00,1.830538e+00,1.699667e+00,1.827923e+00,1.799503e+00,1.739645e+00,1.796966e+00,1.601678e+00,1.483650e+00,1.707212e+00,1.544271e+00,1.810659e+00,1.408080e+00,1.593387e+00,1.410782e+00,1.759337e+00,1.851156e+00,1.548250e+00,1.721490e+00,1.732980e+00,1.852327e+00,1.637750e+00,1.685588e+00,1.698500e+00,1.380493e-01,1.408080e+00,1.867481e+00
5.691000e+00,1.174450e+00,1.869008e+00,1.854466e+00,1.831345e+00,1.699778e+00,1.826346e+00,1.800248e+00,1.739171e+00,1.797379e+00,1.602215e+00,1.484850e+00,1.707361e+00,1.545322e+00,1.811591e+00,1.409840e+00,1.594300e+00,1.411584e+00,1.759880e+00,1.852023e+00,1.549438e+00,1.722644e+00,1.735253e+00,1.854041e+00,1.637125e+00,1.686353e+00,1.699232e+00,1.379180e-01,1.409840e+00,1.869008e+00
5.692000e+00,1.174750e+00,1.869695e+00,1.854078e+00,1.832915e+00,1.699889e+00,1.827000e+00,1.801149e+00,1.739621e+00,1.797034e+00,1.602752e+00,1.485750e+00,1.708030e+00,1.546378e+00,1.812522e+00,1.410240e+00,1.595213e+00,1.412386e+00,1.760301e+00,1.853584e+00,1.550250e+00,1.723654e+00,1.736515e+00,1.855347e+00,1.638875e+00,1.686941e+00,1.700005e+00,1.379128e-01,1.410240e+00,1.869695e+00
5.693000e+00,1.174950e+00,1.871145e+00,1.855146e+00,1.832960e+00,1.699667e+00,1.826538e+00,1.802391e+00,1.740569e+00,1.798345e+00,1.604295e+00,1.485750e+00,1.709591e+00,1.547438e+00,1.813454e+00,1.411600e+00,1.596128e+00,1.413189e+00,1.760181e+00,1.853815e+00,1.550750e+00,1.724952e+00,1.737778e+00,1.857184e+00,1.638875e+00,1.688059e+00,1.700825e+00,1.379241e-01,1.411600e+00,1.871145e+00
5.694000e+00,1.175220e+00,1.872137e+00,1.854854e+00,1.833139e+00,1.702000e+00,1.827154e+00,1.803292e+00,1.741588e+00,1.799724e+00,1.606309e+00,1.486550e+00,1.710112e+00,1.548503e+00,1.814386e+00,1.411280e+00,1.597044e+00,1.413993e+00,1.761747e+00,1.854566e+00,1.552625e+00,1.726202e+00,1.739192e+00,1.857878e+00,1.639875e+00,1.687941e+00,1.701754e+00,1.378928e-01,1.411280e+00,1.872137e+00
5.695000e+00,1.175510e+00,1.872137e+00,1.856214e+00,1.833587e+00,1.702111e+00,1.827462e+00,1.804006e+00,1.742773e+00,1.801241e+00,1.608255e+00,1.487100e+00,1.712454e+00,1.549574e+00,1.815318e+00,1.412000e+00,1.597960e+00,1.414797e+00,1.762410e+00,1.856127e+00,1.554188e+00,1.728413e+00,1.740303e+00,1.859306e+00,1.644000e+00,1.689294e+00,1.702960e+00,1.378302e-01,1.412000e+00,1.872137e+00
5.696000e+00,1.175750e+00,1.874351e+00,1.855825e+00,1.834350e+00,1.703111e+00,1.827462e+00,1.804565e+00,1.743128e+00,1.802345e+00,1.609396e+00,1.488300e+00,1.714015e+00,1.550649e+00,1.816251e+00,1.414080e+00,1.598878e+00,1.415601e+00,1.762169e+00,1.857341e+00,1.554000e+00,1.729231e+00,1.742576e+00,1.860122e+00,1.644125e+00,1.689588e+00,1.703811e+00,1.377317e-01,1.414080e+00,1.874351e+00
5.697000e+00,1.176040e+00,1.876031e+00,1.856893e+00,1.835022e+00,1.706111e+00,1.828923e+00,1.805466e+00,1.744953e+00,1.804000e+00,1.609329e+00,1.488750e+00,1.715799e+00,1.551729e+00,1.817183e+00,1.414400e+00,1.599796e+00,1.416405e+00,1.763735e+00,1.858728e+00,1.555063e+00,1.731010e+00,1.743434e+00,1.860612e+00,1.646250e+00,1.689529e+00,1.704965e+00,1.379333e-01,1.414400e+00,1.876031e+00
5.698000e+00,1.176120e+00,1.878244e+00,1.856505e+00,1.836009e+00,1.705333e+00,1.829769e+00,1.806708e+00,1.745829e+00,1.805517e+00,1.608993e+00,1.490150e+00,1.718327e+00,1.552815e+00,1.818115e+00,1.415040e+00,1.600715e+00,1.417211e+00,1.765181e+00,1.860751e+00,1.556812e+00,1.732308e+00,1.745354e+00,1.861347e+00,1.646125e+00,1.691059e+00,1.706009e+00,1.380509e-01,1.415040e+00,1.878244e+00
5.699000e+00,1.176610e+00,1.878855e+00,1.858641e+00,1.834753e+00,1.706000e+00,1.830269e+00,1.807267e+00,1.747156e+00,1.806966e+00,1.610134e+00,1.490800e+00,1.720446e+00,1.553906e+00,1.819047e+00,1.416240e+00,1.601635e+00,1.418025e+00,1.766687e+00,1.861387e+00,1.558188e+00,1.733173e+00,1.746111e+00,1.862000e+00,1.647750e+00,1.691765e+00,1.706967e+00,1.379431e-01,1.416240e+00,1.878855e+00
5.700000e+00,1.176860e+00,1.879695e+00,1.858641e+00,1.834664e+00,1.706889e+00,1.831423e+00,1.808354e+00,1.747464e+00,1.808276e+00,1.610738e+00,1.491550e+00,1.722119e+00,1.555002e+00,1.819979e+00,1.416800e+00,1.602556e+00,1.418840e+00,1.767892e+00,1.862601e+00,1.558875e+00,1.734712e+00,1.747424e+00,1.862857e+00,1.648500e+00,1.692294e+00,1.707839e+00,1.379738e-01,1.416800e+00,1.879695e+00
5.701000e+00,1.177080e+00,1.881832e+00,1.858058e+00,1.834574e+00,1.707444e+00,1.831538e+00,1.809627e+00,1.749242e+00,1.810069e+00,1.611946e+00,1.492050e+00,1.724944e+00,1.556104e+00,1.820912e+00,1.418400e+00,1.603478e+00,1.419655e+00,1.767169e+00,1.864046e+00,1.560000e+00,1.735673e+00,1.747879e+00,1.863429e+00,1.648375e+00,1.691529e+00,1.708666e+00,1.379093e-01,1.418400e+00,1.881832e+00
5.702000e+00,1.177340e+00,1.881679e+00,1.858835e+00,1.835157e+00,1.709667e+00,1.832269e+00,1.810280e+00,1.750474e+00,1.810069e+00,1.613893e+00,1.492800e+00,1.726543e+00,1.557211e+00,1.821844e+00,1.417680e+00,1.604400e+00,1.420472e+00,1.768253e+00,1.864913e+00,1.560625e+00,1.737788e+00,1.748889e+00,1.864653e+00,1.648125e+00,1.690000e+00,1.709438e+00,1.379982e-01,1.417680e+00,1.881679e+00
5.703000e+00,1.177590e+00,1.883817e+00,1.857767e+00,1.836278e+00,1.709889e+00,1.833000e+00,1.811087e+00,1.751351e+00,1.811862e+00,1.615772e+00,1.493550e+00,1.728327e+00,1.558324e+00,1.822777e+00,1.420560e+00,1.605323e+00,1.421289e+00,1.769337e+00,1.866243e+00,1.559812e+00,1.738317e+00,1.750000e+00,1.865429e+00,1.648375e+00,1.689588e+00,1.710336e+00,1.379257e-01,1.420560e+00,1.883817e+00
5.704000e+00,1.177810e+00,1.883969e+00,1.857087e+00,1.837220e+00,1.709667e+00,1.834615e+00,1.811553e+00,1.752180e+00,1.813448e+00,1.617584e+00,1.495100e+00,1.729851e+00,1.559443e+00,1.823709e+00,1.420800e+00,1.606248e+00,1.422107e+00,1.769639e+00,1.867977e+00,1.561813e+00,1.739712e+00,1.751263e+00,1.864612e+00,1.651125e+00,1.690118e+00,1.711285e+00,1.377181e-01,1.420800e+00,1.883969e+00
5.705000e+00,1.177990e+00,1.886412e+00,1.857864e+00,1.837848e+00,1.710000e+00,1.835462e+00,1.812422e+00,1.753318e+00,1.814207e+00,1.618792e+00,1.495800e+00,1.731970e+00,1.560568e+00,1.824642e+00,1.422080e+00,1.607173e+00,1.422917e+00,1.771205e+00,1.869653e+00,1.562250e+00,1.741106e+00,1.752424e+00,1.863837e+00,1.651125e+00,1.690353e+00,1.712226e+00,1.377759e-01,1.422080e+00,1.886412e+00
5.706000e+00,1.178300e+00,1.887099e+00,1.856408e+00,1.839507e+00,1.710889e+00,1.836500e+00,1.813447e+00,1.754716e+00,1.816897e+00,1.620671e+00,1.495750e+00,1.733086e+00,1.561699e+00,1.825575e+00,1.422480e+00,1.608099e+00,1.423727e+00,1.771446e+00,1.870694e+00,1.562687e+00,1.742500e+00,1.752929e+00,1.864776e+00,1.653000e+00,1.690941e+00,1.713147e+00,1.378406e-01,1.422480e+00,1.887099e+00
5.707000e+00,1.178650e+00,1.887557e+00,1.858252e+00,1.840404e+00,1.712111e+00,1.836000e+00,1.814720e+00,1.754763e+00,1.819172e+00,1.621477e+00,1.496900e+00,1.734907e+00,1.562836e+00,1.826508e+00,1.424240e+00,1.609026e+00,1.424538e+00,1.772470e+00,1.872312e+00,1.563562e+00,1.744423e+00,1.753737e+00,1.865224e+00,1.654375e+00,1.691529e+00,1.714210e+00,1.377826e-01,1.424240e+00,1.887557e+00
5.708000e+00,1.178840e+00,1.889389e+00,1.858058e+00,1.841480e+00,1.712667e+00,1.836615e+00,1.815528e+00,1.756445e+00,1.818828e+00,1.622819e+00,1.497000e+00,1.736171e+00,1.563979e+00,1.827441e+00,1.424720e+00,1.609953e+00,1.425349e+00,1.774337e+00,1.873988e+00,1.564500e+00,1.745721e+00,1.755404e+00,1.865837e+00,1.654750e+00,1.692471e+00,1.715144e+00,1.378862e-01,1.424720e+00,1.889389e+00
5.709000e+00,1.179110e+00,1.889542e+00,1.858641e+00,1.842332e+00,1.710778e+00,1.837346e+00,1.817081e+00,1.757227e+00,1.820138e+00,1.624765e+00,1.498000e+00,1.738030e+00,1.565129e+00,1.828373e+00,1.425440e+00,1.610882e+00,1.426162e+00,1.775904e+00,1.875202e+00,1.565750e+00,1.746827e+00,1.756515e+00,1.866531e+00,1.654375e+00,1.692941e+00,1.715996e+00,1.378754e-01,1.425440e+00,1.889542e+00
5.710000e+00,1.179360e+00,1.890153e+00,1.859709e+00,1.842915e+00,1.713333e+00,1.838654e+00,1.817081e+00,1.758791e+00,1.821586e+00,1.626846e+00,1.498600e+00,1.739777e+00,1.566285e+00,1.829306e+00,1.427120e+00,1.611811e+00,1.426974e+00,1.775482e+00,1.876590e+00,1.567000e+00,1.748029e+00,1.757525e+00,1.868612e+00,1.653250e+00,1.694176e+00,1.717067e+00,1.378653e-01,1.426974e+00,1.890153e+00
5.711000e+00,1.179580e+00,1.891221e+00,1.861165e+00,1.843812e+00,1.712889e+00,1.839577e+00,1.817484e+00,1.759218e+00,1.823103e+00,1.628658e+00,1.499400e+00,1.741487e+00,1.567448e+00,1.830240e+00,1.428640e+00,1.612741e+00,1.427788e+00,1.776265e+00,1.876821e+00,1.567063e+00,1.749471e+00,1.757828e+00,1.868898e+00,1.655250e+00,1.695412e+00,1.717995e+00,1.377787e-01,1.427788e+00,1.891221e+00
5.712000e+00,1.179810e+00,1.891908e+00,1.859709e+00,1.845650e+00,1.714444e+00,1.840038e+00,1.818230e+00,1.759289e+00,1.824759e+00,1.630872e+00,1.500300e+00,1.743346e+00,1.568618e+00,1.831173e+00,1.427680e+00,1.613672e+00,1.428602e+00,1.776386e+00,1.877746e+00,1.568125e+00,1.750192e+00,1.758990e+00,1.870408e+00,1.655875e+00,1.695412e+00,1.718809e+00,1.378457e-01,1.427680e+00,1.891908e+00
5.713000e+00,1.180050e+00,1.892061e+00,1.860485e+00,1.846996e+00,1.714556e+00,1.840577e+00,1.818882e+00,1.760118e+00,1.826276e+00,1.632416e+00,1.500700e+00,1.745242e+00,1.569794e+00,1.832106e+00,1.429040e+00,1.614594e+00,1.429417e+00,1.776145e+00,1.879075e+00,1.568312e+00,1.750625e+00,1.761010e+00,1.871469e+00,1.656250e+00,1.697118e+00,1.719719e+00,1.378512e-01,1.429040e+00,1.892061e+00
5.714000e+00,1.180250e+00,1.891069e+00,1.861262e+00,1.847085e+00,1.714556e+00,1.841038e+00,1.819783e+00,1.761327e+00,1.828345e+00,1.633087e+00,1.501850e+00,1.747138e+00,1.570978e+00,1.833039e+00,1.429520e+00,1.615517e+00,1.430232e+00,1.777711e+00,1.878786e+00,1.568812e+00,1.752067e+00,1.761364e+00,1.872531e+00,1.657375e+00,1.696824e+00,1.720471e+00,1.377557e-01,1.429520e+00,1.891069e+00
5.715000e+00,1.180430e+00,1.893511e+00,1.861942e+00,1.848610e+00,1.716556e+00,1.842269e+00,1.820435e+00,1.762464e+00,1.831310e+00,1.634966e+00,1.501700e+00,1.749033e+00,1.572170e+00,1.833973e+00,1.430720e+00,1.616441e+00,1.431048e+00,1.778072e+00,1.879653e+00,1.569750e+00,1.753173e+00,1.763283e+00,1.873429e+00,1.660125e+00,1.699176e+00,1.721825e+00,1.379007e-01,1.430720e+00,1.893511e+00
5.716000e+00,1.180680e+00,1.893130e+00,1.861942e+00,1.849552e+00,1.716778e+00,1.842231e+00,1.821025e+00,1.763389e+00,1.831034e+00,1.635772e+00,1.501550e+00,1.751227e+00,1.573368e+00,1.834906e+00,1.431760e+00,1.617366e+00,1.431864e+00,1.779458e+00,1.880289e+00,1.570750e+00,1.753846e+00,1.763939e+00,1.874735e+00,1.659375e+00,1.700235e+00,1.722480e+00,1.378173e-01,1.431760e+00,1.893130e+00
5.717000e+00,1.180960e+00,1.894733e+00,1.862621e+00,1.850762e+00,1.716667e+00,1.843231e+00,1.821553e+00,1.764502e+00,1.831862e+00,1.638322e+00,1.501200e+00,1.752862e+00,1.574574e+00,1.835840e+00,1.432400e+00,1.618292e+00,1.432681e+00,1.780301e+00,1.880520e+00,1.572062e+00,1.754519e+00,1.765909e+00,1.875878e+00,1.660500e+00,1.700706e+00,1.723437e+00,1.378846e-01,1.432400e+00,1.894733e+00
5.718000e+00,1.181220e+00,1.896336e+00,1.862039e+00,1.852511e+00,1.717333e+00,1.844038e+00,1.822081e+00,1.765948e+00,1.833862e+00,1.640268e+00,1.501500e+00,1.755465e+00,1.575788e+00,1.836773e+00,1.433360e+00,1.619227e+00,1.433499e+00,1.781084e+00,1.879075e+00,1.572875e+00,1.753221e+00,1.764596e+00,1.877224e+00,1.660250e+00,1.701941e+00,1.724179e+00,1.378222e-01,1.433360e+00,1.896336e+00
5.719000e+00,1.181500e+00,1.896870e+00,1.864272e+00,1.854439e+00,1.718000e+00,1.844577e+00,1.823199e+00,1.766588e+00,1.834897e+00,1.642282e+00,1.501800e+00,1.757212e+00,1.577010e+00,1.837707e+00,1.435920e+00,1.620164e+00,1.434318e+00,1.782108e+00,1.878671e+00,1.573187e+00,1.752788e+00,1.763535e+00,1.878163e+00,1.662000e+00,1.703529e+00,1.725135e+00,1.376761e-01,1.434318e+00,1.896870e+00
5.720000e+00,1.181910e+00,1.897710e+00,1.862816e+00,1.855202e+00,1.719889e+00,1.845038e+00,1.823975e+00,1.767796e+00,1.835931e+00,1.643758e+00,1.502400e+00,1.758922e+00,1.578239e+00,1.838641e+00,1.436640e+00,1.621101e+00,1.435137e+00,1.782892e+00,1.878671e+00,1.572688e+00,1.753269e+00,1.762121e+00,1.879020e+00,1.662875e+00,1.704941e+00,1.725820e+00,1.375644e-01,1.435137e+00,1.897710e+00
5.721000e+00,1.182110e+00,1.900000e+00,1.863592e+00,1.856413e+00,1.719444e+00,1.846077e+00,1.824814e+00,1.768223e+00,1.837379e+00,1.645168e+00,1.503100e+00,1.760818e+00,1.579477e+00,1.839575e+00,1.436160e+00,1.622038e+00,1.435956e+00,1.781325e+00,1.879480e+00,1.574562e+00,1.753558e+00,1.762222e+00,1.880653e+00,1.664500e+00,1.706059e+00,1.726691e+00,1.377007e-01,1.435956e+00,1.900000e+00
5.722000e+00,1.182220e+00,1.900992e+00,1.862913e+00,1.857399e+00,1.719556e+00,1.845885e+00,1.823975e+00,1.769621e+00,1.839241e+00,1.646376e+00,1.503800e+00,1.763123e+00,1.580722e+00,1.840509e+00,1.437920e+00,1.622977e+00,1.436777e+00,1.781687e+00,1.880925e+00,1.575438e+00,1.754279e+00,1.762273e+00,1.882898e+00,1.664000e+00,1.707176e+00,1.727519e+00,1.376261e-01,1.436777e+00,1.900992e+00
5.723000e+00,1.182590e+00,1.900840e+00,1.865243e+00,1.858565e+00,1.721444e+00,1.847154e+00,1.823416e+00,1.770450e+00,1.840345e+00,1.646980e+00,1.504500e+00,1.764870e+00,1.581976e+00,1.841443e+00,1.438080e+00,1.623915e+00,1.437598e+00,1.781687e+00,1.881908e+00,1.575125e+00,1.755337e+00,1.763081e+00,1.883551e+00,1.666125e+00,1.708294e+00,1.728414e+00,1.377106e-01,1.437598e+00,1.900840e+00
5.724000e+00,1.182810e+00,1.903130e+00,1.865340e+00,1.859955e+00,1.720667e+00,1.848692e+00,1.822671e+00,1.769953e+00,1.842000e+00,1.649060e+00,1.505050e+00,1.767212e+00,1.583238e+00,1.842377e+00,1.438560e+00,1.624855e+00,1.438419e+00,1.782952e+00,1.882717e+00,1.576625e+00,1.756010e+00,1.763687e+00,1.885633e+00,1.665250e+00,1.709882e+00,1.729331e+00,1.378510e-01,1.438419e+00,1.903130e+00
5.725000e+00,1.183060e+00,1.905267e+00,1.865825e+00,1.862018e+00,1.723000e+00,1.849346e+00,1.822671e+00,1.768531e+00,1.842207e+00,1.651141e+00,1.506000e+00,1.768476e+00,1.584509e+00,1.843311e+00,1.440560e+00,1.625795e+00,1.439241e+00,1.784458e+00,1.884855e+00,1.577438e+00,1.757596e+00,1.765000e+00,1.886000e+00,1.667750e+00,1.710706e+00,1.730488e+00,1.377488e-01,1.439241e+00,1.905267e+00
5.726000e+00,1.183280e+00,1.904962e+00,1.866699e+00,1.863408e+00,1.724111e+00,1.850192e+00,1.822981e+00,1.767820e+00,1.843862e+00,1.653154e+00,1.507150e+00,1.769888e+00,1.585788e+00,1.844245e+00,1.442400e+00,1.626736e+00,1.440064e+00,1.787349e+00,1.885954e+00,1.578437e+00,1.759952e+00,1.766263e+00,1.887959e+00,1.667250e+00,1.711118e+00,1.731573e+00,1.376960e-01,1.440064e+00,1.904962e+00
5.727000e+00,1.183550e+00,1.906641e+00,1.866311e+00,1.863812e+00,1.721778e+00,1.850269e+00,1.823696e+00,1.767512e+00,1.844276e+00,1.655034e+00,1.507800e+00,1.771338e+00,1.587076e+00,1.845179e+00,1.441200e+00,1.627677e+00,1.440888e+00,1.788434e+00,1.887052e+00,1.579375e+00,1.760577e+00,1.767576e+00,1.888857e+00,1.668875e+00,1.712412e+00,1.732235e+00,1.377797e-01,1.440888e+00,1.906641e+00
5.728000e+00,1.183900e+00,1.906718e+00,1.866796e+00,1.864305e+00,1.724222e+00,1.849808e+00,1.824068e+00,1.768128e+00,1.843724e+00,1.656107e+00,1.508400e+00,1.772007e+00,1.588372e+00,1.846113e+00,1.441680e+00,1.628618e+00,1.441712e+00,1.789518e+00,1.888786e+00,1.579375e+00,1.762788e+00,1.769949e+00,1.889796e+00,1.668625e+00,1.712882e+00,1.733021e+00,1.377622e-01,1.441680e+00,1.906718e+00
5.729000e+00,1.184090e+00,1.909160e+00,1.867670e+00,1.864709e+00,1.723889e+00,1.848269e+00,1.824814e+00,1.768199e+00,1.844069e+00,1.657181e+00,1.509350e+00,1.772119e+00,1.589677e+00,1.847048e+00,1.442960e+00,1.629560e+00,1.442536e+00,1.790482e+00,1.890173e+00,1.581187e+00,1.762885e+00,1.771566e+00,1.890653e+00,1.670875e+00,1.712882e+00,1.733830e+00,1.376085e-01,1.442536e+00,1.909160e+00
5.730000e+00,1.184350e+00,1.910305e+00,1.869029e+00,1.865830e+00,1.723889e+00,1.848500e+00,1.825124e+00,1.769052e+00,1.844897e+00,1.657852e+00,1.510400e+00,1.772788e+00,1.590990e+00,1.847982e+00,1.445040e+00,1.630503e+00,1.443362e+00,1.791807e+00,1.891792e+00,1.581437e+00,1.765337e+00,1.773131e+00,1.892367e+00,1.670875e+00,1.712824e+00,1.734796e+00,1.376421e-01,1.443362e+00,1.910305e+00
5.731000e+00,1.184710e+00,1.910992e+00,1.867476e+00,1.866323e+00,1.725556e+00,1.847885e+00,1.825870e+00,1.770284e+00,1.846069e+00,1.657852e+00,1.510950e+00,1.774349e+00,1.592312e+00,1.848916e+00,1.443680e+00,1.631446e+00,1.444188e+00,1.791627e+00,1.892254e+00,1.582500e+00,1.767308e+00,1.773535e+00,1.892939e+00,1.670250e+00,1.713588e+00,1.735340e+00,1.376818e-01,1.443680e+00,1.910992e+00
5.732000e+00,1.184950e+00,1.912443e+00,1.867961e+00,1.867309e+00,1.724444e+00,1.848615e+00,1.826863e+00,1.770664e+00,1.847241e+00,1.658188e+00,1.511300e+00,1.775985e+00,1.593642e+00,1.849850e+00,1.444400e+00,1.632389e+00,1.445014e+00,1.791386e+00,1.893988e+00,1.581187e+00,1.768798e+00,1.775354e+00,1.894531e+00,1.672875e+00,1.713765e+00,1.736175e+00,1.379123e-01,1.444400e+00,1.912443e+00
5.733000e+00,1.185040e+00,1.912977e+00,1.868738e+00,1.868789e+00,1.724333e+00,1.849346e+00,1.827702e+00,1.771872e+00,1.848207e+00,1.659128e+00,1.512300e+00,1.777546e+00,1.594981e+00,1.850784e+00,1.444800e+00,1.633333e+00,1.445842e+00,1.792169e+00,1.895780e+00,1.579000e+00,1.769519e+00,1.776970e+00,1.894367e+00,1.671875e+00,1.714412e+00,1.736865e+00,1.381255e-01,1.444800e+00,1.912977e+00
5.734000e+00,1.185440e+00,1.915267e+00,1.867670e+00,1.869507e+00,1.725333e+00,1.849885e+00,1.828354e+00,1.772725e+00,1.848621e+00,1.660201e+00,1.512750e+00,1.778959e+00,1.596328e+00,1.851719e+00,1.446560e+00,1.634277e+00,1.446669e+00,1.792590e+00,1.896532e+00,1.579062e+00,1.770000e+00,1.777727e+00,1.896286e+00,1.672125e+00,1.715118e+00,1.737678e+00,1.381044e-01,1.446560e+00,1.915267e+00
5.735000e+00,1.185700e+00,1.914504e+00,1.868738e+00,1.870583e+00,1.726444e+00,1.849962e+00,1.828727e+00,1.774905e+00,1.849517e+00,1.662282e+00,1.513100e+00,1.781190e+00,1.597683e+00,1.852653e+00,1.447600e+00,1.635222e+00,1.447498e+00,1.793795e+00,1.898035e+00,1.579313e+00,1.770962e+00,1.778788e+00,1.896367e+00,1.674625e+00,1.716059e+00,1.738690e+00,1.379983e-01,1.447498e+00,1.914504e+00
5.736000e+00,1.185930e+00,1.916412e+00,1.868155e+00,1.871839e+00,1.727333e+00,1.849615e+00,1.830186e+00,1.775640e+00,1.851586e+00,1.663893e+00,1.514300e+00,1.783011e+00,1.599046e+00,1.853587e+00,1.448160e+00,1.636167e+00,1.448327e+00,1.794880e+00,1.900000e+00,1.580187e+00,1.772260e+00,1.781162e+00,1.897633e+00,1.676625e+00,1.716647e+00,1.739860e+00,1.380868e-01,1.448160e+00,1.916412e+00
5.737000e+00,1.186160e+00,1.918779e+00,1.866602e+00,1.873184e+00,1.727000e+00,1.850846e+00,1.831615e+00,1.777251e+00,1.852966e+00,1.664899e+00,1.515700e+00,1.785130e+00,1.600464e+00,1.854521e+00,1.448480e+00,1.637112e+00,1.449157e+00,1.795904e+00,1.901214e+00,1.581062e+00,1.774087e+00,1.781465e+00,1.896980e+00,1.675375e+00,1.717647e+00,1.740727e+00,1.381457e-01,1.448480e+00,1.918779e+00
5.738000e+00,1.186310e+00,1.919618e+00,1.867864e+00,1.874170e+00,1.727111e+00,1.851462e+00,1.833416e+00,1.778057e+00,1.855655e+00,1.666510e+00,1.516500e+00,1.787175e+00,1.601900e+00,1.855454e+00,1.449200e+00,1.638057e+00,1.449987e+00,1.797831e+00,1.902486e+00,1.581313e+00,1.775721e+00,1.783636e+00,1.896939e+00,1.675750e+00,1.718353e+00,1.741840e+00,1.383010e-01,1.449200e+00,1.919618e+00
5.739000e+00,1.186750e+00,1.921527e+00,1.868932e+00,1.875740e+00,1.729778e+00,1.852500e+00,1.834286e+00,1.778318e+00,1.857172e+00,1.667383e+00,1.516900e+00,1.789294e+00,1.603353e+00,1.856388e+00,1.451680e+00,1.639003e+00,1.450818e+00,1.797892e+00,1.903468e+00,1.582125e+00,1.776394e+00,1.784747e+00,1.896327e+00,1.677000e+00,1.718941e+00,1.742915e+00,1.382134e-01,1.450818e+00,1.921527e+00
5.740000e+00,1.186850e+00,1.922672e+00,1.867864e+00,1.876771e+00,1.727000e+00,1.853769e+00,1.836118e+00,1.779526e+00,1.858138e+00,1.670403e+00,1.517600e+00,1.791487e+00,1.604822e+00,1.857321e+00,1.450960e+00,1.639948e+00,1.451650e+00,1.797892e+00,1.903988e+00,1.581500e+00,1.776587e+00,1.786465e+00,1.896857e+00,1.676250e+00,1.720235e+00,1.743576e+00,1.383841e-01,1.450960e+00,1.922672e+00
5.741000e+00,1.187110e+00,1.924733e+00,1.867864e+00,1.877354e+00,1.728889e+00,1.854923e+00,1.837298e+00,1.780213e+00,1.859931e+00,1.671611e+00,1.518250e+00,1.793197e+00,1.606308e+00,1.858255e+00,1.453280e+00,1.640894e+00,1.452482e+00,1.799518e+00,1.905549e+00,1.583625e+00,1.778077e+00,1.787374e+00,1.897714e+00,1.676375e+00,1.721471e+00,1.744799e+00,1.383207e-01,1.452482e+00,1.924733e+00
5.742000e+00,1.187490e+00,1.924962e+00,1.869806e+00,1.878610e+00,1.729556e+00,1.856192e+00,1.838043e+00,1.781540e+00,1.860414e+00,1.674027e+00,1.518250e+00,1.796208e+00,1.607808e+00,1.859188e+00,1.453360e+00,1.641840e+00,1.453315e+00,1.799036e+00,1.906243e+00,1.583375e+00,1.779663e+00,1.789545e+00,1.899143e+00,1.678125e+00,1.721882e+00,1.745839e+00,1.385066e-01,1.453315e+00,1.924962e+00
5.743000e+00,1.187610e+00,1.926947e+00,1.869223e+00,1.879238e+00,1.729556e+00,1.857077e+00,1.838727e+00,1.782014e+00,1.861172e+00,1.675168e+00,1.518900e+00,1.798030e+00,1.609322e+00,1.860121e+00,1.452400e+00,1.642786e+00,1.454149e+00,1.800241e+00,1.907746e+00,1.585250e+00,1.780625e+00,1.789798e+00,1.899673e+00,1.677625e+00,1.722706e+00,1.746604e+00,1.386492e-01,1.452400e+00,1.926947e+00
5.744000e+00,1.187990e+00,1.926870e+00,1.870777e+00,1.881166e+00,1.729556e+00,1.858269e+00,1.839348e+00,1.782820e+00,1.863103e+00,1.677181e+00,1.520450e+00,1.799554e+00,1.610765e+00,1.861053e+00,1.455200e+00,1.643732e+00,1.454983e+00,1.801687e+00,1.908844e+00,1.586312e+00,1.782500e+00,1.790808e+00,1.901388e+00,1.678375e+00,1.723765e+00,1.747854e+00,1.385215e-01,1.454983e+00,1.926870e+00
5.745000e+00,1.188130e+00,1.927863e+00,1.869320e+00,1.881794e+00,1.730444e+00,1.859385e+00,1.839814e+00,1.783697e+00,1.864207e+00,1.678926e+00,1.520750e+00,1.802193e+00,1.612212e+00,1.861991e+00,1.455200e+00,1.644679e+00,1.455818e+00,1.801386e+00,1.909711e+00,1.587562e+00,1.783077e+00,1.791212e+00,1.902245e+00,1.678875e+00,1.724059e+00,1.748601e+00,1.385078e-01,1.455200e+00,1.927863e+00
5.746000e+00,1.188530e+00,1.929924e+00,1.870971e+00,1.882242e+00,1.730778e+00,1.860346e+00,1.839565e+00,1.784905e+00,1.865862e+00,1.679933e+00,1.521400e+00,1.803309e+00,1.613661e+00,1.862928e+00,1.457200e+00,1.645616e+00,1.456654e+00,1.803494e+00,1.911098e+00,1.588250e+00,1.784038e+00,1.792980e+00,1.904286e+00,1.680750e+00,1.724412e+00,1.749775e+00,1.385898e-01,1.456654e+00,1.929924e+00
5.747000e+00,1.188800e+00,1.930992e+00,1.871165e+00,1.882915e+00,1.732778e+00,1.861346e+00,1.840652e+00,1.785474e+00,1.867931e+00,1.681141e+00,1.522300e+00,1.805465e+00,1.615112e+00,1.863865e+00,1.457920e+00,1.646553e+00,1.457490e+00,1.803735e+00,1.911908e+00,1.589375e+00,1.785625e+00,1.793485e+00,1.905061e+00,1.683000e+00,1.725471e+00,1.750865e+00,1.385584e-01,1.457490e+00,1.930992e+00
5.748000e+00,1.189010e+00,1.931145e+00,1.872621e+00,1.884126e+00,1.731222e+00,1.861692e+00,1.841273e+00,1.786422e+00,1.869586e+00,1.683758e+00,1.523000e+00,1.807584e+00,1.616565e+00,1.864802e+00,1.457760e+00,1.647491e+00,1.458327e+00,1.805843e+00,1.913353e+00,1.590750e+00,1.786587e+00,1.795859e+00,1.906653e+00,1.682875e+00,1.726353e+00,1.751902e+00,1.387370e-01,1.457760e+00,1.931145e+00
5.749000e+00,1.189220e+00,1.932061e+00,1.872427e+00,1.884395e+00,1.731444e+00,1.862231e+00,1.842329e+00,1.787299e+00,1.871517e+00,1.685839e+00,1.523600e+00,1.808885e+00,1.618018e+00,1.865738e+00,1.458400e+00,1.648429e+00,1.459164e+00,1.807349e+00,1.914913e+00,1.591438e+00,1.787452e+00,1.796768e+00,1.907143e+00,1.681125e+00,1.726471e+00,1.752685e+00,1.388109e-01,1.458400e+00,1.932061e+00
5.750000e+00,1.189520e+00,1.933588e+00,1.875243e+00,1.884574e+00,1.730000e+00,1.862500e+00,1.843137e+00,1.788365e+00,1.872966e+00,1.686980e+00,1.523500e+00,1.810483e+00,1.619471e+00,1.866674e+00,1.458640e+00,1.649375e+00,1.460002e+00,1.808072e+00,1.916185e+00,1.592813e+00,1.789279e+00,1.798283e+00,1.909796e+00,1.684375e+00,1.727647e+00,1.753831e+00,1.390566e-01,1.458640e+00,1.933588e+00
5.751000e+00,1.189650e+00,1.934351e+00,1.873689e+00,1.883004e+00,1.728889e+00,1.862731e+00,1.844348e+00,1.789265e+00,1.873586e+00,1.688926e+00,1.524950e+00,1.812342e+00,1.620924e+00,1.867610e+00,1.459520e+00,1.650321e+00,1.460841e+00,1.809217e+00,1.916532e+00,1.593625e+00,1.790529e+00,1.798990e+00,1.910980e+00,1.684500e+00,1.728353e+00,1.754501e+00,1.388122e-01,1.459520e+00,1.934351e+00
5.752000e+00,1.190010e+00,1.935496e+00,1.875243e+00,1.881704e+00,1.728556e+00,1.863462e+00,1.845280e+00,1.790166e+00,1.874621e+00,1.690268e+00,1.525250e+00,1.814164e+00,1.622375e+00,1.868545e+00,1.459840e+00,1.651267e+00,1.461680e+00,1.808554e+00,1.918092e+00,1.594062e+00,1.791683e+00,1.799747e+00,1.911959e+00,1.685875e+00,1.729059e+00,1.755289e+00,1.388833e-01,1.459840e+00,1.935496e+00
5.753000e+00,1.190160e+00,1.936794e+00,1.873398e+00,1.881345e+00,1.728444e+00,1.864000e+00,1.846366e+00,1.791090e+00,1.876207e+00,1.690872e+00,1.526400e+00,1.815836e+00,1.623824e+00,1.869480e+00,1.460080e+00,1.652213e+00,1.462520e+00,1.808434e+00,1.919595e+00,1.595750e+00,1.792308e+00,1.800808e+00,1.912653e+00,1.687250e+00,1.729176e+00,1.756035e+00,1.387913e-01,1.460080e+00,1.936794e+00
5.754000e+00,1.190350e+00,1.936107e+00,1.875631e+00,1.880762e+00,1.729000e+00,1.864692e+00,1.847267e+00,1.791730e+00,1.877724e+00,1.692013e+00,1.527500e+00,1.817881e+00,1.625270e+00,1.870415e+00,1.461840e+00,1.653158e+00,1.463361e+00,1.808675e+00,1.919364e+00,1.596000e+00,1.793269e+00,1.801414e+00,1.913837e+00,1.687375e+00,1.729412e+00,1.756821e+00,1.386196e-01,1.461840e+00,1.936107e+00
5.755000e+00,1.190640e+00,1.937099e+00,1.875534e+00,1.881345e+00,1.729889e+00,1.864731e+00,1.848199e+00,1.793389e+00,1.879241e+00,1.694228e+00,1.527750e+00,1.819814e+00,1.626713e+00,1.871349e+00,1.462800e+00,1.654103e+00,1.464202e+00,1.806687e+00,1.918150e+00,1.597313e+00,1.791587e+00,1.802475e+00,1.914531e+00,1.688125e+00,1.729588e+00,1.757452e+00,1.384054e-01,1.462800e+00,1.937099e+00
5.756000e+00,1.190870e+00,1.936641e+00,1.877379e+00,1.883498e+00,1.730222e+00,1.865346e+00,1.848727e+00,1.793934e+00,1.880000e+00,1.695503e+00,1.528000e+00,1.821896e+00,1.628153e+00,1.872283e+00,1.461520e+00,1.655048e+00,1.465044e+00,1.804277e+00,1.916127e+00,1.597812e+00,1.790625e+00,1.803636e+00,1.915959e+00,1.683375e+00,1.731000e+00,1.757750e+00,1.385862e-01,1.461520e+00,1.936641e+00
5.757000e+00,1.191120e+00,1.937252e+00,1.876796e+00,1.886099e+00,1.731000e+00,1.865769e+00,1.849689e+00,1.794716e+00,1.881931e+00,1.697919e+00,1.528500e+00,1.824312e+00,1.629587e+00,1.873217e+00,1.462400e+00,1.655993e+00,1.465887e+00,1.803434e+00,1.914913e+00,1.599187e+00,1.790721e+00,1.805152e+00,1.916408e+00,1.682500e+00,1.731588e+00,1.758540e+00,1.384968e-01,1.462400e+00,1.937252e+00
5.758000e+00,1.191340e+00,1.938702e+00,1.877379e+00,1.887220e+00,1.732000e+00,1.866769e+00,1.850342e+00,1.795379e+00,1.883862e+00,1.699597e+00,1.529450e+00,1.825799e+00,1.631017e+00,1.874150e+00,1.460880e+00,1.656937e+00,1.466730e+00,1.803373e+00,1.916185e+00,1.599562e+00,1.791202e+00,1.806515e+00,1.917592e+00,1.681125e+00,1.731588e+00,1.759307e+00,1.388555e-01,1.460880e+00,1.938702e+00
5.759000e+00,1.191560e+00,1.938168e+00,1.876796e+00,1.888834e+00,1.730222e+00,1.867846e+00,1.850901e+00,1.795284e+00,1.885724e+00,1.701879e+00,1.530050e+00,1.827770e+00,1.632441e+00,1.875088e+00,1.462240e+00,1.657881e+00,1.467574e+00,1.804096e+00,1.915896e+00,1.600750e+00,1.791346e+00,1.806970e+00,1.917959e+00,1.680500e+00,1.729412e+00,1.759818e+00,1.387121e-01,1.462240e+00,1.938168e+00
5.760000e+00,1.191900e+00,1.941374e+00,1.878350e+00,1.889507e+00,1.731222e+00,1.868846e+00,1.851553e+00,1.796114e+00,1.886345e+00,1.702483e+00,1.529700e+00,1.829591e+00,1.633860e+00,1.876020e+00,1.463280e+00,1.658824e+00,1.468419e+00,1.804217e+00,1.917225e+00,1.601375e+00,1.791779e+00,1.807172e+00,1.919592e+00,1.681250e+00,1.729176e+00,1.760720e+00,1.389756e-01,1.463280e+00,1.941374e+00
5.761000e+00,1.192120e+00,1.940458e+00,1.878350e+00,1.890852e+00,1.733333e+00,1.869923e+00,1.852329e+00,1.795782e+00,1.887448e+00,1.703356e+00,1.529150e+00,1.832342e+00,1.635272e+00,1.876957e+00,1.463200e+00,1.659767e+00,1.469264e+00,1.804759e+00,1.919653e+00,1.601375e+00,1.792115e+00,1.809242e+00,1.920939e+00,1.682500e+00,1.728176e+00,1.761523e+00,1.392159e-01,1.463200e+00,1.940458e+00
5.762000e+00,1.192470e+00,1.943511e+00,1.878641e+00,1.892332e+00,1.732444e+00,1.870577e+00,1.852950e+00,1.795142e+00,1.888207e+00,1.705839e+00,1.528900e+00,1.833606e+00,1.636678e+00,1.877889e+00,1.463840e+00,1.660710e+00,1.470110e+00,1.805602e+00,1.920231e+00,1.602563e+00,1.794712e+00,1.810000e+00,1.922163e+00,1.682625e+00,1.727824e+00,1.762379e+00,1.394126e-01,1.463840e+00,1.943511e+00
5.763000e+00,1.192610e+00,1.945267e+00,1.880388e+00,1.893274e+00,1.734778e+00,1.871231e+00,1.853820e+00,1.795095e+00,1.889241e+00,1.706779e+00,1.529600e+00,1.835613e+00,1.638077e+00,1.878821e+00,1.464640e+00,1.661652e+00,1.470956e+00,1.806506e+00,1.920983e+00,1.602687e+00,1.796106e+00,1.811162e+00,1.924000e+00,1.683625e+00,1.728824e+00,1.763463e+00,1.395765e-01,1.464640e+00,1.945267e+00
5.764000e+00,1.192900e+00,1.945725e+00,1.880777e+00,1.894529e+00,1.734667e+00,1.872615e+00,1.853447e+00,1.795308e+00,1.891517e+00,1.708121e+00,1.529800e+00,1.837584e+00,1.639468e+00,1.879756e+00,1.465920e+00,1.662593e+00,1.471803e+00,1.808434e+00,1.922601e+00,1.602625e+00,1.796538e+00,1.812172e+00,1.924612e+00,1.685500e+00,1.730529e+00,1.764443e+00,1.396469e-01,1.465920e+00,1.945725e+00
5.765000e+00,1.193280e+00,1.947328e+00,1.880097e+00,1.896323e+00,1.737222e+00,1.873154e+00,1.854907e+00,1.796090e+00,1.892000e+00,1.709195e+00,1.530650e+00,1.838810e+00,1.640853e+00,1.880687e+00,1.467120e+00,1.663534e+00,1.472651e+00,1.810301e+00,1.923873e+00,1.603687e+00,1.798125e+00,1.812778e+00,1.925551e+00,1.685375e+00,1.730882e+00,1.765466e+00,1.396615e-01,1.467120e+00,1.947328e+00
5.766000e+00,1.193500e+00,1.948550e+00,1.880583e+00,1.896547e+00,1.737556e+00,1.873115e+00,1.855559e+00,1.796398e+00,1.892276e+00,1.710000e+00,1.531050e+00,1.839517e+00,1.642230e+00,1.881618e+00,1.467600e+00,1.664475e+00,1.473500e+00,1.811867e+00,1.924277e+00,1.604437e+00,1.799712e+00,1.810606e+00,1.927551e+00,1.687500e+00,1.730824e+00,1.766139e+00,1.396254e-01,1.467600e+00,1.948550e+00
5.767000e+00,1.193680e+00,1.950000e+00,1.879709e+00,1.897130e+00,1.738000e+00,1.872308e+00,1.856149e+00,1.797251e+00,1.892621e+00,1.710336e+00,1.531400e+00,1.839703e+00,1.643599e+00,1.882548e+00,1.468480e+00,1.665415e+00,1.474349e+00,1.813735e+00,1.925723e+00,1.605750e+00,1.801058e+00,1.810152e+00,1.928735e+00,1.688750e+00,1.732471e+00,1.766890e+00,1.395282e-01,1.468480e+00,1.950000e+00
5.768000e+00,1.194060e+00,1.950916e+00,1.879806e+00,1.898565e+00,1.740333e+00,1.872000e+00,1.856832e+00,1.797915e+00,1.892000e+00,1.711544e+00,1.532350e+00,1.840743e+00,1.644961e+00,1.883478e+00,1.468800e+00,1.666354e+00,1.475199e+00,1.815422e+00,1.926994e+00,1.606500e+00,1.802404e+00,1.809747e+00,1.930286e+00,1.690250e+00,1.734000e+00,1.767808e+00,1.394770e-01,1.468800e+00,1.950916e+00
5.769000e+00,1.194060e+00,1.952061e+00,1.880097e+00,1.898789e+00,1.740444e+00,1.871692e+00,1.857578e+00,1.797725e+00,1.892828e+00,1.711409e+00,1.533200e+00,1.841375e+00,1.646315e+00,1.884408e+00,1.468800e+00,1.667293e+00,1.476049e+00,1.815301e+00,1.929075e+00,1.606187e+00,1.804375e+00,1.811162e+00,1.930571e+00,1.691375e+00,1.734706e+00,1.768451e+00,1.395649e-01,1.468800e+00,1.952061e+00
5.770000e+00,1.194510e+00,1.953359e+00,1.879806e+00,1.899013e+00,1.740778e+00,1.871615e+00,1.858199e+00,1.799265e+00,1.894138e+00,1.711745e+00,1.533800e+00,1.842862e+00,1.647661e+00,1.885338e+00,1.468960e+00,1.668231e+00,1.476900e+00,1.816687e+00,1.929884e+00,1.608125e+00,1.805288e+00,1.812020e+00,1.930531e+00,1.691875e+00,1.735412e+00,1.769229e+00,1.395248e-01,1.468960e+00,1.953359e+00
5.771000e+00,1.194630e+00,1.952901e+00,1.879612e+00,1.899910e+00,1.743000e+00,1.871846e+00,1.859410e+00,1.799810e+00,1.895448e+00,1.713154e+00,1.534500e+00,1.844610e+00,1.649000e+00,1.886267e+00,1.471200e+00,1.669169e+00,1.477752e+00,1.817711e+00,1.930694e+00,1.608750e+00,1.807115e+00,1.812677e+00,1.928857e+00,1.692125e+00,1.735588e+00,1.770046e+00,1.392126e-01,1.471200e+00,1.952901e+00
5.772000e+00,1.195080e+00,1.955191e+00,1.880388e+00,1.900224e+00,1.741556e+00,1.872231e+00,1.859503e+00,1.800735e+00,1.897034e+00,1.714832e+00,1.535400e+00,1.846171e+00,1.650331e+00,1.887196e+00,1.471280e+00,1.670098e+00,1.478605e+00,1.818434e+00,1.931561e+00,1.609125e+00,1.808029e+00,1.813737e+00,1.928449e+00,1.691875e+00,1.736941e+00,1.770789e+00,1.393185e-01,1.471280e+00,1.955191e+00
5.773000e+00,1.195290e+00,1.955573e+00,1.879903e+00,1.901211e+00,1.743333e+00,1.873115e+00,1.859565e+00,1.801919e+00,1.899103e+00,1.716980e+00,1.536550e+00,1.847658e+00,1.651655e+00,1.888124e+00,1.470720e+00,1.671034e+00,1.479458e+00,1.818976e+00,1.933064e+00,1.610062e+00,1.808846e+00,1.815152e+00,1.929224e+00,1.693750e+00,1.737882e+00,1.771786e+00,1.393585e-01,1.470720e+00,1.955573e+00
5.774000e+00,1.195480e+00,1.956412e+00,1.881359e+00,1.903049e+00,1.744889e+00,1.873500e+00,1.858478e+00,1.802749e+00,1.900966e+00,1.719060e+00,1.536550e+00,1.849442e+00,1.652972e+00,1.889053e+00,1.471120e+00,1.671970e+00,1.480312e+00,1.821084e+00,1.933931e+00,1.611312e+00,1.810144e+00,1.815859e+00,1.929592e+00,1.693500e+00,1.739059e+00,1.772765e+00,1.394716e-01,1.471120e+00,1.956412e+00
5.775000e+00,1.195790e+00,1.957023e+00,1.882427e+00,1.904126e+00,1.744556e+00,1.873923e+00,1.857236e+00,1.804360e+00,1.902828e+00,1.720940e+00,1.537850e+00,1.851487e+00,1.654281e+00,1.889981e+00,1.473200e+00,1.672904e+00,1.481166e+00,1.822289e+00,1.935549e+00,1.611813e+00,1.811442e+00,1.817121e+00,1.930000e+00,1.696500e+00,1.740353e+00,1.773890e+00,1.393105e-01,1.473200e+00,1.957023e+00
5.776000e+00,1.196050e+00,1.957786e+00,1.881748e+00,1.906368e+00,1.745556e+00,1.873731e+00,1.857360e+00,1.805545e+00,1.904276e+00,1.721745e+00,1.539050e+00,1.853011e+00,1.655583e+00,1.890909e+00,1.472720e+00,1.673839e+00,1.482021e+00,1.822892e+00,1.936821e+00,1.612750e+00,1.812596e+00,1.818182e+00,1.931469e+00,1.698000e+00,1.740706e+00,1.774778e+00,1.394197e-01,1.472720e+00,1.957786e+00
5.777000e+00,1.196150e+00,1.960611e+00,1.883398e+00,1.907623e+00,1.745778e+00,1.874154e+00,1.858043e+00,1.806635e+00,1.904759e+00,1.723893e+00,1.540550e+00,1.855279e+00,1.656879e+00,1.891836e+00,1.474240e+00,1.674772e+00,1.482877e+00,1.825482e+00,1.938035e+00,1.613812e+00,1.813942e+00,1.819394e+00,1.931510e+00,1.698750e+00,1.742412e+00,1.776028e+00,1.394362e-01,1.474240e+00,1.960611e+00
5.778000e+00,1.196490e+00,1.961450e+00,1.882913e+00,1.909103e+00,1.746222e+00,1.875885e+00,1.858292e+00,1.808270e+00,1.905793e+00,1.725034e+00,1.541200e+00,1.857770e+00,1.658168e+00,1.892764e+00,1.476080e+00,1.675697e+00,1.483733e+00,1.827169e+00,1.938208e+00,1.615000e+00,1.814808e+00,1.820909e+00,1.932816e+00,1.699500e+00,1.742941e+00,1.777072e+00,1.393900e-01,1.476080e+00,1.961450e+00
5.779000e+00,1.196860e+00,1.961832e+00,1.883689e+00,1.910807e+00,1.745889e+00,1.877154e+00,1.859068e+00,1.809005e+00,1.907379e+00,1.727114e+00,1.541500e+00,1.859926e+00,1.659450e+00,1.893691e+00,1.475680e+00,1.676628e+00,1.484591e+00,1.828976e+00,1.940058e+00,1.616250e+00,1.815913e+00,1.821869e+00,1.934082e+00,1.700375e+00,1.743765e+00,1.778112e+00,1.396598e-01,1.475680e+00,1.961832e+00
5.780000e+00,1.197050e+00,1.963817e+00,1.884757e+00,1.912466e+00,1.747000e+00,1.878962e+00,1.859286e+00,1.810095e+00,1.908759e+00,1.728993e+00,1.543050e+00,1.862156e+00,1.660726e+00,1.894618e+00,1.476640e+00,1.677560e+00,1.485448e+00,1.830120e+00,1.940173e+00,1.616125e+00,1.816683e+00,1.823889e+00,1.935510e+00,1.701875e+00,1.744824e+00,1.779314e+00,1.397785e-01,1.476640e+00,1.963817e+00
5.781000e+00,1.197300e+00,1.965267e+00,1.885922e+00,1.913677e+00,1.748667e+00,1.880538e+00,1.860435e+00,1.810948e+00,1.911034e+00,1.730872e+00,1.543850e+00,1.864312e+00,1.661997e+00,1.895544e+00,1.477520e+00,1.678482e+00,1.486307e+00,1.830843e+00,1.941561e+00,1.617625e+00,1.817788e+00,1.825051e+00,1.936653e+00,1.703875e+00,1.745765e+00,1.780606e+00,1.399001e-01,1.477520e+00,1.965267e+00
5.782000e+00,1.197600e+00,1.966794e+00,1.885340e+00,1.914933e+00,1.749333e+00,1.881385e+00,1.860683e+00,1.812251e+00,1.912276e+00,1.733356e+00,1.544150e+00,1.866245e+00,1.663262e+00,1.896471e+00,1.477440e+00,1.679411e+00,1.487166e+00,1.832289e+00,1.942832e+00,1.617875e+00,1.819087e+00,1.825758e+00,1.937796e+00,1.704625e+00,1.746294e+00,1.781544e+00,1.401072e-01,1.477440e+00,1.966794e+00
5.783000e+00,1.197730e+00,1.966565e+00,1.886117e+00,1.915919e+00,1.748333e+00,1.881923e+00,1.861460e+00,1.813294e+00,1.913862e+00,1.735101e+00,1.545350e+00,1.867621e+00,1.664521e+00,1.897397e+00,1.479360e+00,1.680340e+00,1.488026e+00,1.832470e+00,1.942832e+00,1.619250e+00,1.820481e+00,1.826465e+00,1.939143e+00,1.705000e+00,1.747647e+00,1.782436e+00,1.399098e-01,1.479360e+00,1.966565e+00
5.784000e+00,1.198060e+00,1.970305e+00,1.886699e+00,1.917803e+00,1.750778e+00,1.882308e+00,1.862143e+00,1.813436e+00,1.915034e+00,1.735839e+00,1.546000e+00,1.869628e+00,1.665775e+00,1.898323e+00,1.480880e+00,1.681268e+00,1.488886e+00,1.834337e+00,1.944855e+00,1.620375e+00,1.820481e+00,1.828889e+00,1.939959e+00,1.706625e+00,1.749176e+00,1.783742e+00,1.400877e-01,1.480880e+00,1.970305e+00
5.785000e+00,1.198270e+00,1.970382e+00,1.887282e+00,1.918430e+00,1.750111e+00,1.883808e+00,1.863043e+00,1.814668e+00,1.915379e+00,1.737383e+00,1.546500e+00,1.871524e+00,1.667025e+00,1.899248e+00,1.480560e+00,1.682195e+00,1.489747e+00,1.836265e+00,1.945780e+00,1.620000e+00,1.821827e+00,1.830404e+00,1.941673e+00,1.707750e+00,1.749412e+00,1.784600e+00,1.403141e-01,1.480560e+00,1.970382e+00
5.786000e+00,1.198610e+00,1.971527e+00,1.886602e+00,1.918744e+00,1.752444e+00,1.885154e+00,1.863975e+00,1.815024e+00,1.916483e+00,1.737919e+00,1.547250e+00,1.873420e+00,1.668269e+00,1.900174e+00,1.482080e+00,1.683121e+00,1.490609e+00,1.837470e+00,1.945723e+00,1.620938e+00,1.823654e+00,1.831263e+00,1.942571e+00,1.708750e+00,1.749529e+00,1.785529e+00,1.402091e-01,1.482080e+00,1.971527e+00
5.787000e+00,1.198770e+00,1.974275e+00,1.888058e+00,1.918520e+00,1.753222e+00,1.885192e+00,1.864938e+00,1.815569e+00,1.918414e+00,1.739060e+00,1.547850e+00,1.874833e+00,1.669510e+00,1.901099e+00,1.483440e+00,1.684046e+00,1.491472e+00,1.838735e+00,1.946763e+00,1.622437e+00,1.824231e+00,1.831616e+00,1.944408e+00,1.709125e+00,1.750765e+00,1.786566e+00,1.403043e-01,1.483440e+00,1.974275e+00
5.788000e+00,1.199150e+00,1.973588e+00,1.887087e+00,1.919596e+00,1.751778e+00,1.885769e+00,1.865590e+00,1.816043e+00,1.920069e+00,1.741678e+00,1.549200e+00,1.876914e+00,1.670746e+00,1.902024e+00,1.483200e+00,1.684970e+00,1.492335e+00,1.840663e+00,1.947572e+00,1.622000e+00,1.824471e+00,1.833434e+00,1.945469e+00,1.709125e+00,1.751353e+00,1.787278e+00,1.403859e-01,1.483200e+00,1.973588e+00
5.789000e+00,1.199390e+00,1.975420e+00,1.890097e+00,1.919955e+00,1.753222e+00,1.886115e+00,1.867019e+00,1.816540e+00,1.921379e+00,1.743624e+00,1.549550e+00,1.878848e+00,1.671978e+00,1.902949e+00,1.484480e+00,1.685894e+00,1.493199e+00,1.841446e+00,1.949595e+00,1.623000e+00,1.825385e+00,1.834949e+00,1.946776e+00,1.710625e+00,1.751941e+00,1.788499e+00,1.405565e-01,1.484480e+00,1.975420e+00
5.790000e+00,1.199610e+00,1.975496e+00,1.889126e+00,1.920762e+00,1.754000e+00,1.886423e+00,1.867516e+00,1.816991e+00,1.924138e+00,1.744899e+00,1.551050e+00,1.880074e+00,1.673207e+00,1.903874e+00,1.484960e+00,1.686816e+00,1.494063e+00,1.842289e+00,1.949884e+00,1.623313e+00,1.826779e+00,1.836869e+00,1.947714e+00,1.711000e+00,1.752353e+00,1.789317e+00,1.405253e-01,1.484960e+00,1.975496e+00
5.791000e+00,1.199810e+00,1.976947e+00,1.890194e+00,1.921480e+00,1.754444e+00,1.886500e+00,1.868851e+00,1.817962e+00,1.926000e+00,1.746913e+00,1.551500e+00,1.882007e+00,1.674432e+00,1.904798e+00,1.485680e+00,1.687738e+00,1.494928e+00,1.842349e+00,1.950520e+00,1.623625e+00,1.828173e+00,1.837576e+00,1.949306e+00,1.712000e+00,1.753529e+00,1.790311e+00,1.406709e-01,1.485680e+00,1.976947e+00
5.792000e+00,1.200230e+00,1.977939e+00,1.890583e+00,1.922152e+00,1.755889e+00,1.887385e+00,1.870062e+00,1.818697e+00,1.926897e+00,1.747987e+00,1.551900e+00,1.883606e+00,1.675654e+00,1.905723e+00,1.486240e+00,1.688659e+00,1.495794e+00,1.841807e+00,1.950694e+00,1.624562e+00,1.828702e+00,1.839394e+00,1.950245e+00,1.712500e+00,1.754118e+00,1.791133e+00,1.406919e-01,1.486240e+00,1.977939e+00
5.793000e+00,1.200340e+00,1.978473e+00,1.892524e+00,1.923946e+00,1.755889e+00,1.888077e+00,1.870932e+00,1.819692e+00,1.928552e+00,1.748658e+00,1.553050e+00,1.884981e+00,1.676874e+00,1.906647e+00,1.486240e+00,1.689578e+00,1.496661e+00,1.843253e+00,1.948902e+00,1.624063e+00,1.827308e+00,1.840101e+00,1.951184e+00,1.714125e+00,1.755353e+00,1.791878e+00,1.407486e-01,1.486240e+00,1.978473e+00
5.794000e+00,1.200610e+00,1.979008e+00,1.890485e+00,1.925067e+00,1.756111e+00,1.889654e+00,1.871863e+00,1.821374e+00,1.929448e+00,1.750134e+00,1.553350e+00,1.887100e+00,1.678090e+00,1.907571e+00,1.486720e+00,1.690497e+00,1.497528e+00,1.845482e+00,1.947630e+00,1.624562e+00,1.826538e+00,1.841566e+00,1.952122e+00,1.714750e+00,1.755294e+00,1.792581e+00,1.407336e-01,1.486720e+00,1.979008e+00
5.795000e+00,1.200600e+00,1.980000e+00,1.893204e+00,1.925830e+00,1.756222e+00,1.889923e+00,1.873820e+00,1.822227e+00,1.931034e+00,1.751409e+00,1.554350e+00,1.889071e+00,1.679305e+00,1.908494e+00,1.488880e+00,1.691415e+00,1.498396e+00,1.845361e+00,1.947110e+00,1.623062e+00,1.826202e+00,1.841566e+00,1.952286e+00,1.716250e+00,1.755471e+00,1.793370e+00,1.407003e-01,1.488880e+00,1.980000e+00
5.796000e+00,1.201050e+00,1.980687e+00,1.893010e+00,1.926996e+00,1.756333e+00,1.889654e+00,1.874130e+00,1.822156e+00,1.931310e+00,1.753020e+00,1.555200e+00,1.891636e+00,1.680517e+00,1.909416e+00,1.489680e+00,1.692339e+00,1.499265e+00,1.847711e+00,1.947457e+00,1.624500e+00,1.826298e+00,1.842980e+00,1.953469e+00,1.716750e+00,1.756412e+00,1.794205e+00,1.406305e-01,1.489680e+00,1.980687e+00
5.797000e+00,1.201200e+00,1.979847e+00,1.893398e+00,1.928072e+00,1.759778e+00,1.890769e+00,1.875870e+00,1.821943e+00,1.932621e+00,1.755101e+00,1.557200e+00,1.893420e+00,1.681727e+00,1.910337e+00,1.490000e+00,1.693255e+00,1.500134e+00,1.848976e+00,1.947399e+00,1.625000e+00,1.827500e+00,1.842980e+00,1.954041e+00,1.719125e+00,1.756588e+00,1.795212e+00,1.404432e-01,1.490000e+00,1.979847e+00
5.798000e+00,1.201490e+00,1.981374e+00,1.891845e+00,1.929462e+00,1.759000e+00,1.891385e+00,1.876522e+00,1.820995e+00,1.934000e+00,1.755973e+00,1.557450e+00,1.894907e+00,1.682935e+00,1.911258e+00,1.491200e+00,1.694170e+00,1.501004e+00,1.850904e+00,1.948960e+00,1.625812e+00,1.828125e+00,1.844192e+00,1.954816e+00,1.718875e+00,1.757588e+00,1.795948e+00,1.405364e-01,1.491200e+00,1.981374e+00
5.799000e+00,1.201790e+00,1.981985e+00,1.892816e+00,1.931211e+00,1.759222e+00,1.892615e+00,1.877143e+00,1.821540e+00,1.935655e+00,1.757919e+00,1.558750e+00,1.896803e+00,1.684142e+00,1.912180e+00,1.492880e+00,1.695084e+00,1.501874e+00,1.852952e+00,1.950462e+00,1.626125e+00,1.829952e+00,1.845000e+00,1.955265e+00,1.719750e+00,1.758118e+00,1.797060e+00,1.405730e-01,1.492880e+00,1.981985e+00
5.800000e+00,1.201960e+00,1.981145e+00,1.891068e+00,1.932287e+00,1.759667e+00,1.893808e+00,1.877857e+00,1.821209e+00,1.937034e+00,1.758188e+00,1.560100e+00,1.898290e+00,1.685347e+00,1.913101e+00,1.493600e+00,1.695998e+00,1.502746e+00,1.853133e+00,1.951387e+00,1.627250e+00,1.830385e+00,1.845909e+00,1.956367e+00,1.719625e+00,1.760118e+00,1.797734e+00,1.404267e-01,1.493600e+00,1.981145e+00
5.801000e+00,1.202300e+00,1.984122e+00,1.892816e+00,1.933587e+00,1.760444e+00,1.894538e+00,1.878292e+00,1.821801e+00,1.938414e+00,1.758322e+00,1.560300e+00,1.900000e+00,1.686551e+00,1.914022e+00,1.494960e+00,1.696910e+00,1.503618e+00,1.854819e+00,1.953410e+00,1.629250e+00,1.832356e+00,1.846970e+00,1.956776e+00,1.721250e+00,1.760765e+00,1.798929e+00,1.406016e-01,1.494960e+00,1.984122e+00
5.802000e+00,1.202550e+00,1.983282e+00,1.893592e+00,1.934619e+00,1.762556e+00,1.895962e+00,1.878789e+00,1.822299e+00,1.939103e+00,1.758389e+00,1.560850e+00,1.901896e+00,1.687754e+00,1.914944e+00,1.494880e+00,1.697822e+00,1.504490e+00,1.854880e+00,1.954740e+00,1.629437e+00,1.833269e+00,1.847778e+00,1.957388e+00,1.721125e+00,1.761176e+00,1.799626e+00,1.406912e-01,1.494880e+00,1.983282e+00
5.803000e+00,1.202700e+00,1.985496e+00,1.893592e+00,1.935112e+00,1.762444e+00,1.895885e+00,1.878820e+00,1.823152e+00,1.939448e+00,1.758792e+00,1.561300e+00,1.902788e+00,1.688955e+00,1.915867e+00,1.497120e+00,1.698732e+00,1.505364e+00,1.855181e+00,1.955549e+00,1.631500e+00,1.835048e+00,1.848535e+00,1.958367e+00,1.721750e+00,1.762235e+00,1.800460e+00,1.405143e-01,1.497120e+00,1.985496e+00
5.804000e+00,1.203010e+00,1.985496e+00,1.894078e+00,1.934978e+00,1.762000e+00,1.895731e+00,1.879814e+00,1.823555e+00,1.938966e+00,1.760537e+00,1.562150e+00,1.903532e+00,1.690157e+00,1.916790e+00,1.496080e+00,1.699642e+00,1.506238e+00,1.855602e+00,1.956532e+00,1.632250e+00,1.836346e+00,1.849293e+00,1.957061e+00,1.723875e+00,1.762941e+00,1.800985e+00,1.403731e-01,1.496080e+00,1.985496e+00
5.805000e+00,1.203250e+00,1.987328e+00,1.895340e+00,1.933632e+00,1.761667e+00,1.895500e+00,1.880342e+00,1.823531e+00,1.938138e+00,1.762148e+00,1.561300e+00,1.904052e+00,1.691357e+00,1.917712e+00,1.496880e+00,1.700551e+00,1.507112e+00,1.857229e+00,1.957688e+00,1.633125e+00,1.836923e+00,1.851263e+00,1.956980e+00,1.723875e+00,1.762824e+00,1.801521e+00,1.403737e-01,1.496880e+00,1.987328e+00
5.806000e+00,1.203510e+00,1.987634e+00,1.894466e+00,1.932601e+00,1.763000e+00,1.896000e+00,1.881646e+00,1.824692e+00,1.937517e+00,1.763557e+00,1.561100e+00,1.904758e+00,1.692557e+00,1.918635e+00,1.497920e+00,1.701459e+00,1.507988e+00,1.859036e+00,1.958786e+00,1.634813e+00,1.838510e+00,1.851414e+00,1.956898e+00,1.724000e+00,1.763235e+00,1.802176e+00,1.401569e-01,1.497920e+00,1.987634e+00
5.807000e+00,1.203700e+00,1.989542e+00,1.895825e+00,1.932511e+00,1.762444e+00,1.896269e+00,1.882298e+00,1.825640e+00,1.939379e+00,1.764564e+00,1.561100e+00,1.904944e+00,1.693756e+00,1.919557e+00,1.498480e+00,1.702367e+00,1.508864e+00,1.860120e+00,1.959653e+00,1.635500e+00,1.840288e+00,1.852374e+00,1.957714e+00,1.724500e+00,1.764471e+00,1.803007e+00,1.403097e-01,1.498480e+00,1.989542e+00
5.808000e+00,1.204100e+00,1.991374e+00,1.895631e+00,1.933094e+00,1.763556e+00,1.896269e+00,1.882919e+00,1.827275e+00,1.940621e+00,1.766644e+00,1.562050e+00,1.906803e+00,1.694955e+00,1.920479e+00,1.499200e+00,1.703268e+00,1.509740e+00,1.862590e+00,1.960231e+00,1.636687e+00,1.842019e+00,1.853939e+00,1.958490e+00,1.726875e+00,1.765412e+00,1.804172e+00,1.403023e-01,1.499200e+00,1.991374e+00
5.809000e+00,1.204360e+00,1.991374e+00,1.898058e+00,1.932960e+00,1.762556e+00,1.896462e+00,1.884068e+00,1.827796e+00,1.941517e+00,1.767248e+00,1.562050e+00,1.908253e+00,1.696154e+00,1.921401e+00,1.498880e+00,1.704174e+00,1.510618e+00,1.862470e+00,1.961850e+00,1.637312e+00,1.843846e+00,1.854646e+00,1.959102e+00,1.725875e+00,1.764941e+00,1.804734e+00,1.405342e-01,1.498880e+00,1.991374e+00
5.810000e+00,1.204640e+00,1.992595e+00,1.896796e+00,1.933722e+00,1.762778e+00,1.896423e+00,1.884938e+00,1.829313e+00,1.943310e+00,1.769262e+00,1.562950e+00,1.909480e+00,1.697352e+00,1.922323e+00,1.499680e+00,1.705079e+00,1.511496e+00,1.862952e+00,1.963237e+00,1.638437e+00,1.845240e+00,1.855556e+00,1.961184e+00,1.727000e+00,1.766529e+00,1.805735e+00,1.405618e-01,1.499680e+00,1.992595e+00
5.811000e+00,1.204940e+00,1.993740e+00,1.898350e+00,1.935022e+00,1.761111e+00,1.896385e+00,1.885807e+00,1.829834e+00,1.944621e+00,1.770201e+00,1.563450e+00,1.911487e+00,1.698551e+00,1.923247e+00,1.500800e+00,1.705983e+00,1.512375e+00,1.863193e+00,1.963526e+00,1.640375e+00,1.846250e+00,1.856566e+00,1.961633e+00,1.726750e+00,1.767000e+00,1.806511e+00,1.405892e-01,1.500800e+00,1.993740e+00
5.812000e+00,1.205240e+00,1.995038e+00,1.898447e+00,1.935247e+00,1.759778e+00,1.897769e+00,1.886584e+00,1.831114e+00,1.945655e+00,1.771812e+00,1.564750e+00,1.912937e+00,1.699749e+00,1.924170e+00,1.500320e+00,1.706887e+00,1.513254e+00,1.863614e+00,1.964566e+00,1.641437e+00,1.847548e+00,1.857626e+00,1.962776e+00,1.728625e+00,1.767294e+00,1.807375e+00,1.407050e-01,1.500320e+00,1.995038e+00
5.813000e+00,1.205300e+00,1.996641e+00,1.900097e+00,1.936592e+00,1.759333e+00,1.898269e+00,1.887702e+00,1.831659e+00,1.947103e+00,1.773490e+00,1.565650e+00,1.914349e+00,1.700947e+00,1.925091e+00,1.501520e+00,1.707790e+00,1.514134e+00,1.864940e+00,1.965838e+00,1.642625e+00,1.848173e+00,1.857626e+00,1.964000e+00,1.728250e+00,1.767941e+00,1.808323e+00,1.408302e-01,1.501520e+00,1.996641e+00
5.814000e+00,1.205560e+00,1.997557e+00,1.898835e+00,1.937937e+00,1.758444e+00,1.899385e+00,1.888882e+00,1.833199e+00,1.948000e+00,1.775705e+00,1.565900e+00,1.916059e+00,1.702145e+00,1.926014e+00,1.501440e+00,1.708692e+00,1.515015e+00,1.866084e+00,1.967803e+00,1.644188e+00,1.849856e+00,1.855000e+00,1.964980e+00,1.729500e+00,1.768647e+00,1.809136e+00,1.409530e-01,1.501440e+00,1.997557e+00
5.815000e+00,1.205800e+00,1.998779e+00,1.901456e+00,1.938161e+00,1.759111e+00,1.899538e+00,1.889689e+00,1.833602e+00,1.950483e+00,1.777114e+00,1.568000e+00,1.917546e+00,1.703343e+00,1.926937e+00,1.503040e+00,1.709593e+00,1.515896e+00,1.866145e+00,1.969249e+00,1.645000e+00,1.851202e+00,1.853939e+00,1.966531e+00,1.728750e+00,1.769353e+00,1.810102e+00,1.409584e-01,1.503040e+00,1.998779e+00
5.816000e+00,1.206140e+00,1.999924e+00,1.901456e+00,1.939507e+00,1.760111e+00,1.900654e+00,1.890155e+00,1.834147e+00,1.951724e+00,1.778456e+00,1.569400e+00,1.919294e+00,1.704541e+00,1.927860e+00,1.502240e+00,1.710494e+00,1.516778e+00,1.868494e+00,1.969595e+00,1.646125e+00,1.851827e+00,1.852778e+00,1.967469e+00,1.730875e+00,1.767824e+00,1.810905e+00,1.410657e-01,1.502240e+00,1.999924e+00
5.817000e+00,1.206450e+00,2.001374e+00,1.902621e+00,1.941570e+00,1.760889e+00,1.901192e+00,1.890404e+00,1.834573e+00,1.953103e+00,1.779262e+00,1.570350e+00,1.920632e+00,1.705739e+00,1.928781e+00,1.503280e+00,1.711394e+00,1.517660e+00,1.870120e+00,1.970116e+00,1.648313e+00,1.853269e+00,1.853586e+00,1.968245e+00,1.730250e+00,1.766294e+00,1.811792e+00,1.411335e-01,1.503280e+00,2.001374e+00
5.818000e+00,1.206560e+00,2.002443e+00,1.902330e+00,1.942691e+00,1.761778e+00,1.902269e+00,1.891118e+00,1.835450e+00,1.954828e+00,1.780805e+00,1.570750e+00,1.922379e+00,1.706937e+00,1.929702e+00,1.504320e+00,1.712294e+00,1.518544e+00,1.872169e+00,1.971098e+00,1.648688e+00,1.854471e+00,1.854899e+00,1.969306e+00,1.732000e+00,1.765706e+00,1.812791e+00,1.412569e-01,1.504320e+00,2.002443e+00
5.819000e+00,1.206960e+00,2.003282e+00,1.903786e+00,1.944126e+00,1.760889e+00,1.904192e+00,1.891553e+00,1.835829e+00,1.956207e+00,1.782617e+00,1.571650e+00,1.923866e+00,1.708135e+00,1.930623e+00,1.503920e+00,1.713192e+00,1.519428e+00,1.873976e+00,1.972197e+00,1.649563e+00,1.855721e+00,1.855657e+00,1.970816e+00,1.731875e+00,1.766294e+00,1.813725e+00,1.415571e-01,1.503920e+00,2.003282e+00
5.820000e+00,1.207140e+00,2.004809e+00,1.904466e+00,1.946054e+00,1.762333e+00,1.904962e+00,1.892888e+00,1.837227e+00,1.956483e+00,1.784027e+00,1.573650e+00,1.926171e+00,1.709333e+00,1.931544e+00,1.505200e+00,1.714090e+00,1.520312e+00,1.874337e+00,1.973064e+00,1.649875e+00,1.856490e+00,1.855909e+00,1.971796e+00,1.732250e+00,1.766529e+00,1.814742e+00,1.415560e-01,1.505200e+00,2.004809e+00
5.821000e+00,1.207310e+00,2.004885e+00,1.904078e+00,1.946457e+00,1.762778e+00,1.906154e+00,1.893075e+00,1.838507e+00,1.958207e+00,1.785503e+00,1.574100e+00,1.927844e+00,1.710531e+00,1.932465e+00,1.505120e+00,1.714988e+00,1.521197e+00,1.874337e+00,1.972601e+00,1.651000e+00,1.857452e+00,1.857020e+00,1.972898e+00,1.732250e+00,1.766765e+00,1.815425e+00,1.415812e-01,1.505120e+00,2.004885e+00
5.822000e+00,1.207690e+00,2.006489e+00,1.906505e+00,1.948072e+00,1.764444e+00,1.907038e+00,1.893882e+00,1.839573e+00,1.958621e+00,1.788389e+00,1.575150e+00,1.929888e+00,1.711729e+00,1.933385e+00,1.506960e+00,1.715885e+00,1.522083e+00,1.875843e+00,1.972948e+00,1.652187e+00,1.858702e+00,1.857424e+00,1.973837e+00,1.732875e+00,1.768235e+00,1.816673e+00,1.415418e-01,1.506960e+00,2.006489e+00
5.823000e+00,1.207810e+00,2.008626e+00,1.906117e+00,1.950448e+00,1.764556e+00,1.907500e+00,1.894410e+00,1.840284e+00,1.959310e+00,1.789933e+00,1.575250e+00,1.931338e+00,1.712876e+00,1.934306e+00,1.506640e+00,1.716781e+00,1.522969e+00,1.875120e+00,1.973410e+00,1.653750e+00,1.860337e+00,1.858838e+00,1.974939e+00,1.734250e+00,1.769176e+00,1.817549e+00,1.417251e-01,1.506640e+00,2.008626e+00
5.824000e+00,1.208230e+00,2.008473e+00,1.906311e+00,1.951525e+00,1.765333e+00,1.908923e+00,1.894379e+00,1.840829e+00,1.961310e+00,1.790738e+00,1.576600e+00,1.932974e+00,1.714074e+00,1.935227e+00,1.509360e+00,1.717677e+00,1.523856e+00,1.876084e+00,1.975202e+00,1.654687e+00,1.861490e+00,1.859899e+00,1.975878e+00,1.736000e+00,1.769765e+00,1.818608e+00,1.415444e-01,1.509360e+00,2.008473e+00
5.825000e+00,1.208340e+00,2.010076e+00,1.908932e+00,1.953318e+00,1.766111e+00,1.909846e+00,1.893540e+00,1.841848e+00,1.961724e+00,1.792215e+00,1.577350e+00,1.934907e+00,1.715221e+00,1.937702e+00,1.508400e+00,1.718572e+00,1.524744e+00,1.878012e+00,1.976012e+00,1.656125e+00,1.863317e+00,1.860859e+00,1.977143e+00,1.736000e+00,1.770765e+00,1.819697e+00,1.419041e-01,1.508400e+00,2.010076e+00
5.826000e+00,1.208670e+00,2.011221e+00,1.907767e+00,1.954215e+00,1.768111e+00,1.911192e+00,1.892205e+00,1.842536e+00,1.964414e+00,1.793221e+00,1.578600e+00,1.936877e+00,1.716368e+00,1.939489e+00,1.509120e+00,1.719467e+00,1.525632e+00,1.880120e+00,1.976474e+00,1.656937e+00,1.864471e+00,1.862475e+00,1.977143e+00,1.736125e+00,1.771471e+00,1.820652e+00,1.419339e-01,1.509120e+00,2.011221e+00
5.827000e+00,1.209040e+00,2.012672e+00,1.908544e+00,1.954664e+00,1.767444e+00,1.911923e+00,1.892143e+00,1.843057e+00,1.965724e+00,1.794362e+00,1.579600e+00,1.938141e+00,1.717566e+00,1.940638e+00,1.510160e+00,1.720361e+00,1.526521e+00,1.881325e+00,1.978844e+00,1.657938e+00,1.865192e+00,1.864242e+00,1.979102e+00,1.738750e+00,1.772353e+00,1.821719e+00,1.420333e-01,1.510160e+00,2.012672e+00
5.828000e+00,1.209170e+00,2.013206e+00,1.910874e+00,1.955561e+00,1.768222e+00,1.912885e+00,1.892391e+00,1.844289e+00,1.966207e+00,1.796174e+00,1.580250e+00,1.939517e+00,1.718714e+00,1.942128e+00,1.511680e+00,1.721254e+00,1.527410e+00,1.883133e+00,1.979827e+00,1.658812e+00,1.867981e+00,1.865859e+00,1.979755e+00,1.740375e+00,1.773765e+00,1.822928e+00,1.420264e-01,1.511680e+00,2.013206e+00
5.829000e+00,1.209510e+00,2.014122e+00,1.909029e+00,1.956861e+00,1.770000e+00,1.913038e+00,1.892609e+00,1.844573e+00,1.967310e+00,1.797450e+00,1.581350e+00,1.940520e+00,1.719862e+00,1.943872e+00,1.512560e+00,1.722147e+00,1.528300e+00,1.883855e+00,1.980867e+00,1.659187e+00,1.868510e+00,1.867677e+00,1.980776e+00,1.741875e+00,1.774059e+00,1.823767e+00,1.419772e-01,1.512560e+00,2.014122e+00
5.830000e+00,1.209700e+00,2.015725e+00,1.909515e+00,1.957399e+00,1.770778e+00,1.913192e+00,1.893199e+00,1.845474e+00,1.968138e+00,1.798591e+00,1.581900e+00,1.941822e+00,1.721010e+00,1.943872e+00,1.511840e+00,1.723040e+00,1.529190e+00,1.885120e+00,1.980405e+00,1.660312e+00,1.867500e+00,1.868485e+00,1.981633e+00,1.740875e+00,1.774412e+00,1.824309e+00,1.420715e-01,1.511840e+00,2.015725e+00
5.831000e+00,1.209900e+00,2.015649e+00,1.907767e+00,1.958610e+00,1.771000e+00,1.913462e+00,1.894037e+00,1.846114e+00,1.968759e+00,1.800671e+00,1.583000e+00,1.943457e+00,1.722159e+00,1.945021e+00,1.513600e+00,1.723932e+00,1.530081e+00,1.886747e+00,1.978844e+00,1.661750e+00,1.866250e+00,1.869646e+00,1.982816e+00,1.742375e+00,1.775471e+00,1.825051e+00,1.417175e-01,1.513600e+00,2.015649e+00
5.832000e+00,1.210240e+00,2.016641e+00,1.908544e+00,1.959507e+00,1.772667e+00,1.914577e+00,1.895590e+00,1.845616e+00,1.969793e+00,1.800738e+00,1.584100e+00,1.944610e+00,1.723308e+00,1.946085e+00,1.514160e+00,1.724824e+00,1.530972e+00,1.886506e+00,1.978382e+00,1.663062e+00,1.866058e+00,1.870051e+00,1.983429e+00,1.741125e+00,1.776588e+00,1.825705e+00,1.416698e-01,1.514160e+00,2.016641e+00
5.833000e+00,1.210390e+00,2.017481e+00,1.909223e+00,1.960135e+00,1.773000e+00,1.915423e+00,1.896242e+00,1.844100e+00,1.971793e+00,1.801745e+00,1.584200e+00,1.945502e+00,1.724457e+00,1.947787e+00,1.514080e+00,1.725715e+00,1.531864e+00,1.887711e+00,1.978902e+00,1.664000e+00,1.866587e+00,1.871717e+00,1.984286e+00,1.742000e+00,1.777471e+00,1.826476e+00,1.418451e-01,1.514080e+00,2.017481e+00
5.834000e+00,1.210850e+00,2.020000e+00,1.909903e+00,1.960628e+00,1.776556e+00,1.915769e+00,1.896988e+00,1.843246e+00,1.972828e+00,1.802685e+00,1.585700e+00,1.946989e+00,1.725607e+00,1.947915e+00,1.514480e+00,1.726605e+00,1.532756e+00,1.888675e+00,1.979075e+00,1.664875e+00,1.867596e+00,1.871818e+00,1.985878e+00,1.742625e+00,1.778235e+00,1.827393e+00,1.418451e-01,1.514480e+00,2.020000e+00
5.835000e+00,1.211040e+00,2.019084e+00,1.910874e+00,1.961390e+00,1.776111e+00,1.916308e+00,1.898012e+00,1.843791e+00,1.974138e+00,1.802886e+00,1.586600e+00,1.948216e+00,1.726756e+00,1.948638e+00,1.515040e+00,1.727495e+00,1.533649e+00,1.890542e+00,1.979364e+00,1.667000e+00,1.868750e+00,1.873131e+00,1.986571e+00,1.741875e+00,1.778765e+00,1.828125e+00,1.417814e-01,1.515040e+00,2.019084e+00
5.836000e+00,1.211180e+00,2.020305e+00,1.911165e+00,1.962870e+00,1.778667e+00,1.917077e+00,1.899037e+00,1.843934e+00,1.975172e+00,1.803356e+00,1.588100e+00,1.949554e+00,1.727906e+00,1.950383e+00,1.515280e+00,1.728385e+00,1.534542e+00,1.891205e+00,1.980173e+00,1.668187e+00,1.869663e+00,1.873889e+00,1.987224e+00,1.744750e+00,1.779706e+00,1.829189e+00,1.417592e-01,1.515280e+00,2.020305e+00
5.837000e+00,1.211510e+00,2.020840e+00,1.911165e+00,1.964933e+00,1.777333e+00,1.918500e+00,1.900776e+00,1.844692e+00,1.976276e+00,1.804295e+00,1.589200e+00,1.950818e+00,1.729056e+00,1.950851e+00,1.515680e+00,1.729274e+00,1.535436e+00,1.893313e+00,1.980347e+00,1.670000e+00,1.870865e+00,1.874646e+00,1.986653e+00,1.743750e+00,1.780941e+00,1.829985e+00,1.417821e-01,1.515680e+00,2.020840e+00
5.838000e+00,1.211580e+00,2.020153e+00,1.913204e+00,1.965740e+00,1.778222e+00,1.920000e+00,1.901460e+00,1.845000e+00,1.977379e+00,1.805503e+00,1.589800e+00,1.952268e+00,1.730207e+00,1.950936e+00,1.516800e+00,1.730163e+00,1.536330e+00,1.893916e+00,1.982312e+00,1.670687e+00,1.872692e+00,1.875000e+00,1.986082e+00,1.745125e+00,1.782176e+00,1.830881e+00,1.416890e-01,1.516800e+00,2.020153e+00
5.839000e+00,1.211960e+00,2.021450e+00,1.912913e+00,1.967085e+00,1.779333e+00,1.920500e+00,1.902205e+00,1.845806e+00,1.978207e+00,1.806779e+00,1.590800e+00,1.953903e+00,1.731357e+00,1.952894e+00,1.517760e+00,1.731051e+00,1.537225e+00,1.891446e+00,1.982486e+00,1.670188e+00,1.874375e+00,1.876465e+00,1.985633e+00,1.741500e+00,1.782882e+00,1.831427e+00,1.417700e-01,1.517760e+00,2.021450e+00
5.840000e+00,1.212080e+00,2.020763e+00,1.914563e+00,1.968475e+00,1.779778e+00,1.921692e+00,1.903789e+00,1.846398e+00,1.979310e+00,1.807383e+00,1.592150e+00,1.955279e+00,1.732508e+00,1.953532e+00,1.515920e+00,1.731940e+00,1.538120e+00,1.887771e+00,1.984220e+00,1.671875e+00,1.876058e+00,1.877323e+00,1.985429e+00,1.739875e+00,1.783882e+00,1.832001e+00,1.419288e-01,1.515920e+00,2.020763e+00
5.841000e+00,1.212360e+00,2.021603e+00,1.914272e+00,1.969417e+00,1.781333e+00,1.922538e+00,1.904193e+00,1.848294e+00,1.981034e+00,1.808054e+00,1.592300e+00,1.957138e+00,1.733659e+00,1.954213e+00,1.516320e+00,1.732827e+00,1.539015e+00,1.887169e+00,1.985029e+00,1.673125e+00,1.877404e+00,1.878990e+00,1.986204e+00,1.736500e+00,1.785000e+00,1.832735e+00,1.421189e-01,1.516320e+00,2.021603e+00
5.842000e+00,1.212630e+00,2.022137e+00,1.915922e+00,1.970045e+00,1.783111e+00,1.922038e+00,1.905435e+00,1.849147e+00,1.981034e+00,1.809128e+00,1.593300e+00,1.957138e+00,1.734810e+00,1.954851e+00,1.516400e+00,1.733714e+00,1.539911e+00,1.885964e+00,1.986069e+00,1.673687e+00,1.879087e+00,1.879646e+00,1.987020e+00,1.736875e+00,1.785471e+00,1.833414e+00,1.420565e-01,1.516400e+00,2.022137e+00
5.843000e+00,1.212760e+00,2.022824e+00,1.916019e+00,1.971570e+00,1.782667e+00,1.921077e+00,1.905186e+00,1.850521e+00,1.981241e+00,1.810470e+00,1.594650e+00,1.957435e+00,1.735961e+00,1.957149e+00,1.517520e+00,1.734601e+00,1.540806e+00,1.886325e+00,1.986243e+00,1.674562e+00,1.880817e+00,1.881162e+00,1.988531e+00,1.736500e+00,1.786706e+00,1.834189e+00,1.419767e-01,1.517520e+00,2.022824e+00
5.844000e+00,1.213160e+00,2.025115e+00,1.917282e+00,1.973408e+00,1.785667e+00,1.921269e+00,1.906770e+00,1.851066e+00,1.981931e+00,1.812148e+00,1.595400e+00,1.958439e+00,1.737112e+00,1.957745e+00,1.519040e+00,1.735488e+00,1.541703e+00,1.886265e+00,1.989306e+00,1.675375e+00,1.882356e+00,1.881768e+00,1.989224e+00,1.736625e+00,1.787529e+00,1.835335e+00,1.420943e-01,1.519040e+00,2.025115e+00
5.845000e+00,1.213400e+00,2.025038e+00,1.916796e+00,1.974888e+00,1.786889e+00,1.921615e+00,1.907516e+00,1.851517e+00,1.981724e+00,1.813557e+00,1.596500e+00,1.959294e+00,1.738309e+00,1.958681e+00,1.519120e+00,1.736374e+00,1.542599e+00,1.886867e+00,1.990751e+00,1.676625e+00,1.883702e+00,1.883333e+00,1.990612e+00,1.737375e+00,1.788294e+00,1.836166e+00,1.420573e-01,1.519120e+00,2.025038e+00
5.846000e+00,1.213690e+00,2.027252e+00,1.918932e+00,1.976413e+00,1.787778e+00,1.921962e+00,1.908789e+00,1.852701e+00,1.981931e+00,1.816913e+00,1.597450e+00,1.960409e+00,1.739460e+00,1.960340e+00,1.518480e+00,1.737260e+00,1.543496e+00,1.888855e+00,1.991098e+00,1.676937e+00,1.884856e+00,1.883384e+00,1.991714e+00,1.740250e+00,1.788882e+00,1.837314e+00,1.422717e-01,1.518480e+00,2.027252e+00
5.847000e+00,1.214050e+00,2.027710e+00,1.919223e+00,1.976906e+00,1.787444e+00,1.921846e+00,1.909938e+00,1.853318e+00,1.982483e+00,1.818255e+00,1.598650e+00,1.960967e+00,1.740656e+00,1.960979e+00,1.519440e+00,1.738145e+00,1.544393e+00,1.891566e+00,1.992428e+00,1.677750e+00,1.887163e+00,1.884394e+00,1.992980e+00,1.741125e+00,1.789471e+00,1.838218e+00,1.422340e-01,1.519440e+00,2.027710e+00
5.848000e+00,1.214150e+00,2.028244e+00,1.920388e+00,1.978206e+00,1.788222e+00,1.922731e+00,1.910994e+00,1.854100e+00,1.982897e+00,1.819597e+00,1.598850e+00,1.962193e+00,1.741807e+00,1.961532e+00,1.521040e+00,1.739031e+00,1.545290e+00,1.894518e+00,1.993121e+00,1.678687e+00,1.888365e+00,1.885505e+00,1.993878e+00,1.741500e+00,1.790882e+00,1.839232e+00,1.422306e-01,1.521040e+00,2.028244e+00
5.849000e+00,1.214500e+00,2.030458e+00,1.920874e+00,1.978520e+00,1.790222e+00,1.922846e+00,1.911988e+00,1.854763e+00,1.983793e+00,1.819597e+00,1.598650e+00,1.963420e+00,1.742958e+00,1.963234e+00,1.520480e+00,1.739916e+00,1.546187e+00,1.895904e+00,1.993931e+00,1.679875e+00,1.890192e+00,1.887020e+00,1.995143e+00,1.741875e+00,1.791588e+00,1.840143e+00,1.425350e-01,1.520480e+00,2.030458e+00
5.850000e+00,1.214610e+00,2.031298e+00,1.921845e+00,1.978879e+00,1.790889e+00,1.923731e+00,1.912640e+00,1.855569e+00,1.986207e+00,1.820872e+00,1.599100e+00,1.965093e+00,1.744110e+00,1.964809e+00,1.521520e+00,1.740800e+00,1.547085e+00,1.897048e+00,1.994913e+00,1.681563e+00,1.891298e+00,1.887980e+00,1.995837e+00,1.744625e+00,1.792059e+00,1.841240e+00,1.425539e-01,1.521520e+00,2.031298e+00
5.851000e+00,1.214950e+00,2.032977e+00,1.921553e+00,1.979462e+00,1.792111e+00,1.924269e+00,1.914379e+00,1.855900e+00,1.987862e+00,1.822081e+00,1.599400e+00,1.965948e+00,1.745261e+00,1.964851e+00,1.523440e+00,1.741685e+00,1.547983e+00,1.898614e+00,1.995376e+00,1.682812e+00,1.892740e+00,1.889192e+00,1.997469e+00,1.745375e+00,1.792765e+00,1.842229e+00,1.425246e-01,1.523440e+00,2.032977e+00
5.852000e+00,1.215200e+00,2.032137e+00,1.923204e+00,1.979955e+00,1.792889e+00,1.925115e+00,1.914627e+00,1.856540e+00,1.989241e+00,1.822819e+00,1.600500e+00,1.967026e+00,1.746413e+00,1.966766e+00,1.523040e+00,1.742569e+00,1.548881e+00,1.899639e+00,1.996416e+00,1.683187e+00,1.893317e+00,1.889596e+00,1.998327e+00,1.746125e+00,1.792353e+00,1.842945e+00,1.426228e-01,1.523040e+00,2.032137e+00
5.853000e+00,1.215320e+00,2.034580e+00,1.923592e+00,1.980673e+00,1.792778e+00,1.926577e+00,1.915901e+00,1.856991e+00,1.991103e+00,1.825570e+00,1.601150e+00,1.968550e+00,1.747564e+00,1.968128e+00,1.522640e+00,1.743453e+00,1.549779e+00,1.900904e+00,1.998150e+00,1.681313e+00,1.894663e+00,1.889747e+00,1.999796e+00,1.748500e+00,1.792588e+00,1.843945e+00,1.430913e-01,1.522640e+00,2.034580e+00
5.854000e+00,1.215840e+00,2.036183e+00,1.924175e+00,1.981166e+00,1.795111e+00,1.927577e+00,1.917298e+00,1.857962e+00,1.992552e+00,1.827315e+00,1.603150e+00,1.970297e+00,1.748716e+00,1.967319e+00,1.524000e+00,1.744336e+00,1.550677e+00,1.902410e+00,1.997399e+00,1.680563e+00,1.895962e+00,1.890455e+00,2.000939e+00,1.748875e+00,1.793412e+00,1.844910e+00,1.430055e-01,1.524000e+00,2.036183e+00
5.855000e+00,1.215940e+00,2.036031e+00,1.926311e+00,1.981256e+00,1.795556e+00,1.928654e+00,1.917764e+00,1.855308e+00,1.994000e+00,1.828591e+00,1.603650e+00,1.971004e+00,1.749868e+00,1.968426e+00,1.523680e+00,1.745219e+00,1.551575e+00,1.904157e+00,1.999711e+00,1.680687e+00,1.897163e+00,1.891818e+00,2.002163e+00,1.750000e+00,1.794529e+00,1.845713e+00,1.432222e-01,1.523680e+00,2.036031e+00
5.856000e+00,1.216260e+00,2.038168e+00,1.926117e+00,1.982511e+00,1.796778e+00,1.929538e+00,1.918851e+00,1.842417e+00,1.994966e+00,1.829866e+00,1.605050e+00,1.972342e+00,1.751019e+00,1.970213e+00,1.525920e+00,1.746102e+00,1.552473e+00,1.905964e+00,2.000000e+00,1.680813e+00,1.897885e+00,1.892323e+00,2.003469e+00,1.751500e+00,1.794824e+00,1.846213e+00,1.431774e-01,1.525920e+00,2.038168e+00
5.857000e+00,1.216450e+00,2.038931e+00,1.927379e+00,1.982287e+00,1.797778e+00,1.930731e+00,1.919969e+00,1.832630e+00,1.996345e+00,1.830805e+00,1.605750e+00,1.973829e+00,1.752171e+00,1.968766e+00,1.526640e+00,1.746985e+00,1.553372e+00,1.907229e+00,2.001445e+00,1.682187e+00,1.900000e+00,1.892727e+00,2.004653e+00,1.752875e+00,1.795882e+00,1.846724e+00,1.431722e-01,1.526640e+00,2.038931e+00
5.858000e+00,1.216640e+00,2.040382e+00,1.927670e+00,1.981704e+00,1.797556e+00,1.932038e+00,1.920745e+00,1.827536e+00,1.996759e+00,1.832013e+00,1.607100e+00,1.975613e+00,1.753322e+00,1.967915e+00,1.526880e+00,1.747868e+00,1.554271e+00,1.909337e+00,2.002948e+00,1.683562e+00,1.901250e+00,1.893434e+00,2.004939e+00,1.753375e+00,1.796824e+00,1.847293e+00,1.431668e-01,1.526880e+00,2.040382e+00
5.859000e+00,1.217000e+00,2.040305e+00,1.926990e+00,1.980583e+00,1.798667e+00,1.933000e+00,1.921646e+00,1.824171e+00,1.998759e+00,1.831812e+00,1.608150e+00,1.977472e+00,1.754474e+00,1.967191e+00,1.528000e+00,1.748750e+00,1.555169e+00,1.909639e+00,2.003006e+00,1.684000e+00,1.902404e+00,1.894394e+00,2.006204e+00,1.754250e+00,1.797294e+00,1.847764e+00,1.430190e-01,1.528000e+00,2.040305e+00
5.860000e+00,1.217110e+00,2.042061e+00,1.928544e+00,1.981525e+00,1.798333e+00,1.934346e+00,1.922174e+00,1.823697e+00,1.999862e+00,1.834161e+00,1.609400e+00,1.979294e+00,1.755625e+00,1.967319e+00,1.528000e+00,1.749632e+00,1.556068e+00,1.911988e+00,2.004046e+00,1.684750e+00,1.903510e+00,1.895606e+00,2.007347e+00,1.753000e+00,1.798529e+00,1.848701e+00,1.432914e-01,1.528000e+00,2.042061e+00
5.861000e+00,1.217520e+00,2.043740e+00,1.928641e+00,1.981659e+00,1.799556e+00,1.934962e+00,1.922640e+00,1.824147e+00,2.001172e+00,1.835839e+00,1.610000e+00,1.980632e+00,1.756776e+00,1.967872e+00,1.529520e+00,1.750514e+00,1.556967e+00,1.911506e+00,2.005029e+00,1.687375e+00,1.904712e+00,1.894495e+00,2.008082e+00,1.755625e+00,1.799235e+00,1.849612e+00,1.430683e-01,1.529520e+00,2.043740e+00
5.862000e+00,1.217820e+00,2.044656e+00,1.928641e+00,1.982287e+00,1.801000e+00,1.934962e+00,1.923261e+00,1.825498e+00,2.002828e+00,1.837651e+00,1.611500e+00,1.981636e+00,1.757927e+00,1.968766e+00,1.530880e+00,1.751396e+00,1.557867e+00,1.911446e+00,2.005318e+00,1.688687e+00,1.906635e+00,1.892980e+00,2.009061e+00,1.755750e+00,1.799765e+00,1.850433e+00,1.428934e-01,1.530880e+00,2.044656e+00
5.863000e+00,1.217920e+00,2.045954e+00,1.929903e+00,1.983767e+00,1.802333e+00,1.936000e+00,1.924006e+00,1.827773e+00,2.003586e+00,1.839664e+00,1.612850e+00,1.983123e+00,1.759078e+00,1.970128e+00,1.531840e+00,1.752277e+00,1.558778e+00,1.912530e+00,2.005434e+00,1.689188e+00,1.907885e+00,1.891111e+00,2.009755e+00,1.757000e+00,1.799824e+00,1.851408e+00,1.428676e-01,1.531840e+00,2.045954e+00
5.864000e+00,1.218260e+00,2.047328e+00,1.929320e+00,1.984664e+00,1.802222e+00,1.936962e+00,1.924130e+00,1.830166e+00,2.004759e+00,1.839664e+00,1.614350e+00,1.984498e+00,1.760228e+00,1.970426e+00,1.532640e+00,1.753159e+00,1.559689e+00,1.913554e+00,2.005838e+00,1.689875e+00,1.908654e+00,1.891667e+00,2.010531e+00,1.758250e+00,1.800824e+00,1.852225e+00,1.427910e-01,1.532640e+00,2.047328e+00
5.865000e+00,1.218430e+00,2.047863e+00,1.931262e+00,1.986771e+00,1.803778e+00,1.938577e+00,1.925683e+00,1.833104e+00,2.005448e+00,1.840403e+00,1.616100e+00,1.986134e+00,1.761378e+00,1.972043e+00,1.535280e+00,1.754040e+00,1.560601e+00,1.916446e+00,2.007514e+00,1.691875e+00,1.909904e+00,1.892576e+00,2.011143e+00,1.761875e+00,1.801353e+00,1.853798e+00,1.426088e-01,1.535280e+00,2.047863e+00
5.866000e+00,1.218860e+00,2.050458e+00,1.930874e+00,1.988027e+00,1.802889e+00,1.939538e+00,1.926584e+00,1.836137e+00,2.006069e+00,1.842282e+00,1.616800e+00,1.987509e+00,1.762528e+00,1.972809e+00,1.534000e+00,1.754921e+00,1.561513e+00,1.918373e+00,2.008497e+00,1.692688e+00,1.910769e+00,1.893283e+00,2.012122e+00,1.761750e+00,1.802647e+00,1.854711e+00,1.429630e-01,1.534000e+00,2.050458e+00
5.867000e+00,1.218990e+00,2.049542e+00,1.930874e+00,1.989103e+00,1.803556e+00,1.940231e+00,1.927050e+00,1.839550e+00,2.006414e+00,1.842886e+00,1.618500e+00,1.989182e+00,1.763678e+00,1.974298e+00,1.535440e+00,1.755802e+00,1.562426e+00,1.920843e+00,2.007225e+00,1.694375e+00,1.911250e+00,1.894192e+00,2.012694e+00,1.764375e+00,1.803765e+00,1.855719e+00,1.425612e-01,1.535440e+00,2.049542e+00
5.868000e+00,1.219250e+00,2.052137e+00,1.930874e+00,1.990583e+00,1.806333e+00,1.941038e+00,1.928168e+00,1.841469e+00,2.007724e+00,1.843356e+00,1.619750e+00,1.990223e+00,1.764828e+00,1.975404e+00,1.536240e+00,1.756683e+00,1.563340e+00,1.922169e+00,2.006936e+00,1.694125e+00,1.910817e+00,1.895808e+00,2.013959e+00,1.764375e+00,1.804588e+00,1.856705e+00,1.426793e-01,1.536240e+00,2.052137e+00
5.869000e+00,1.219520e+00,2.053053e+00,1.933204e+00,1.992466e+00,1.805778e+00,1.941923e+00,1.929255e+00,1.843246e+00,2.009034e+00,1.844698e+00,1.621550e+00,1.991375e+00,1.765977e+00,1.977319e+00,1.538080e+00,1.757563e+00,1.564254e+00,1.923373e+00,2.006474e+00,1.697062e+00,1.909952e+00,1.896313e+00,2.014000e+00,1.763875e+00,1.805059e+00,1.857704e+00,1.424992e-01,1.538080e+00,2.053053e+00
5.870000e+00,1.219680e+00,2.054656e+00,1.932136e+00,1.992825e+00,1.806889e+00,1.943577e+00,1.929969e+00,1.844384e+00,2.011034e+00,1.844832e+00,1.622500e+00,1.992305e+00,1.767125e+00,1.978043e+00,1.538160e+00,1.758443e+00,1.565169e+00,1.924277e+00,2.006474e+00,1.698000e+00,1.910144e+00,1.897980e+00,2.014898e+00,1.763750e+00,1.805882e+00,1.858477e+00,1.425851e-01,1.538160e+00,2.054656e+00
5.871000e+00,1.220080e+00,2.054656e+00,1.934175e+00,1.994126e+00,1.806556e+00,1.944115e+00,1.930621e+00,1.846967e+00,2.012828e+00,1.844161e+00,1.623550e+00,1.993346e+00,1.768274e+00,1.978638e+00,1.539920e+00,1.759324e+00,1.566085e+00,1.925663e+00,2.006936e+00,1.699188e+00,1.910769e+00,1.898586e+00,2.014449e+00,1.765375e+00,1.806471e+00,1.859366e+00,1.424084e-01,1.539920e+00,2.054656e+00
5.872000e+00,1.220300e+00,2.056336e+00,1.933398e+00,1.994888e+00,1.806111e+00,1.945269e+00,1.931615e+00,1.848957e+00,2.013931e+00,1.845034e+00,1.625000e+00,1.993643e+00,1.769422e+00,1.979957e+00,1.539520e+00,1.760204e+00,1.567001e+00,1.925843e+00,2.007861e+00,1.701375e+00,1.911827e+00,1.900404e+00,2.013918e+00,1.767750e+00,1.806824e+00,1.860254e+00,1.423574e-01,1.539520e+00,2.056336e+00
5.873000e+00,1.220640e+00,2.057710e+00,1.935049e+00,1.995426e+00,1.805333e+00,1.946192e+00,1.932298e+00,1.851611e+00,2.014552e+00,1.845973e+00,1.625750e+00,1.995093e+00,1.770569e+00,1.981617e+00,1.541120e+00,1.761084e+00,1.567918e+00,1.927530e+00,2.009133e+00,1.701875e+00,1.913413e+00,1.900960e+00,2.014286e+00,1.767125e+00,1.808000e+00,1.861234e+00,1.424466e-01,1.541120e+00,2.057710e+00
5.874000e+00,1.220810e+00,2.057023e+00,1.935631e+00,1.996368e+00,1.804333e+00,1.947000e+00,1.933292e+00,1.854502e+00,2.015793e+00,1.847852e+00,1.626600e+00,1.996097e+00,1.771716e+00,1.982000e+00,1.541280e+00,1.761964e+00,1.568835e+00,1.930120e+00,2.009075e+00,1.704687e+00,1.914663e+00,1.901869e+00,2.014571e+00,1.770625e+00,1.804765e+00,1.862111e+00,1.423167e-01,1.541280e+00,2.057023e+00
5.875000e+00,1.220990e+00,2.058321e+00,1.938835e+00,1.997444e+00,1.804889e+00,1.947615e+00,1.933385e+00,1.856777e+00,2.016276e+00,1.847651e+00,1.627200e+00,1.997026e+00,1.772862e+00,1.983617e+00,1.541760e+00,1.762843e+00,1.569753e+00,1.931807e+00,2.010058e+00,1.706187e+00,1.916298e+00,1.902525e+00,2.015347e+00,1.770875e+00,1.804647e+00,1.863083e+00,1.424705e-01,1.541760e+00,2.058321e+00
5.876000e+00,1.221270e+00,2.057328e+00,1.937864e+00,1.997668e+00,1.804667e+00,1.947962e+00,1.932484e+00,1.859573e+00,2.017172e+00,1.849195e+00,1.628750e+00,1.998439e+00,1.774008e+00,1.984596e+00,1.542000e+00,1.763723e+00,1.570671e+00,1.932289e+00,2.011272e+00,1.707000e+00,1.917452e+00,1.904242e+00,2.015837e+00,1.772625e+00,1.803412e+00,1.863760e+00,1.423098e-01,1.542000e+00,2.057328e+00
5.877000e+00,1.221520e+00,2.059237e+00,1.940000e+00,1.999372e+00,1.806222e+00,1.949115e+00,1.931615e+00,1.862299e+00,2.018000e+00,1.850201e+00,1.630150e+00,1.999591e+00,1.775153e+00,1.984851e+00,1.543280e+00,1.764599e+00,1.571591e+00,1.932590e+00,2.011676e+00,1.708000e+00,1.919038e+00,1.905202e+00,2.017061e+00,1.772625e+00,1.803941e+00,1.864809e+00,1.423086e-01,1.543280e+00,2.059237e+00
5.878000e+00,1.221790e+00,2.061450e+00,1.939709e+00,2.000045e+00,1.808444e+00,1.949846e+00,1.931522e+00,1.864763e+00,2.020000e+00,1.852349e+00,1.631700e+00,2.000706e+00,1.776298e+00,1.985574e+00,1.545440e+00,1.765478e+00,1.572510e+00,1.933855e+00,2.013179e+00,1.708812e+00,1.920673e+00,1.905152e+00,2.018041e+00,1.772750e+00,1.804353e+00,1.865944e+00,1.422492e-01,1.545440e+00,2.061450e+00
5.879000e+00,1.221940e+00,2.060534e+00,1.940874e+00,2.001345e+00,1.807778e+00,1.949615e+00,1.931180e+00,1.867204e+00,2.020276e+00,1.853893e+00,1.632950e+00,2.002156e+00,1.777442e+00,1.986340e+00,1.545200e+00,1.766358e+00,1.573431e+00,1.934337e+00,2.013526e+00,1.709688e+00,1.921779e+00,1.906616e+00,2.019388e+00,1.773000e+00,1.805059e+00,1.866665e+00,1.422247e-01,1.545200e+00,2.060534e+00
5.880000e+00,1.222150e+00,2.059389e+00,1.941262e+00,2.002825e+00,1.808556e+00,1.949808e+00,1.932112e+00,1.869787e+00,2.019862e+00,1.855235e+00,1.634650e+00,2.001747e+00,1.778585e+00,1.988085e+00,1.547360e+00,1.767237e+00,1.574352e+00,1.935301e+00,2.014509e+00,1.709688e+00,1.923221e+00,1.907273e+00,2.019878e+00,1.773750e+00,1.805647e+00,1.867505e+00,1.418874e-01,1.547360e+00,2.059389e+00
5.881000e+00,1.222590e+00,2.060076e+00,1.942913e+00,2.004305e+00,1.811556e+00,1.949077e+00,1.932826e+00,1.872891e+00,2.018966e+00,1.856846e+00,1.635800e+00,2.002342e+00,1.779727e+00,1.987319e+00,1.547280e+00,1.768116e+00,1.575273e+00,1.935482e+00,2.016127e+00,1.711625e+00,1.924519e+00,1.908939e+00,2.021347e+00,1.773500e+00,1.807412e+00,1.868511e+00,1.417796e-01,1.547280e+00,2.060076e+00
5.882000e+00,1.222760e+00,2.061985e+00,1.942816e+00,2.004933e+00,1.811111e+00,1.949077e+00,1.933199e+00,1.875308e+00,2.018690e+00,1.857584e+00,1.637150e+00,2.002454e+00,1.780869e+00,1.988511e+00,1.548640e+00,1.768995e+00,1.576196e+00,1.935241e+00,2.017110e+00,1.712937e+00,1.926538e+00,1.910808e+00,2.022612e+00,1.774500e+00,1.808765e+00,1.869418e+00,1.416423e-01,1.548640e+00,2.061985e+00
5.883000e+00,1.223090e+00,2.061679e+00,1.945534e+00,2.006816e+00,1.813889e+00,1.949692e+00,1.934286e+00,1.877464e+00,2.019241e+00,1.857517e+00,1.638650e+00,2.003160e+00,1.782010e+00,1.989021e+00,1.549600e+00,1.769874e+00,1.577118e+00,1.936627e+00,2.018902e+00,1.714312e+00,1.927837e+00,1.910909e+00,2.023469e+00,1.774625e+00,1.809176e+00,1.870475e+00,1.415857e-01,1.549600e+00,2.061679e+00
5.884000e+00,1.223360e+00,2.062595e+00,1.945146e+00,2.008206e+00,1.813556e+00,1.950192e+00,1.935031e+00,1.879100e+00,2.019517e+00,1.859732e+00,1.639600e+00,2.003978e+00,1.783150e+00,1.989702e+00,1.550320e+00,1.770753e+00,1.578042e+00,1.936807e+00,2.019942e+00,1.715375e+00,1.928510e+00,1.911869e+00,2.024163e+00,1.775875e+00,1.810588e+00,1.871323e+00,1.415047e-01,1.550320e+00,2.062595e+00
5.885000e+00,1.223550e+00,2.064733e+00,1.945340e+00,2.010314e+00,1.815222e+00,1.951846e+00,1.936366e+00,1.881517e+00,2.020621e+00,1.859664e+00,1.640550e+00,2.005167e+00,1.784289e+00,1.990383e+00,1.550800e+00,1.771632e+00,1.578966e+00,1.938675e+00,2.021272e+00,1.717250e+00,1.929712e+00,1.913283e+00,2.025143e+00,1.776250e+00,1.811529e+00,1.872522e+00,1.416910e-01,1.550800e+00,2.064733e+00
5.886000e+00,1.223810e+00,2.065038e+00,1.947087e+00,2.010897e+00,1.818111e+00,1.952538e+00,1.937081e+00,1.883365e+00,2.020897e+00,1.861745e+00,1.641900e+00,2.006506e+00,1.785427e+00,1.992936e+00,1.553600e+00,1.772510e+00,1.579890e+00,1.940482e+00,2.022601e+00,1.718312e+00,1.931442e+00,1.914394e+00,2.027020e+00,1.776000e+00,1.812235e+00,1.873834e+00,1.415755e-01,1.553600e+00,2.065038e+00
5.887000e+00,1.223990e+00,2.066489e+00,1.948738e+00,2.012332e+00,1.816667e+00,1.953423e+00,1.937919e+00,1.884645e+00,2.023241e+00,1.863960e+00,1.642550e+00,2.007770e+00,1.786564e+00,1.993319e+00,1.554960e+00,1.773389e+00,1.580816e+00,1.942410e+00,2.023699e+00,1.719313e+00,1.932596e+00,1.915606e+00,2.028490e+00,1.778750e+00,1.813529e+00,1.875049e+00,1.417018e-01,1.554960e+00,2.066489e+00
5.888000e+00,1.224280e+00,2.067252e+00,1.947864e+00,2.014484e+00,1.818111e+00,1.954192e+00,1.938478e+00,1.886706e+00,2.024207e+00,1.865235e+00,1.643650e+00,2.009628e+00,1.787701e+00,1.994638e+00,1.554560e+00,1.774264e+00,1.581741e+00,1.944277e+00,2.024624e+00,1.720562e+00,1.933846e+00,1.916162e+00,2.029347e+00,1.779625e+00,1.814235e+00,1.876058e+00,1.418553e-01,1.554560e+00,2.067252e+00
5.889000e+00,1.224610e+00,2.068473e+00,1.950874e+00,2.015561e+00,1.819333e+00,1.955346e+00,1.940000e+00,1.887607e+00,2.025724e+00,1.866913e+00,1.644550e+00,2.010409e+00,1.788836e+00,1.995787e+00,1.555760e+00,1.775143e+00,1.582668e+00,1.945964e+00,2.025665e+00,1.721875e+00,1.935481e+00,1.918081e+00,2.030776e+00,1.780875e+00,1.814059e+00,1.877323e+00,1.419910e-01,1.555760e+00,2.068473e+00
5.890000e+00,1.224770e+00,2.070382e+00,1.950000e+00,2.016816e+00,1.819889e+00,1.956385e+00,1.940932e+00,1.889408e+00,2.027724e+00,1.867047e+00,1.646500e+00,2.011524e+00,1.790011e+00,1.996809e+00,1.555680e+00,1.776021e+00,1.583595e+00,1.947169e+00,2.026012e+00,1.722750e+00,1.937019e+00,1.918636e+00,2.032816e+00,1.779000e+00,1.815000e+00,1.878213e+00,1.422325e-01,1.555680e+00,2.070382e+00
5.891000e+00,1.225050e+00,2.070458e+00,1.951845e+00,2.017848e+00,1.821333e+00,1.957577e+00,1.942050e+00,1.890664e+00,2.028552e+00,1.868926e+00,1.647750e+00,2.012825e+00,1.791186e+00,1.997872e+00,1.557600e+00,1.776900e+00,1.584522e+00,1.948373e+00,2.026936e+00,1.724750e+00,1.938269e+00,1.919394e+00,2.032857e+00,1.780750e+00,1.816059e+00,1.879387e+00,1.419955e-01,1.557600e+00,2.070458e+00
5.892000e+00,1.225290e+00,2.071832e+00,1.951262e+00,2.018969e+00,1.821444e+00,1.958192e+00,1.943385e+00,1.891611e+00,2.029448e+00,1.870067e+00,1.648650e+00,2.013717e+00,1.792360e+00,1.998170e+00,1.557920e+00,1.777778e+00,1.585450e+00,1.948976e+00,2.027746e+00,1.724687e+00,1.939423e+00,1.920051e+00,2.034367e+00,1.782375e+00,1.817765e+00,1.880235e+00,1.420661e-01,1.557920e+00,2.071832e+00
5.893000e+00,1.225650e+00,2.072366e+00,1.951165e+00,2.019507e+00,1.821444e+00,1.959115e+00,1.944938e+00,1.892536e+00,2.030966e+00,1.870470e+00,1.648500e+00,2.014796e+00,1.793491e+00,1.998979e+00,1.559200e+00,1.778657e+00,1.586379e+00,1.949157e+00,2.028844e+00,1.725500e+00,1.940481e+00,1.920657e+00,2.034490e+00,1.782750e+00,1.819059e+00,1.880977e+00,1.420691e-01,1.559200e+00,2.072366e+00
5.894000e+00,1.225720e+00,2.073969e+00,1.950194e+00,2.020628e+00,1.824333e+00,1.959885e+00,1.946118e+00,1.894313e+00,2.032138e+00,1.872550e+00,1.649050e+00,2.015242e+00,1.794664e+00,1.999872e+00,1.559600e+00,1.779535e+00,1.587308e+00,1.950602e+00,2.029595e+00,1.728063e+00,1.941490e+00,1.921061e+00,2.035796e+00,1.783500e+00,1.819235e+00,1.882031e+00,1.420647e-01,1.559600e+00,2.073969e+00
5.895000e+00,1.226120e+00,2.073282e+00,1.950583e+00,2.020269e+00,1.825333e+00,1.960500e+00,1.947143e+00,1.895545e+00,2.032069e+00,1.874228e+00,1.649950e+00,2.016877e+00,1.795793e+00,2.000340e+00,1.561360e+00,1.780414e+00,1.588238e+00,1.952410e+00,2.030289e+00,1.728750e+00,1.942933e+00,1.922020e+00,2.036612e+00,1.784875e+00,1.821294e+00,1.882963e+00,1.417806e-01,1.561360e+00,2.073282e+00
5.896000e+00,1.226310e+00,2.074046e+00,1.952136e+00,2.021704e+00,1.827333e+00,1.961962e+00,1.948168e+00,1.896422e+00,2.034138e+00,1.875369e+00,1.650200e+00,2.017732e+00,1.796964e+00,2.001872e+00,1.561600e+00,1.781292e+00,1.589168e+00,1.953434e+00,2.031156e+00,1.729562e+00,1.943510e+00,1.923434e+00,2.037918e+00,1.785625e+00,1.822294e+00,1.884043e+00,1.419993e-01,1.561600e+00,2.074046e+00
5.897000e+00,1.226470e+00,2.076336e+00,1.950971e+00,2.022108e+00,1.828333e+00,1.962192e+00,1.948944e+00,1.897796e+00,2.035862e+00,1.878121e+00,1.651000e+00,2.018885e+00,1.798134e+00,2.002723e+00,1.563600e+00,1.782170e+00,1.590098e+00,1.955000e+00,2.031618e+00,1.730250e+00,1.944423e+00,1.923434e+00,2.038204e+00,1.784875e+00,1.823235e+00,1.884930e+00,1.419474e-01,1.563600e+00,2.076336e+00
5.898000e+00,1.226760e+00,2.076947e+00,1.954078e+00,2.022466e+00,1.829222e+00,1.963538e+00,1.950248e+00,1.899100e+00,2.037655e+00,1.878523e+00,1.652600e+00,2.019814e+00,1.799261e+00,2.003064e+00,1.564320e+00,1.783049e+00,1.591030e+00,1.956325e+00,2.033526e+00,1.730750e+00,1.945000e+00,1.923990e+00,2.038857e+00,1.786375e+00,1.824118e+00,1.885994e+00,1.419887e-01,1.564320e+00,2.076947e+00
5.899000e+00,1.227060e+00,2.078550e+00,1.953398e+00,2.024529e+00,1.830333e+00,1.964769e+00,1.950932e+00,1.898981e+00,2.038000e+00,1.879195e+00,1.653700e+00,2.020892e+00,1.800429e+00,2.003404e+00,1.565520e+00,1.783927e+00,1.591961e+00,1.956145e+00,2.034393e+00,1.731750e+00,1.945337e+00,1.925101e+00,2.039673e+00,1.786750e+00,1.825706e+00,1.886807e+00,1.419164e-01,1.565520e+00,2.078550e+00
5.900000e+00,1.227320e+00,2.078779e+00,1.955437e+00,2.025830e+00,1.830556e+00,1.965654e+00,1.952143e+00,1.900664e+00,2.038759e+00,1.880201e+00,1.654850e+00,2.022045e+00,1.801554e+00,2.005660e+00,1.567840e+00,1.784805e+00,1.592894e+00,1.956687e+00,2.034566e+00,1.731875e+00,1.946442e+00,1.927222e+00,2.039878e+00,1.787000e+00,1.826294e+00,1.887818e+00,1.418363e-01,1.567840e+00,2.078779e+00
5.901000e+00,1.227680e+00,2.080382e+00,1.955049e+00,2.026188e+00,1.831667e+00,1.966846e+00,1.953509e+00,1.901540e+00,2.040069e+00,1.882013e+00,1.655900e+00,2.023643e+00,1.802720e+00,2.005489e+00,1.566560e+00,1.785684e+00,1.593826e+00,1.956566e+00,2.036012e+00,1.733375e+00,1.947019e+00,1.927879e+00,2.040980e+00,1.787750e+00,1.826588e+00,1.888636e+00,1.420255e-01,1.566560e+00,2.080382e+00
5.902000e+00,1.227860e+00,2.081985e+00,1.957087e+00,2.027578e+00,1.834222e+00,1.967846e+00,1.954379e+00,1.903365e+00,2.040759e+00,1.883154e+00,1.657350e+00,2.025056e+00,1.803886e+00,2.006553e+00,1.568720e+00,1.786562e+00,1.594759e+00,1.957892e+00,2.036590e+00,1.734187e+00,1.947260e+00,1.928485e+00,2.041184e+00,1.787375e+00,1.828000e+00,1.889760e+00,1.419178e-01,1.568720e+00,2.081985e+00
5.903000e+00,1.228230e+00,2.082443e+00,1.957864e+00,2.028565e+00,1.835444e+00,1.969308e+00,1.954907e+00,1.904123e+00,2.040690e+00,1.883960e+00,1.657700e+00,2.026208e+00,1.805052e+00,2.008085e+00,1.569120e+00,1.787440e+00,1.595693e+00,1.959157e+00,2.036994e+00,1.736250e+00,1.947163e+00,1.928939e+00,2.041184e+00,1.789875e+00,1.828471e+00,1.890610e+00,1.417905e-01,1.569120e+00,2.082443e+00
5.904000e+00,1.228320e+00,2.085267e+00,1.959709e+00,2.029641e+00,1.835000e+00,1.970269e+00,1.955559e+00,1.904645e+00,2.043172e+00,1.884631e+00,1.659850e+00,2.027918e+00,1.806216e+00,2.009489e+00,1.570240e+00,1.788319e+00,1.596627e+00,1.959096e+00,2.037688e+00,1.736750e+00,1.946827e+00,1.929394e+00,2.040082e+00,1.789625e+00,1.830176e+00,1.891508e+00,1.418446e-01,1.570240e+00,2.085267e+00
5.905000e+00,1.228690e+00,2.085344e+00,1.959417e+00,2.031256e+00,1.835889e+00,1.972231e+00,1.956366e+00,1.903436e+00,2.044138e+00,1.884832e+00,1.660900e+00,2.029368e+00,1.807379e+00,2.010085e+00,1.571440e+00,1.789197e+00,1.597544e+00,1.960904e+00,2.036474e+00,1.737562e+00,1.946202e+00,1.930000e+00,2.039510e+00,1.790875e+00,1.831412e+00,1.892157e+00,1.416125e-01,1.571440e+00,2.085344e+00
5.906000e+00,1.228910e+00,2.087710e+00,1.961165e+00,2.032960e+00,1.836111e+00,1.972692e+00,1.957391e+00,1.902512e+00,2.045241e+00,1.885302e+00,1.663200e+00,2.030632e+00,1.808542e+00,2.010979e+00,1.572160e+00,1.790076e+00,1.598461e+00,1.962651e+00,2.034624e+00,1.738813e+00,1.945048e+00,1.931515e+00,2.040204e+00,1.792375e+00,1.830765e+00,1.892964e+00,1.415448e-01,1.572160e+00,2.087710e+00
5.907000e+00,1.228980e+00,2.088473e+00,1.961359e+00,2.032466e+00,1.836333e+00,1.973692e+00,1.958075e+00,1.902204e+00,2.046828e+00,1.884765e+00,1.664050e+00,2.031599e+00,1.809704e+00,2.012298e+00,1.573440e+00,1.790954e+00,1.599378e+00,1.963614e+00,2.033757e+00,1.741187e+00,1.944856e+00,1.931465e+00,2.039592e+00,1.792375e+00,1.832353e+00,1.893534e+00,1.412666e-01,1.573440e+00,2.088473e+00
5.908000e+00,1.229500e+00,2.089924e+00,1.962913e+00,2.035157e+00,1.836444e+00,1.974346e+00,1.958727e+00,1.901848e+00,2.047586e+00,1.885638e+00,1.666250e+00,2.032677e+00,1.810865e+00,2.012766e+00,1.574880e+00,1.791832e+00,1.600296e+00,1.964458e+00,2.034104e+00,1.741187e+00,1.944712e+00,1.932071e+00,2.040408e+00,1.794625e+00,1.832588e+00,1.894429e+00,1.411911e-01,1.574880e+00,2.089924e+00
5.909000e+00,1.229670e+00,2.090305e+00,1.962816e+00,2.035291e+00,1.839000e+00,1.975346e+00,1.959534e+00,1.902749e+00,2.047586e+00,1.886174e+00,1.667100e+00,2.033383e+00,1.812025e+00,2.014681e+00,1.575280e+00,1.792711e+00,1.601214e+00,1.964096e+00,2.035491e+00,1.743250e+00,1.945288e+00,1.930606e+00,2.041306e+00,1.792125e+00,1.833353e+00,1.895030e+00,1.411291e-01,1.575280e+00,2.090305e+00
5.910000e+00,1.229860e+00,2.090840e+00,1.964078e+00,2.035650e+00,1.840333e+00,1.976577e+00,1.960311e+00,1.902583e+00,2.048966e+00,1.887919e+00,1.668750e+00,2.034647e+00,1.813184e+00,2.014723e+00,1.576240e+00,1.793589e+00,1.602132e+00,1.965964e+00,2.036127e+00,1.744063e+00,1.947212e+00,1.929394e+00,2.042653e+00,1.793500e+00,1.835176e+00,1.896025e+00,1.410248e-01,1.576240e+00,2.090840e+00
5.911000e+00,1.230150e+00,2.092061e+00,1.965340e+00,2.034619e+00,1.839889e+00,1.978346e+00,1.962050e+00,1.903294e+00,2.049586e+00,1.888859e+00,1.670650e+00,2.035613e+00,1.814342e+00,2.014468e+00,1.577440e+00,1.794468e+00,1.603050e+00,1.966325e+00,2.038092e+00,1.744938e+00,1.947452e+00,1.928990e+00,2.043837e+00,1.792875e+00,1.835941e+00,1.896772e+00,1.409504e-01,1.577440e+00,2.092061e+00
5.912000e+00,1.230470e+00,2.091756e+00,1.966602e+00,2.033587e+00,1.841000e+00,1.978808e+00,1.963075e+00,1.903697e+00,2.050414e+00,1.890537e+00,1.672700e+00,2.035874e+00,1.815500e+00,2.014000e+00,1.577440e+00,1.795346e+00,1.603969e+00,1.966265e+00,2.037399e+00,1.745062e+00,1.948077e+00,1.929697e+00,2.045633e+00,1.794875e+00,1.836588e+00,1.897412e+00,1.406730e-01,1.577440e+00,2.091756e+00
5.913000e+00,1.230700e+00,2.093359e+00,1.966602e+00,2.032511e+00,1.841222e+00,1.979769e+00,1.964596e+00,1.904265e+00,2.051034e+00,1.892282e+00,1.674300e+00,2.036617e+00,1.816656e+00,2.014213e+00,1.576640e+00,1.796225e+00,1.604888e+00,1.966446e+00,2.039306e+00,1.745313e+00,1.949087e+00,1.929293e+00,2.046367e+00,1.795375e+00,1.836235e+00,1.898025e+00,1.407775e-01,1.576640e+00,2.093359e+00
5.914000e+00,1.230840e+00,2.093740e+00,1.967961e+00,2.032960e+00,1.842667e+00,1.980269e+00,1.965217e+00,1.905521e+00,2.052690e+00,1.893893e+00,1.675100e+00,2.037435e+00,1.817812e+00,2.015532e+00,1.578640e+00,1.797103e+00,1.605807e+00,1.968494e+00,2.039827e+00,1.743125e+00,1.950865e+00,1.930253e+00,2.047714e+00,1.797000e+00,1.836824e+00,1.899019e+00,1.408205e-01,1.578640e+00,2.093740e+00
5.915000e+00,1.231150e+00,2.093130e+00,1.968932e+00,2.033274e+00,1.843667e+00,1.980385e+00,1.966677e+00,1.905735e+00,2.053724e+00,1.894899e+00,1.676300e+00,2.037658e+00,1.818967e+00,2.015957e+00,1.580240e+00,1.797982e+00,1.606726e+00,1.970120e+00,2.041618e+00,1.743250e+00,1.951587e+00,1.931061e+00,2.048408e+00,1.796625e+00,1.839588e+00,1.899855e+00,1.406504e-01,1.580240e+00,2.093130e+00
5.916000e+00,1.231580e+00,2.095038e+00,1.970777e+00,2.033274e+00,1.844000e+00,1.981846e+00,1.967298e+00,1.906730e+00,2.055586e+00,1.895839e+00,1.678000e+00,2.038550e+00,1.820121e+00,2.017574e+00,1.580560e+00,1.798860e+00,1.607664e+00,1.970241e+00,2.042139e+00,1.743625e+00,1.953125e+00,1.932222e+00,2.050041e+00,1.797375e+00,1.840353e+00,1.900868e+00,1.408154e-01,1.580560e+00,2.095038e+00
5.917000e+00,1.231750e+00,2.095878e+00,1.971165e+00,2.035247e+00,1.843667e+00,1.982808e+00,1.968634e+00,1.907299e+00,2.055586e+00,1.896711e+00,1.678550e+00,2.039703e+00,1.821274e+00,2.018638e+00,1.581040e+00,1.799739e+00,1.608583e+00,1.972771e+00,2.043006e+00,1.742625e+00,1.955481e+00,1.932626e+00,2.050612e+00,1.798375e+00,1.841647e+00,1.901736e+00,1.410198e-01,1.581040e+00,2.095878e+00
5.918000e+00,1.232120e+00,2.096718e+00,1.971359e+00,2.035964e+00,1.844444e+00,1.982346e+00,1.969441e+00,1.908744e+00,2.054759e+00,1.898054e+00,1.679900e+00,2.039703e+00,1.822426e+00,2.019149e+00,1.582640e+00,1.800618e+00,1.609521e+00,1.974518e+00,2.043699e+00,1.743562e+00,1.957067e+00,1.934697e+00,2.052041e+00,1.796875e+00,1.842588e+00,1.902535e+00,1.408563e-01,1.582640e+00,2.096718e+00
5.919000e+00,1.232210e+00,2.098168e+00,1.973204e+00,2.036906e+00,1.846444e+00,1.982077e+00,1.970186e+00,1.909265e+00,2.054414e+00,1.899597e+00,1.681400e+00,2.038959e+00,1.823577e+00,2.019872e+00,1.582880e+00,1.801496e+00,1.610459e+00,1.974819e+00,2.045145e+00,1.743875e+00,1.959087e+00,1.935253e+00,2.053102e+00,1.797000e+00,1.842941e+00,1.903339e+00,1.408386e-01,1.582880e+00,2.098168e+00
5.920000e+00,1.232400e+00,2.097328e+00,1.974078e+00,2.038430e+00,1.847556e+00,1.981923e+00,1.971242e+00,1.910284e+00,2.053862e+00,1.900805e+00,1.682700e+00,2.039368e+00,1.824727e+00,2.020681e+00,1.584160e+00,1.802375e+00,1.611397e+00,1.975602e+00,2.045780e+00,1.745313e+00,1.959904e+00,1.936869e+00,2.054041e+00,1.797375e+00,1.844000e+00,1.904158e+00,1.405615e-01,1.584160e+00,2.097328e+00
5.921000e+00,1.232610e+00,2.097481e+00,1.974369e+00,2.039372e+00,1.847889e+00,1.982346e+00,1.971553e+00,1.910972e+00,2.054069e+00,1.902685e+00,1.684300e+00,2.040260e+00,1.825876e+00,2.022043e+00,1.585280e+00,1.803254e+00,1.612336e+00,1.975120e+00,2.047052e+00,1.746188e+00,1.961154e+00,1.937929e+00,2.054735e+00,1.799625e+00,1.845118e+00,1.905042e+00,1.403428e-01,1.585280e+00,2.097481e+00
5.922000e+00,1.232950e+00,2.097786e+00,1.975922e+00,2.040673e+00,1.850111e+00,1.982923e+00,1.972050e+00,1.912322e+00,2.054069e+00,1.904228e+00,1.686100e+00,2.040818e+00,1.827024e+00,2.021787e+00,1.584160e+00,1.804129e+00,1.613275e+00,1.972711e+00,2.047688e+00,1.747188e+00,1.963125e+00,1.939798e+00,2.055061e+00,1.797375e+00,1.845941e+00,1.905678e+00,1.403533e-01,1.584160e+00,2.097786e+00
5.923000e+00,1.233200e+00,2.099237e+00,1.976117e+00,2.041704e+00,1.851000e+00,1.984192e+00,1.971863e+00,1.912844e+00,2.055793e+00,1.905369e+00,1.687800e+00,2.041822e+00,1.828172e+00,2.023064e+00,1.584400e+00,1.805005e+00,1.614214e+00,1.970422e+00,2.048092e+00,1.749313e+00,1.963462e+00,1.940556e+00,2.055184e+00,1.794250e+00,1.846941e+00,1.906284e+00,1.403622e-01,1.584400e+00,2.099237e+00
5.924000e+00,1.233390e+00,2.098702e+00,1.977961e+00,2.043767e+00,1.852222e+00,1.984846e+00,1.972267e+00,1.913223e+00,2.057034e+00,1.906242e+00,1.689500e+00,2.042528e+00,1.829318e+00,2.024894e+00,1.584320e+00,1.805881e+00,1.615153e+00,1.969277e+00,2.050636e+00,1.750250e+00,1.965240e+00,1.941667e+00,2.056449e+00,1.793125e+00,1.847118e+00,1.907151e+00,1.405424e-01,1.584320e+00,2.098702e+00
5.925000e+00,1.233710e+00,2.099389e+00,1.977767e+00,2.045291e+00,1.853333e+00,1.985846e+00,1.973292e+00,1.914076e+00,2.058414e+00,1.906846e+00,1.690800e+00,2.043606e+00,1.830464e+00,2.025787e+00,1.585680e+00,1.806759e+00,1.616092e+00,1.969699e+00,2.051618e+00,1.752250e+00,1.966635e+00,1.942929e+00,2.057347e+00,1.793625e+00,1.847882e+00,1.908143e+00,1.404561e-01,1.585680e+00,2.099389e+00
5.926000e+00,1.233880e+00,2.101298e+00,1.976699e+00,2.046906e+00,1.854556e+00,1.986731e+00,1.974317e+00,1.914739e+00,2.059241e+00,1.908188e+00,1.692700e+00,2.044870e+00,1.831608e+00,2.026894e+00,1.585120e+00,1.807638e+00,1.617032e+00,1.972229e+00,2.053179e+00,1.754375e+00,1.967981e+00,1.943737e+00,2.057918e+00,1.794750e+00,1.848824e+00,1.909230e+00,1.405703e-01,1.585120e+00,2.101298e+00
5.927000e+00,1.234330e+00,2.101069e+00,1.977184e+00,2.048520e+00,1.854333e+00,1.987192e+00,1.974503e+00,1.915687e+00,2.059793e+00,1.910268e+00,1.693350e+00,2.045836e+00,1.832752e+00,2.028809e+00,1.586000e+00,1.808517e+00,1.617972e+00,1.974759e+00,2.053526e+00,1.755375e+00,1.968990e+00,1.945101e+00,2.059102e+00,1.793875e+00,1.849647e+00,1.910090e+00,1.406380e-01,1.586000e+00,2.101069e+00
5.928000e+00,1.234500e+00,2.103282e+00,1.979029e+00,2.049776e+00,1.856667e+00,1.989269e+00,1.973416e+00,1.916919e+00,2.060483e+00,1.910805e+00,1.695300e+00,2.046691e+00,1.833895e+00,2.030085e+00,1.586720e+00,1.809396e+00,1.618911e+00,1.974940e+00,2.054971e+00,1.756062e+00,1.969615e+00,1.945505e+00,2.059510e+00,1.794125e+00,1.849824e+00,1.911050e+00,1.406800e-01,1.586720e+00,2.103282e+00
5.929000e+00,1.234710e+00,2.103817e+00,1.978932e+00,2.050269e+00,1.857000e+00,1.989962e+00,1.973261e+00,1.917725e+00,2.061103e+00,1.912953e+00,1.696100e+00,2.047435e+00,1.835036e+00,2.030851e+00,1.587520e+00,1.810275e+00,1.619851e+00,1.974518e+00,2.055723e+00,1.757812e+00,1.971538e+00,1.946465e+00,2.060367e+00,1.797125e+00,1.850824e+00,1.911936e+00,1.404645e-01,1.587520e+00,2.103817e+00
5.930000e+00,1.234910e+00,2.104580e+00,1.978932e+00,2.051121e+00,1.859222e+00,1.991769e+00,1.972826e+00,1.919005e+00,2.062069e+00,1.914832e+00,1.697100e+00,2.048587e+00,1.836177e+00,2.032340e+00,1.587520e+00,1.811153e+00,1.620791e+00,1.975542e+00,2.056821e+00,1.759875e+00,1.972837e+00,1.947828e+00,2.061959e+00,1.796375e+00,1.851412e+00,1.912945e+00,1.405822e-01,1.587520e+00,2.104580e+00
5.931000e+00,1.235110e+00,2.105878e+00,1.982136e+00,2.052735e+00,1.859000e+00,1.992769e+00,1.973137e+00,1.918791e+00,2.064276e+00,1.915436e+00,1.697750e+00,2.049517e+00,1.837317e+00,2.034255e+00,1.588400e+00,1.812032e+00,1.621731e+00,1.976084e+00,2.057399e+00,1.759437e+00,1.973990e+00,1.948889e+00,2.062939e+00,1.796000e+00,1.850353e+00,1.913761e+00,1.409234e-01,1.588400e+00,2.105878e+00
5.932000e+00,1.235360e+00,2.106870e+00,1.982330e+00,2.053991e+00,1.860889e+00,1.993385e+00,1.974286e+00,1.919218e+00,2.065448e+00,1.915772e+00,1.698850e+00,2.049888e+00,1.838457e+00,2.035319e+00,1.590080e+00,1.812911e+00,1.622672e+00,1.977651e+00,2.058613e+00,1.761750e+00,1.974856e+00,1.949545e+00,2.063796e+00,1.797125e+00,1.849941e+00,1.914735e+00,1.407843e-01,1.590080e+00,2.106870e+00
5.933000e+00,1.235720e+00,2.107634e+00,1.982427e+00,2.054888e+00,1.861444e+00,1.994231e+00,1.974689e+00,1.920142e+00,2.066690e+00,1.916577e+00,1.700450e+00,2.050892e+00,1.839595e+00,2.035277e+00,1.590160e+00,1.813790e+00,1.623612e+00,1.978494e+00,2.058960e+00,1.762875e+00,1.975385e+00,1.951212e+00,2.064694e+00,1.797500e+00,1.849118e+00,1.915447e+00,1.407862e-01,1.590160e+00,2.107634e+00
5.934000e+00,1.235950e+00,2.107023e+00,1.983592e+00,2.055516e+00,1.860000e+00,1.994846e+00,1.975807e+00,1.920332e+00,2.067931e+00,1.918054e+00,1.701850e+00,2.051450e+00,1.840732e+00,2.037191e+00,1.591440e+00,1.814669e+00,1.624552e+00,1.979819e+00,2.059827e+00,1.764312e+00,1.976587e+00,1.951818e+00,2.065633e+00,1.799375e+00,1.848118e+00,1.916270e+00,1.406809e-01,1.591440e+00,2.107023e+00
5.935000e+00,1.236210e+00,2.109084e+00,1.984272e+00,2.056188e+00,1.859444e+00,1.996000e+00,1.976149e+00,1.920853e+00,2.069517e+00,1.919463e+00,1.702750e+00,2.052305e+00,1.841869e+00,2.038723e+00,1.592400e+00,1.815547e+00,1.625492e+00,1.981747e+00,2.060289e+00,1.766375e+00,1.976683e+00,1.952626e+00,2.066735e+00,1.801375e+00,1.848294e+00,1.917258e+00,1.407106e-01,1.592400e+00,2.109084e+00
5.936000e+00,1.236350e+00,2.110305e+00,1.985631e+00,2.057892e+00,1.859000e+00,1.997308e+00,1.977640e+00,1.920924e+00,2.070897e+00,1.920067e+00,1.705000e+00,2.053532e+00,1.843005e+00,2.039660e+00,1.592960e+00,1.816426e+00,1.626433e+00,1.984036e+00,2.061214e+00,1.767187e+00,1.977885e+00,1.952929e+00,2.066735e+00,1.801500e+00,1.848588e+00,1.918198e+00,1.408189e-01,1.592960e+00,2.110305e+00
5.937000e+00,1.236740e+00,2.111603e+00,1.987184e+00,2.059731e+00,1.858333e+00,1.998808e+00,1.978665e+00,1.921469e+00,2.071655e+00,1.922081e+00,1.706000e+00,2.054758e+00,1.844140e+00,2.041362e+00,1.593600e+00,1.817305e+00,1.627373e+00,1.986566e+00,2.061387e+00,1.768188e+00,1.978702e+00,1.953535e+00,2.064980e+00,1.803500e+00,1.849706e+00,1.919193e+00,1.408190e-01,1.593600e+00,2.111603e+00
5.938000e+00,1.237050e+00,2.113740e+00,1.986699e+00,2.060135e+00,1.859444e+00,1.999615e+00,1.979969e+00,1.921564e+00,2.072207e+00,1.922550e+00,1.706400e+00,2.055539e+00,1.845274e+00,2.041532e+00,1.593680e+00,1.818184e+00,1.628313e+00,1.989096e+00,2.062543e+00,1.769562e+00,1.979327e+00,1.954697e+00,2.064531e+00,1.804625e+00,1.850176e+00,1.919975e+00,1.408613e-01,1.593680e+00,2.113740e+00
5.939000e+00,1.237290e+00,2.113969e+00,1.989417e+00,2.061256e+00,1.858333e+00,2.000500e+00,1.981025e+00,1.921967e+00,2.073793e+00,1.921745e+00,1.707200e+00,2.056134e+00,1.846408e+00,2.041830e+00,1.595920e+00,1.819062e+00,1.629253e+00,1.989819e+00,2.063757e+00,1.770063e+00,1.980913e+00,1.955505e+00,2.064286e+00,1.806625e+00,1.851706e+00,1.920854e+00,1.407123e-01,1.595920e+00,2.113969e+00
5.940000e+00,1.237400e+00,2.116183e+00,1.989029e+00,2.062915e+00,1.860222e+00,2.001885e+00,1.981988e+00,1.921991e+00,2.074069e+00,1.922013e+00,1.707550e+00,2.056877e+00,1.847541e+00,2.042340e+00,1.595200e+00,1.819941e+00,1.630193e+00,1.991265e+00,2.064277e+00,1.770125e+00,1.981779e+00,1.955859e+00,2.065061e+00,1.807500e+00,1.853176e+00,1.921624e+00,1.409325e-01,1.595200e+00,2.116183e+00
5.941000e+00,1.237590e+00,2.115954e+00,1.990874e+00,2.063543e+00,1.860889e+00,2.002962e+00,1.983478e+00,1.921635e+00,2.075655e+00,1.922013e+00,1.708300e+00,2.058327e+00,1.848674e+00,2.044426e+00,1.597600e+00,1.820820e+00,1.631133e+00,1.992108e+00,2.065838e+00,1.771437e+00,1.983029e+00,1.957778e+00,2.065184e+00,1.808375e+00,1.853824e+00,1.922661e+00,1.408452e-01,1.597600e+00,2.115954e+00
5.942000e+00,1.238040e+00,2.117328e+00,1.990583e+00,2.065471e+00,1.863444e+00,2.004462e+00,1.984876e+00,1.920237e+00,2.076414e+00,1.922752e+00,1.708850e+00,2.059145e+00,1.849806e+00,2.045745e+00,1.598960e+00,1.821701e+00,1.632073e+00,1.991265e+00,2.065896e+00,1.772813e+00,1.983846e+00,1.958081e+00,2.065959e+00,1.809000e+00,1.856176e+00,1.923537e+00,1.407369e-01,1.598960e+00,2.117328e+00
5.943000e+00,1.238210e+00,2.119008e+00,1.991262e+00,2.066368e+00,1.864222e+00,2.005692e+00,1.985652e+00,1.919763e+00,2.077586e+00,1.923960e+00,1.710500e+00,2.060892e+00,1.850937e+00,2.045149e+00,1.598240e+00,1.822579e+00,1.633013e+00,1.991988e+00,2.063931e+00,1.774125e+00,1.981538e+00,1.959495e+00,2.067143e+00,1.810125e+00,1.857647e+00,1.924201e+00,1.406809e-01,1.598240e+00,2.119008e+00
5.944000e+00,1.238440e+00,2.119924e+00,1.992330e+00,2.068027e+00,1.864778e+00,2.007154e+00,1.986988e+00,1.919645e+00,2.079034e+00,1.924161e+00,1.711750e+00,2.061710e+00,1.852069e+00,2.047362e+00,1.600560e+00,1.823458e+00,1.633953e+00,1.992590e+00,2.063179e+00,1.774687e+00,1.979904e+00,1.959798e+00,2.068245e+00,1.810750e+00,1.858176e+00,1.925010e+00,1.405666e-01,1.600560e+00,2.119924e+00
5.945000e+00,1.238810e+00,2.120840e+00,1.995631e+00,2.069238e+00,1.866556e+00,2.007962e+00,1.987857e+00,1.920427e+00,2.080207e+00,1.925906e+00,1.713300e+00,2.063234e+00,1.853200e+00,2.047915e+00,1.602480e+00,1.824336e+00,1.634892e+00,1.994337e+00,2.062312e+00,1.776688e+00,1.979231e+00,1.961061e+00,2.069347e+00,1.812750e+00,1.858706e+00,1.926184e+00,1.403430e-01,1.602480e+00,2.120840e+00
5.946000e+00,1.239100e+00,2.121450e+00,1.994272e+00,2.070942e+00,1.868667e+00,2.009000e+00,1.989255e+00,1.920498e+00,2.080621e+00,1.928456e+00,1.714200e+00,2.064052e+00,1.854331e+00,2.048894e+00,1.602480e+00,1.825215e+00,1.635832e+00,1.996506e+00,2.062948e+00,1.777375e+00,1.979423e+00,1.961717e+00,2.069429e+00,1.813500e+00,1.860529e+00,1.927066e+00,1.403271e-01,1.602480e+00,2.121450e+00
5.947000e+00,1.239250e+00,2.122366e+00,1.996990e+00,2.072018e+00,1.867444e+00,2.009846e+00,1.990590e+00,1.921137e+00,2.081862e+00,1.929463e+00,1.715800e+00,2.065167e+00,1.855462e+00,2.049872e+00,1.603440e+00,1.826093e+00,1.636771e+00,1.998434e+00,2.062717e+00,1.779312e+00,1.979952e+00,1.963232e+00,2.071143e+00,1.815125e+00,1.861353e+00,1.928150e+00,1.403287e-01,1.603440e+00,2.122366e+00
5.948000e+00,1.239540e+00,2.124962e+00,1.998544e+00,2.072287e+00,1.870889e+00,2.011192e+00,1.990994e+00,1.922085e+00,2.082207e+00,1.930604e+00,1.717050e+00,2.066134e+00,1.856593e+00,2.051234e+00,1.604880e+00,1.826972e+00,1.637710e+00,2.000361e+00,2.063295e+00,1.779500e+00,1.980433e+00,1.963283e+00,2.071265e+00,1.815250e+00,1.862882e+00,1.929192e+00,1.402884e-01,1.604880e+00,2.124962e+00
5.949000e+00,1.239750e+00,2.125649e+00,1.998252e+00,2.073139e+00,1.873111e+00,2.013154e+00,1.992205e+00,1.922844e+00,2.083448e+00,1.930940e+00,1.718150e+00,2.067026e+00,1.857725e+00,2.051787e+00,1.605600e+00,1.827850e+00,1.638649e+00,2.001747e+00,2.065434e+00,1.779937e+00,1.980962e+00,1.964192e+00,2.072449e+00,1.818500e+00,1.863647e+00,1.930267e+00,1.402694e-01,1.605600e+00,2.125649e+00
5.950000e+00,1.239960e+00,2.126565e+00,1.998350e+00,2.073767e+00,1.871556e+00,2.014038e+00,1.992640e+00,1.923673e+00,2.084966e+00,1.932483e+00,1.720150e+00,2.067398e+00,1.858856e+00,2.052894e+00,1.607200e+00,1.828728e+00,1.639588e+00,2.002410e+00,2.065029e+00,1.782312e+00,1.982933e+00,1.964949e+00,2.073510e+00,1.815875e+00,1.864000e+00,1.930995e+00,1.401752e-01,1.607200e+00,2.126565e+00
5.951000e+00,1.240290e+00,2.127023e+00,2.000388e+00,2.074439e+00,1.875111e+00,2.014346e+00,1.994037e+00,1.923483e+00,2.086483e+00,1.933020e+00,1.722250e+00,2.067807e+00,1.859989e+00,2.054511e+00,1.606640e+00,1.829607e+00,1.640526e+00,2.002771e+00,2.067052e+00,1.782687e+00,1.983990e+00,1.965657e+00,2.074694e+00,1.817875e+00,1.864765e+00,1.932048e+00,1.402412e-01,1.606640e+00,2.127023e+00
5.952000e+00,1.240560e+00,2.129160e+00,2.001262e+00,2.075650e+00,1.875222e+00,2.015000e+00,1.995373e+00,1.924123e+00,2.088414e+00,1.935235e+00,1.723700e+00,2.068476e+00,1.861122e+00,2.055489e+00,1.607520e+00,1.830485e+00,1.641464e+00,2.002952e+00,2.068439e+00,1.784500e+00,1.984471e+00,1.967071e+00,2.075673e+00,1.818375e+00,1.866353e+00,1.933147e+00,1.403096e-01,1.607520e+00,2.129160e+00
5.953000e+00,1.240670e+00,2.130305e+00,2.000583e+00,2.076502e+00,1.877889e+00,2.016000e+00,1.996273e+00,1.924645e+00,2.089517e+00,1.935638e+00,1.724050e+00,2.069182e+00,1.862255e+00,2.055957e+00,1.609920e+00,1.831363e+00,1.642402e+00,2.003072e+00,2.069769e+00,1.784750e+00,1.985721e+00,1.968283e+00,2.077551e+00,1.820625e+00,1.867647e+00,1.934163e+00,1.401577e-01,1.609920e+00,2.130305e+00
5.954000e+00,1.241200e+00,2.131221e+00,2.001553e+00,2.076996e+00,1.878889e+00,2.016731e+00,1.997081e+00,1.925308e+00,2.090483e+00,1.937651e+00,1.726000e+00,2.069851e+00,1.863390e+00,2.056851e+00,1.609520e+00,1.832241e+00,1.643340e+00,2.005301e+00,2.070347e+00,1.785688e+00,1.987115e+00,1.968485e+00,2.078490e+00,1.818250e+00,1.868529e+00,1.934971e+00,1.403103e-01,1.609520e+00,2.131221e+00
5.955000e+00,1.241440e+00,2.132443e+00,2.002718e+00,2.077892e+00,1.879111e+00,2.018077e+00,1.997950e+00,1.926588e+00,2.090828e+00,1.939262e+00,1.728150e+00,2.070149e+00,1.864526e+00,2.058043e+00,1.610720e+00,1.833119e+00,1.644278e+00,2.005663e+00,2.071676e+00,1.787187e+00,1.987548e+00,1.969192e+00,2.079755e+00,1.820625e+00,1.869353e+00,1.936036e+00,1.401389e-01,1.610720e+00,2.132443e+00
5.956000e+00,1.241590e+00,2.132748e+00,2.002913e+00,2.079686e+00,1.880778e+00,2.018308e+00,1.998509e+00,1.926872e+00,2.090138e+00,1.939396e+00,1.729800e+00,2.069665e+00,1.865663e+00,2.058936e+00,1.611200e+00,1.833996e+00,1.645215e+00,2.006807e+00,2.073526e+00,1.787937e+00,1.989712e+00,1.968737e+00,2.080898e+00,1.822500e+00,1.870941e+00,1.936870e+00,1.399728e-01,1.611200e+00,2.132748e+00
5.957000e+00,1.241890e+00,2.133969e+00,2.002427e+00,2.080762e+00,1.882000e+00,2.017423e+00,1.999689e+00,1.928294e+00,2.088828e+00,1.940738e+00,1.731550e+00,2.069442e+00,1.866802e+00,2.060340e+00,1.612960e+00,1.834873e+00,1.646153e+00,2.008675e+00,2.074913e+00,1.789500e+00,1.990529e+00,1.966263e+00,2.081224e+00,1.822375e+00,1.872118e+00,1.937577e+00,1.396426e-01,1.612960e+00,2.133969e+00
5.958000e+00,1.242010e+00,2.133969e+00,2.002913e+00,2.081973e+00,1.882556e+00,2.016846e+00,2.000963e+00,1.928815e+00,2.088345e+00,1.941544e+00,1.732350e+00,2.069033e+00,1.867942e+00,2.060723e+00,1.614400e+00,1.835749e+00,1.647090e+00,2.010422e+00,2.075838e+00,1.790125e+00,1.991971e+00,1.965152e+00,2.082163e+00,1.822375e+00,1.873118e+00,1.938182e+00,1.394417e-01,1.614400e+00,2.133969e+00
5.959000e+00,1.242350e+00,2.136336e+00,2.003398e+00,2.083901e+00,1.885222e+00,2.016846e+00,2.001739e+00,1.929502e+00,2.089586e+00,1.941946e+00,1.733950e+00,2.069257e+00,1.869083e+00,2.061702e+00,1.614960e+00,1.836628e+00,1.646776e+00,2.010542e+00,2.076647e+00,1.791125e+00,1.992548e+00,1.964545e+00,2.083306e+00,1.823750e+00,1.874412e+00,1.939071e+00,1.395398e-01,1.614960e+00,2.136336e+00
5.960000e+00,1.242450e+00,2.136183e+00,2.004563e+00,2.084888e+00,1.883111e+00,2.017846e+00,2.003230e+00,1.929787e+00,2.090483e+00,1.943087e+00,1.735500e+00,2.069182e+00,1.870227e+00,2.062511e+00,1.615680e+00,1.837506e+00,1.647265e+00,2.010482e+00,2.077746e+00,1.792188e+00,1.993365e+00,1.964444e+00,2.084327e+00,1.825000e+00,1.875471e+00,1.939753e+00,1.394816e-01,1.615680e+00,2.136183e+00
5.961000e+00,1.242860e+00,2.137786e+00,2.005049e+00,2.086502e+00,1.886556e+00,2.019346e+00,2.004783e+00,1.930711e+00,2.091724e+00,1.945436e+00,1.736450e+00,2.070223e+00,1.871372e+00,2.063362e+00,1.616320e+00,1.838384e+00,1.648204e+00,2.011386e+00,2.078902e+00,1.793000e+00,1.994471e+00,1.965152e+00,2.084939e+00,1.826625e+00,1.876765e+00,1.940977e+00,1.395367e-01,1.616320e+00,2.137786e+00
5.962000e+00,1.243030e+00,2.138931e+00,2.006602e+00,2.087040e+00,1.888000e+00,2.021154e+00,2.005621e+00,1.931564e+00,2.091793e+00,1.947383e+00,1.738300e+00,2.071561e+00,1.872519e+00,2.063532e+00,1.617840e+00,1.839262e+00,1.648163e+00,2.012229e+00,2.079769e+00,1.794375e+00,1.996058e+00,1.966364e+00,2.085510e+00,1.823625e+00,1.877941e+00,1.941881e+00,1.395800e-01,1.617840e+00,2.138931e+00
5.963000e+00,1.243240e+00,2.137176e+00,2.006796e+00,2.087758e+00,1.888778e+00,2.022077e+00,2.006770e+00,1.932251e+00,2.092966e+00,1.948322e+00,1.740150e+00,2.072639e+00,1.873667e+00,2.064043e+00,1.618000e+00,1.840140e+00,1.648286e+00,2.012169e+00,2.080116e+00,1.794187e+00,1.996394e+00,1.966465e+00,2.086163e+00,1.825750e+00,1.879412e+00,1.942520e+00,1.394199e-01,1.618000e+00,2.137176e+00
5.964000e+00,1.243620e+00,2.137786e+00,2.008544e+00,2.087130e+00,1.889889e+00,2.022731e+00,2.007609e+00,1.933057e+00,2.094069e+00,1.950201e+00,1.742000e+00,2.073903e+00,1.874818e+00,2.064298e+00,1.620320e+00,1.841018e+00,1.648816e+00,2.014518e+00,2.081734e+00,1.794687e+00,1.996875e+00,1.968030e+00,2.086653e+00,1.826750e+00,1.880824e+00,1.943594e+00,1.392235e-01,1.620320e+00,2.137786e+00
5.965000e+00,1.243740e+00,2.138550e+00,2.007670e+00,2.086278e+00,1.891444e+00,2.024000e+00,2.008696e+00,1.933555e+00,2.094414e+00,1.951409e+00,1.743250e+00,2.074684e+00,1.875970e+00,2.063532e+00,1.621200e+00,1.841896e+00,1.649102e+00,2.015723e+00,2.082370e+00,1.795375e+00,1.997885e+00,1.969495e+00,2.087265e+00,1.829625e+00,1.881765e+00,1.944381e+00,1.389809e-01,1.621200e+00,2.138550e+00
5.966000e+00,1.244040e+00,2.139542e+00,2.010291e+00,2.084843e+00,1.891556e+00,2.025577e+00,2.009379e+00,1.934313e+00,2.095862e+00,1.951611e+00,1.744200e+00,2.075242e+00,1.877125e+00,2.062553e+00,1.621440e+00,1.842774e+00,1.649959e+00,2.017530e+00,2.083064e+00,1.796250e+00,1.998269e+00,1.970354e+00,2.088816e+00,1.830000e+00,1.883294e+00,1.945160e+00,1.389875e-01,1.621440e+00,2.139542e+00
5.967000e+00,1.244280e+00,2.141069e+00,2.009320e+00,2.085291e+00,1.892778e+00,2.026769e+00,2.009845e+00,1.934384e+00,2.097586e+00,1.953020e+00,1.745450e+00,2.076245e+00,1.878281e+00,2.062936e+00,1.623200e+00,1.843652e+00,1.650857e+00,2.019096e+00,2.084277e+00,1.796312e+00,1.999183e+00,1.971616e+00,2.089510e+00,1.831125e+00,1.883941e+00,1.946073e+00,1.389370e-01,1.623200e+00,2.141069e+00
5.968000e+00,1.244490e+00,2.141221e+00,2.013301e+00,2.085336e+00,1.894778e+00,2.028462e+00,2.010404e+00,1.934668e+00,2.098345e+00,1.953960e+00,1.746850e+00,2.077621e+00,1.879439e+00,2.063277e+00,1.625120e+00,1.844530e+00,1.651796e+00,2.020723e+00,2.085780e+00,1.797813e+00,2.000000e+00,1.972576e+00,2.089265e+00,1.833500e+00,1.885235e+00,1.947250e+00,1.386772e-01,1.625120e+00,2.141221e+00
5.969000e+00,1.244750e+00,2.142824e+00,2.012039e+00,2.085874e+00,1.896222e+00,2.029885e+00,2.011180e+00,1.934858e+00,2.099793e+00,1.954027e+00,1.748550e+00,2.078699e+00,1.880598e+00,2.063489e+00,1.624560e+00,1.845408e+00,1.653224e+00,2.021627e+00,2.087052e+00,1.798812e+00,2.001346e+00,1.974192e+00,2.089878e+00,1.832375e+00,1.885235e+00,1.947990e+00,1.388122e-01,1.624560e+00,2.142824e+00
5.970000e+00,1.244970e+00,2.144427e+00,2.014272e+00,2.087175e+00,1.895889e+00,2.030385e+00,2.012360e+00,1.935924e+00,2.102552e+00,1.956510e+00,1.749500e+00,2.078996e+00,1.881759e+00,2.064638e+00,1.625440e+00,1.846286e+00,1.653755e+00,2.021084e+00,2.087803e+00,1.799813e+00,2.001731e+00,1.974949e+00,2.089592e+00,1.831125e+00,1.885176e+00,1.948798e+00,1.390022e-01,1.625440e+00,2.144427e+00
5.971000e+00,1.245260e+00,2.145115e+00,2.014175e+00,2.088117e+00,1.896889e+00,2.031269e+00,2.013385e+00,1.935427e+00,2.103586e+00,1.957517e+00,1.750950e+00,2.079368e+00,1.882922e+00,2.065830e+00,1.626560e+00,1.847164e+00,1.655184e+00,2.021988e+00,2.088497e+00,1.799813e+00,2.002548e+00,1.975859e+00,2.089265e+00,1.832625e+00,1.885471e+00,1.949563e+00,1.388381e-01,1.626560e+00,2.145115e+00
5.972000e+00,1.245590e+00,2.145573e+00,2.015922e+00,2.088924e+00,1.901111e+00,2.032154e+00,2.014068e+00,1.936043e+00,2.104345e+00,1.958054e+00,1.752300e+00,2.080223e+00,1.884085e+00,2.067660e+00,1.627920e+00,1.848042e+00,1.656122e+00,2.021627e+00,2.089653e+00,1.801375e+00,2.003317e+00,1.977071e+00,2.088694e+00,1.835625e+00,1.886294e+00,1.950675e+00,1.385356e-01,1.627920e+00,2.145573e+00
5.973000e+00,1.245860e+00,2.147252e+00,2.015534e+00,2.090717e+00,1.899333e+00,2.034000e+00,2.015373e+00,1.936185e+00,2.104828e+00,1.957987e+00,1.753400e+00,2.081078e+00,1.885250e+00,2.068596e+00,1.629200e+00,1.848920e+00,1.657020e+00,2.022410e+00,2.090636e+00,1.801688e+00,2.004231e+00,1.978081e+00,2.089102e+00,1.835750e+00,1.887059e+00,1.951401e+00,1.386316e-01,1.629200e+00,2.147252e+00
5.974000e+00,1.246190e+00,2.147939e+00,2.017282e+00,2.091614e+00,1.900333e+00,2.035346e+00,2.016553e+00,1.936943e+00,2.106069e+00,1.957852e+00,1.754150e+00,2.080967e+00,1.886416e+00,2.068936e+00,1.631600e+00,1.849798e+00,1.658327e+00,2.024157e+00,2.091561e+00,1.799938e+00,2.004952e+00,1.979091e+00,2.090000e+00,1.836375e+00,1.886941e+00,1.952214e+00,1.385963e-01,1.631600e+00,2.147939e+00
5.975000e+00,1.246320e+00,2.148321e+00,2.017476e+00,2.092152e+00,1.902667e+00,2.036462e+00,2.016491e+00,1.937488e+00,2.106759e+00,1.957181e+00,1.755750e+00,2.081636e+00,1.887582e+00,2.070128e+00,1.630160e+00,1.850676e+00,1.659551e+00,2.024819e+00,2.092023e+00,1.799250e+00,2.005913e+00,1.979596e+00,2.090898e+00,1.836375e+00,1.888588e+00,1.952831e+00,1.387082e-01,1.630160e+00,2.148321e+00
5.976000e+00,1.246670e+00,2.150153e+00,2.019126e+00,2.094260e+00,1.903111e+00,2.037269e+00,2.017640e+00,1.936564e+00,2.108276e+00,1.957852e+00,1.756950e+00,2.082045e+00,1.888749e+00,2.072213e+00,1.630880e+00,1.851554e+00,1.660041e+00,2.025361e+00,2.092775e+00,1.798875e+00,2.005288e+00,1.981970e+00,2.091510e+00,1.837750e+00,1.890176e+00,1.953766e+00,1.389208e-01,1.630880e+00,2.150153e+00
5.977000e+00,1.246690e+00,2.150916e+00,2.019320e+00,2.094753e+00,1.903889e+00,2.037846e+00,2.018478e+00,1.936043e+00,2.109655e+00,1.958523e+00,1.758500e+00,2.083606e+00,1.889917e+00,2.072426e+00,1.633040e+00,1.852432e+00,1.661347e+00,2.027470e+00,2.094104e+00,1.799000e+00,2.007019e+00,1.982879e+00,2.092082e+00,1.836000e+00,1.891412e+00,1.954611e+00,1.388714e-01,1.633040e+00,2.150916e+00
5.978000e+00,1.247090e+00,2.150763e+00,2.021165e+00,2.097175e+00,1.905889e+00,2.038423e+00,2.018789e+00,1.935332e+00,2.111655e+00,1.959329e+00,1.759200e+00,2.084535e+00,1.891085e+00,2.073234e+00,1.633920e+00,1.853310e+00,1.662653e+00,2.026687e+00,2.094509e+00,1.800000e+00,2.007308e+00,1.984040e+00,2.093388e+00,1.836500e+00,1.892588e+00,1.955478e+00,1.388453e-01,1.633920e+00,2.150763e+00
5.979000e+00,1.247190e+00,2.152901e+00,2.021068e+00,2.097623e+00,1.905778e+00,2.039962e+00,2.017857e+00,1.935142e+00,2.112828e+00,1.961409e+00,1.761600e+00,2.085576e+00,1.892253e+00,2.073787e+00,1.634240e+00,1.854188e+00,1.663673e+00,2.026325e+00,2.094971e+00,1.800812e+00,2.008077e+00,1.984343e+00,2.094082e+00,1.835000e+00,1.893235e+00,1.956114e+00,1.388781e-01,1.634240e+00,2.152901e+00
5.980000e+00,1.247680e+00,2.154198e+00,2.023689e+00,2.099507e+00,1.908333e+00,2.041538e+00,2.017267e+00,1.935024e+00,2.113379e+00,1.962416e+00,1.762900e+00,2.086357e+00,1.893421e+00,2.074936e+00,1.635280e+00,1.855066e+00,1.664612e+00,2.027229e+00,2.094162e+00,1.800875e+00,2.007356e+00,1.985606e+00,2.094694e+00,1.837250e+00,1.894588e+00,1.957070e+00,1.387700e-01,1.635280e+00,2.154198e+00
5.981000e+00,1.247890e+00,2.154198e+00,2.023883e+00,2.101166e+00,1.907444e+00,2.043731e+00,2.017081e+00,1.935782e+00,2.114483e+00,1.964094e+00,1.764250e+00,2.087546e+00,1.894589e+00,2.074340e+00,1.636560e+00,1.855944e+00,1.666082e+00,2.027892e+00,2.092717e+00,1.801625e+00,2.005240e+00,1.985960e+00,2.094857e+00,1.837500e+00,1.895529e+00,1.957604e+00,1.384778e-01,1.636560e+00,2.154198e+00
5.982000e+00,1.248140e+00,2.156489e+00,2.024175e+00,2.102197e+00,1.909333e+00,2.044731e+00,2.018230e+00,1.936872e+00,2.116276e+00,1.966040e+00,1.764700e+00,2.088662e+00,1.895757e+00,2.076511e+00,1.637520e+00,1.856822e+00,1.666735e+00,2.028494e+00,2.091503e+00,1.803562e+00,2.004567e+00,1.986869e+00,2.095837e+00,1.837250e+00,1.896706e+00,1.958577e+00,1.385581e-01,1.637520e+00,2.156489e+00
5.983000e+00,1.248340e+00,2.157939e+00,2.025243e+00,2.103274e+00,1.909889e+00,2.046192e+00,2.018913e+00,1.937227e+00,2.116897e+00,1.966577e+00,1.765300e+00,2.089703e+00,1.896924e+00,2.077277e+00,1.638800e+00,1.857700e+00,1.668204e+00,2.029578e+00,2.090462e+00,1.803812e+00,2.004615e+00,1.986919e+00,2.097020e+00,1.838375e+00,1.899059e+00,1.959412e+00,1.384498e-01,1.638800e+00,2.157939e+00
5.984000e+00,1.248600e+00,2.158550e+00,2.026602e+00,2.104574e+00,1.911556e+00,2.047385e+00,2.019720e+00,1.938507e+00,2.117793e+00,1.967919e+00,1.766050e+00,2.090558e+00,1.898091e+00,2.077617e+00,1.639600e+00,1.858578e+00,1.669714e+00,2.030361e+00,2.092023e+00,1.805187e+00,2.004327e+00,1.988838e+00,2.097878e+00,1.840750e+00,1.899176e+00,1.960473e+00,1.383441e-01,1.639600e+00,2.158550e+00
5.985000e+00,1.248910e+00,2.158550e+00,2.026893e+00,2.106009e+00,1.912444e+00,2.048846e+00,2.020807e+00,1.940118e+00,2.119655e+00,1.968389e+00,1.766650e+00,2.092045e+00,1.899257e+00,2.078553e+00,1.640080e+00,1.859456e+00,1.670571e+00,2.031807e+00,2.093006e+00,1.805875e+00,2.004808e+00,1.989646e+00,2.099184e+00,1.840750e+00,1.899706e+00,1.961379e+00,1.385167e-01,1.640080e+00,2.158550e+00
5.986000e+00,1.249060e+00,2.161756e+00,2.028835e+00,2.107175e+00,1.912778e+00,2.050615e+00,2.021801e+00,1.940355e+00,2.120483e+00,1.970403e+00,1.768200e+00,2.092342e+00,1.900423e+00,2.080298e+00,1.640720e+00,1.860334e+00,1.671347e+00,2.034217e+00,2.093237e+00,1.807375e+00,2.006250e+00,1.991717e+00,2.100857e+00,1.841625e+00,1.901118e+00,1.962678e+00,1.387410e-01,1.640720e+00,2.161756e+00
5.987000e+00,1.249360e+00,2.160992e+00,2.029709e+00,2.108610e+00,1.913667e+00,2.051962e+00,2.022733e+00,1.941256e+00,2.121517e+00,1.971141e+00,1.768600e+00,2.093346e+00,1.901588e+00,2.080681e+00,1.643120e+00,1.861211e+00,1.672286e+00,2.036325e+00,2.095087e+00,1.808375e+00,2.007067e+00,1.992222e+00,2.101755e+00,1.843500e+00,1.902118e+00,1.963703e+00,1.385630e-01,1.643120e+00,2.160992e+00
5.988000e+00,1.249720e+00,2.163740e+00,2.028641e+00,2.109193e+00,1.913333e+00,2.052846e+00,2.023199e+00,1.941469e+00,2.123310e+00,1.972819e+00,1.769200e+00,2.094721e+00,1.902752e+00,2.080979e+00,1.643840e+00,1.862089e+00,1.673388e+00,2.036747e+00,2.096185e+00,1.808312e+00,2.008029e+00,1.993333e+00,2.102204e+00,1.842250e+00,1.902882e+00,1.964394e+00,1.387981e-01,1.643840e+00,2.163740e+00
5.989000e+00,1.249910e+00,2.164046e+00,2.028058e+00,2.110404e+00,1.912444e+00,2.053731e+00,2.024255e+00,1.943199e+00,2.124345e+00,1.973893e+00,1.770550e+00,2.095502e+00,1.903915e+00,2.083277e+00,1.645200e+00,1.862967e+00,1.674694e+00,2.036145e+00,2.097803e+00,1.809437e+00,2.008269e+00,1.994596e+00,2.103388e+00,1.843125e+00,1.903000e+00,1.965260e+00,1.387211e-01,1.645200e+00,2.164046e+00
5.990000e+00,1.250200e+00,2.165420e+00,2.028252e+00,2.110807e+00,1.915222e+00,2.054000e+00,2.024876e+00,1.944005e+00,2.125310e+00,1.975570e+00,1.771600e+00,2.096022e+00,1.905078e+00,2.084213e+00,1.645680e+00,1.863845e+00,1.676122e+00,2.036928e+00,2.099017e+00,1.811187e+00,2.009135e+00,1.995303e+00,2.103755e+00,1.844000e+00,1.900941e+00,1.966095e+00,1.386411e-01,1.645680e+00,2.165420e+00
5.991000e+00,1.250560e+00,2.167023e+00,2.030680e+00,2.111749e+00,1.914111e+00,2.054923e+00,2.026242e+00,1.944076e+00,2.126552e+00,1.975906e+00,1.772350e+00,2.097063e+00,1.906239e+00,2.084681e+00,1.646720e+00,1.864722e+00,1.677184e+00,2.036506e+00,2.100058e+00,1.811750e+00,2.009808e+00,1.996515e+00,2.104776e+00,1.846625e+00,1.899353e+00,1.966900e+00,1.387270e-01,1.646720e+00,2.167023e+00
5.992000e+00,1.250810e+00,2.167328e+00,2.030388e+00,2.112422e+00,1.916111e+00,2.055654e+00,2.027422e+00,1.944336e+00,2.127379e+00,1.977181e+00,1.773750e+00,2.098327e+00,1.907400e+00,2.086043e+00,1.647920e+00,1.865600e+00,1.677551e+00,2.037892e+00,2.100925e+00,1.812375e+00,2.011106e+00,1.997475e+00,2.105510e+00,1.846125e+00,1.900000e+00,1.967759e+00,1.387356e-01,1.647920e+00,2.167328e+00
5.993000e+00,1.250950e+00,2.169084e+00,2.031456e+00,2.113901e+00,1.917111e+00,2.056731e+00,2.028385e+00,1.945118e+00,2.128345e+00,1.978188e+00,1.775350e+00,2.099219e+00,1.908559e+00,2.086681e+00,1.649760e+00,1.866477e+00,1.678612e+00,2.039337e+00,2.101329e+00,1.813687e+00,2.011587e+00,1.998434e+00,2.106490e+00,1.847250e+00,1.900176e+00,1.968803e+00,1.386428e-01,1.649760e+00,2.169084e+00
5.994000e+00,1.251160e+00,2.169466e+00,2.031165e+00,2.114709e+00,1.917556e+00,2.056962e+00,2.029627e+00,1.945877e+00,2.128207e+00,1.978859e+00,1.777050e+00,2.099517e+00,1.909718e+00,2.087532e+00,1.649680e+00,1.867354e+00,1.680122e+00,2.040060e+00,2.102081e+00,1.814688e+00,2.012596e+00,1.998990e+00,2.106776e+00,1.848750e+00,1.900059e+00,1.969475e+00,1.384547e-01,1.649680e+00,2.169466e+00
5.995000e+00,1.251580e+00,2.169237e+00,2.033689e+00,2.115830e+00,1.917667e+00,2.056385e+00,2.030963e+00,1.946445e+00,2.128069e+00,1.979530e+00,1.779000e+00,2.098253e+00,1.910875e+00,2.088043e+00,1.652240e+00,1.868232e+00,1.681673e+00,2.040120e+00,2.103468e+00,1.815438e+00,2.013510e+00,1.999444e+00,2.108000e+00,1.849500e+00,1.901235e+00,1.970285e+00,1.380003e-01,1.652240e+00,2.169237e+00
5.996000e+00,1.251840e+00,2.171450e+00,2.033398e+00,2.116637e+00,1.917000e+00,2.055654e+00,2.032298e+00,1.946801e+00,2.128621e+00,1.981879e+00,1.779800e+00,2.099071e+00,1.912032e+00,2.089404e+00,1.653760e+00,1.869109e+00,1.681918e+00,2.041687e+00,2.104277e+00,1.816687e+00,2.014856e+00,2.000404e+00,2.108367e+00,1.848750e+00,1.902588e+00,1.971102e+00,1.380782e-01,1.653760e+00,2.171450e+00
5.997000e+00,1.252150e+00,2.172977e+00,2.034272e+00,2.117623e+00,1.915000e+00,2.055962e+00,2.033851e+00,1.947867e+00,2.128276e+00,1.982886e+00,1.781300e+00,2.098699e+00,1.913187e+00,2.090213e+00,1.654480e+00,1.869986e+00,1.683102e+00,2.043193e+00,2.105954e+00,1.818437e+00,2.015577e+00,2.000556e+00,2.109837e+00,1.849500e+00,1.903647e+00,1.971933e+00,1.380290e-01,1.654480e+00,2.172977e+00
5.998000e+00,1.252260e+00,2.172366e+00,2.034660e+00,2.119058e+00,1.914333e+00,2.057038e+00,2.034596e+00,1.948460e+00,2.129241e+00,1.984698e+00,1.783700e+00,2.099665e+00,1.914342e+00,2.090766e+00,1.655040e+00,1.870863e+00,1.684000e+00,2.043795e+00,2.106416e+00,1.818125e+00,2.017452e+00,2.001818e+00,2.110531e+00,1.850000e+00,1.904941e+00,1.972746e+00,1.379688e-01,1.655040e+00,2.172366e+00
5.999000e+00,1.252600e+00,2.172595e+00,2.036311e+00,2.120807e+00,1.913778e+00,2.057769e+00,2.035963e+00,1.949147e+00,2.130552e+00,1.985973e+00,1.785550e+00,2.099740e+00,1.915495e+00,2.092085e+00,1.655200e+00,1.871740e+00,1.685878e+00,2.043795e+00,2.107977e+00,1.819250e+00,2.018125e+00,2.002727e+00,2.110816e+00,1.849500e+00,1.906353e+00,1.973630e+00,1.379548e-01,1.655200e+00,2.172595e+00
6.000000e+00,1.252800e+00,2.174504e+00,2.036311e+00,2.122063e+00,1.914222e+00,2.058615e+00,2.037112e+00,1.949408e+00,2.130966e+00,1.986242e+00,1.786450e+00,2.101227e+00,1.916653e+00,2.093234e+00,1.655200e+00,1.872617e+00,1.686571e+00,2.044639e+00,2.108844e+00,1.819937e+00,2.019038e+00,2.003889e+00,2.111714e+00,1.849000e+00,1.907529e+00,1.974416e+00,1.381944e-01,1.655200e+00,2.174504e+00
6.001000e+00,1.253120e+00,2.176183e+00,2.037476e+00,2.123453e+00,1.913778e+00,2.060385e+00,2.038385e+00,1.951137e+00,2.131793e+00,1.987852e+00,1.788400e+00,2.102639e+00,1.917810e+00,2.092851e+00,1.656640e+00,1.873494e+00,1.687592e+00,2.046325e+00,2.110462e+00,1.820812e+00,2.020817e+00,2.004697e+00,2.112367e+00,1.851375e+00,1.908824e+00,1.975648e+00,1.381480e-01,1.656640e+00,2.176183e+00
6.002000e+00,1.253250e+00,2.176641e+00,2.037379e+00,2.124529e+00,1.914444e+00,2.062000e+00,2.039193e+00,1.951517e+00,2.132897e+00,1.988456e+00,1.789300e+00,2.103494e+00,1.918966e+00,2.094383e+00,1.657040e+00,1.874370e+00,1.689143e+00,2.046446e+00,2.111503e+00,1.821937e+00,2.021394e+00,2.004242e+00,2.112857e+00,1.852500e+00,1.910294e+00,1.976455e+00,1.380785e-01,1.657040e+00,2.176641e+00
6.003000e+00,1.253390e+00,2.177786e+00,2.040000e+00,2.126143e+00,1.916556e+00,2.063231e+00,2.039907e+00,1.952749e+00,2.133724e+00,1.989732e+00,1.791200e+00,2.103903e+00,1.920122e+00,2.096809e+00,1.658800e+00,1.875247e+00,1.690204e+00,2.048072e+00,2.111850e+00,1.824125e+00,2.021971e+00,2.005303e+00,2.112449e+00,1.852625e+00,1.912235e+00,1.977698e+00,1.378990e-01,1.658800e+00,2.177786e+00
6.004000e+00,1.253780e+00,2.176870e+00,2.039709e+00,2.127444e+00,1.916556e+00,2.064577e+00,2.041087e+00,1.953246e+00,2.134828e+00,1.990604e+00,1.792850e+00,2.106468e+00,1.921277e+00,2.096766e+00,1.659600e+00,1.876123e+00,1.690122e+00,2.048614e+00,2.114104e+00,1.823375e+00,2.023365e+00,2.003283e+00,2.110776e+00,1.853375e+00,1.913412e+00,1.978268e+00,1.379151e-01,1.659600e+00,2.176870e+00
6.005000e+00,1.253880e+00,2.176947e+00,2.042718e+00,2.128565e+00,1.917667e+00,2.066731e+00,2.042329e+00,1.954645e+00,2.136621e+00,1.992013e+00,1.793850e+00,2.107546e+00,1.922432e+00,2.097617e+00,1.661440e+00,1.877000e+00,1.689184e+00,2.049217e+00,2.114624e+00,1.824000e+00,2.023558e+00,2.002273e+00,2.110204e+00,1.853000e+00,1.914353e+00,1.979106e+00,1.380143e-01,1.661440e+00,2.176947e+00
6.006000e+00,1.254220e+00,2.177786e+00,2.041553e+00,2.129552e+00,1.920444e+00,2.067846e+00,2.043820e+00,1.955687e+00,2.137793e+00,1.993154e+00,1.794600e+00,2.108959e+00,1.923585e+00,2.098426e+00,1.660240e+00,1.877876e+00,1.689837e+00,2.047651e+00,2.114509e+00,1.824437e+00,2.025048e+00,2.001364e+00,2.110571e+00,1.851250e+00,1.915118e+00,1.979629e+00,1.382240e-01,1.660240e+00,2.177786e+00
6.007000e+00,1.254510e+00,2.177328e+00,2.044951e+00,2.130807e+00,1.920778e+00,2.069038e+00,2.044720e+00,1.956303e+00,2.139241e+00,1.994094e+00,1.796200e+00,2.109926e+00,1.924738e+00,2.099277e+00,1.661680e+00,1.878752e+00,1.690980e+00,2.046627e+00,2.115780e+00,1.826125e+00,2.024375e+00,2.001111e+00,2.111102e+00,1.847875e+00,1.916824e+00,1.980360e+00,1.381873e-01,1.661680e+00,2.177328e+00
6.008000e+00,1.254740e+00,2.179008e+00,2.043592e+00,2.131480e+00,1.922222e+00,2.070423e+00,2.045373e+00,1.956398e+00,2.140966e+00,1.994631e+00,1.797500e+00,2.111264e+00,1.925891e+00,2.100085e+00,1.661680e+00,1.879629e+00,1.691551e+00,2.046928e+00,2.115549e+00,1.824750e+00,2.025625e+00,2.002828e+00,2.111959e+00,1.848000e+00,1.918000e+00,1.981055e+00,1.384085e-01,1.661680e+00,2.179008e+00
6.009000e+00,1.254940e+00,2.179466e+00,2.044175e+00,2.132018e+00,1.922667e+00,2.071577e+00,2.046335e+00,1.957109e+00,2.141931e+00,1.993557e+00,1.798400e+00,2.112602e+00,1.927042e+00,2.102043e+00,1.661280e+00,1.880505e+00,1.692939e+00,2.045723e+00,2.116936e+00,1.826437e+00,2.025769e+00,2.003535e+00,2.113061e+00,1.847625e+00,1.919647e+00,1.981766e+00,1.384831e-01,1.661280e+00,2.179466e+00
6.010000e+00,1.255260e+00,2.180534e+00,2.045340e+00,2.132287e+00,1.924444e+00,2.073077e+00,2.047174e+00,1.957370e+00,2.143241e+00,1.992886e+00,1.799700e+00,2.114387e+00,1.928192e+00,2.102766e+00,1.662560e+00,1.881381e+00,1.694041e+00,2.045422e+00,2.118324e+00,1.826750e+00,2.026683e+00,2.004091e+00,2.114286e+00,1.847625e+00,1.920353e+00,1.982621e+00,1.385129e-01,1.662560e+00,2.180534e+00
6.011000e+00,1.255460e+00,2.181374e+00,2.046990e+00,2.132646e+00,1.925333e+00,2.073846e+00,2.047453e+00,1.958389e+00,2.143724e+00,1.993691e+00,1.801000e+00,2.115093e+00,1.929342e+00,2.103915e+00,1.663120e+00,1.882256e+00,1.695551e+00,2.046145e+00,2.118844e+00,1.827688e+00,2.027692e+00,2.004646e+00,2.114980e+00,1.847750e+00,1.921235e+00,1.983446e+00,1.384208e-01,1.663120e+00,2.181374e+00
6.012000e+00,1.255720e+00,2.181908e+00,2.047087e+00,2.134395e+00,1.924444e+00,2.074577e+00,2.049006e+00,1.957393e+00,2.145103e+00,1.994832e+00,1.802400e+00,2.115762e+00,1.930491e+00,2.105277e+00,1.665360e+00,1.883132e+00,1.695633e+00,2.045663e+00,2.121098e+00,1.828313e+00,2.028413e+00,2.006515e+00,2.115551e+00,1.848500e+00,1.921941e+00,1.984283e+00,1.384628e-01,1.665360e+00,2.181908e+00
6.013000e+00,1.256000e+00,2.182672e+00,2.048447e+00,2.134843e+00,1.926556e+00,2.076038e+00,2.049938e+00,1.956066e+00,2.146069e+00,1.996107e+00,1.803750e+00,2.116952e+00,1.931638e+00,2.106383e+00,1.666320e+00,1.884008e+00,1.696571e+00,2.045723e+00,2.121734e+00,1.828812e+00,2.028750e+00,2.007677e+00,2.116612e+00,1.849125e+00,1.923706e+00,1.985187e+00,1.384309e-01,1.666320e+00,2.182672e+00
6.014000e+00,1.256160e+00,2.182443e+00,2.048932e+00,2.134709e+00,1.927667e+00,2.077154e+00,2.050373e+00,1.954597e+00,2.146966e+00,1.996980e+00,1.805400e+00,2.117918e+00,1.932785e+00,2.107064e+00,1.665840e+00,1.884883e+00,1.697224e+00,2.047530e+00,2.122775e+00,1.829625e+00,2.029663e+00,2.008889e+00,2.117388e+00,1.849875e+00,1.924824e+00,1.985896e+00,1.384548e-01,1.665840e+00,2.182443e+00
6.015000e+00,1.256340e+00,2.184504e+00,2.049806e+00,2.135291e+00,1.927333e+00,2.078500e+00,2.051273e+00,1.954313e+00,2.148000e+00,1.998523e+00,1.806200e+00,2.118922e+00,1.933931e+00,2.107787e+00,1.666560e+00,1.885759e+00,1.698816e+00,2.048072e+00,2.123757e+00,1.830688e+00,2.030192e+00,2.009747e+00,2.118980e+00,1.852875e+00,1.925294e+00,1.986880e+00,1.384546e-01,1.666560e+00,2.184504e+00
6.016000e+00,1.256830e+00,2.185344e+00,2.051068e+00,2.135874e+00,1.929333e+00,2.079538e+00,2.051770e+00,1.954810e+00,2.149034e+00,1.999732e+00,1.808700e+00,2.119851e+00,1.935075e+00,2.109319e+00,1.667920e+00,1.886634e+00,1.699878e+00,2.050783e+00,2.123642e+00,1.831250e+00,2.031202e+00,2.010859e+00,2.119347e+00,1.853125e+00,1.926059e+00,1.987923e+00,1.383265e-01,1.667920e+00,2.185344e+00
6.017000e+00,1.257060e+00,2.186107e+00,2.050971e+00,2.136816e+00,1.930111e+00,2.081385e+00,2.052950e+00,1.955095e+00,2.150759e+00,2.000470e+00,1.809300e+00,2.121450e+00,1.936219e+00,2.109915e+00,1.669200e+00,1.887509e+00,1.701673e+00,2.052771e+00,2.123642e+00,1.832437e+00,2.030769e+00,2.012020e+00,2.120898e+00,1.854250e+00,1.926765e+00,1.988895e+00,1.382721e-01,1.669200e+00,2.186107e+00
6.018000e+00,1.257240e+00,2.187786e+00,2.053010e+00,2.135157e+00,1.931889e+00,2.082654e+00,2.053913e+00,1.956209e+00,2.152207e+00,2.001275e+00,1.811000e+00,2.122379e+00,1.937362e+00,2.108723e+00,1.669760e+00,1.888384e+00,1.702286e+00,2.054940e+00,2.121329e+00,1.833375e+00,2.029087e+00,2.013182e+00,2.121673e+00,1.854875e+00,1.928824e+00,1.989637e+00,1.380329e-01,1.669760e+00,2.187786e+00
6.019000e+00,1.257400e+00,2.188015e+00,2.053786e+00,2.134933e+00,1.932222e+00,2.083731e+00,2.055124e+00,1.956564e+00,2.153448e+00,2.002282e+00,1.812200e+00,2.123346e+00,1.938503e+00,2.107957e+00,1.670720e+00,1.889259e+00,1.703673e+00,2.056205e+00,2.120405e+00,1.832625e+00,2.028462e+00,2.013384e+00,2.122531e+00,1.855250e+00,1.930529e+00,1.990215e+00,1.378561e-01,1.670720e+00,2.188015e+00
6.020000e+00,1.257740e+00,2.189313e+00,2.053204e+00,2.135516e+00,1.932778e+00,2.084923e+00,2.056211e+00,1.957630e+00,2.154000e+00,2.003423e+00,1.813450e+00,2.123792e+00,1.939643e+00,2.108298e+00,1.671680e+00,1.890134e+00,1.704490e+00,2.056687e+00,2.119884e+00,1.832750e+00,2.028462e+00,2.014798e+00,2.123592e+00,1.855250e+00,1.930412e+00,1.990847e+00,1.378075e-01,1.671680e+00,2.189313e+00
6.021000e+00,1.258040e+00,2.190153e+00,2.052524e+00,2.135695e+00,1.934667e+00,2.086038e+00,2.057360e+00,1.958152e+00,2.154345e+00,2.004698e+00,1.814800e+00,2.124944e+00,1.940782e+00,2.109106e+00,1.672800e+00,1.891009e+00,1.705755e+00,2.057530e+00,2.119711e+00,1.833250e+00,2.028221e+00,2.015707e+00,2.123633e+00,1.856625e+00,1.931059e+00,1.991607e+00,1.375560e-01,1.672800e+00,2.190153e+00
6.022000e+00,1.258280e+00,2.190992e+00,2.053301e+00,2.136278e+00,1.935667e+00,2.087269e+00,2.059161e+00,1.959123e+00,2.156000e+00,2.005839e+00,1.815050e+00,2.126766e+00,1.941920e+00,2.109106e+00,1.673680e+00,1.891883e+00,1.707184e+00,2.058675e+00,2.119769e+00,1.833500e+00,2.029279e+00,2.017374e+00,2.124653e+00,1.857500e+00,1.932765e+00,1.992614e+00,1.375954e-01,1.673680e+00,2.190992e+00
6.023000e+00,1.258500e+00,2.192977e+00,2.053689e+00,2.137489e+00,1.936111e+00,2.088808e+00,2.060186e+00,1.960427e+00,2.156276e+00,2.008255e+00,1.816950e+00,2.127546e+00,1.943057e+00,2.109915e+00,1.675120e+00,1.892758e+00,1.707837e+00,2.060120e+00,2.120289e+00,1.835062e+00,2.029904e+00,2.018586e+00,2.125551e+00,1.860125e+00,1.933588e+00,1.993776e+00,1.374646e-01,1.675120e+00,2.192977e+00
6.024000e+00,1.258750e+00,2.193664e+00,2.054757e+00,2.139193e+00,1.939222e+00,2.090692e+00,2.061553e+00,1.961232e+00,2.158069e+00,2.008859e+00,1.818500e+00,2.129257e+00,1.944193e+00,2.111489e+00,1.675840e+00,1.893632e+00,1.709143e+00,2.061205e+00,2.121734e+00,1.835313e+00,2.030577e+00,2.019697e+00,2.126571e+00,1.862000e+00,1.934235e+00,1.995026e+00,1.375598e-01,1.675840e+00,2.193664e+00
6.025000e+00,1.258950e+00,2.195191e+00,2.054272e+00,2.140673e+00,1.938667e+00,2.091577e+00,2.062298e+00,1.962062e+00,2.158966e+00,2.010604e+00,1.819750e+00,2.130706e+00,1.945328e+00,2.112170e+00,1.676960e+00,1.894506e+00,1.709755e+00,2.061928e+00,2.123526e+00,1.834687e+00,2.032163e+00,2.021414e+00,2.126735e+00,1.863750e+00,1.935471e+00,1.995965e+00,1.376696e-01,1.676960e+00,2.195191e+00
6.026000e+00,1.259330e+00,2.195115e+00,2.055049e+00,2.142511e+00,1.941333e+00,2.092385e+00,2.063137e+00,1.963246e+00,2.159724e+00,2.010805e+00,1.820550e+00,2.132045e+00,1.946461e+00,2.112468e+00,1.679040e+00,1.895380e+00,1.711429e+00,2.064337e+00,2.124277e+00,1.836062e+00,2.032308e+00,2.022121e+00,2.128653e+00,1.863875e+00,1.936059e+00,1.997015e+00,1.374907e-01,1.679040e+00,2.195115e+00
6.027000e+00,1.259620e+00,2.198092e+00,2.057476e+00,2.143632e+00,1.942556e+00,2.093269e+00,2.063789e+00,1.963152e+00,2.160966e+00,2.012282e+00,1.819500e+00,2.133309e+00,1.947584e+00,2.113872e+00,1.679680e+00,1.896254e+00,1.712245e+00,2.065904e+00,2.125838e+00,1.837125e+00,2.033510e+00,2.023384e+00,2.128857e+00,1.865250e+00,1.936588e+00,1.998088e+00,1.378358e-01,1.679680e+00,2.198092e+00
6.028000e+00,1.259860e+00,2.199771e+00,2.057476e+00,2.144395e+00,1.941444e+00,2.094000e+00,2.064317e+00,1.964194e+00,2.161103e+00,2.012819e+00,1.820100e+00,2.133792e+00,1.948705e+00,2.115362e+00,1.681280e+00,1.897127e+00,1.713755e+00,2.066386e+00,2.126936e+00,1.836875e+00,2.035192e+00,2.023990e+00,2.130082e+00,1.867125e+00,1.938176e+00,1.998933e+00,1.377625e-01,1.681280e+00,2.199771e+00
6.029000e+00,1.260020e+00,2.199924e+00,2.058544e+00,2.145605e+00,1.942667e+00,2.095269e+00,2.064565e+00,1.964692e+00,2.162138e+00,2.014228e+00,1.821350e+00,2.135465e+00,1.949826e+00,2.116043e+00,1.682640e+00,1.898001e+00,1.715184e+00,2.067289e+00,2.128613e+00,1.837375e+00,2.036154e+00,2.025657e+00,2.130286e+00,1.867500e+00,1.939294e+00,1.999929e+00,1.376977e-01,1.682640e+00,2.199924e+00
6.030000e+00,1.260260e+00,2.201985e+00,2.060680e+00,2.146368e+00,1.944556e+00,2.097192e+00,2.063758e+00,1.966280e+00,2.162759e+00,2.015436e+00,1.821800e+00,2.136059e+00,1.950945e+00,2.116979e+00,1.683680e+00,1.898874e+00,1.716735e+00,2.068916e+00,2.129595e+00,1.838125e+00,2.037788e+00,2.026212e+00,2.131510e+00,1.869625e+00,1.940882e+00,2.001114e+00,1.376676e-01,1.683680e+00,2.201985e+00
6.031000e+00,1.260570e+00,2.201756e+00,2.059612e+00,2.147578e+00,1.946889e+00,2.097962e+00,2.062826e+00,1.966872e+00,2.163448e+00,2.016711e+00,1.822300e+00,2.136803e+00,1.952063e+00,2.118723e+00,1.685360e+00,1.899748e+00,1.718041e+00,2.069639e+00,2.130347e+00,1.837938e+00,2.039135e+00,2.027879e+00,2.132245e+00,1.868250e+00,1.941353e+00,2.001811e+00,1.375910e-01,1.685360e+00,2.201756e+00
6.032000e+00,1.260730e+00,2.203359e+00,2.061942e+00,2.148430e+00,1.947556e+00,2.097654e+00,2.063043e+00,1.967038e+00,2.162621e+00,2.018054e+00,1.824400e+00,2.136245e+00,1.953179e+00,2.119149e+00,1.687040e+00,1.900621e+00,1.718571e+00,2.070663e+00,2.131965e+00,1.839187e+00,2.040577e+00,2.028838e+00,2.132653e+00,1.870000e+00,1.942000e+00,2.002699e+00,1.373232e-01,1.687040e+00,2.203359e+00
6.033000e+00,1.261120e+00,2.203359e+00,2.061845e+00,2.149686e+00,1.947556e+00,2.097577e+00,2.062950e+00,1.967678e+00,2.162483e+00,2.020336e+00,1.825000e+00,2.136134e+00,1.954295e+00,2.120383e+00,1.687520e+00,1.901493e+00,1.719265e+00,2.072289e+00,2.133468e+00,1.840000e+00,2.041587e+00,2.029747e+00,2.133347e+00,1.870500e+00,1.942294e+00,2.003366e+00,1.373014e-01,1.687520e+00,2.203359e+00
6.034000e+00,1.261310e+00,2.204351e+00,2.063786e+00,2.150673e+00,1.949333e+00,2.097038e+00,2.063602e+00,1.968294e+00,2.163103e+00,2.021007e+00,1.825400e+00,2.136283e+00,1.955409e+00,2.122468e+00,1.688800e+00,1.902366e+00,1.720408e+00,2.072349e+00,2.133353e+00,1.840000e+00,2.042788e+00,2.030808e+00,2.134082e+00,1.870000e+00,1.942000e+00,2.004071e+00,1.373020e-01,1.688800e+00,2.204351e+00
6.035000e+00,1.261620e+00,2.204427e+00,2.064078e+00,2.151211e+00,1.949889e+00,2.097423e+00,2.063354e+00,1.969028e+00,2.163172e+00,2.021879e+00,1.826700e+00,2.136580e+00,1.956522e+00,2.123362e+00,1.689120e+00,1.903239e+00,1.721469e+00,2.071687e+00,2.134682e+00,1.837625e+00,2.043846e+00,2.031970e+00,2.135388e+00,1.870625e+00,1.944294e+00,2.004649e+00,1.373052e-01,1.689120e+00,2.204427e+00
6.036000e+00,1.261990e+00,2.204351e+00,2.064854e+00,2.152422e+00,1.950889e+00,2.098154e+00,2.064410e+00,1.969289e+00,2.164207e+00,2.021946e+00,1.827700e+00,2.137509e+00,1.957644e+00,2.123660e+00,1.690240e+00,1.904111e+00,1.723673e+00,2.072651e+00,2.135549e+00,1.836375e+00,2.045240e+00,2.032172e+00,2.134735e+00,1.873125e+00,1.945235e+00,2.005423e+00,1.370851e-01,1.690240e+00,2.204351e+00
6.037000e+00,1.262150e+00,2.207557e+00,2.064563e+00,2.153184e+00,1.952444e+00,2.099308e+00,2.065497e+00,1.970474e+00,2.165034e+00,2.023490e+00,1.829800e+00,2.138067e+00,1.958765e+00,2.125021e+00,1.691040e+00,1.904983e+00,1.723592e+00,2.074398e+00,2.136532e+00,1.836437e+00,2.046106e+00,2.032929e+00,2.133837e+00,1.873875e+00,1.945000e+00,2.006331e+00,1.372431e-01,1.691040e+00,2.207557e+00
6.038000e+00,1.262490e+00,2.206870e+00,2.066019e+00,2.154170e+00,1.953222e+00,2.099654e+00,2.066304e+00,1.971209e+00,2.166897e+00,2.024497e+00,1.830950e+00,2.139219e+00,1.959884e+00,2.126426e+00,1.692800e+00,1.905855e+00,1.724898e+00,2.076145e+00,2.136936e+00,1.836375e+00,2.047067e+00,2.033333e+00,2.132531e+00,1.873500e+00,1.946647e+00,2.007142e+00,1.370870e-01,1.692800e+00,2.206870e+00
6.039000e+00,1.262580e+00,2.208092e+00,2.066214e+00,2.155291e+00,1.953556e+00,2.100462e+00,2.067329e+00,1.971848e+00,2.166828e+00,2.025436e+00,1.833350e+00,2.140037e+00,1.961003e+00,2.125830e+00,1.694080e+00,1.906727e+00,1.725633e+00,2.077530e+00,2.137341e+00,1.836437e+00,2.047260e+00,2.034697e+00,2.132571e+00,1.873750e+00,1.947706e+00,2.007875e+00,1.369277e-01,1.694080e+00,2.208092e+00
6.040000e+00,1.262890e+00,2.210076e+00,2.068447e+00,2.157175e+00,1.955444e+00,2.101731e+00,2.069006e+00,1.971801e+00,2.167103e+00,2.027047e+00,1.834050e+00,2.142119e+00,1.962121e+00,2.126851e+00,1.694720e+00,1.907598e+00,1.726980e+00,2.078072e+00,2.138671e+00,1.836250e+00,2.048125e+00,2.034848e+00,2.132327e+00,1.877125e+00,1.948294e+00,2.008999e+00,1.370238e-01,1.694720e+00,2.210076e+00
6.041000e+00,1.263060e+00,2.211069e+00,2.069709e+00,2.158565e+00,1.954556e+00,2.103962e+00,2.070186e+00,1.972393e+00,2.168138e+00,2.028456e+00,1.835150e+00,2.142937e+00,1.963237e+00,2.128468e+00,1.694960e+00,1.908470e+00,1.728041e+00,2.077289e+00,2.139711e+00,1.837125e+00,2.049038e+00,2.036010e+00,2.132735e+00,1.874625e+00,1.949882e+00,2.009780e+00,1.372833e-01,1.694960e+00,2.211069e+00
6.042000e+00,1.263430e+00,2.212214e+00,2.068835e+00,2.160493e+00,1.956889e+00,2.105385e+00,2.071801e+00,1.973128e+00,2.170759e+00,2.028926e+00,1.836900e+00,2.144238e+00,1.964352e+00,2.129745e+00,1.697440e+00,1.909341e+00,1.729551e+00,2.077530e+00,2.140520e+00,1.837437e+00,2.050288e+00,2.036465e+00,2.134041e+00,1.874875e+00,1.950941e+00,2.010921e+00,1.372335e-01,1.697440e+00,2.212214e+00
6.043000e+00,1.263760e+00,2.212901e+00,2.070194e+00,2.161345e+00,1.958778e+00,2.106346e+00,2.072764e+00,1.973744e+00,2.171379e+00,2.028322e+00,1.838250e+00,2.145762e+00,1.965467e+00,2.130213e+00,1.698080e+00,1.910212e+00,1.731347e+00,2.078133e+00,2.141329e+00,1.838750e+00,2.050865e+00,2.037121e+00,2.134367e+00,1.878500e+00,1.951471e+00,2.011902e+00,1.369640e-01,1.698080e+00,2.212901e+00
6.044000e+00,1.263920e+00,2.215038e+00,2.071359e+00,2.162422e+00,1.958111e+00,2.107692e+00,2.074099e+00,1.974929e+00,2.173172e+00,2.028054e+00,1.839950e+00,2.147063e+00,1.966580e+00,2.131404e+00,1.700640e+00,1.911082e+00,1.731714e+00,2.079096e+00,2.142832e+00,1.839625e+00,2.051010e+00,2.039040e+00,2.135429e+00,1.879375e+00,1.952471e+00,2.013008e+00,1.370344e-01,1.700640e+00,2.215038e+00
6.045000e+00,1.264020e+00,2.215420e+00,2.071748e+00,2.164126e+00,1.959000e+00,2.108731e+00,2.075652e+00,1.975687e+00,2.174966e+00,2.028389e+00,1.840600e+00,2.148959e+00,1.967692e+00,2.132979e+00,1.702160e+00,1.911953e+00,1.731714e+00,2.080241e+00,2.143815e+00,1.839875e+00,2.052548e+00,2.040253e+00,2.136571e+00,1.881375e+00,1.952706e+00,2.014048e+00,1.372128e-01,1.702160e+00,2.215420e+00
6.046000e+00,1.264280e+00,2.214656e+00,2.071845e+00,2.165561e+00,1.959778e+00,2.110038e+00,2.076118e+00,1.977062e+00,2.175655e+00,2.028255e+00,1.842250e+00,2.150260e+00,1.968803e+00,2.133277e+00,1.703200e+00,1.912823e+00,1.731796e+00,2.081084e+00,2.144277e+00,1.840375e+00,2.052596e+00,2.040808e+00,2.137020e+00,1.880750e+00,1.953706e+00,2.014666e+00,1.371510e-01,1.703200e+00,2.214656e+00
6.047000e+00,1.264540e+00,2.213893e+00,2.072427e+00,2.166726e+00,1.961333e+00,2.112115e+00,2.076957e+00,1.977417e+00,2.177448e+00,2.030000e+00,1.842950e+00,2.151487e+00,1.969913e+00,2.133404e+00,1.704400e+00,1.913693e+00,1.732163e+00,2.082169e+00,2.145549e+00,1.841750e+00,2.054087e+00,2.041465e+00,2.137959e+00,1.883625e+00,1.954353e+00,2.015720e+00,1.370692e-01,1.704400e+00,2.213893e+00
6.048000e+00,1.264750e+00,2.213435e+00,2.074466e+00,2.167623e+00,1.961333e+00,2.114038e+00,2.078478e+00,1.977299e+00,2.178414e+00,2.030403e+00,1.843600e+00,2.152528e+00,1.971022e+00,2.135830e+00,1.706160e+00,1.914563e+00,1.733020e+00,2.082410e+00,2.146416e+00,1.841813e+00,2.054808e+00,2.042525e+00,2.139306e+00,1.882500e+00,1.952529e+00,2.016438e+00,1.372508e-01,1.706160e+00,2.213435e+00
6.049000e+00,1.265050e+00,2.215344e+00,2.074660e+00,2.167937e+00,1.962333e+00,2.115731e+00,2.079969e+00,1.976517e+00,2.178690e+00,2.032081e+00,1.845200e+00,2.154535e+00,1.972130e+00,2.136128e+00,1.707040e+00,1.915433e+00,1.733837e+00,2.083373e+00,2.147341e+00,1.842750e+00,2.056250e+00,2.044293e+00,2.140408e+00,1.883375e+00,1.950882e+00,2.017343e+00,1.373656e-01,1.707040e+00,2.215344e+00
6.050000e+00,1.265310e+00,2.214427e+00,2.073689e+00,2.169148e+00,1.963778e+00,2.116269e+00,2.081149e+00,1.975948e+00,2.180138e+00,2.033624e+00,1.846350e+00,2.155204e+00,1.973227e+00,2.136851e+00,1.708480e+00,1.916302e+00,1.734531e+00,2.085120e+00,2.149364e+00,1.843187e+00,2.056731e+00,2.045202e+00,2.142000e+00,1.882750e+00,1.949941e+00,2.018059e+00,1.374162e-01,1.708480e+00,2.214427e+00
6.051000e+00,1.265540e+00,2.215191e+00,2.074854e+00,2.170404e+00,1.963556e+00,2.116692e+00,2.082112e+00,1.975711e+00,2.181586e+00,2.035436e+00,1.847450e+00,2.156245e+00,1.974332e+00,2.138553e+00,1.709440e+00,1.917172e+00,1.735592e+00,2.085241e+00,2.149769e+00,1.844125e+00,2.058077e+00,2.045000e+00,2.142857e+00,1.883375e+00,1.950588e+00,2.018890e+00,1.374577e-01,1.709440e+00,2.215191e+00
6.052000e+00,1.265810e+00,2.216870e+00,2.074078e+00,2.171076e+00,1.965222e+00,2.117731e+00,2.082360e+00,1.976043e+00,2.182207e+00,2.035772e+00,1.848200e+00,2.157286e+00,1.975426e+00,2.139277e+00,1.709760e+00,1.918041e+00,1.736327e+00,2.084096e+00,2.149075e+00,1.844562e+00,2.059231e+00,2.043838e+00,2.143755e+00,1.885375e+00,1.952059e+00,2.019486e+00,1.373611e-01,1.709760e+00,2.216870e+00
6.053000e+00,1.266150e+00,2.216718e+00,2.074078e+00,2.172197e+00,1.964444e+00,2.119962e+00,2.084193e+00,1.976564e+00,2.183793e+00,2.036376e+00,1.849650e+00,2.158625e+00,1.976530e+00,2.140170e+00,1.712000e+00,1.918910e+00,1.737469e+00,2.084518e+00,2.150751e+00,1.845875e+00,2.059615e+00,2.042374e+00,2.145102e+00,1.886375e+00,1.952000e+00,2.020345e+00,1.372675e-01,1.712000e+00,2.216718e+00
6.054000e+00,1.266360e+00,2.218092e+00,2.073495e+00,2.172556e+00,1.964556e+00,2.120615e+00,2.084658e+00,1.976801e+00,2.185379e+00,2.037517e+00,1.850850e+00,2.159294e+00,1.977632e+00,2.141064e+00,1.711440e+00,1.919779e+00,1.738571e+00,2.085783e+00,2.150694e+00,1.846562e+00,2.060144e+00,2.041818e+00,2.146286e+00,1.886125e+00,1.952176e+00,2.020912e+00,1.374205e-01,1.711440e+00,2.218092e+00
6.055000e+00,1.266610e+00,2.218779e+00,2.074563e+00,2.172377e+00,1.967444e+00,2.120846e+00,2.086180e+00,1.977488e+00,2.185862e+00,2.038121e+00,1.852300e+00,2.160409e+00,1.978734e+00,2.142085e+00,1.713440e+00,1.920648e+00,1.740122e+00,2.087108e+00,2.149133e+00,1.847000e+00,2.058317e+00,2.041010e+00,2.147102e+00,1.886750e+00,1.953824e+00,2.021652e+00,1.370121e-01,1.713440e+00,2.218779e+00
6.056000e+00,1.266880e+00,2.219237e+00,2.073301e+00,2.173632e+00,1.967444e+00,2.122154e+00,2.086491e+00,1.977299e+00,2.187172e+00,2.039463e+00,1.852650e+00,2.161450e+00,1.979834e+00,2.143106e+00,1.715120e+00,1.921516e+00,1.740694e+00,2.088855e+00,2.148208e+00,1.847875e+00,2.057163e+00,2.042222e+00,2.148694e+00,1.889250e+00,1.954412e+00,2.022385e+00,1.369086e-01,1.715120e+00,2.219237e+00
6.057000e+00,1.267070e+00,2.221679e+00,2.075728e+00,2.175426e+00,1.968556e+00,2.123462e+00,2.087484e+00,1.978294e+00,2.188552e+00,2.041544e+00,1.854450e+00,2.163123e+00,1.980934e+00,2.144213e+00,1.715120e+00,1.922385e+00,1.741510e+00,2.090060e+00,2.148382e+00,1.848625e+00,2.056875e+00,2.043333e+00,2.148857e+00,1.886750e+00,1.955294e+00,2.023360e+00,1.372768e-01,1.715120e+00,2.221679e+00
6.058000e+00,1.267430e+00,2.221985e+00,2.075243e+00,2.175605e+00,1.970222e+00,2.123808e+00,2.088696e+00,1.978507e+00,2.188483e+00,2.042550e+00,1.855350e+00,2.163680e+00,1.982032e+00,2.144723e+00,1.716720e+00,1.923253e+00,1.742776e+00,2.091024e+00,2.148382e+00,1.849563e+00,2.057740e+00,2.044192e+00,2.149714e+00,1.888375e+00,1.956588e+00,2.024134e+00,1.369218e-01,1.716720e+00,2.221985e+00
6.059000e+00,1.267660e+00,2.223282e+00,2.076699e+00,2.176682e+00,1.967556e+00,2.125308e+00,2.089441e+00,1.979668e+00,2.189310e+00,2.044362e+00,1.856700e+00,2.165502e+00,1.983129e+00,2.145830e+00,1.718320e+00,1.924121e+00,1.743510e+00,2.092470e+00,2.149075e+00,1.850875e+00,2.058413e+00,2.045000e+00,2.150245e+00,1.887750e+00,1.958176e+00,2.025059e+00,1.370210e-01,1.718320e+00,2.223282e+00
6.060000e+00,1.267800e+00,2.222901e+00,2.077184e+00,2.177309e+00,1.966111e+00,2.126077e+00,2.090000e+00,1.980687e+00,2.189931e+00,2.045101e+00,1.858150e+00,2.166134e+00,1.984226e+00,2.145787e+00,1.718400e+00,1.924989e+00,1.745306e+00,2.093193e+00,2.150289e+00,1.851000e+00,2.058606e+00,2.046414e+00,2.150408e+00,1.889250e+00,1.960000e+00,2.025727e+00,1.368376e-01,1.718400e+00,2.222901e+00
6.061000e+00,1.268160e+00,2.224656e+00,2.078155e+00,2.178744e+00,1.965333e+00,2.128154e+00,2.090932e+00,1.982062e+00,2.190552e+00,2.045973e+00,1.859150e+00,2.167509e+00,1.985321e+00,2.145319e+00,1.721760e+00,1.925858e+00,1.745796e+00,2.093434e+00,2.151214e+00,1.852812e+00,2.059423e+00,2.047172e+00,2.151510e+00,1.890125e+00,1.961412e+00,2.026766e+00,1.366675e-01,1.721760e+00,2.224656e+00
6.062000e+00,1.268500e+00,2.227252e+00,2.078544e+00,2.179417e+00,1.965667e+00,2.128885e+00,2.091894e+00,1.982986e+00,2.192138e+00,2.047517e+00,1.859550e+00,2.168848e+00,1.986415e+00,2.146894e+00,1.721840e+00,1.926726e+00,1.747633e+00,2.093193e+00,2.151445e+00,1.852938e+00,2.060721e+00,2.048384e+00,2.151959e+00,1.892000e+00,1.962412e+00,2.027719e+00,1.367991e-01,1.721840e+00,2.227252e+00
6.063000e+00,1.268750e+00,2.227176e+00,2.079223e+00,2.180314e+00,1.967889e+00,2.130192e+00,2.092578e+00,1.984076e+00,2.194276e+00,2.048054e+00,1.860950e+00,2.169888e+00,1.987508e+00,2.148383e+00,1.723360e+00,1.927594e+00,1.749020e+00,2.093253e+00,2.152023e+00,1.853625e+00,2.062212e+00,2.048434e+00,2.152735e+00,1.893750e+00,1.963118e+00,2.028735e+00,1.366259e-01,1.723360e+00,2.227176e+00
6.064000e+00,1.268960e+00,2.229008e+00,2.079515e+00,2.181794e+00,1.966444e+00,2.131769e+00,2.094472e+00,1.984668e+00,2.195379e+00,2.048054e+00,1.862250e+00,2.171264e+00,1.988600e+00,2.149277e+00,1.724080e+00,1.928462e+00,1.749633e+00,2.093614e+00,2.153526e+00,1.854000e+00,2.063702e+00,2.050556e+00,2.152735e+00,1.894125e+00,1.964706e+00,2.029651e+00,1.368616e-01,1.724080e+00,2.229008e+00
6.065000e+00,1.269130e+00,2.230153e+00,2.080000e+00,2.183318e+00,1.967333e+00,2.133423e+00,2.095963e+00,1.985782e+00,2.196621e+00,2.049933e+00,1.863550e+00,2.172416e+00,1.989691e+00,2.149447e+00,1.725120e+00,1.929331e+00,1.751265e+00,2.094096e+00,2.153931e+00,1.853187e+00,2.064519e+00,2.051263e+00,2.153633e+00,1.893625e+00,1.965882e+00,2.030562e+00,1.369575e-01,1.725120e+00,2.230153e+00
6.066000e+00,1.269470e+00,2.231221e+00,2.081068e+00,2.184574e+00,1.970111e+00,2.135038e+00,2.097329e+00,1.986777e+00,2.198000e+00,2.051678e+00,1.864000e+00,2.173346e+00,1.990781e+00,2.150851e+00,1.726160e+00,1.930199e+00,1.751633e+00,2.095843e+00,2.155318e+00,1.854250e+00,2.065962e+00,2.053030e+00,2.154939e+00,1.895500e+00,1.966471e+00,2.031837e+00,1.371020e-01,1.726160e+00,2.231221e+00
6.067000e+00,1.269610e+00,2.231298e+00,2.081650e+00,2.186278e+00,1.970778e+00,2.136154e+00,2.098478e+00,1.988649e+00,2.198207e+00,2.053087e+00,1.865500e+00,2.175316e+00,1.991870e+00,2.150511e+00,1.727680e+00,1.931068e+00,1.752939e+00,2.097410e+00,2.156416e+00,1.853750e+00,2.066779e+00,2.053535e+00,2.155102e+00,1.897250e+00,1.968294e+00,2.032833e+00,1.369456e-01,1.727680e+00,2.231298e+00
6.068000e+00,1.270100e+00,2.232748e+00,2.082621e+00,2.187354e+00,1.969444e+00,2.136962e+00,2.099068e+00,1.989242e+00,2.198207e+00,2.054698e+00,1.866550e+00,2.176245e+00,1.992957e+00,2.152213e+00,1.729440e+00,1.931937e+00,1.753265e+00,2.097108e+00,2.157572e+00,1.854812e+00,2.067644e+00,2.055556e+00,2.155918e+00,1.896625e+00,1.969529e+00,2.033655e+00,1.370136e-01,1.729440e+00,2.232748e+00
6.069000e+00,1.270210e+00,2.234580e+00,2.082233e+00,2.187803e+00,1.972333e+00,2.138615e+00,2.099720e+00,1.990355e+00,2.199172e+00,2.055570e+00,1.867450e+00,2.178030e+00,1.994044e+00,2.153404e+00,1.730160e+00,1.932806e+00,1.754980e+00,2.098614e+00,2.158497e+00,1.855187e+00,2.068413e+00,2.056717e+00,2.156286e+00,1.897125e+00,1.971000e+00,2.034712e+00,1.370334e-01,1.730160e+00,2.234580e+00
6.070000e+00,1.270460e+00,2.235115e+00,2.083495e+00,2.187848e+00,1.972111e+00,2.138038e+00,2.100373e+00,1.990545e+00,2.198276e+00,2.056980e+00,1.867550e+00,2.178141e+00,1.995130e+00,2.153362e+00,1.731280e+00,1.933675e+00,1.756449e+00,2.099337e+00,2.158671e+00,1.856062e+00,2.070192e+00,2.058889e+00,2.156653e+00,1.896500e+00,1.970941e+00,2.035234e+00,1.368242e-01,1.731280e+00,2.235115e+00
6.071000e+00,1.270810e+00,2.235649e+00,2.083398e+00,2.187130e+00,1.973778e+00,2.138000e+00,2.100963e+00,1.991232e+00,2.198276e+00,2.056846e+00,1.867600e+00,2.177138e+00,1.996214e+00,2.152128e+00,1.734080e+00,1.934545e+00,1.757184e+00,2.099759e+00,2.160289e+00,1.856625e+00,2.071298e+00,2.059545e+00,2.155878e+00,1.897125e+00,1.972765e+00,2.035727e+00,1.363041e-01,1.734080e+00,2.235649e+00
6.072000e+00,1.271030e+00,2.236489e+00,2.085243e+00,2.185605e+00,1.973111e+00,2.137846e+00,2.100807e+00,1.991967e+00,2.198069e+00,2.057047e+00,1.867050e+00,2.177918e+00,1.997298e+00,2.152043e+00,1.733840e+00,1.935414e+00,1.759184e+00,2.099036e+00,2.161040e+00,1.857188e+00,2.071779e+00,2.061313e+00,2.155592e+00,1.897750e+00,1.973412e+00,2.036085e+00,1.361231e-01,1.733840e+00,2.236489e+00
6.073000e+00,1.271290e+00,2.237481e+00,2.084272e+00,2.186009e+00,1.975444e+00,2.138346e+00,2.101553e+00,1.991991e+00,2.198690e+00,2.058456e+00,1.867100e+00,2.177844e+00,1.998381e+00,2.152511e+00,1.734560e+00,1.936285e+00,1.759959e+00,2.099699e+00,2.162832e+00,1.858437e+00,2.073702e+00,2.061970e+00,2.155510e+00,1.899000e+00,1.974235e+00,2.036844e+00,1.360205e-01,1.734560e+00,2.237481e+00
6.074000e+00,1.271370e+00,2.238855e+00,2.085631e+00,2.185471e+00,1.975667e+00,2.138038e+00,2.102422e+00,1.993104e+00,2.199379e+00,2.059262e+00,1.867200e+00,2.178253e+00,1.999462e+00,2.152383e+00,1.736720e+00,1.937155e+00,1.760939e+00,2.100843e+00,2.163642e+00,1.859375e+00,2.074615e+00,2.062677e+00,2.156531e+00,1.900750e+00,1.975353e+00,2.037655e+00,1.357738e-01,1.736720e+00,2.238855e+00
6.075000e+00,1.271740e+00,2.239389e+00,2.085437e+00,2.185336e+00,1.977444e+00,2.138615e+00,2.103199e+00,1.992962e+00,2.200207e+00,2.060336e+00,1.868200e+00,2.179294e+00,2.000542e+00,2.152894e+00,1.737600e+00,1.938026e+00,1.762286e+00,2.102410e+00,2.164682e+00,1.858437e+00,2.075769e+00,2.062778e+00,2.156490e+00,1.901250e+00,1.975824e+00,2.038309e+00,1.357284e-01,1.737600e+00,2.239389e+00
6.076000e+00,1.272060e+00,2.241756e+00,2.086893e+00,2.185605e+00,1.979778e+00,2.139038e+00,2.103882e+00,1.993957e+00,2.200966e+00,2.061544e+00,1.869050e+00,2.180520e+00,2.001622e+00,2.153830e+00,1.738480e+00,1.938897e+00,1.763469e+00,2.103976e+00,2.166474e+00,1.860250e+00,2.075385e+00,2.064646e+00,2.157592e+00,1.901750e+00,1.977176e+00,2.039439e+00,1.357478e-01,1.738480e+00,2.241756e+00
6.077000e+00,1.272180e+00,2.241832e+00,2.087573e+00,2.186816e+00,1.979444e+00,2.140538e+00,2.104845e+00,1.994384e+00,2.201586e+00,2.061812e+00,1.869650e+00,2.181301e+00,2.002700e+00,2.154085e+00,1.739120e+00,1.939768e+00,1.763918e+00,2.106084e+00,2.167110e+00,1.861125e+00,2.077596e+00,2.064949e+00,2.158653e+00,1.900625e+00,1.977765e+00,2.040137e+00,1.359108e-01,1.739120e+00,2.241832e+00
6.078000e+00,1.272630e+00,2.242748e+00,2.087670e+00,2.187040e+00,1.980444e+00,2.141923e+00,2.105901e+00,1.994810e+00,2.203241e+00,2.061074e+00,1.870550e+00,2.181784e+00,2.003778e+00,2.155362e+00,1.741280e+00,1.940640e+00,1.764898e+00,2.106566e+00,2.168092e+00,1.861062e+00,2.078510e+00,2.065707e+00,2.159020e+00,1.902250e+00,1.978824e+00,2.040966e+00,1.357845e-01,1.741280e+00,2.242748e+00
6.079000e+00,1.272710e+00,2.244122e+00,2.087767e+00,2.187489e+00,1.981444e+00,2.142615e+00,2.106429e+00,1.995000e+00,2.203724e+00,2.060940e+00,1.872650e+00,2.182677e+00,2.004854e+00,2.156128e+00,1.742080e+00,1.941511e+00,1.765347e+00,2.107651e+00,2.168613e+00,1.860563e+00,2.080096e+00,2.066465e+00,2.159878e+00,1.903375e+00,1.979765e+00,2.041716e+00,1.357899e-01,1.742080e+00,2.244122e+00
6.080000e+00,1.273060e+00,2.244733e+00,2.089515e+00,2.188206e+00,1.981889e+00,2.144038e+00,2.107888e+00,1.996209e+00,2.204483e+00,2.061141e+00,1.873600e+00,2.184164e+00,2.005929e+00,2.158213e+00,1.743040e+00,1.942384e+00,1.766163e+00,2.109096e+00,2.169769e+00,1.860875e+00,2.081010e+00,2.067576e+00,2.160082e+00,1.903375e+00,1.980941e+00,2.042680e+00,1.359248e-01,1.743040e+00,2.244733e+00
6.081000e+00,1.273320e+00,2.245038e+00,2.089903e+00,2.189686e+00,1.983778e+00,2.145462e+00,2.107702e+00,1.996943e+00,2.206000e+00,2.061678e+00,1.874550e+00,2.185799e+00,2.007003e+00,2.157872e+00,1.744800e+00,1.943260e+00,1.767714e+00,2.107169e+00,2.170694e+00,1.861062e+00,2.082308e+00,2.067374e+00,2.160816e+00,1.902625e+00,1.981882e+00,2.043380e+00,1.358094e-01,1.744800e+00,2.245038e+00
6.082000e+00,1.273550e+00,2.245802e+00,2.089903e+00,2.190493e+00,1.984667e+00,2.146885e+00,2.107081e+00,1.998507e+00,2.207310e+00,2.063557e+00,1.875850e+00,2.187361e+00,2.008076e+00,2.157787e+00,1.746640e+00,1.944137e+00,1.768816e+00,2.106807e+00,2.171098e+00,1.862437e+00,2.083173e+00,2.068737e+00,2.161633e+00,1.903375e+00,1.982882e+00,2.044292e+00,1.355915e-01,1.746640e+00,2.245802e+00
6.083000e+00,1.273750e+00,2.247481e+00,2.088350e+00,2.191839e+00,1.986000e+00,2.148692e+00,2.106832e+00,1.999265e+00,2.209034e+00,2.064161e+00,1.876750e+00,2.188550e+00,2.009148e+00,2.160128e+00,1.747120e+00,1.945014e+00,1.769959e+00,2.106386e+00,2.172081e+00,1.862625e+00,2.084423e+00,2.068990e+00,2.163020e+00,1.903750e+00,1.983765e+00,2.045140e+00,1.358048e-01,1.747120e+00,2.247481e+00
6.084000e+00,1.274050e+00,2.248321e+00,2.089515e+00,2.193363e+00,1.986333e+00,2.149692e+00,2.107174e+00,1.998839e+00,2.209862e+00,2.065973e+00,1.878500e+00,2.190967e+00,2.010219e+00,2.160681e+00,1.748640e+00,1.945892e+00,1.771184e+00,2.106627e+00,2.173642e+00,1.863750e+00,2.084327e+00,2.069899e+00,2.163510e+00,1.905250e+00,1.986118e+00,2.046178e+00,1.357036e-01,1.748640e+00,2.248321e+00
6.085000e+00,1.274280e+00,2.247634e+00,2.088641e+00,2.194305e+00,1.987333e+00,2.151692e+00,2.107453e+00,1.997773e+00,2.210690e+00,2.067383e+00,1.879050e+00,2.192379e+00,2.011289e+00,2.161277e+00,1.748880e+00,1.946769e+00,1.771469e+00,2.107229e+00,2.174162e+00,1.863125e+00,2.086154e+00,2.071818e+00,2.164980e+00,1.906250e+00,1.987000e+00,2.046864e+00,1.358762e-01,1.748880e+00,2.247634e+00
6.086000e+00,1.274600e+00,2.250076e+00,2.090000e+00,2.195830e+00,1.988000e+00,2.152577e+00,2.107671e+00,1.997014e+00,2.212000e+00,2.067987e+00,1.880750e+00,2.193606e+00,2.012358e+00,2.162170e+00,1.750240e+00,1.947646e+00,1.773061e+00,2.108795e+00,2.174798e+00,1.864438e+00,2.086875e+00,2.073081e+00,2.166000e+00,1.907625e+00,1.987647e+00,2.047927e+00,1.358809e-01,1.750240e+00,2.250076e+00
6.087000e+00,1.274720e+00,2.248092e+00,2.088058e+00,2.197354e+00,1.988556e+00,2.153577e+00,2.107795e+00,1.997441e+00,2.212069e+00,2.069329e+00,1.881000e+00,2.195279e+00,2.013426e+00,2.163745e+00,1.750880e+00,1.948524e+00,1.773347e+00,2.109217e+00,2.175260e+00,1.864813e+00,2.087644e+00,2.074899e+00,2.167224e+00,1.906875e+00,1.989059e+00,2.048478e+00,1.359091e-01,1.750880e+00,2.248092e+00
6.088000e+00,1.275040e+00,2.249542e+00,2.091068e+00,2.198879e+00,1.989000e+00,2.154731e+00,2.108727e+00,1.997322e+00,2.213310e+00,2.070470e+00,1.882000e+00,2.197026e+00,2.014493e+00,2.164723e+00,1.752800e+00,1.949402e+00,1.772776e+00,2.109277e+00,2.176705e+00,1.864187e+00,2.088558e+00,2.076566e+00,2.167347e+00,1.906625e+00,1.990706e+00,2.049427e+00,1.362223e-01,1.752800e+00,2.249542e+00
6.089000e+00,1.275230e+00,2.249847e+00,2.088155e+00,2.200493e+00,1.989889e+00,2.155769e+00,2.108665e+00,1.997915e+00,2.214690e+00,2.070738e+00,1.882550e+00,2.198773e+00,2.015559e+00,2.165362e+00,1.753440e+00,1.950280e+00,1.773061e+00,2.107169e+00,2.177688e+00,1.864438e+00,2.088894e+00,2.078384e+00,2.168694e+00,1.903750e+00,1.991765e+00,2.049832e+00,1.364731e-01,1.753440e+00,2.249847e+00
6.090000e+00,1.275410e+00,2.249542e+00,2.091068e+00,2.201928e+00,1.989889e+00,2.157692e+00,2.109627e+00,1.998791e+00,2.216276e+00,2.070738e+00,1.883600e+00,2.199740e+00,2.016624e+00,2.166638e+00,1.752480e+00,1.951158e+00,1.774204e+00,2.104157e+00,2.179017e+00,1.865250e+00,2.090385e+00,2.078838e+00,2.169510e+00,1.901375e+00,1.992765e+00,2.050471e+00,1.367859e-01,1.752480e+00,2.249542e+00
6.091000e+00,1.275800e+00,2.248244e+00,2.090777e+00,2.202825e+00,1.991778e+00,2.158077e+00,2.110714e+00,1.998649e+00,2.218069e+00,2.072953e+00,1.884900e+00,2.200743e+00,2.017687e+00,2.168043e+00,1.752160e+00,1.952036e+00,1.774531e+00,2.102831e+00,2.179653e+00,1.866000e+00,2.090865e+00,2.079747e+00,2.170939e+00,1.900375e+00,1.992882e+00,2.051062e+00,1.369149e-01,1.752160e+00,2.248244e+00
6.092000e+00,1.275950e+00,2.249542e+00,2.091845e+00,2.205112e+00,1.992667e+00,2.159077e+00,2.112081e+00,1.999384e+00,2.219310e+00,2.073893e+00,1.885850e+00,2.201264e+00,2.018750e+00,2.169191e+00,1.753600e+00,1.952914e+00,1.775796e+00,2.100361e+00,2.179595e+00,1.866250e+00,2.090096e+00,2.081364e+00,2.171265e+00,1.900625e+00,1.994706e+00,2.051856e+00,1.368729e-01,1.753600e+00,2.249542e+00
6.093000e+00,1.276160e+00,2.250458e+00,2.092039e+00,2.206323e+00,1.991000e+00,2.159346e+00,2.113727e+00,1.999905e+00,2.220828e+00,2.075436e+00,1.887100e+00,2.202565e+00,2.019812e+00,2.169191e+00,1.754000e+00,1.953792e+00,1.776939e+00,2.102169e+00,2.178497e+00,1.866937e+00,2.088462e+00,2.081869e+00,2.172694e+00,1.901250e+00,1.994118e+00,2.052436e+00,1.369292e-01,1.754000e+00,2.250458e+00
6.094000e+00,1.276440e+00,2.251527e+00,2.092330e+00,2.207220e+00,1.993667e+00,2.159808e+00,2.114503e+00,2.001066e+00,2.221448e+00,2.077383e+00,1.887550e+00,2.203048e+00,2.020872e+00,2.170340e+00,1.755040e+00,1.954670e+00,1.778000e+00,2.102470e+00,2.177457e+00,1.867563e+00,2.088029e+00,2.081616e+00,2.173306e+00,1.901750e+00,1.994765e+00,2.053143e+00,1.367776e-01,1.755040e+00,2.251527e+00
6.095000e+00,1.276640e+00,2.251908e+00,2.091748e+00,2.207534e+00,1.993667e+00,2.161692e+00,2.114752e+00,2.001730e+00,2.222552e+00,2.078523e+00,1.889400e+00,2.204052e+00,2.021932e+00,2.171362e+00,1.755600e+00,1.955544e+00,1.778612e+00,2.104940e+00,2.177283e+00,1.865813e+00,2.088317e+00,2.082374e+00,2.174245e+00,1.901750e+00,1.996000e+00,2.053805e+00,1.369330e-01,1.755600e+00,2.251908e+00
6.096000e+00,1.276970e+00,2.252824e+00,2.092524e+00,2.208296e+00,1.993444e+00,2.163308e+00,2.116398e+00,2.002441e+00,2.223379e+00,2.079329e+00,1.890250e+00,2.204796e+00,2.022990e+00,2.172000e+00,1.757040e+00,1.956417e+00,1.780531e+00,2.106747e+00,2.177688e+00,1.864000e+00,2.089135e+00,2.083687e+00,2.174694e+00,1.902625e+00,1.996588e+00,2.054630e+00,1.369789e-01,1.757040e+00,2.252824e+00
6.097000e+00,1.277270e+00,2.254733e+00,2.093010e+00,2.209372e+00,1.994000e+00,2.164308e+00,2.117329e+00,2.003460e+00,2.224000e+00,2.080067e+00,1.891000e+00,2.206245e+00,2.024048e+00,2.173957e+00,1.760240e+00,1.957291e+00,1.781020e+00,2.107952e+00,2.178092e+00,1.863375e+00,2.089808e+00,2.084040e+00,2.175551e+00,1.903750e+00,1.997588e+00,2.055593e+00,1.369872e-01,1.760240e+00,2.254733e+00
6.098000e+00,1.277480e+00,2.256107e+00,2.093689e+00,2.210224e+00,1.996222e+00,2.165423e+00,2.118199e+00,2.004194e+00,2.224345e+00,2.081007e+00,1.892200e+00,2.207323e+00,2.025104e+00,2.175404e+00,1.760640e+00,1.958164e+00,1.782776e+00,2.108434e+00,2.179769e+00,1.862000e+00,2.090481e+00,2.084394e+00,2.176327e+00,1.904625e+00,1.997647e+00,2.056446e+00,1.371142e-01,1.760640e+00,2.256107e+00
6.099000e+00,1.277770e+00,2.256794e+00,2.094757e+00,2.210987e+00,1.998111e+00,2.165115e+00,2.119317e+00,2.005403e+00,2.225862e+00,2.082617e+00,1.893350e+00,2.208104e+00,2.026160e+00,2.175745e+00,1.761920e+00,1.959037e+00,1.783837e+00,2.109759e+00,2.180116e+00,1.862062e+00,2.091394e+00,2.083232e+00,2.177184e+00,1.905500e+00,1.998471e+00,2.057285e+00,1.370087e-01,1.761920e+00,2.256794e+00
6.100000e+00,1.277870e+00,2.258015e+00,2.095243e+00,2.212511e+00,1.995778e+00,2.166654e+00,2.120870e+00,2.005995e+00,2.226759e+00,2.083020e+00,1.894900e+00,2.209294e+00,2.027214e+00,2.176213e+00,1.762160e+00,1.959911e+00,1.785143e+00,2.111566e+00,2.180116e+00,1.862375e+00,2.092019e+00,2.081616e+00,2.177347e+00,1.905375e+00,1.999059e+00,2.057881e+00,1.371574e-01,1.762160e+00,2.258015e+00
6.101000e+00,1.278240e+00,2.258855e+00,2.095922e+00,2.213229e+00,1.997556e+00,2.167731e+00,2.122391e+00,2.006659e+00,2.228276e+00,2.084497e+00,1.895400e+00,2.211338e+00,2.028267e+00,2.177660e+00,1.763120e+00,1.960785e+00,1.785551e+00,2.112229e+00,2.181387e+00,1.863625e+00,2.093702e+00,2.080505e+00,2.178449e+00,1.906375e+00,2.000882e+00,2.058933e+00,1.372808e-01,1.763120e+00,2.258855e+00
6.102000e+00,1.278510e+00,2.259542e+00,2.096019e+00,2.213543e+00,2.000111e+00,2.169808e+00,2.123292e+00,2.007583e+00,2.229793e+00,2.086174e+00,1.896400e+00,2.212007e+00,2.029319e+00,2.178426e+00,1.764240e+00,1.961663e+00,1.786980e+00,2.112711e+00,2.181734e+00,1.864500e+00,2.094904e+00,2.080606e+00,2.178898e+00,1.906500e+00,2.001706e+00,2.059852e+00,1.371862e-01,1.764240e+00,2.259542e+00
6.103000e+00,1.278730e+00,2.262214e+00,2.096699e+00,2.215067e+00,2.000222e+00,2.170769e+00,2.125466e+00,2.008555e+00,2.230483e+00,2.086913e+00,1.898100e+00,2.213494e+00,2.030371e+00,2.178723e+00,1.766400e+00,1.962542e+00,1.787633e+00,2.113614e+00,2.182948e+00,1.864875e+00,2.096058e+00,2.080253e+00,2.178816e+00,1.909750e+00,2.001882e+00,2.060910e+00,1.371284e-01,1.766400e+00,2.262214e+00
6.104000e+00,1.278940e+00,2.262519e+00,2.096214e+00,2.216009e+00,2.001111e+00,2.171692e+00,2.126584e+00,2.009692e+00,2.231724e+00,2.087919e+00,1.898350e+00,2.214461e+00,2.031421e+00,2.180383e+00,1.767360e+00,1.963416e+00,1.788449e+00,2.114036e+00,2.184509e+00,1.865625e+00,2.097308e+00,2.081212e+00,2.178122e+00,1.911000e+00,2.003000e+00,2.061755e+00,1.371160e-01,1.767360e+00,2.262519e+00
6.105000e+00,1.279200e+00,2.262901e+00,2.096699e+00,2.217040e+00,2.001667e+00,2.172885e+00,2.128509e+00,2.010213e+00,2.232276e+00,2.088993e+00,1.899650e+00,2.216431e+00,2.032470e+00,2.181404e+00,1.768320e+00,1.964290e+00,1.789633e+00,2.115301e+00,2.186474e+00,1.866125e+00,2.099663e+00,2.082172e+00,2.177633e+00,1.911750e+00,2.002706e+00,2.062717e+00,1.371826e-01,1.768320e+00,2.262901e+00
6.106000e+00,1.279570e+00,2.264733e+00,2.098252e+00,2.218655e+00,2.002222e+00,2.174423e+00,2.128913e+00,2.011374e+00,2.233448e+00,2.090336e+00,1.899700e+00,2.217918e+00,2.033518e+00,2.181787e+00,1.770160e+00,1.965163e+00,1.791184e+00,2.117410e+00,2.187399e+00,1.866687e+00,2.100817e+00,2.083182e+00,2.177551e+00,1.911875e+00,2.000471e+00,2.063632e+00,1.373281e-01,1.770160e+00,2.264733e+00
6.107000e+00,1.279900e+00,2.265038e+00,2.099126e+00,2.219283e+00,2.002000e+00,2.175154e+00,2.129410e+00,2.011564e+00,2.232828e+00,2.091544e+00,1.900100e+00,2.218848e+00,2.034565e+00,2.182255e+00,1.771440e+00,1.966037e+00,1.792653e+00,2.118253e+00,2.187919e+00,1.867250e+00,2.101731e+00,2.083990e+00,2.177714e+00,1.916750e+00,2.000000e+00,2.064394e+00,1.369762e-01,1.771440e+00,2.265038e+00
6.108000e+00,1.280090e+00,2.266947e+00,2.097961e+00,2.220448e+00,2.000778e+00,2.175577e+00,2.130031e+00,2.012725e+00,2.233103e+00,2.091812e+00,1.900850e+00,2.218922e+00,2.035611e+00,2.183872e+00,1.772800e+00,1.966911e+00,1.793510e+00,2.118976e+00,2.188555e+00,1.867500e+00,2.103702e+00,2.085556e+00,2.178245e+00,1.917500e+00,2.000941e+00,2.065118e+00,1.369998e-01,1.772800e+00,2.266947e+00
6.109000e+00,1.280310e+00,2.267405e+00,2.099709e+00,2.221973e+00,2.003000e+00,2.175615e+00,2.130621e+00,2.013697e+00,2.232207e+00,2.093289e+00,1.902150e+00,2.219071e+00,2.036656e+00,2.185149e+00,1.773200e+00,1.967785e+00,1.794327e+00,2.120060e+00,2.190462e+00,1.869125e+00,2.104615e+00,2.088030e+00,2.179551e+00,1.919000e+00,2.000765e+00,2.066144e+00,1.368881e-01,1.773200e+00,2.267405e+00
6.110000e+00,1.280650e+00,2.269313e+00,2.099515e+00,2.222197e+00,2.003333e+00,2.175308e+00,2.131180e+00,2.015166e+00,2.232345e+00,2.093490e+00,1.902550e+00,2.219554e+00,2.037700e+00,2.185830e+00,1.774880e+00,1.968659e+00,1.795592e+00,2.120783e+00,2.191965e+00,1.868750e+00,2.106538e+00,2.089697e+00,2.179796e+00,1.918500e+00,2.000941e+00,2.066816e+00,1.368844e-01,1.774880e+00,2.269313e+00
6.111000e+00,1.280790e+00,2.269389e+00,2.100874e+00,2.223229e+00,2.004222e+00,2.175577e+00,2.131149e+00,2.015474e+00,2.232828e+00,2.095168e+00,1.904200e+00,2.220037e+00,2.038742e+00,2.187021e+00,1.776480e+00,1.969532e+00,1.797469e+00,2.121928e+00,2.193064e+00,1.870313e+00,2.107740e+00,2.090758e+00,2.180735e+00,1.919125e+00,2.002000e+00,2.067794e+00,1.365980e-01,1.776480e+00,2.269389e+00
6.112000e+00,1.281160e+00,2.270611e+00,2.100194e+00,2.224260e+00,2.006222e+00,2.175654e+00,2.132267e+00,2.016327e+00,2.234207e+00,2.094228e+00,1.905000e+00,2.220967e+00,2.039784e+00,2.189277e+00,1.776080e+00,1.970406e+00,1.798327e+00,2.122229e+00,2.193121e+00,1.870562e+00,2.107981e+00,2.091717e+00,2.181796e+00,1.921375e+00,2.003412e+00,2.068583e+00,1.366735e-01,1.776080e+00,2.270611e+00
6.113000e+00,1.281410e+00,2.272290e+00,2.100485e+00,2.224709e+00,2.004889e+00,2.176615e+00,2.132453e+00,2.016588e+00,2.234828e+00,2.093893e+00,1.906000e+00,2.222119e+00,2.040825e+00,2.189064e+00,1.776480e+00,1.971280e+00,1.799673e+00,2.124578e+00,2.194393e+00,1.872438e+00,2.108558e+00,2.092576e+00,2.182367e+00,1.921875e+00,2.002706e+00,2.069237e+00,1.367000e-01,1.776480e+00,2.272290e+00
6.114000e+00,1.281550e+00,2.271908e+00,2.100583e+00,2.225785e+00,2.006667e+00,2.177423e+00,2.133509e+00,2.016872e+00,2.235241e+00,2.093893e+00,1.906650e+00,2.222900e+00,2.041864e+00,2.189660e+00,1.780000e+00,1.972154e+00,1.800776e+00,2.126084e+00,2.194740e+00,1.873250e+00,2.110000e+00,2.093485e+00,2.183918e+00,1.922750e+00,2.003706e+00,2.070159e+00,1.363517e-01,1.780000e+00,2.271908e+00
6.115000e+00,1.281900e+00,2.272748e+00,2.100485e+00,2.226143e+00,2.006444e+00,2.177538e+00,2.134658e+00,2.017488e+00,2.235586e+00,2.094430e+00,1.906200e+00,2.223680e+00,2.042903e+00,2.190894e+00,1.781200e+00,1.973029e+00,1.801878e+00,2.128855e+00,2.194624e+00,1.873250e+00,2.110577e+00,2.095000e+00,2.184490e+00,1.923375e+00,2.004706e+00,2.070841e+00,1.363667e-01,1.781200e+00,2.272748e+00
6.116000e+00,1.282180e+00,2.273817e+00,2.098447e+00,2.227130e+00,2.006889e+00,2.177885e+00,2.135435e+00,2.017796e+00,2.236276e+00,2.094765e+00,1.905750e+00,2.224907e+00,2.043940e+00,2.190979e+00,1.781520e+00,1.973903e+00,1.802694e+00,2.130783e+00,2.196127e+00,1.873625e+00,2.112019e+00,2.096212e+00,2.185633e+00,1.924250e+00,2.005353e+00,2.071506e+00,1.365474e-01,1.781520e+00,2.273817e+00
6.117000e+00,1.282500e+00,2.274122e+00,2.100194e+00,2.228296e+00,2.007333e+00,2.178462e+00,2.137236e+00,2.018673e+00,2.236828e+00,2.094228e+00,1.905600e+00,2.226394e+00,2.044976e+00,2.190809e+00,1.783280e+00,1.974777e+00,1.803837e+00,2.133012e+00,2.197457e+00,1.874500e+00,2.113269e+00,2.097121e+00,2.186735e+00,1.926000e+00,2.006706e+00,2.072494e+00,1.364718e-01,1.783280e+00,2.274122e+00
6.118000e+00,1.282540e+00,2.276718e+00,2.099515e+00,2.228610e+00,2.008000e+00,2.178923e+00,2.138416e+00,2.018981e+00,2.237379e+00,2.096107e+00,1.906050e+00,2.226840e+00,2.046012e+00,2.191830e+00,1.784720e+00,1.975651e+00,1.805143e+00,2.134819e+00,2.198497e+00,1.875563e+00,2.114279e+00,2.098232e+00,2.188490e+00,1.926750e+00,2.007765e+00,2.073470e+00,1.365044e-01,1.784720e+00,2.276718e+00
6.119000e+00,1.282890e+00,2.276870e+00,2.099709e+00,2.228700e+00,2.007778e+00,2.180308e+00,2.139845e+00,2.019550e+00,2.238207e+00,2.097248e+00,1.905150e+00,2.228030e+00,2.047046e+00,2.193149e+00,1.785520e+00,1.976525e+00,1.806204e+00,2.135120e+00,2.198902e+00,1.875813e+00,2.114712e+00,2.098990e+00,2.189061e+00,1.926125e+00,2.008706e+00,2.074053e+00,1.366415e-01,1.785520e+00,2.276870e+00
6.120000e+00,1.283060e+00,2.276870e+00,2.099806e+00,2.229686e+00,2.006889e+00,2.182000e+00,2.140807e+00,2.019242e+00,2.240138e+00,2.098322e+00,1.906950e+00,2.229777e+00,2.048079e+00,2.193830e+00,1.788000e+00,1.977399e+00,1.806980e+00,2.134277e+00,2.199595e+00,1.876563e+00,2.116154e+00,2.099343e+00,2.190000e+00,1.927125e+00,2.009588e+00,2.074893e+00,1.365468e-01,1.788000e+00,2.276870e+00
6.121000e+00,1.283460e+00,2.279084e+00,2.100583e+00,2.230583e+00,2.006111e+00,2.182808e+00,2.141894e+00,2.018602e+00,2.241517e+00,2.100268e+00,1.906950e+00,2.231078e+00,2.049111e+00,2.194426e+00,1.787520e+00,1.978274e+00,1.807796e+00,2.133735e+00,2.200694e+00,1.877687e+00,2.117596e+00,2.101111e+00,2.190980e+00,1.928000e+00,2.010706e+00,2.075713e+00,1.368839e-01,1.787520e+00,2.279084e+00
6.122000e+00,1.283610e+00,2.279771e+00,2.099806e+00,2.230987e+00,2.005222e+00,2.184385e+00,2.143571e+00,2.017986e+00,2.242483e+00,2.102081e+00,1.908450e+00,2.232528e+00,2.050142e+00,2.195234e+00,1.789040e+00,1.979148e+00,1.808816e+00,2.133313e+00,2.201561e+00,1.877750e+00,2.119038e+00,2.101263e+00,2.192041e+00,1.928250e+00,2.011824e+00,2.076445e+00,1.369339e-01,1.789040e+00,2.279771e+00
6.123000e+00,1.283850e+00,2.280458e+00,2.100680e+00,2.231570e+00,2.002778e+00,2.185731e+00,2.144441e+00,2.018460e+00,2.243448e+00,2.103624e+00,1.908650e+00,2.233829e+00,2.051172e+00,2.196766e+00,1.789280e+00,1.980022e+00,1.810041e+00,2.133133e+00,2.202601e+00,1.879062e+00,2.119519e+00,2.102980e+00,2.192571e+00,1.930000e+00,2.012588e+00,2.077225e+00,1.370330e-01,1.789280e+00,2.280458e+00
6.124000e+00,1.284240e+00,2.281221e+00,2.101165e+00,2.230897e+00,2.003444e+00,2.187923e+00,2.144907e+00,2.018460e+00,2.244276e+00,2.103624e+00,1.910300e+00,2.235651e+00,2.052200e+00,2.195957e+00,1.792560e+00,1.980897e+00,1.811347e+00,2.134096e+00,2.204277e+00,1.879750e+00,2.121202e+00,2.104040e+00,2.193796e+00,1.931125e+00,2.014118e+00,2.078218e+00,1.367399e-01,1.792560e+00,2.281221e+00
6.125000e+00,1.284390e+00,2.282595e+00,2.100971e+00,2.230269e+00,2.004444e+00,2.189615e+00,2.146056e+00,2.019597e+00,2.244966e+00,2.105302e+00,1.911500e+00,2.237286e+00,2.053228e+00,2.195021e+00,1.793360e+00,1.981771e+00,1.812449e+00,2.135542e+00,2.205145e+00,1.880500e+00,2.122067e+00,2.105202e+00,2.194327e+00,1.930375e+00,2.014882e+00,2.079020e+00,1.367410e-01,1.793360e+00,2.282595e+00
6.126000e+00,1.284890e+00,2.283359e+00,2.102524e+00,2.230224e+00,2.004444e+00,2.191385e+00,2.146335e+00,2.020900e+00,2.245379e+00,2.106443e+00,1.912200e+00,2.238959e+00,2.054254e+00,2.195234e+00,1.793360e+00,1.982646e+00,1.813429e+00,2.138072e+00,2.205434e+00,1.880812e+00,2.123798e+00,2.105354e+00,2.195388e+00,1.932750e+00,2.015235e+00,2.079913e+00,1.367919e-01,1.793360e+00,2.283359e+00
6.127000e+00,1.284850e+00,2.283664e+00,2.102913e+00,2.229731e+00,2.004889e+00,2.192769e+00,2.146770e+00,2.020806e+00,2.246966e+00,2.108389e+00,1.913000e+00,2.240558e+00,2.055279e+00,2.195489e+00,1.795520e+00,1.983520e+00,1.814531e+00,2.139880e+00,2.206763e+00,1.880937e+00,2.124423e+00,2.107020e+00,2.196000e+00,1.933500e+00,2.017118e+00,2.080851e+00,1.367166e-01,1.795520e+00,2.283664e+00
6.128000e+00,1.285100e+00,2.284198e+00,2.103301e+00,2.230807e+00,2.006556e+00,2.193962e+00,2.146429e+00,2.022346e+00,2.247172e+00,2.109597e+00,1.914400e+00,2.242454e+00,2.056303e+00,2.196213e+00,1.796400e+00,1.984395e+00,1.814980e+00,2.140361e+00,2.206821e+00,1.881375e+00,2.125433e+00,2.107323e+00,2.197102e+00,1.934625e+00,2.017765e+00,2.081680e+00,1.366644e-01,1.796400e+00,2.284198e+00
6.129000e+00,1.285240e+00,2.283206e+00,2.103107e+00,2.230762e+00,2.006667e+00,2.194923e+00,2.146957e+00,2.022630e+00,2.248483e+00,2.110872e+00,1.915250e+00,2.244275e+00,2.057326e+00,2.197319e+00,1.797600e+00,1.985270e+00,1.814612e+00,2.142470e+00,2.207399e+00,1.881937e+00,2.126202e+00,2.109697e+00,2.197224e+00,1.936375e+00,2.018353e+00,2.082455e+00,1.366595e-01,1.797600e+00,2.283206e+00
6.130000e+00,1.285520e+00,2.284504e+00,2.104175e+00,2.231659e+00,2.008667e+00,2.196038e+00,2.146832e+00,2.023673e+00,2.250138e+00,2.111007e+00,1.915700e+00,2.245390e+00,2.058347e+00,2.198766e+00,1.798400e+00,1.986144e+00,1.814939e+00,2.141988e+00,2.205665e+00,1.883000e+00,2.124760e+00,2.109949e+00,2.198000e+00,1.936000e+00,2.019294e+00,2.083043e+00,1.366659e-01,1.798400e+00,2.284504e+00
6.131000e+00,1.285810e+00,2.284275e+00,2.104369e+00,2.232511e+00,2.008444e+00,2.196808e+00,2.146988e+00,2.024242e+00,2.251517e+00,2.111879e+00,1.916750e+00,2.246654e+00,2.059368e+00,2.200298e+00,1.801040e+00,1.987019e+00,1.815388e+00,2.143072e+00,2.204798e+00,1.883563e+00,2.123413e+00,2.110657e+00,2.199020e+00,1.938750e+00,2.020059e+00,2.083787e+00,1.363991e-01,1.801040e+00,2.284275e+00
6.132000e+00,1.286090e+00,2.283817e+00,2.105437e+00,2.233318e+00,2.009222e+00,2.198077e+00,2.146988e+00,2.024810e+00,2.251793e+00,2.112953e+00,1.917300e+00,2.247695e+00,2.060387e+00,2.200255e+00,1.801840e+00,1.987894e+00,1.816245e+00,2.143133e+00,2.203931e+00,1.883687e+00,2.122212e+00,2.112172e+00,2.199347e+00,1.939375e+00,2.021235e+00,2.084297e+00,1.362244e-01,1.801840e+00,2.283817e+00
6.133000e+00,1.286290e+00,2.284809e+00,2.103981e+00,2.235740e+00,2.011000e+00,2.198885e+00,2.145839e+00,2.025071e+00,2.252345e+00,2.113960e+00,1.918100e+00,2.249405e+00,2.061404e+00,2.201277e+00,1.802960e+00,1.988769e+00,1.816939e+00,2.143976e+00,2.203757e+00,1.885125e+00,2.123413e+00,2.112828e+00,2.199918e+00,1.939750e+00,2.022471e+00,2.085072e+00,1.361997e-01,1.802960e+00,2.284809e+00
6.134000e+00,1.286610e+00,2.284885e+00,2.106505e+00,2.237040e+00,2.010778e+00,2.199000e+00,2.145404e+00,2.025735e+00,2.254069e+00,2.114228e+00,1.918300e+00,2.249963e+00,2.062421e+00,2.202340e+00,1.803680e+00,1.989644e+00,1.817796e+00,2.144518e+00,2.204566e+00,1.885125e+00,2.123990e+00,2.112273e+00,2.201347e+00,1.940750e+00,2.023000e+00,2.085723e+00,1.362868e-01,1.803680e+00,2.284885e+00
6.135000e+00,1.286880e+00,2.287481e+00,2.106019e+00,2.237444e+00,2.013889e+00,2.200000e+00,2.145901e+00,2.025877e+00,2.254000e+00,2.115705e+00,1.919250e+00,2.250372e+00,2.063436e+00,2.202809e+00,1.805120e+00,1.990519e+00,1.818531e+00,2.145060e+00,2.204624e+00,1.886125e+00,2.124567e+00,2.113384e+00,2.202367e+00,1.941375e+00,2.024706e+00,2.086607e+00,1.361549e-01,1.805120e+00,2.287481e+00
6.136000e+00,1.287070e+00,2.287481e+00,2.108155e+00,2.239372e+00,2.011556e+00,2.200885e+00,2.146894e+00,2.026872e+00,2.255379e+00,2.116376e+00,1.919750e+00,2.251784e+00,2.064450e+00,2.203660e+00,1.806640e+00,1.991394e+00,1.820327e+00,2.146145e+00,2.206590e+00,1.887812e+00,2.125144e+00,2.114545e+00,2.201673e+00,1.942125e+00,2.025118e+00,2.087505e+00,1.361202e-01,1.806640e+00,2.287481e+00
6.137000e+00,1.287390e+00,2.289008e+00,2.107670e+00,2.239910e+00,2.014778e+00,2.201846e+00,2.148602e+00,2.028152e+00,2.255517e+00,2.118255e+00,1.921250e+00,2.253123e+00,2.065462e+00,2.205532e+00,1.808160e+00,1.992269e+00,1.819837e+00,2.147410e+00,2.208324e+00,1.888750e+00,2.126971e+00,2.116061e+00,2.201388e+00,1.942125e+00,2.026000e+00,2.088600e+00,1.361964e-01,1.808160e+00,2.289008e+00
6.138000e+00,1.287660e+00,2.291145e+00,2.107379e+00,2.240538e+00,2.016000e+00,2.202423e+00,2.149317e+00,2.028720e+00,2.256828e+00,2.119329e+00,1.922100e+00,2.254610e+00,2.066473e+00,2.206043e+00,1.808800e+00,1.993144e+00,1.822490e+00,2.148373e+00,2.209769e+00,1.888625e+00,2.127692e+00,2.116919e+00,2.200449e+00,1.943250e+00,2.027118e+00,2.089481e+00,1.361612e-01,1.808800e+00,2.291145e+00
6.139000e+00,1.287820e+00,2.291756e+00,2.108447e+00,2.242018e+00,2.014667e+00,2.203000e+00,2.149907e+00,2.029787e+00,2.257793e+00,2.121074e+00,1.923150e+00,2.255428e+00,2.067482e+00,2.206723e+00,1.810240e+00,1.994020e+00,1.823592e+00,2.149819e+00,2.210231e+00,1.889875e+00,2.128846e+00,2.117323e+00,2.200531e+00,1.943500e+00,2.027765e+00,2.090291e+00,1.361083e-01,1.810240e+00,2.291756e+00
6.140000e+00,1.288050e+00,2.293817e+00,2.109417e+00,2.243901e+00,2.016222e+00,2.204115e+00,2.151522e+00,2.030095e+00,2.259103e+00,2.121812e+00,1.924400e+00,2.257100e+00,2.068490e+00,2.207915e+00,1.811520e+00,1.994895e+00,1.824612e+00,2.150060e+00,2.212023e+00,1.889562e+00,2.130481e+00,2.117778e+00,2.201184e+00,1.942875e+00,2.028353e+00,2.091302e+00,1.364184e-01,1.811520e+00,2.293817e+00
6.141000e+00,1.288420e+00,2.293511e+00,2.108544e+00,2.244619e+00,2.017889e+00,2.205308e+00,2.152733e+00,2.031777e+00,2.259862e+00,2.122819e+00,1.926100e+00,2.258885e+00,2.069496e+00,2.208979e+00,1.813360e+00,1.995770e+00,1.826082e+00,2.149940e+00,2.212717e+00,1.890750e+00,2.132452e+00,2.118535e+00,2.201429e+00,1.945625e+00,2.028529e+00,2.092321e+00,1.360639e-01,1.813360e+00,2.293511e+00
6.142000e+00,1.288620e+00,2.295115e+00,2.109903e+00,2.245605e+00,2.018222e+00,2.206154e+00,2.154006e+00,2.032749e+00,2.261379e+00,2.123893e+00,1.926150e+00,2.259591e+00,2.070501e+00,2.209617e+00,1.812320e+00,1.996646e+00,1.826653e+00,2.150843e+00,2.213931e+00,1.891000e+00,2.133798e+00,2.119091e+00,2.202571e+00,1.944500e+00,2.029118e+00,2.093056e+00,1.365405e-01,1.812320e+00,2.295115e+00
6.143000e+00,1.288830e+00,2.297481e+00,2.109417e+00,2.246278e+00,2.020000e+00,2.208000e+00,2.154969e+00,2.034408e+00,2.261793e+00,2.124698e+00,1.926900e+00,2.261190e+00,2.071503e+00,2.210723e+00,1.815120e+00,1.997521e+00,1.827673e+00,2.150904e+00,2.214277e+00,1.891500e+00,2.134760e+00,2.120354e+00,2.202980e+00,1.945625e+00,2.030118e+00,2.094091e+00,1.364314e-01,1.815120e+00,2.297481e+00
6.144000e+00,1.289210e+00,2.297099e+00,2.111068e+00,2.247085e+00,2.019000e+00,2.209269e+00,2.155901e+00,2.034834e+00,2.263034e+00,2.125168e+00,1.927350e+00,2.263048e+00,2.072504e+00,2.212000e+00,1.815680e+00,1.998397e+00,1.829429e+00,2.150663e+00,2.216185e+00,1.892125e+00,2.135385e+00,2.121111e+00,2.203837e+00,1.948125e+00,2.030941e+00,2.094968e+00,1.364335e-01,1.815680e+00,2.297099e+00
6.145000e+00,1.289440e+00,2.298702e+00,2.109709e+00,2.248341e+00,2.020000e+00,2.210731e+00,2.156273e+00,2.035972e+00,2.262759e+00,2.126309e+00,1.928400e+00,2.264758e+00,2.073503e+00,2.211745e+00,1.817760e+00,1.999273e+00,1.830531e+00,2.152470e+00,2.216705e+00,1.892000e+00,2.137308e+00,2.121465e+00,2.204980e+00,1.948125e+00,2.031706e+00,2.095813e+00,1.364295e-01,1.817760e+00,2.298702e+00
6.146000e+00,1.289700e+00,2.299008e+00,2.111456e+00,2.249283e+00,2.020556e+00,2.210769e+00,2.157422e+00,2.036090e+00,2.263172e+00,2.126443e+00,1.929000e+00,2.264796e+00,2.074500e+00,2.213404e+00,1.817520e+00,2.000149e+00,1.832327e+00,2.153976e+00,2.217746e+00,1.893062e+00,2.138798e+00,2.121869e+00,2.205878e+00,1.949125e+00,2.031941e+00,2.096595e+00,1.364037e-01,1.817520e+00,2.299008e+00
6.147000e+00,1.289900e+00,2.299542e+00,2.109806e+00,2.250448e+00,2.022333e+00,2.209808e+00,2.157733e+00,2.036825e+00,2.262759e+00,2.126577e+00,1.930150e+00,2.264833e+00,2.075495e+00,2.214681e+00,1.820480e+00,2.001025e+00,1.832939e+00,2.155723e+00,2.218092e+00,1.892687e+00,2.140192e+00,2.120000e+00,2.206980e+00,1.948250e+00,2.032588e+00,2.097081e+00,1.361733e-01,1.820480e+00,2.299542e+00
6.148000e+00,1.290090e+00,2.300534e+00,2.110971e+00,2.251570e+00,2.022556e+00,2.210077e+00,2.158447e+00,2.037204e+00,2.261586e+00,2.126913e+00,1.930450e+00,2.265242e+00,2.076488e+00,2.216340e+00,1.820400e+00,2.001901e+00,1.834000e+00,2.156988e+00,2.219884e+00,1.893938e+00,2.140577e+00,2.119091e+00,2.207755e+00,1.950250e+00,2.034353e+00,2.097813e+00,1.361120e-01,1.820400e+00,2.300534e+00
6.149000e+00,1.290360e+00,2.301985e+00,2.109320e+00,2.252332e+00,2.022000e+00,2.210462e+00,2.159348e+00,2.038152e+00,2.261586e+00,2.127852e+00,1.931150e+00,2.265836e+00,2.077478e+00,2.217149e+00,1.821920e+00,2.002777e+00,1.834816e+00,2.158795e+00,2.220231e+00,1.894625e+00,2.141250e+00,2.119040e+00,2.208571e+00,1.953375e+00,2.034647e+00,2.098529e+00,1.359559e-01,1.821920e+00,2.301985e+00
6.150000e+00,1.290810e+00,2.304198e+00,2.109709e+00,2.253587e+00,2.022889e+00,2.210962e+00,2.160528e+00,2.038839e+00,2.262069e+00,2.128322e+00,1.931600e+00,2.266914e+00,2.078467e+00,2.218085e+00,1.824080e+00,2.003653e+00,1.836490e+00,2.158735e+00,2.221561e+00,1.895125e+00,2.143413e+00,2.119343e+00,2.210122e+00,1.953375e+00,2.035647e+00,2.099488e+00,1.359858e-01,1.824080e+00,2.304198e+00
6.151000e+00,1.290910e+00,2.303817e+00,2.110194e+00,2.254305e+00,2.025111e+00,2.211346e+00,2.160932e+00,2.038981e+00,2.263172e+00,2.127852e+00,1.932350e+00,2.267621e+00,2.079453e+00,2.218681e+00,1.826080e+00,2.004530e+00,1.837388e+00,2.159157e+00,2.222775e+00,1.896000e+00,2.144856e+00,2.119646e+00,2.211143e+00,1.952750e+00,2.037471e+00,2.100234e+00,1.358081e-01,1.826080e+00,2.303817e+00
6.152000e+00,1.291260e+00,2.306641e+00,2.109903e+00,2.254978e+00,2.024111e+00,2.211231e+00,2.162081e+00,2.038626e+00,2.264138e+00,2.127987e+00,1.933600e+00,2.268216e+00,2.080436e+00,2.220213e+00,1.825600e+00,2.005406e+00,1.838449e+00,2.158434e+00,2.224913e+00,1.896500e+00,2.145337e+00,2.121061e+00,2.211918e+00,1.953000e+00,2.037176e+00,2.100831e+00,1.361309e-01,1.825600e+00,2.306641e+00
6.153000e+00,1.291460e+00,2.306336e+00,2.110388e+00,2.256323e+00,2.026000e+00,2.212000e+00,2.163913e+00,2.039313e+00,2.263862e+00,2.129866e+00,1.933350e+00,2.269442e+00,2.081417e+00,2.220298e+00,1.826880e+00,2.006283e+00,1.839347e+00,2.158434e+00,2.225780e+00,1.898313e+00,2.146683e+00,2.122576e+00,2.213510e+00,1.954000e+00,2.037588e+00,2.101746e+00,1.359981e-01,1.826880e+00,2.306336e+00
6.154000e+00,1.291700e+00,2.306794e+00,2.110583e+00,2.257040e+00,2.027333e+00,2.213577e+00,2.164938e+00,2.039100e+00,2.264552e+00,2.131141e+00,1.934350e+00,2.270409e+00,2.082396e+00,2.221872e+00,1.826480e+00,2.007160e+00,1.840571e+00,2.159940e+00,2.225087e+00,1.899625e+00,2.147548e+00,2.123232e+00,2.214939e+00,1.956250e+00,2.038647e+00,2.102648e+00,1.359732e-01,1.826480e+00,2.306794e+00
6.155000e+00,1.291880e+00,2.308626e+00,2.110194e+00,2.257848e+00,2.027222e+00,2.213923e+00,2.166460e+00,2.039739e+00,2.265103e+00,2.132685e+00,1.935000e+00,2.271599e+00,2.083372e+00,2.223149e+00,1.828480e+00,2.008037e+00,1.842490e+00,2.160060e+00,2.226705e+00,1.898125e+00,2.149038e+00,2.123182e+00,2.215714e+00,1.956125e+00,2.040412e+00,2.103470e+00,1.360926e-01,1.828480e+00,2.308626e+00
6.156000e+00,1.292210e+00,2.309618e+00,2.111262e+00,2.259103e+00,2.027556e+00,2.214769e+00,2.168323e+00,2.040071e+00,2.264897e+00,2.133826e+00,1.935700e+00,2.273123e+00,2.084345e+00,2.224255e+00,1.830480e+00,2.008914e+00,1.843592e+00,2.160964e+00,2.228324e+00,1.896187e+00,2.150192e+00,2.124646e+00,2.216204e+00,1.956250e+00,2.040706e+00,2.104304e+00,1.362927e-01,1.830480e+00,2.309618e+00
6.157000e+00,1.292390e+00,2.310916e+00,2.111359e+00,2.260493e+00,2.027889e+00,2.215577e+00,2.169503e+00,2.038910e+00,2.265241e+00,2.134295e+00,1.935900e+00,2.274126e+00,2.085321e+00,2.225106e+00,1.831440e+00,2.009792e+00,1.844653e+00,2.163253e+00,2.230173e+00,1.895437e+00,2.151538e+00,2.125505e+00,2.217061e+00,1.957625e+00,2.040647e+00,2.105073e+00,1.365546e-01,1.831440e+00,2.310916e+00
6.158000e+00,1.292610e+00,2.311756e+00,2.110194e+00,2.262242e+00,2.029222e+00,2.216308e+00,2.170807e+00,2.038934e+00,2.267172e+00,2.135570e+00,1.937200e+00,2.275651e+00,2.086291e+00,2.226085e+00,1.832080e+00,2.010669e+00,1.845796e+00,2.165482e+00,2.230000e+00,1.895250e+00,2.152404e+00,2.126869e+00,2.217469e+00,1.957125e+00,2.040647e+00,2.105884e+00,1.367882e-01,1.832080e+00,2.311756e+00
6.159000e+00,1.293060e+00,2.312824e+00,2.113107e+00,2.262601e+00,2.028889e+00,2.217923e+00,2.171957e+00,2.037773e+00,2.268621e+00,2.137450e+00,1.937200e+00,2.276766e+00,2.087264e+00,2.226511e+00,1.833200e+00,2.011551e+00,1.846082e+00,2.165542e+00,2.231098e+00,1.895313e+00,2.153029e+00,2.128384e+00,2.218408e+00,1.958500e+00,2.041294e+00,2.106720e+00,1.370147e-01,1.833200e+00,2.312824e+00
6.160000e+00,1.293250e+00,2.314122e+00,2.112330e+00,2.262825e+00,2.029000e+00,2.219385e+00,2.172547e+00,2.038578e+00,2.269724e+00,2.137315e+00,1.937500e+00,2.278439e+00,2.088235e+00,2.226851e+00,1.834560e+00,2.012433e+00,1.846898e+00,2.165120e+00,2.231156e+00,1.895750e+00,2.154760e+00,2.129646e+00,2.218816e+00,1.958000e+00,2.041882e+00,2.107328e+00,1.370997e-01,1.834560e+00,2.314122e+00
6.161000e+00,1.293410e+00,2.314351e+00,2.112718e+00,2.263991e+00,2.030889e+00,2.221269e+00,2.173075e+00,2.039218e+00,2.270552e+00,2.138054e+00,1.936750e+00,2.279851e+00,2.089206e+00,2.228000e+00,1.835280e+00,2.013315e+00,1.847837e+00,2.165904e+00,2.231561e+00,1.896750e+00,2.155481e+00,2.130960e+00,2.220327e+00,1.959625e+00,2.043118e+00,2.108253e+00,1.371605e-01,1.835280e+00,2.314351e+00
6.162000e+00,1.293760e+00,2.316870e+00,2.112621e+00,2.264529e+00,2.030778e+00,2.221885e+00,2.174441e+00,2.040521e+00,2.272207e+00,2.139463e+00,1.936050e+00,2.281115e+00,2.090175e+00,2.229404e+00,1.836880e+00,2.014197e+00,1.849592e+00,2.166506e+00,2.232659e+00,1.896750e+00,2.156490e+00,2.131364e+00,2.220898e+00,1.958000e+00,2.042353e+00,2.108990e+00,1.374917e-01,1.836880e+00,2.316870e+00
6.163000e+00,1.294040e+00,2.316412e+00,2.113786e+00,2.265919e+00,2.031000e+00,2.222808e+00,2.174938e+00,2.041303e+00,2.272138e+00,2.140403e+00,1.936850e+00,2.282119e+00,2.091144e+00,2.229574e+00,1.836640e+00,2.015079e+00,1.850041e+00,2.167108e+00,2.232370e+00,1.898375e+00,2.156442e+00,2.132828e+00,2.221796e+00,1.959625e+00,2.042588e+00,2.109637e+00,1.373821e-01,1.836640e+00,2.316412e+00
6.164000e+00,1.294340e+00,2.317634e+00,2.111650e+00,2.266413e+00,2.034222e+00,2.223462e+00,2.175776e+00,2.041825e+00,2.272966e+00,2.142617e+00,1.937550e+00,2.283755e+00,2.092111e+00,2.230766e+00,1.839520e+00,2.015961e+00,1.851796e+00,2.168133e+00,2.234277e+00,1.899063e+00,2.156731e+00,2.133333e+00,2.222531e+00,1.961125e+00,2.040529e+00,2.110573e+00,1.372330e-01,1.839520e+00,2.317634e+00
6.165000e+00,1.294460e+00,2.318092e+00,2.113883e+00,2.267668e+00,2.031889e+00,2.225538e+00,2.175901e+00,2.042844e+00,2.272414e+00,2.143423e+00,1.938400e+00,2.285390e+00,2.093078e+00,2.231745e+00,1.839840e+00,2.016843e+00,1.852163e+00,2.169398e+00,2.234971e+00,1.899813e+00,2.158894e+00,2.134697e+00,2.223592e+00,1.961375e+00,2.039412e+00,2.111303e+00,1.374918e-01,1.839840e+00,2.318092e+00
6.166000e+00,1.294660e+00,2.318702e+00,2.113010e+00,2.269103e+00,2.033889e+00,2.226423e+00,2.176522e+00,2.044100e+00,2.273172e+00,2.144161e+00,1.939700e+00,2.286357e+00,2.094044e+00,2.232723e+00,1.840000e+00,2.017725e+00,1.853551e+00,2.169819e+00,2.235318e+00,1.901125e+00,2.159663e+00,2.135606e+00,2.224612e+00,1.962125e+00,2.038765e+00,2.112092e+00,1.374460e-01,1.840000e+00,2.318702e+00
6.167000e+00,1.294990e+00,2.320153e+00,2.114272e+00,2.270090e+00,2.034444e+00,2.227654e+00,2.176677e+00,2.045142e+00,2.274552e+00,2.146443e+00,1.940200e+00,2.288178e+00,2.095009e+00,2.232766e+00,1.841680e+00,2.018604e+00,1.854816e+00,2.170000e+00,2.236358e+00,1.901812e+00,2.159712e+00,2.137273e+00,2.225429e+00,1.962375e+00,2.039176e+00,2.113034e+00,1.375074e-01,1.841680e+00,2.320153e+00
6.168000e+00,1.295310e+00,2.319084e+00,2.115437e+00,2.270762e+00,2.032778e+00,2.228577e+00,2.177702e+00,2.045403e+00,2.274759e+00,2.147248e+00,1.941400e+00,2.289963e+00,2.095973e+00,2.234979e+00,1.842080e+00,2.019483e+00,1.855347e+00,2.170602e+00,2.234913e+00,1.903062e+00,2.157644e+00,2.139394e+00,2.226449e+00,1.963750e+00,2.039941e+00,2.113614e+00,1.374064e-01,1.842080e+00,2.319084e+00
6.169000e+00,1.295520e+00,2.320534e+00,2.115243e+00,2.271794e+00,2.034889e+00,2.229231e+00,2.177795e+00,2.046280e+00,2.275862e+00,2.148792e+00,1.941700e+00,2.291413e+00,2.096937e+00,2.236383e+00,1.843920e+00,2.020362e+00,1.856367e+00,2.171627e+00,2.234046e+00,1.904250e+00,2.156394e+00,2.140707e+00,2.226286e+00,1.962500e+00,2.039941e+00,2.114302e+00,1.373797e-01,1.843920e+00,2.320534e+00
6.170000e+00,1.295660e+00,2.320840e+00,2.114951e+00,2.271031e+00,2.035556e+00,2.230615e+00,2.179099e+00,2.046848e+00,2.276897e+00,2.148926e+00,1.941900e+00,2.292714e+00,2.097901e+00,2.237021e+00,1.845520e+00,2.021241e+00,1.855837e+00,2.171024e+00,2.233988e+00,1.904750e+00,2.156683e+00,2.141566e+00,2.225143e+00,1.962500e+00,2.039765e+00,2.114680e+00,1.373564e-01,1.845520e+00,2.320840e+00
6.171000e+00,1.295920e+00,2.319466e+00,2.115728e+00,2.272018e+00,2.035667e+00,2.231385e+00,2.180280e+00,2.047370e+00,2.277724e+00,2.149329e+00,1.942650e+00,2.294275e+00,2.098864e+00,2.238170e+00,1.845760e+00,2.022121e+00,1.855592e+00,2.167590e+00,2.233873e+00,1.906250e+00,2.157644e+00,2.142929e+00,2.224327e+00,1.960500e+00,2.041882e+00,2.115058e+00,1.373436e-01,1.845760e+00,2.319466e+00
6.172000e+00,1.296200e+00,2.320916e+00,2.116408e+00,2.273498e+00,2.036778e+00,2.232577e+00,2.181832e+00,2.048341e+00,2.278552e+00,2.150336e+00,1.943050e+00,2.295390e+00,2.099826e+00,2.240043e+00,1.846000e+00,2.023001e+00,1.855633e+00,2.164217e+00,2.234682e+00,1.905750e+00,2.158029e+00,2.144192e+00,2.224163e+00,1.959000e+00,2.042647e+00,2.115619e+00,1.377133e-01,1.846000e+00,2.320916e+00
6.173000e+00,1.296310e+00,2.319924e+00,2.117961e+00,2.274036e+00,2.035889e+00,2.233192e+00,2.183416e+00,2.049194e+00,2.279655e+00,2.151477e+00,1.943700e+00,2.296952e+00,2.100788e+00,2.240766e+00,1.845280e+00,2.023881e+00,1.855959e+00,2.162289e+00,2.235145e+00,1.907687e+00,2.159087e+00,2.143838e+00,2.224204e+00,1.956750e+00,2.043118e+00,2.116008e+00,1.378608e-01,1.845280e+00,2.319924e+00
6.174000e+00,1.296680e+00,2.320153e+00,2.116117e+00,2.274978e+00,2.038111e+00,2.233654e+00,2.184317e+00,2.049645e+00,2.280000e+00,2.152483e+00,1.944400e+00,2.298067e+00,2.101750e+00,2.241447e+00,1.844960e+00,2.024761e+00,1.857265e+00,2.162410e+00,2.235896e+00,1.908375e+00,2.160240e+00,2.143737e+00,2.224857e+00,1.956375e+00,2.043882e+00,2.116578e+00,1.378875e-01,1.844960e+00,2.320153e+00
6.175000e+00,1.296880e+00,2.321908e+00,2.117767e+00,2.275695e+00,2.037000e+00,2.234423e+00,2.185093e+00,2.050450e+00,2.280345e+00,2.154228e+00,1.945150e+00,2.299628e+00,2.102712e+00,2.242213e+00,1.846000e+00,2.025642e+00,1.858122e+00,2.163916e+00,2.236647e+00,1.909875e+00,2.161058e+00,2.143889e+00,2.225184e+00,1.956875e+00,2.045000e+00,2.117451e+00,1.379418e-01,1.846000e+00,2.321908e+00
6.176000e+00,1.297100e+00,2.322824e+00,2.116990e+00,2.275650e+00,2.039000e+00,2.235346e+00,2.186553e+00,2.051256e+00,2.280414e+00,2.154765e+00,1.945850e+00,2.301004e+00,2.103673e+00,2.243277e+00,1.846720e+00,2.026522e+00,1.859143e+00,2.165120e+00,2.236763e+00,1.910750e+00,2.162981e+00,2.145253e+00,2.226122e+00,1.957375e+00,2.045941e+00,2.118304e+00,1.379041e-01,1.846720e+00,2.322824e+00
6.177000e+00,1.297470e+00,2.323588e+00,2.116796e+00,2.275785e+00,2.041333e+00,2.236154e+00,2.187112e+00,2.052156e+00,2.281379e+00,2.155772e+00,1.946900e+00,2.301822e+00,2.104634e+00,2.243064e+00,1.848080e+00,2.027403e+00,1.860449e+00,2.167108e+00,2.238439e+00,1.911875e+00,2.164183e+00,2.146768e+00,2.227510e+00,1.957250e+00,2.047529e+00,2.119295e+00,1.377860e-01,1.848080e+00,2.323588e+00
6.178000e+00,1.297660e+00,2.324198e+00,2.117476e+00,2.274664e+00,2.041333e+00,2.237577e+00,2.188106e+00,2.052346e+00,2.282690e+00,2.156309e+00,1.947500e+00,2.302937e+00,2.105595e+00,2.242468e+00,1.848000e+00,2.028284e+00,1.861265e+00,2.167530e+00,2.239017e+00,1.913000e+00,2.166010e+00,2.147020e+00,2.228286e+00,1.959375e+00,2.047765e+00,2.119948e+00,1.377302e-01,1.848000e+00,2.324198e+00
6.179000e+00,1.297940e+00,2.326183e+00,2.116408e+00,2.274170e+00,2.041778e+00,2.237654e+00,2.188323e+00,2.053057e+00,2.283793e+00,2.157584e+00,1.948600e+00,2.303086e+00,2.106556e+00,2.242000e+00,1.848880e+00,2.029165e+00,1.861837e+00,2.169759e+00,2.240694e+00,1.913687e+00,2.166971e+00,2.147980e+00,2.229265e+00,1.960250e+00,2.048353e+00,2.120668e+00,1.377182e-01,1.848880e+00,2.326183e+00
6.180000e+00,1.298340e+00,2.326336e+00,2.115728e+00,2.274081e+00,2.042333e+00,2.238308e+00,2.188665e+00,2.054194e+00,2.284552e+00,2.156644e+00,1.949600e+00,2.303978e+00,2.107517e+00,2.242851e+00,1.849760e+00,2.030048e+00,1.862776e+00,2.170542e+00,2.241214e+00,1.914438e+00,2.168462e+00,2.149495e+00,2.229633e+00,1.959875e+00,2.050706e+00,2.121322e+00,1.375963e-01,1.849760e+00,2.326336e+00
6.181000e+00,1.298540e+00,2.326718e+00,2.117087e+00,2.274260e+00,2.041889e+00,2.239154e+00,2.189286e+00,2.054810e+00,2.285724e+00,2.157047e+00,1.950700e+00,2.305242e+00,2.108478e+00,2.242553e+00,1.851760e+00,2.030932e+00,1.864041e+00,2.171325e+00,2.242717e+00,1.915562e+00,2.170000e+00,2.150758e+00,2.230612e+00,1.962250e+00,2.051353e+00,2.122261e+00,1.373707e-01,1.851760e+00,2.326718e+00
6.182000e+00,1.298730e+00,2.329542e+00,2.117282e+00,2.274933e+00,2.042556e+00,2.240192e+00,2.190217e+00,2.056327e+00,2.286690e+00,2.157987e+00,1.951550e+00,2.306283e+00,2.109439e+00,2.242851e+00,1.850960e+00,2.031815e+00,1.865061e+00,2.173072e+00,2.243988e+00,1.916250e+00,2.170913e+00,2.151313e+00,2.232041e+00,1.961625e+00,2.052294e+00,2.123133e+00,1.377302e-01,1.850960e+00,2.329542e+00
6.183000e+00,1.299000e+00,2.329542e+00,2.116019e+00,2.275874e+00,2.040111e+00,2.241538e+00,2.190248e+00,2.057038e+00,2.286828e+00,2.157450e+00,1.952950e+00,2.307918e+00,2.110399e+00,2.243957e+00,1.852960e+00,2.032698e+00,1.866694e+00,2.174518e+00,2.244740e+00,1.917625e+00,2.171490e+00,2.151566e+00,2.232367e+00,1.964375e+00,2.053000e+00,2.123829e+00,1.374467e-01,1.852960e+00,2.329542e+00
6.184000e+00,1.299330e+00,2.331145e+00,2.116311e+00,2.276996e+00,2.038556e+00,2.241038e+00,2.189876e+00,2.058033e+00,2.286621e+00,2.158255e+00,1.954000e+00,2.308848e+00,2.111360e+00,2.244511e+00,1.853600e+00,2.033581e+00,1.868245e+00,2.174639e+00,2.245434e+00,1.918625e+00,2.172163e+00,2.152879e+00,2.233184e+00,1.964250e+00,2.054588e+00,2.124447e+00,1.373917e-01,1.853600e+00,2.331145e+00
6.185000e+00,1.299460e+00,2.330763e+00,2.116699e+00,2.277937e+00,2.039111e+00,2.241038e+00,2.189099e+00,2.058341e+00,2.285655e+00,2.159799e+00,1.955050e+00,2.307658e+00,2.112321e+00,2.246170e+00,1.854480e+00,2.034465e+00,1.868694e+00,2.175301e+00,2.248497e+00,1.919000e+00,2.173365e+00,2.153636e+00,2.234245e+00,1.964500e+00,2.055118e+00,2.125039e+00,1.372844e-01,1.854480e+00,2.330763e+00
6.186000e+00,1.299830e+00,2.332519e+00,2.116990e+00,2.279193e+00,2.039333e+00,2.240192e+00,2.189317e+00,2.059360e+00,2.285517e+00,2.160671e+00,1.955300e+00,2.308141e+00,2.113281e+00,2.246553e+00,1.856880e+00,2.035348e+00,1.868980e+00,2.176265e+00,2.249191e+00,1.920000e+00,2.175385e+00,2.154798e+00,2.235184e+00,1.966750e+00,2.056118e+00,2.125886e+00,1.371027e-01,1.856880e+00,2.332519e+00
6.187000e+00,1.300100e+00,2.333664e+00,2.117476e+00,2.280179e+00,2.040000e+00,2.240154e+00,2.190124e+00,2.059265e+00,2.286069e+00,2.161141e+00,1.956500e+00,2.308996e+00,2.114241e+00,2.247872e+00,1.857520e+00,2.036231e+00,1.871020e+00,2.177952e+00,2.250000e+00,1.920750e+00,2.176538e+00,2.154949e+00,2.235796e+00,1.969125e+00,2.056412e+00,2.126749e+00,1.369717e-01,1.857520e+00,2.333664e+00
6.188000e+00,1.300290e+00,2.333130e+00,2.117961e+00,2.281480e+00,2.040667e+00,2.240808e+00,2.190714e+00,2.060521e+00,2.286276e+00,2.161879e+00,1.956750e+00,2.309703e+00,2.115202e+00,2.249021e+00,1.858720e+00,2.037114e+00,1.871673e+00,2.177892e+00,2.251965e+00,1.921500e+00,2.177308e+00,2.156162e+00,2.236531e+00,1.971000e+00,2.057118e+00,2.127546e+00,1.368654e-01,1.858720e+00,2.333130e+00
6.189000e+00,1.300560e+00,2.334427e+00,2.118835e+00,2.281300e+00,2.041111e+00,2.241500e+00,2.191677e+00,2.060569e+00,2.287655e+00,2.162013e+00,1.956600e+00,2.311338e+00,2.116162e+00,2.249319e+00,1.859520e+00,2.037996e+00,1.872286e+00,2.178012e+00,2.252139e+00,1.921563e+00,2.178365e+00,2.157626e+00,2.237796e+00,1.971375e+00,2.058000e+00,2.128216e+00,1.370412e-01,1.859520e+00,2.334427e+00
6.190000e+00,1.300800e+00,2.335802e+00,2.118835e+00,2.282332e+00,2.041556e+00,2.242962e+00,2.191801e+00,2.060592e+00,2.289379e+00,2.163289e+00,1.957000e+00,2.312825e+00,2.117121e+00,2.250511e+00,1.860880e+00,2.038879e+00,1.873837e+00,2.178133e+00,2.253931e+00,1.923125e+00,2.180192e+00,2.158586e+00,2.239551e+00,1.971625e+00,2.058118e+00,2.129203e+00,1.372117e-01,1.860880e+00,2.335802e+00
6.191000e+00,1.301050e+00,2.336412e+00,2.117864e+00,2.283812e+00,2.042333e+00,2.243423e+00,2.192453e+00,2.061445e+00,2.290069e+00,2.164564e+00,1.957850e+00,2.313643e+00,2.118081e+00,2.253064e+00,1.862160e+00,2.039762e+00,1.874449e+00,2.179277e+00,2.253699e+00,1.923687e+00,2.181298e+00,2.158838e+00,2.240204e+00,1.973500e+00,2.058647e+00,2.130022e+00,1.371889e-01,1.862160e+00,2.336412e+00
6.192000e+00,1.301400e+00,2.338168e+00,2.120000e+00,2.283946e+00,2.043778e+00,2.243885e+00,2.193012e+00,2.061137e+00,2.290759e+00,2.166376e+00,1.958750e+00,2.314907e+00,2.119040e+00,2.253149e+00,1.862480e+00,2.040644e+00,1.875469e+00,2.179759e+00,2.253815e+00,1.922875e+00,2.182260e+00,2.160152e+00,2.240531e+00,1.974750e+00,2.060941e+00,2.130858e+00,1.372308e-01,1.862480e+00,2.338168e+00
6.193000e+00,1.301530e+00,2.338015e+00,2.120194e+00,2.285471e+00,2.043667e+00,2.244769e+00,2.194224e+00,2.060284e+00,2.292483e+00,2.167383e+00,1.958900e+00,2.316134e+00,2.119999e+00,2.254936e+00,1.863680e+00,2.041527e+00,1.877306e+00,2.181867e+00,2.253931e+00,1.923937e+00,2.182981e+00,2.159444e+00,2.241714e+00,1.975125e+00,2.062000e+00,2.131665e+00,1.372942e-01,1.863680e+00,2.338015e+00
6.194000e+00,1.301740e+00,2.339618e+00,2.121068e+00,2.285471e+00,2.045778e+00,2.245808e+00,2.195217e+00,2.059408e+00,2.292276e+00,2.168926e+00,1.959700e+00,2.317398e+00,2.120958e+00,2.256213e+00,1.864240e+00,2.042409e+00,1.877714e+00,2.182831e+00,2.254393e+00,1.924813e+00,2.183654e+00,2.158990e+00,2.242816e+00,1.976500e+00,2.060824e+00,2.132376e+00,1.373691e-01,1.864240e+00,2.339618e+00
6.195000e+00,1.302060e+00,2.340763e+00,2.121165e+00,2.285785e+00,2.046000e+00,2.247346e+00,2.196087e+00,2.059171e+00,2.293448e+00,2.170470e+00,1.959950e+00,2.318178e+00,2.121916e+00,2.256043e+00,1.866240e+00,2.043292e+00,1.878939e+00,2.184940e+00,2.254740e+00,1.925375e+00,2.184038e+00,2.155758e+00,2.243918e+00,1.977000e+00,2.062059e+00,2.133026e+00,1.373177e-01,1.866240e+00,2.340763e+00
6.196000e+00,1.302340e+00,2.342214e+00,2.122718e+00,2.286099e+00,2.047667e+00,2.247692e+00,2.196522e+00,2.059479e+00,2.294069e+00,2.170336e+00,1.961100e+00,2.319665e+00,2.122875e+00,2.257915e+00,1.865200e+00,2.044174e+00,1.879918e+00,2.185482e+00,2.256127e+00,1.925625e+00,2.185625e+00,2.156010e+00,2.244857e+00,1.979125e+00,2.062235e+00,2.133864e+00,1.374899e-01,1.865200e+00,2.342214e+00
6.197000e+00,1.302560e+00,2.343130e+00,2.121650e+00,2.288296e+00,2.047333e+00,2.248500e+00,2.198043e+00,2.060355e+00,2.295862e+00,2.171007e+00,1.961000e+00,2.320818e+00,2.123832e+00,2.258638e+00,1.867600e+00,2.045056e+00,1.881551e+00,2.187289e+00,2.256474e+00,1.927687e+00,2.186827e+00,2.155455e+00,2.245714e+00,1.979250e+00,2.063294e+00,2.134778e+00,1.374707e-01,1.867600e+00,2.343130e+00
6.198000e+00,1.302860e+00,2.343817e+00,2.124175e+00,2.288565e+00,2.048111e+00,2.248346e+00,2.199627e+00,2.059882e+00,2.297172e+00,2.171946e+00,1.961800e+00,2.321747e+00,2.124790e+00,2.260766e+00,1.869040e+00,2.045938e+00,1.883469e+00,2.188795e+00,2.257977e+00,1.928187e+00,2.187837e+00,2.156111e+00,2.246286e+00,1.981625e+00,2.064176e+00,2.135841e+00,1.373631e-01,1.869040e+00,2.343817e+00
6.199000e+00,1.303150e+00,2.345038e+00,2.123107e+00,2.289731e+00,2.050111e+00,2.249346e+00,2.201366e+00,2.060687e+00,2.298828e+00,2.173087e+00,1.961950e+00,2.323123e+00,2.125747e+00,2.260851e+00,1.869760e+00,2.046820e+00,1.884367e+00,2.188735e+00,2.259364e+00,1.928500e+00,2.188125e+00,2.156212e+00,2.246735e+00,1.979125e+00,2.065941e+00,2.136527e+00,1.376387e-01,1.869760e+00,2.345038e+00
6.200000e+00,1.303400e+00,2.346336e+00,2.123592e+00,2.292242e+00,2.051556e+00,2.250692e+00,2.202888e+00,2.061043e+00,2.299310e+00,2.174228e+00,1.963350e+00,2.324387e+00,2.126703e+00,2.261745e+00,1.870560e+00,2.047702e+00,1.885755e+00,2.189277e+00,2.260058e+00,1.929188e+00,2.189183e+00,2.157879e+00,2.247061e+00,1.982375e+00,2.066294e+00,2.137642e+00,1.376024e-01,1.870560e+00,2.346336e+00
6.201000e+00,1.303590e+00,2.346489e+00,2.123981e+00,2.292735e+00,2.052333e+00,2.251846e+00,2.203944e+00,2.062417e+00,2.301172e+00,2.174832e+00,1.964350e+00,2.326394e+00,2.127659e+00,2.263404e+00,1.870960e+00,2.048584e+00,1.886163e+00,2.190060e+00,2.261445e+00,1.931000e+00,2.189760e+00,2.158535e+00,2.247796e+00,1.983250e+00,2.067353e+00,2.138603e+00,1.376955e-01,1.870960e+00,2.346489e+00
6.202000e+00,1.303850e+00,2.348015e+00,2.125534e+00,2.294798e+00,2.052778e+00,2.253077e+00,2.204348e+00,2.063199e+00,2.303586e+00,2.177517e+00,1.965000e+00,2.327695e+00,2.128615e+00,2.263574e+00,1.870960e+00,2.049465e+00,1.887020e+00,2.191386e+00,2.262601e+00,1.931937e+00,2.190721e+00,2.160505e+00,2.249061e+00,1.984000e+00,2.067412e+00,2.139700e+00,1.380410e-01,1.870960e+00,2.348015e+00
6.203000e+00,1.304020e+00,2.348550e+00,2.126214e+00,2.295022e+00,2.053444e+00,2.254038e+00,2.205559e+00,2.064621e+00,2.304276e+00,2.177785e+00,1.964850e+00,2.328662e+00,2.129570e+00,2.264213e+00,1.873520e+00,2.050347e+00,1.887918e+00,2.190663e+00,2.263121e+00,1.933375e+00,2.192163e+00,2.160657e+00,2.249102e+00,1.984750e+00,2.068353e+00,2.140449e+00,1.377967e-01,1.873520e+00,2.348550e+00
6.204000e+00,1.304340e+00,2.349160e+00,2.126699e+00,2.296592e+00,2.054222e+00,2.254654e+00,2.206056e+00,2.065261e+00,2.305793e+00,2.179262e+00,1.965500e+00,2.330260e+00,2.130525e+00,2.265319e+00,1.874240e+00,2.051228e+00,1.888653e+00,2.189819e+00,2.263815e+00,1.933688e+00,2.193510e+00,2.161414e+00,2.246735e+00,1.985750e+00,2.068941e+00,2.141129e+00,1.378342e-01,1.874240e+00,2.349160e+00
6.205000e+00,1.304690e+00,2.350305e+00,2.126602e+00,2.297623e+00,2.055444e+00,2.256577e+00,2.207484e+00,2.066114e+00,2.305931e+00,2.180268e+00,1.965300e+00,2.331784e+00,2.131480e+00,2.266723e+00,1.875120e+00,2.052110e+00,1.889837e+00,2.191446e+00,2.263064e+00,1.934625e+00,2.193077e+00,2.162424e+00,2.246816e+00,1.986500e+00,2.069529e+00,2.141924e+00,1.378708e-01,1.875120e+00,2.350305e+00
6.206000e+00,1.304830e+00,2.351374e+00,2.127864e+00,2.298206e+00,2.055667e+00,2.257923e+00,2.208106e+00,2.066611e+00,2.306552e+00,2.181544e+00,1.965200e+00,2.333606e+00,2.132434e+00,2.266213e+00,1.877360e+00,2.052991e+00,1.891837e+00,2.193133e+00,2.261040e+00,1.935437e+00,2.191490e+00,2.163636e+00,2.246816e+00,1.987375e+00,2.070353e+00,2.142615e+00,1.376051e-01,1.877360e+00,2.351374e+00
6.207000e+00,1.305190e+00,2.351985e+00,2.128738e+00,2.299552e+00,2.056889e+00,2.259615e+00,2.209410e+00,2.067536e+00,2.308345e+00,2.182550e+00,1.965350e+00,2.335576e+00,2.133388e+00,2.266766e+00,1.877600e+00,2.053872e+00,1.891796e+00,2.194578e+00,2.259595e+00,1.935812e+00,2.190817e+00,2.164242e+00,2.246000e+00,1.988125e+00,2.071294e+00,2.143310e+00,1.377805e-01,1.877600e+00,2.351985e+00
6.208000e+00,1.305480e+00,2.352595e+00,2.128641e+00,2.300314e+00,2.057444e+00,2.260385e+00,2.210248e+00,2.067891e+00,2.309310e+00,2.183154e+00,1.966150e+00,2.335985e+00,2.134341e+00,2.268170e+00,1.878960e+00,2.054753e+00,1.892531e+00,2.195964e+00,2.259884e+00,1.936687e+00,2.190577e+00,2.166313e+00,2.248082e+00,1.989375e+00,2.072471e+00,2.144176e+00,1.377411e-01,1.878960e+00,2.352595e+00
6.209000e+00,1.305690e+00,2.354656e+00,2.129806e+00,2.301345e+00,2.058444e+00,2.260269e+00,2.210901e+00,2.069194e+00,2.310621e+00,2.184094e+00,1.966350e+00,2.337770e+00,2.135293e+00,2.269106e+00,1.880400e+00,2.055634e+00,1.893633e+00,2.196084e+00,2.260231e+00,1.938187e+00,2.191058e+00,2.167626e+00,2.248531e+00,1.990875e+00,2.072588e+00,2.145112e+00,1.377231e-01,1.880400e+00,2.354656e+00
6.210000e+00,1.305990e+00,2.354427e+00,2.127670e+00,2.301839e+00,2.060222e+00,2.260808e+00,2.211770e+00,2.070521e+00,2.311517e+00,2.185503e+00,1.966600e+00,2.338996e+00,2.136246e+00,2.269745e+00,1.881200e+00,2.056515e+00,1.895306e+00,2.197229e+00,2.260116e+00,1.939187e+00,2.191154e+00,2.168485e+00,2.249224e+00,1.989875e+00,2.074000e+00,2.145756e+00,1.376243e-01,1.881200e+00,2.354427e+00
6.211000e+00,1.306010e+00,2.354275e+00,2.129320e+00,2.302152e+00,2.061333e+00,2.261692e+00,2.212019e+00,2.070782e+00,2.313034e+00,2.186510e+00,1.967200e+00,2.340520e+00,2.137197e+00,2.270936e+00,1.881840e+00,2.057396e+00,1.895755e+00,2.197952e+00,2.260751e+00,1.939562e+00,2.192837e+00,2.170303e+00,2.250000e+00,1.991875e+00,2.074235e+00,2.146645e+00,1.376707e-01,1.881840e+00,2.354275e+00
6.212000e+00,1.306220e+00,2.355191e+00,2.129029e+00,2.303274e+00,2.062778e+00,2.262808e+00,2.212702e+00,2.071303e+00,2.314000e+00,2.188658e+00,1.967450e+00,2.341413e+00,2.138149e+00,2.272723e+00,1.883280e+00,2.058276e+00,1.895633e+00,2.198373e+00,2.261850e+00,1.939562e+00,2.193654e+00,2.171566e+00,2.250449e+00,1.992125e+00,2.075118e+00,2.147473e+00,1.378825e-01,1.883280e+00,2.355191e+00
6.213000e+00,1.306450e+00,2.355496e+00,2.128641e+00,2.303408e+00,2.065000e+00,2.263462e+00,2.214224e+00,2.071232e+00,2.315103e+00,2.189396e+00,1.967900e+00,2.342677e+00,2.139100e+00,2.273191e+00,1.885360e+00,2.059157e+00,1.895347e+00,2.199398e+00,2.263584e+00,1.941813e+00,2.194808e+00,2.172121e+00,2.251959e+00,1.992625e+00,2.075353e+00,2.148348e+00,1.378438e-01,1.885360e+00,2.355496e+00
6.214000e+00,1.306830e+00,2.355496e+00,2.129126e+00,2.303812e+00,2.063222e+00,2.263731e+00,2.214876e+00,2.072156e+00,2.316000e+00,2.189664e+00,1.968800e+00,2.343680e+00,2.140050e+00,2.274170e+00,1.884080e+00,2.060037e+00,1.895796e+00,2.199699e+00,2.264509e+00,1.942562e+00,2.196298e+00,2.172374e+00,2.253184e+00,1.994625e+00,2.076000e+00,2.148914e+00,1.379866e-01,1.884080e+00,2.355496e+00
6.215000e+00,1.307010e+00,2.353969e+00,2.130485e+00,2.304843e+00,2.065222e+00,2.264346e+00,2.215963e+00,2.072180e+00,2.316621e+00,2.189463e+00,1.969750e+00,2.344796e+00,2.141000e+00,2.275957e+00,1.885120e+00,2.060917e+00,1.896816e+00,2.200120e+00,2.265202e+00,1.943437e+00,2.197644e+00,2.173434e+00,2.253429e+00,1.995500e+00,2.077412e+00,2.149735e+00,1.377855e-01,1.885120e+00,2.353969e+00
6.216000e+00,1.307350e+00,2.355802e+00,2.130291e+00,2.305919e+00,2.064889e+00,2.265192e+00,2.217112e+00,2.073175e+00,2.317793e+00,2.188322e+00,1.970350e+00,2.346134e+00,2.141951e+00,2.276894e+00,1.886960e+00,2.061797e+00,1.898327e+00,2.201265e+00,2.266185e+00,1.941375e+00,2.198462e+00,2.175000e+00,2.255184e+00,1.997750e+00,2.077529e+00,2.150569e+00,1.379806e-01,1.886960e+00,2.355802e+00
6.217000e+00,1.307660e+00,2.357328e+00,2.131165e+00,2.306861e+00,2.065000e+00,2.266038e+00,2.218261e+00,2.073981e+00,2.318897e+00,2.187383e+00,1.970750e+00,2.347286e+00,2.142900e+00,2.276936e+00,1.886480e+00,2.062677e+00,1.898694e+00,2.203133e+00,2.267861e+00,1.939375e+00,2.200144e+00,2.176162e+00,2.256163e+00,1.997625e+00,2.077706e+00,2.151200e+00,1.385027e-01,1.886480e+00,2.357328e+00
6.218000e+00,1.307800e+00,2.356641e+00,2.130583e+00,2.308027e+00,2.065778e+00,2.267231e+00,2.219348e+00,2.075047e+00,2.320690e+00,2.188322e+00,1.971550e+00,2.348104e+00,2.143850e+00,2.278298e+00,1.887760e+00,2.063557e+00,1.899143e+00,2.205482e+00,2.268382e+00,1.939812e+00,2.201346e+00,2.176717e+00,2.257796e+00,1.998875e+00,2.078765e+00,2.152129e+00,1.385524e-01,1.887760e+00,2.356641e+00
6.219000e+00,1.308110e+00,2.357939e+00,2.132039e+00,2.308744e+00,2.065778e+00,2.266962e+00,2.220621e+00,2.075427e+00,2.321931e+00,2.188792e+00,1.973100e+00,2.349182e+00,2.144798e+00,2.279319e+00,1.889520e+00,2.064437e+00,1.899714e+00,2.205723e+00,2.269653e+00,1.939125e+00,2.202308e+00,2.177525e+00,2.258490e+00,1.999250e+00,2.079412e+00,2.152908e+00,1.386450e-01,1.889520e+00,2.357939e+00
6.220000e+00,1.308400e+00,2.358015e+00,2.132039e+00,2.309731e+00,2.066667e+00,2.267923e+00,2.221522e+00,2.075355e+00,2.322414e+00,2.189866e+00,1.973700e+00,2.350446e+00,2.145747e+00,2.280468e+00,1.888480e+00,2.065318e+00,1.901306e+00,2.206506e+00,2.270231e+00,1.939000e+00,2.203702e+00,2.178283e+00,2.260122e+00,1.999125e+00,2.080529e+00,2.153604e+00,1.388841e-01,1.888480e+00,2.358015e+00
6.221000e+00,1.308570e+00,2.359618e+00,2.132136e+00,2.311166e+00,2.067667e+00,2.268692e+00,2.222329e+00,2.076682e+00,2.323586e+00,2.191477e+00,1.974750e+00,2.351710e+00,2.146694e+00,2.280340e+00,1.889360e+00,2.066199e+00,1.902286e+00,2.206265e+00,2.272254e+00,1.940187e+00,2.205192e+00,2.180101e+00,2.260449e+00,1.999375e+00,2.080059e+00,2.154524e+00,1.389919e-01,1.889360e+00,2.359618e+00
6.222000e+00,1.308790e+00,2.360000e+00,2.131650e+00,2.311973e+00,2.067778e+00,2.268846e+00,2.222733e+00,2.077180e+00,2.324345e+00,2.192886e+00,1.975250e+00,2.351710e+00,2.147641e+00,2.281319e+00,1.893200e+00,2.067078e+00,1.902939e+00,2.205843e+00,2.272832e+00,1.940812e+00,2.206058e+00,2.180505e+00,2.261633e+00,1.999375e+00,2.078294e+00,2.155078e+00,1.388093e-01,1.893200e+00,2.360000e+00
6.223000e+00,1.309210e+00,2.361145e+00,2.133981e+00,2.313049e+00,2.069000e+00,2.268615e+00,2.223106e+00,2.078483e+00,2.324000e+00,2.193826e+00,1.976950e+00,2.351227e+00,2.148588e+00,2.283532e+00,1.892320e+00,2.067959e+00,1.903918e+00,2.206446e+00,2.273988e+00,1.942125e+00,2.206971e+00,2.181212e+00,2.262939e+00,2.000625e+00,2.077000e+00,2.155875e+00,1.387785e-01,1.892320e+00,2.361145e+00
6.224000e+00,1.309410e+00,2.362901e+00,2.132816e+00,2.314215e+00,2.069778e+00,2.268962e+00,2.223696e+00,2.079242e+00,2.323655e+00,2.193490e+00,1.977850e+00,2.351636e+00,2.149533e+00,2.283277e+00,1.893040e+00,2.068839e+00,1.905592e+00,2.205241e+00,2.275087e+00,1.943875e+00,2.207885e+00,2.181313e+00,2.263510e+00,2.003000e+00,2.077118e+00,2.156481e+00,1.385012e-01,1.893040e+00,2.362901e+00
6.225000e+00,1.309600e+00,2.361756e+00,2.133689e+00,2.314933e+00,2.070111e+00,2.268962e+00,2.224783e+00,2.079953e+00,2.322552e+00,2.195101e+00,1.978300e+00,2.352268e+00,2.150479e+00,2.283106e+00,1.894000e+00,2.069720e+00,1.907224e+00,2.207048e+00,2.275549e+00,1.943687e+00,2.209327e+00,2.182121e+00,2.264204e+00,2.001875e+00,2.076706e+00,2.156977e+00,1.383689e-01,1.894000e+00,2.361756e+00
6.226000e+00,1.310000e+00,2.364198e+00,2.134660e+00,2.315605e+00,2.072000e+00,2.269077e+00,2.225528e+00,2.081303e+00,2.323655e+00,2.195839e+00,1.979750e+00,2.353048e+00,2.151423e+00,2.283915e+00,1.895280e+00,2.070599e+00,1.908000e+00,2.208795e+00,2.275723e+00,1.945563e+00,2.210096e+00,2.182879e+00,2.264367e+00,2.004625e+00,2.077529e+00,2.158061e+00,1.381488e-01,1.895280e+00,2.364198e+00
6.227000e+00,1.310060e+00,2.365802e+00,2.137184e+00,2.316413e+00,2.071222e+00,2.269385e+00,2.226273e+00,2.081185e+00,2.324069e+00,2.196779e+00,1.980650e+00,2.354164e+00,2.152368e+00,2.285404e+00,1.896240e+00,2.071477e+00,1.908204e+00,2.211325e+00,2.276994e+00,1.947562e+00,2.211154e+00,2.183990e+00,2.264816e+00,2.003125e+00,2.077176e+00,2.158873e+00,1.383817e-01,1.896240e+00,2.365802e+00
6.228000e+00,1.310420e+00,2.367405e+00,2.135922e+00,2.316996e+00,2.072778e+00,2.270385e+00,2.226770e+00,2.081209e+00,2.324828e+00,2.198993e+00,1.981100e+00,2.355725e+00,2.153311e+00,2.286170e+00,1.897440e+00,2.072355e+00,1.909755e+00,2.211807e+00,2.277630e+00,1.948500e+00,2.212260e+00,2.184798e+00,2.264898e+00,2.003500e+00,2.078471e+00,2.159709e+00,1.383911e-01,1.897440e+00,2.367405e+00
6.229000e+00,1.310730e+00,2.367634e+00,2.136990e+00,2.318341e+00,2.073000e+00,2.271423e+00,2.227422e+00,2.079810e+00,2.326414e+00,2.199732e+00,1.981350e+00,2.357138e+00,2.154254e+00,2.286553e+00,1.897760e+00,2.073233e+00,1.910612e+00,2.211687e+00,2.278728e+00,1.949063e+00,2.213317e+00,2.185960e+00,2.265020e+00,2.004250e+00,2.080176e+00,2.160411e+00,1.385490e-01,1.897760e+00,2.367634e+00
6.230000e+00,1.310880e+00,2.368626e+00,2.138350e+00,2.317354e+00,2.075111e+00,2.272538e+00,2.228696e+00,2.079787e+00,2.328000e+00,2.201275e+00,1.981900e+00,2.358625e+00,2.155197e+00,2.287660e+00,1.899840e+00,2.074111e+00,1.911388e+00,2.212771e+00,2.279075e+00,1.950875e+00,2.214231e+00,2.185859e+00,2.266245e+00,2.005625e+00,2.081000e+00,2.161422e+00,1.383962e-01,1.899840e+00,2.368626e+00
6.231000e+00,1.311170e+00,2.370611e+00,2.137864e+00,2.316368e+00,2.074889e+00,2.273115e+00,2.229938e+00,2.079455e+00,2.330069e+00,2.202752e+00,1.982500e+00,2.360335e+00,2.156138e+00,2.286255e+00,1.900080e+00,2.074989e+00,1.912939e+00,2.213434e+00,2.279942e+00,1.951000e+00,2.214663e+00,2.187222e+00,2.267306e+00,2.007375e+00,2.082235e+00,2.162145e+00,1.384865e-01,1.900080e+00,2.370611e+00
6.232000e+00,1.311500e+00,2.371145e+00,2.138835e+00,2.315157e+00,2.074000e+00,2.273654e+00,2.231615e+00,2.079905e+00,2.330759e+00,2.204094e+00,1.982700e+00,2.361413e+00,2.157080e+00,2.285830e+00,1.899680e+00,2.075866e+00,1.913755e+00,2.213012e+00,2.281850e+00,1.952187e+00,2.215240e+00,2.187980e+00,2.267469e+00,2.007125e+00,2.083647e+00,2.162667e+00,1.385410e-01,1.899680e+00,2.371145e+00
6.233000e+00,1.311700e+00,2.372672e+00,2.140680e+00,2.313767e+00,2.075444e+00,2.273923e+00,2.232329e+00,2.080024e+00,2.331448e+00,2.205302e+00,1.983400e+00,2.362565e+00,2.158021e+00,2.286170e+00,1.901280e+00,2.076741e+00,1.915020e+00,2.213675e+00,2.282659e+00,1.953812e+00,2.217019e+00,2.188636e+00,2.268980e+00,2.008250e+00,2.083941e+00,2.163573e+00,1.383488e-01,1.901280e+00,2.372672e+00
6.234000e+00,1.311960e+00,2.373817e+00,2.139029e+00,2.313498e+00,2.077333e+00,2.275269e+00,2.232516e+00,2.080166e+00,2.332345e+00,2.206443e+00,1.983650e+00,2.363532e+00,2.158961e+00,2.287404e+00,1.901360e+00,2.077616e+00,1.915633e+00,2.214699e+00,2.283410e+00,1.954625e+00,2.218510e+00,2.189242e+00,2.269388e+00,2.008875e+00,2.083941e+00,2.164219e+00,1.384930e-01,1.901360e+00,2.373817e+00
6.235000e+00,1.312040e+00,2.374275e+00,2.140097e+00,2.313901e+00,2.078111e+00,2.275962e+00,2.231988e+00,2.080498e+00,2.332966e+00,2.206376e+00,1.985400e+00,2.364572e+00,2.159902e+00,2.287745e+00,1.902960e+00,2.078490e+00,1.917184e+00,2.216386e+00,2.284046e+00,1.955625e+00,2.219183e+00,2.189697e+00,2.270408e+00,2.011000e+00,2.085765e+00,2.165106e+00,1.381488e-01,1.902960e+00,2.374275e+00
6.236000e+00,1.312510e+00,2.375878e+00,2.140583e+00,2.315247e+00,2.079222e+00,2.276192e+00,2.230404e+00,2.080735e+00,2.333862e+00,2.206242e+00,1.986100e+00,2.365948e+00,2.160841e+00,2.288426e+00,1.903840e+00,2.079367e+00,1.918286e+00,2.216024e+00,2.284798e+00,1.957187e+00,2.220144e+00,2.190505e+00,2.269796e+00,2.010875e+00,2.085647e+00,2.165673e+00,1.381201e-01,1.903840e+00,2.375878e+00
6.237000e+00,1.312690e+00,2.374809e+00,2.140680e+00,2.316054e+00,2.077778e+00,2.277615e+00,2.230124e+00,2.081564e+00,2.334828e+00,2.207785e+00,1.986800e+00,2.367472e+00,2.161781e+00,2.290000e+00,1.904000e+00,2.080242e+00,1.918857e+00,2.216506e+00,2.286358e+00,1.958500e+00,2.221058e+00,2.191364e+00,2.268857e+00,2.012125e+00,2.086765e+00,2.166330e+00,1.381373e-01,1.904000e+00,2.374809e+00
6.238000e+00,1.312990e+00,2.376260e+00,2.141553e+00,2.316771e+00,2.080444e+00,2.277962e+00,2.229720e+00,2.082275e+00,2.336138e+00,2.209128e+00,1.987500e+00,2.367918e+00,2.162719e+00,2.290809e+00,1.905520e+00,2.081118e+00,1.919265e+00,2.218614e+00,2.285723e+00,1.960188e+00,2.222452e+00,2.192323e+00,2.268204e+00,2.012875e+00,2.087529e+00,2.167209e+00,1.379584e-01,1.905520e+00,2.376260e+00
6.239000e+00,1.313230e+00,2.376718e+00,2.142136e+00,2.317668e+00,2.081556e+00,2.278577e+00,2.230248e+00,2.083270e+00,2.337310e+00,2.211141e+00,1.988550e+00,2.369926e+00,2.163658e+00,2.290894e+00,1.906480e+00,2.081993e+00,1.921184e+00,2.218675e+00,2.287225e+00,1.960250e+00,2.223990e+00,2.192576e+00,2.267918e+00,2.011875e+00,2.088882e+00,2.168029e+00,1.379945e-01,1.906480e+00,2.376718e+00
6.240000e+00,1.313400e+00,2.375878e+00,2.141942e+00,2.319596e+00,2.081778e+00,2.279654e+00,2.231460e+00,2.084005e+00,2.339310e+00,2.212282e+00,1.990050e+00,2.370632e+00,2.164596e+00,2.292000e+00,1.908800e+00,2.082868e+00,1.921673e+00,2.218976e+00,2.287399e+00,1.962250e+00,2.224471e+00,2.194242e+00,2.267020e+00,2.012875e+00,2.089235e+00,2.168875e+00,1.377660e-01,1.908800e+00,2.375878e+00
6.241000e+00,1.313910e+00,2.378168e+00,2.142913e+00,2.320628e+00,2.083889e+00,2.280654e+00,2.232422e+00,2.085024e+00,2.340069e+00,2.212819e+00,1.990850e+00,2.372082e+00,2.165533e+00,2.293191e+00,1.907520e+00,2.083743e+00,1.922735e+00,2.219458e+00,2.288497e+00,1.963062e+00,2.224904e+00,2.194545e+00,2.268367e+00,2.013000e+00,2.090000e+00,2.169753e+00,1.380739e-01,1.907520e+00,2.378168e+00
6.242000e+00,1.314020e+00,2.379160e+00,2.143010e+00,2.321928e+00,2.082889e+00,2.281500e+00,2.233230e+00,2.086280e+00,2.341862e+00,2.214228e+00,1.992200e+00,2.373271e+00,2.166469e+00,2.294851e+00,1.909360e+00,2.084617e+00,1.923429e+00,2.220723e+00,2.287688e+00,1.964437e+00,2.224952e+00,2.192424e+00,2.268531e+00,2.013250e+00,2.091059e+00,2.170473e+00,1.380428e-01,1.909360e+00,2.379160e+00
6.243000e+00,1.314310e+00,2.379924e+00,2.142233e+00,2.322646e+00,2.084000e+00,2.282000e+00,2.233944e+00,2.087417e+00,2.342621e+00,2.214564e+00,1.992550e+00,2.374164e+00,2.167406e+00,2.294851e+00,1.908560e+00,2.085491e+00,1.924163e+00,2.222470e+00,2.286127e+00,1.965375e+00,2.222933e+00,2.190556e+00,2.269837e+00,2.015125e+00,2.092059e+00,2.170876e+00,1.379630e-01,1.908560e+00,2.379924e+00
6.244000e+00,1.314500e+00,2.380916e+00,2.142816e+00,2.323812e+00,2.084667e+00,2.283000e+00,2.235031e+00,2.088839e+00,2.343931e+00,2.214832e+00,1.993700e+00,2.376320e+00,2.168342e+00,2.295957e+00,1.910880e+00,2.086365e+00,1.925796e+00,2.222831e+00,2.285029e+00,1.966000e+00,2.221683e+00,2.189646e+00,2.270041e+00,2.016625e+00,2.093353e+00,2.171684e+00,1.377403e-01,1.910880e+00,2.380916e+00
6.245000e+00,1.314720e+00,2.382672e+00,2.141262e+00,2.325964e+00,2.082111e+00,2.284500e+00,2.236863e+00,2.089645e+00,2.344069e+00,2.216040e+00,1.994000e+00,2.377844e+00,2.169277e+00,2.297489e+00,1.910560e+00,2.087238e+00,1.926939e+00,2.223554e+00,2.284104e+00,1.966312e+00,2.222212e+00,2.190202e+00,2.270857e+00,2.016500e+00,2.093471e+00,2.172237e+00,1.381741e-01,1.910560e+00,2.382672e+00
6.246000e+00,1.315150e+00,2.383740e+00,2.142427e+00,2.326726e+00,2.080778e+00,2.285192e+00,2.237360e+00,2.091185e+00,2.345103e+00,2.217584e+00,1.994200e+00,2.378736e+00,2.170212e+00,2.297915e+00,1.913920e+00,2.088111e+00,1.927551e+00,2.224880e+00,2.285029e+00,1.967125e+00,2.222452e+00,2.190960e+00,2.271592e+00,2.017000e+00,2.094059e+00,2.173077e+00,1.380938e-01,1.913920e+00,2.383740e+00
6.247000e+00,1.315290e+00,2.384809e+00,2.142039e+00,2.327668e+00,2.079778e+00,2.286538e+00,2.238634e+00,2.091469e+00,2.346000e+00,2.218926e+00,1.994900e+00,2.379851e+00,2.171146e+00,2.298809e+00,1.913280e+00,2.088984e+00,1.929102e+00,2.226988e+00,2.286185e+00,1.967625e+00,2.222885e+00,2.191212e+00,2.272367e+00,2.017250e+00,2.095647e+00,2.173837e+00,1.383654e-01,1.913280e+00,2.384809e+00
6.248000e+00,1.315500e+00,2.385954e+00,2.143883e+00,2.328744e+00,2.079111e+00,2.287308e+00,2.239161e+00,2.092109e+00,2.346345e+00,2.219329e+00,1.994400e+00,2.381487e+00,2.172080e+00,2.300553e+00,1.914880e+00,2.089857e+00,1.930327e+00,2.227470e+00,2.286705e+00,1.967688e+00,2.224183e+00,2.192626e+00,2.272816e+00,2.018000e+00,2.097471e+00,2.174687e+00,1.384729e-01,1.914880e+00,2.385954e+00
6.249000e+00,1.315840e+00,2.387557e+00,2.143786e+00,2.329013e+00,2.080000e+00,2.287962e+00,2.239938e+00,2.092583e+00,2.347931e+00,2.221544e+00,1.993050e+00,2.383383e+00,2.173014e+00,2.302255e+00,1.915120e+00,2.090729e+00,1.930980e+00,2.228313e+00,2.288786e+00,1.969625e+00,2.225433e+00,2.193889e+00,2.273633e+00,2.020000e+00,2.098294e+00,2.175701e+00,1.387665e-01,1.915120e+00,2.387557e+00
6.250000e+00,1.316210e+00,2.389771e+00,2.144660e+00,2.330090e+00,2.079778e+00,2.288692e+00,2.240186e+00,2.093460e+00,2.349448e+00,2.221611e+00,1.993200e+00,2.384052e+00,2.173947e+00,2.302638e+00,1.916480e+00,2.091601e+00,1.932245e+00,2.229337e+00,2.290058e+00,1.971375e+00,2.227163e+00,2.195152e+00,2.274898e+00,2.020500e+00,2.098706e+00,2.176627e+00,1.388568e-01,1.916480e+00,2.389771e+00
6.251000e+00,1.316290e+00,2.388931e+00,2.144951e+00,2.330224e+00,2.082000e+00,2.289885e+00,2.240963e+00,2.093957e+00,2.351310e+00,2.220201e+00,1.994450e+00,2.385019e+00,2.174880e+00,2.304511e+00,1.916720e+00,2.092472e+00,1.933633e+00,2.229157e+00,2.290983e+00,1.971938e+00,2.227740e+00,2.196919e+00,2.275714e+00,2.020375e+00,2.099588e+00,2.177355e+00,1.388049e-01,1.916720e+00,2.388931e+00
6.252000e+00,1.316700e+00,2.389542e+00,2.145825e+00,2.331435e+00,2.084333e+00,2.290692e+00,2.241957e+00,2.093863e+00,2.352138e+00,2.220537e+00,1.994950e+00,2.386952e+00,2.175813e+00,2.305915e+00,1.917200e+00,2.093343e+00,1.934327e+00,2.228253e+00,2.292139e+00,1.972062e+00,2.228990e+00,2.198081e+00,2.276000e+00,2.022875e+00,2.100235e+00,2.178227e+00,1.388763e-01,1.917200e+00,2.389542e+00
6.253000e+00,1.316610e+00,2.390611e+00,2.146990e+00,2.333049e+00,2.082667e+00,2.291115e+00,2.242484e+00,2.094739e+00,2.354000e+00,2.220268e+00,1.995400e+00,2.388513e+00,2.176744e+00,2.305617e+00,1.918720e+00,2.094214e+00,1.934857e+00,2.227771e+00,2.292948e+00,1.973375e+00,2.230481e+00,2.198737e+00,2.276367e+00,2.021750e+00,2.100412e+00,2.178826e+00,1.390582e-01,1.918720e+00,2.390611e+00
6.254000e+00,1.317010e+00,2.390458e+00,2.146796e+00,2.333632e+00,2.086111e+00,2.291962e+00,2.243168e+00,2.095332e+00,2.355310e+00,2.220940e+00,1.996150e+00,2.389628e+00,2.177676e+00,2.307404e+00,1.919920e+00,2.095085e+00,1.934327e+00,2.226807e+00,2.294393e+00,1.975250e+00,2.231731e+00,2.198737e+00,2.277184e+00,2.020375e+00,2.101941e+00,2.179597e+00,1.390964e-01,1.919920e+00,2.390458e+00
6.255000e+00,1.317260e+00,2.388626e+00,2.148544e+00,2.334260e+00,2.084333e+00,2.292308e+00,2.244845e+00,2.096493e+00,2.356345e+00,2.221745e+00,1.996750e+00,2.389703e+00,2.178607e+00,2.308340e+00,1.917680e+00,2.095955e+00,1.934204e+00,2.223313e+00,2.294740e+00,1.976438e+00,2.232500e+00,2.199293e+00,2.278735e+00,2.018000e+00,2.102059e+00,2.179742e+00,1.393567e-01,1.917680e+00,2.389703e+00
6.256000e+00,1.317430e+00,2.389237e+00,2.147864e+00,2.335112e+00,2.085667e+00,2.292385e+00,2.245963e+00,2.096825e+00,2.355862e+00,2.222416e+00,1.998200e+00,2.390929e+00,2.179537e+00,2.310766e+00,1.918720e+00,2.096824e+00,1.935918e+00,2.222169e+00,2.295202e+00,1.976813e+00,2.232885e+00,2.200051e+00,2.279837e+00,2.016250e+00,2.104176e+00,2.180400e+00,1.393230e-01,1.918720e+00,2.390929e+00
6.257000e+00,1.317650e+00,2.388168e+00,2.149417e+00,2.336771e+00,2.087000e+00,2.293269e+00,2.247143e+00,2.098744e+00,2.356897e+00,2.223758e+00,1.998600e+00,2.391859e+00,2.180466e+00,2.311404e+00,1.918240e+00,2.097697e+00,1.936939e+00,2.222169e+00,2.295954e+00,1.977625e+00,2.233606e+00,2.200808e+00,2.280163e+00,2.015750e+00,2.104647e+00,2.181129e+00,1.393759e-01,1.918240e+00,2.391859e+00
6.258000e+00,1.317890e+00,2.389542e+00,2.149709e+00,2.337803e+00,2.087556e+00,2.294038e+00,2.248758e+00,2.099431e+00,2.358552e+00,2.225101e+00,1.999500e+00,2.392974e+00,2.181396e+00,2.312553e+00,1.917520e+00,2.098569e+00,1.936571e+00,2.222289e+00,2.297399e+00,1.978750e+00,2.235000e+00,2.202424e+00,2.280776e+00,2.013625e+00,2.104765e+00,2.181858e+00,1.398988e-01,1.917520e+00,2.392974e+00
6.259000e+00,1.318150e+00,2.388931e+00,2.151456e+00,2.338744e+00,2.089111e+00,2.293923e+00,2.250683e+00,2.100711e+00,2.359172e+00,2.225772e+00,2.000350e+00,2.393866e+00,2.182324e+00,2.313660e+00,1.919040e+00,2.099441e+00,1.937959e+00,2.223855e+00,2.297977e+00,1.979313e+00,2.236298e+00,2.203939e+00,2.281469e+00,2.011750e+00,2.106118e+00,2.182744e+00,1.398191e-01,1.919040e+00,2.393866e+00
6.260000e+00,1.318500e+00,2.389466e+00,2.150777e+00,2.340224e+00,2.088889e+00,2.293846e+00,2.251801e+00,2.100782e+00,2.359586e+00,2.227181e+00,2.001150e+00,2.394164e+00,2.183251e+00,2.314426e+00,1.920720e+00,2.100312e+00,1.939102e+00,2.223614e+00,2.298728e+00,1.981250e+00,2.237788e+00,2.205202e+00,2.282041e+00,2.014125e+00,2.106353e+00,2.183532e+00,1.395888e-01,1.920720e+00,2.394164e+00
6.261000e+00,1.318800e+00,2.389542e+00,2.151165e+00,2.340583e+00,2.090778e+00,2.293115e+00,2.252950e+00,2.102180e+00,2.359241e+00,2.227718e+00,2.002300e+00,2.393643e+00,2.184178e+00,2.314553e+00,1.920800e+00,2.101179e+00,1.939592e+00,2.224398e+00,2.299769e+00,1.982438e+00,2.238462e+00,2.207121e+00,2.282939e+00,2.014875e+00,2.106824e+00,2.184181e+00,1.393285e-01,1.920800e+00,2.393643e+00
6.262000e+00,1.318940e+00,2.390611e+00,2.151068e+00,2.340404e+00,2.093444e+00,2.292885e+00,2.253758e+00,2.102891e+00,2.359586e+00,2.227651e+00,2.002700e+00,2.393309e+00,2.185104e+00,2.315830e+00,1.921920e+00,2.102046e+00,1.941143e+00,2.225422e+00,2.300347e+00,1.983813e+00,2.239808e+00,2.207323e+00,2.283592e+00,2.015750e+00,2.107059e+00,2.184894e+00,1.390484e-01,1.921920e+00,2.393309e+00
6.263000e+00,1.319190e+00,2.392443e+00,2.153010e+00,2.341659e+00,2.091889e+00,2.293154e+00,2.254317e+00,2.103199e+00,2.360138e+00,2.228523e+00,2.003850e+00,2.394498e+00,2.186030e+00,2.316298e+00,1.922400e+00,2.102913e+00,1.941347e+00,2.226024e+00,2.301156e+00,1.984875e+00,2.240721e+00,2.208636e+00,2.284041e+00,2.015750e+00,2.107647e+00,2.185605e+00,1.392473e-01,1.922400e+00,2.394498e+00
6.264000e+00,1.319590e+00,2.393282e+00,2.152233e+00,2.343274e+00,2.093000e+00,2.293769e+00,2.255124e+00,2.102749e+00,2.361310e+00,2.229396e+00,2.005300e+00,2.394907e+00,2.186957e+00,2.317319e+00,1.924160e+00,2.103779e+00,1.942694e+00,2.226928e+00,2.302717e+00,1.985062e+00,2.241346e+00,2.209747e+00,2.284286e+00,2.019000e+00,2.108941e+00,2.186553e+00,1.390847e-01,1.924160e+00,2.394907e+00
6.265000e+00,1.319740e+00,2.394046e+00,2.154369e+00,2.343722e+00,2.095556e+00,2.294423e+00,2.255870e+00,2.101635e+00,2.360621e+00,2.230537e+00,2.006000e+00,2.395130e+00,2.187882e+00,2.318511e+00,1.924880e+00,2.104645e+00,1.944286e+00,2.227651e+00,2.303526e+00,1.985750e+00,2.242548e+00,2.211162e+00,2.284490e+00,2.019000e+00,2.108882e+00,2.187297e+00,1.389650e-01,1.924880e+00,2.395130e+00
6.266000e+00,1.319950e+00,2.396031e+00,2.154369e+00,2.344753e+00,2.095667e+00,2.294615e+00,2.257143e+00,2.100379e+00,2.361655e+00,2.232550e+00,2.007200e+00,2.396357e+00,2.188807e+00,2.319745e+00,1.925360e+00,2.105511e+00,1.944980e+00,2.230904e+00,2.304335e+00,1.985937e+00,2.243846e+00,2.211717e+00,2.285510e+00,2.019625e+00,2.109059e+00,2.188169e+00,1.393059e-01,1.925360e+00,2.396357e+00
6.267000e+00,1.320350e+00,2.396718e+00,2.155049e+00,2.346009e+00,2.096889e+00,2.296000e+00,2.257050e+00,2.099882e+00,2.362690e+00,2.233758e+00,2.008050e+00,2.397770e+00,2.189733e+00,2.320255e+00,1.926960e+00,2.106376e+00,1.946286e+00,2.232169e+00,2.305434e+00,1.987188e+00,2.244519e+00,2.213283e+00,2.284898e+00,2.020625e+00,2.110353e+00,2.189081e+00,1.392150e-01,1.926960e+00,2.397770e+00
6.268000e+00,1.320400e+00,2.398626e+00,2.155825e+00,2.346771e+00,2.097889e+00,2.297346e+00,2.258261e+00,2.099787e+00,2.364276e+00,2.235436e+00,2.009300e+00,2.399257e+00,2.190657e+00,2.320936e+00,1.927040e+00,2.107240e+00,1.947673e+00,2.233795e+00,2.306416e+00,1.987125e+00,2.245865e+00,2.213434e+00,2.284776e+00,2.022625e+00,2.110882e+00,2.190052e+00,1.393994e-01,1.927040e+00,2.399257e+00
6.269000e+00,1.320790e+00,2.399084e+00,2.157379e+00,2.347578e+00,2.099444e+00,2.297885e+00,2.258758e+00,2.100521e+00,2.365724e+00,2.237383e+00,2.009900e+00,2.400818e+00,2.191580e+00,2.322000e+00,1.927920e+00,2.108104e+00,1.948612e+00,2.234337e+00,2.307168e+00,1.988625e+00,2.247019e+00,2.215657e+00,2.284816e+00,2.025000e+00,2.111294e+00,2.191109e+00,1.393156e-01,1.927920e+00,2.400818e+00
6.270000e+00,1.321010e+00,2.401450e+00,2.156699e+00,2.347848e+00,2.100333e+00,2.299308e+00,2.258789e+00,2.100498e+00,2.367448e+00,2.238591e+00,2.010800e+00,2.402007e+00,2.192503e+00,2.322936e+00,1.928800e+00,2.108965e+00,1.949878e+00,2.235482e+00,2.309075e+00,1.989000e+00,2.248173e+00,2.215152e+00,2.283592e+00,2.025500e+00,2.112529e+00,2.191890e+00,1.394790e-01,1.928800e+00,2.402007e+00
6.271000e+00,1.321170e+00,2.403053e+00,2.157282e+00,2.348744e+00,2.100111e+00,2.299769e+00,2.258913e+00,2.101825e+00,2.368069e+00,2.239866e+00,2.012100e+00,2.403271e+00,2.193426e+00,2.324170e+00,1.929840e+00,2.109826e+00,1.951224e+00,2.235241e+00,2.308728e+00,1.990187e+00,2.249519e+00,2.216162e+00,2.281714e+00,2.027000e+00,2.114294e+00,2.192681e+00,1.392863e-01,1.929840e+00,2.403271e+00
6.272000e+00,1.321640e+00,2.402595e+00,2.158544e+00,2.349731e+00,2.101889e+00,2.300346e+00,2.259783e+00,2.101919e+00,2.369655e+00,2.239128e+00,2.012700e+00,2.404647e+00,2.194349e+00,2.324298e+00,1.930960e+00,2.110686e+00,1.951796e+00,2.235361e+00,2.309133e+00,1.991063e+00,2.249856e+00,2.217273e+00,2.280980e+00,2.028125e+00,2.115529e+00,2.193348e+00,1.391290e-01,1.930960e+00,2.404647e+00
6.273000e+00,1.321880e+00,2.403893e+00,2.158447e+00,2.350404e+00,2.101444e+00,2.301077e+00,2.260217e+00,2.103223e+00,2.371034e+00,2.240000e+00,2.013450e+00,2.405874e+00,2.195274e+00,2.325830e+00,1.930720e+00,2.111545e+00,1.953184e+00,2.235723e+00,2.309884e+00,1.992125e+00,2.249856e+00,2.217677e+00,2.281265e+00,2.027375e+00,2.115824e+00,2.193973e+00,1.393388e-01,1.930720e+00,2.405874e+00
6.274000e+00,1.322010e+00,2.404733e+00,2.156117e+00,2.351031e+00,2.102000e+00,2.301615e+00,2.260652e+00,2.103815e+00,2.371310e+00,2.241678e+00,2.013700e+00,2.407138e+00,2.196198e+00,2.326766e+00,1.932080e+00,2.112407e+00,1.954327e+00,2.236627e+00,2.309133e+00,1.992813e+00,2.251250e+00,2.218788e+00,2.281224e+00,2.029000e+00,2.116412e+00,2.194617e+00,1.392525e-01,1.932080e+00,2.407138e+00
6.275000e+00,1.322240e+00,2.406260e+00,2.157961e+00,2.351973e+00,2.104111e+00,2.302269e+00,2.261739e+00,2.104929e+00,2.373172e+00,2.242752e+00,2.014350e+00,2.407658e+00,2.197120e+00,2.328298e+00,1.934880e+00,2.113268e+00,1.954571e+00,2.238795e+00,2.310058e+00,1.993687e+00,2.251923e+00,2.219141e+00,2.281918e+00,2.032000e+00,2.116824e+00,2.195819e+00,1.391204e-01,1.934880e+00,2.407658e+00
6.276000e+00,1.322590e+00,2.405802e+00,2.157961e+00,2.352780e+00,2.103222e+00,2.302923e+00,2.262547e+00,2.105877e+00,2.373586e+00,2.243356e+00,2.015300e+00,2.408587e+00,2.198044e+00,2.329191e+00,1.935200e+00,2.114129e+00,1.956000e+00,2.241265e+00,2.310983e+00,1.994188e+00,2.252308e+00,2.220000e+00,2.283102e+00,2.033625e+00,2.117000e+00,2.196541e+00,1.390825e-01,1.935200e+00,2.408587e+00
6.277000e+00,1.322760e+00,2.406870e+00,2.159612e+00,2.353318e+00,2.105667e+00,2.302692e+00,2.263478e+00,2.107085e+00,2.374414e+00,2.244497e+00,2.015750e+00,2.409628e+00,2.198968e+00,2.330426e+00,1.935600e+00,2.114989e+00,1.957429e+00,2.242470e+00,2.312775e+00,1.992625e+00,2.253221e+00,2.221313e+00,2.282980e+00,2.032625e+00,2.118471e+00,2.197371e+00,1.392709e-01,1.935600e+00,2.409628e+00
6.278000e+00,1.323010e+00,2.408015e+00,2.159223e+00,2.353543e+00,2.104778e+00,2.303038e+00,2.265062e+00,2.107938e+00,2.376069e+00,2.245034e+00,2.016750e+00,2.410818e+00,2.199891e+00,2.331489e+00,1.936960e+00,2.115849e+00,1.958245e+00,2.245120e+00,2.313642e+00,1.991250e+00,2.254471e+00,2.221465e+00,2.284531e+00,2.034125e+00,2.118882e+00,2.198175e+00,1.395044e-01,1.936960e+00,2.410818e+00
6.279000e+00,1.323200e+00,2.407099e+00,2.159903e+00,2.354215e+00,2.105333e+00,2.303885e+00,2.265839e+00,2.108815e+00,2.376276e+00,2.246510e+00,2.017750e+00,2.412156e+00,2.200814e+00,2.332213e+00,1.938960e+00,2.116709e+00,1.959878e+00,2.246747e+00,2.313237e+00,1.990625e+00,2.255769e+00,2.222424e+00,2.284612e+00,2.035750e+00,2.118882e+00,2.198933e+00,1.392709e-01,1.938960e+00,2.412156e+00
6.280000e+00,1.323570e+00,2.409542e+00,2.160291e+00,2.356054e+00,2.107111e+00,2.304846e+00,2.267547e+00,2.109408e+00,2.378138e+00,2.247718e+00,2.018850e+00,2.412565e+00,2.201737e+00,2.333447e+00,1.940640e+00,2.117568e+00,1.960490e+00,2.246988e+00,2.312486e+00,1.990500e+00,2.255288e+00,2.222475e+00,2.285020e+00,2.036250e+00,2.117176e+00,2.199672e+00,1.394467e-01,1.940640e+00,2.412565e+00
6.281000e+00,1.323850e+00,2.409847e+00,2.160485e+00,2.355650e+00,2.107111e+00,2.305654e+00,2.268665e+00,2.110355e+00,2.379724e+00,2.248792e+00,2.020150e+00,2.413532e+00,2.202660e+00,2.334383e+00,1.940640e+00,2.118426e+00,1.961388e+00,2.246988e+00,2.311214e+00,1.991688e+00,2.253173e+00,2.223283e+00,2.285143e+00,2.037000e+00,2.115882e+00,2.200076e+00,1.393657e-01,1.940640e+00,2.413532e+00
6.282000e+00,1.324000e+00,2.410611e+00,2.162039e+00,2.355919e+00,2.108556e+00,2.306346e+00,2.269565e+00,2.111043e+00,2.381172e+00,2.248523e+00,2.020950e+00,2.415204e+00,2.203582e+00,2.334298e+00,1.941040e+00,2.119284e+00,1.962694e+00,2.247651e+00,2.310520e+00,1.991688e+00,2.252644e+00,2.224697e+00,2.285429e+00,2.038125e+00,2.115706e+00,2.200720e+00,1.393252e-01,1.941040e+00,2.415204e+00
6.283000e+00,1.324290e+00,2.411069e+00,2.162621e+00,2.357220e+00,2.109778e+00,2.307385e+00,2.270963e+00,2.111919e+00,2.382966e+00,2.249732e+00,2.021900e+00,2.416654e+00,2.204504e+00,2.334553e+00,1.942640e+00,2.120142e+00,1.963714e+00,2.248554e+00,2.311792e+00,1.992750e+00,2.252404e+00,2.225657e+00,2.286694e+00,2.038500e+00,2.115765e+00,2.201661e+00,1.393655e-01,1.942640e+00,2.416654e+00
6.284000e+00,1.324510e+00,2.411756e+00,2.163689e+00,2.356009e+00,2.109000e+00,2.308654e+00,2.271273e+00,2.112180e+00,2.383517e+00,2.250067e+00,2.023350e+00,2.417621e+00,2.205426e+00,2.334043e+00,1.944800e+00,2.120999e+00,1.964612e+00,2.248554e+00,2.312428e+00,1.995062e+00,2.253606e+00,2.226414e+00,2.286408e+00,2.038625e+00,2.115765e+00,2.202244e+00,1.390368e-01,1.944800e+00,2.417621e+00
6.285000e+00,1.324940e+00,2.412672e+00,2.163981e+00,2.355605e+00,2.111889e+00,2.310577e+00,2.272174e+00,2.113436e+00,2.384207e+00,2.250134e+00,2.024350e+00,2.418736e+00,2.206348e+00,2.332979e+00,1.944800e+00,2.121856e+00,1.965388e+00,2.250301e+00,2.313179e+00,1.996687e+00,2.254087e+00,2.226162e+00,2.286816e+00,2.041000e+00,2.116235e+00,2.203067e+00,1.388151e-01,1.944800e+00,2.418736e+00
6.286000e+00,1.325060e+00,2.414656e+00,2.165631e+00,2.354798e+00,2.111556e+00,2.311923e+00,2.272050e+00,2.113223e+00,2.385586e+00,2.250671e+00,2.024700e+00,2.420297e+00,2.207270e+00,2.332128e+00,1.945840e+00,2.122712e+00,1.967633e+00,2.251325e+00,2.313295e+00,1.997625e+00,2.254952e+00,2.227778e+00,2.286857e+00,2.042875e+00,2.117294e+00,2.203861e+00,1.386798e-01,1.945840e+00,2.420297e+00
6.287000e+00,1.325440e+00,2.416183e+00,2.164563e+00,2.353543e+00,2.112333e+00,2.312462e+00,2.270093e+00,2.113957e+00,2.386414e+00,2.250738e+00,2.025650e+00,2.421561e+00,2.208191e+00,2.332043e+00,1.948400e+00,2.123568e+00,1.968163e+00,2.253253e+00,2.315145e+00,1.998437e+00,2.255962e+00,2.227929e+00,2.287510e+00,2.046250e+00,2.118235e+00,2.204608e+00,1.383728e-01,1.948400e+00,2.421561e+00
6.288000e+00,1.325610e+00,2.415878e+00,2.166699e+00,2.354709e+00,2.112889e+00,2.312346e+00,2.269441e+00,2.113791e+00,2.387310e+00,2.251275e+00,2.026150e+00,2.423011e+00,2.209113e+00,2.333447e+00,1.948480e+00,2.124423e+00,1.969020e+00,2.253735e+00,2.316012e+00,1.999625e+00,2.256394e+00,2.229293e+00,2.287347e+00,2.046625e+00,2.118412e+00,2.205226e+00,1.383969e-01,1.948480e+00,2.423011e+00
6.289000e+00,1.325840e+00,2.417023e+00,2.166117e+00,2.355426e+00,2.113778e+00,2.312846e+00,2.268758e+00,2.115284e+00,2.389379e+00,2.252617e+00,2.026500e+00,2.424610e+00,2.210034e+00,2.334128e+00,1.948640e+00,2.125278e+00,1.969755e+00,2.253373e+00,2.316821e+00,2.000875e+00,2.257452e+00,2.228131e+00,2.287551e+00,2.045125e+00,2.119941e+00,2.205810e+00,1.385972e-01,1.948640e+00,2.424610e+00
6.290000e+00,1.326110e+00,2.418626e+00,2.168252e+00,2.355650e+00,2.115222e+00,2.313731e+00,2.269099e+00,2.116019e+00,2.390552e+00,2.253490e+00,2.027450e+00,2.426840e+00,2.210955e+00,2.334851e+00,1.949440e+00,2.126136e+00,1.970653e+00,2.252771e+00,2.317514e+00,2.002687e+00,2.258702e+00,2.226212e+00,2.288041e+00,2.046750e+00,2.120941e+00,2.206691e+00,1.385334e-01,1.949440e+00,2.426840e+00
6.291000e+00,1.326420e+00,2.419542e+00,2.168738e+00,2.356906e+00,2.116667e+00,2.314308e+00,2.268882e+00,2.117393e+00,2.392000e+00,2.253960e+00,2.027800e+00,2.427621e+00,2.211875e+00,2.336298e+00,1.951120e+00,2.126993e+00,1.971796e+00,2.251506e+00,2.317630e+00,2.003188e+00,2.260240e+00,2.225758e+00,2.288898e+00,2.047375e+00,2.121588e+00,2.207420e+00,1.384772e-01,1.951120e+00,2.427621e+00
6.292000e+00,1.326580e+00,2.419924e+00,2.170777e+00,2.357848e+00,2.116111e+00,2.314423e+00,2.269689e+00,2.118057e+00,2.392966e+00,2.254295e+00,2.028250e+00,2.428996e+00,2.212796e+00,2.337277e+00,1.951040e+00,2.127849e+00,1.972980e+00,2.251386e+00,2.318786e+00,2.003188e+00,2.261442e+00,2.226162e+00,2.288857e+00,2.047375e+00,2.122529e+00,2.208042e+00,1.386358e-01,1.951040e+00,2.428996e+00
6.293000e+00,1.326810e+00,2.421221e+00,2.170388e+00,2.358296e+00,2.117889e+00,2.315231e+00,2.270280e+00,2.119076e+00,2.394207e+00,2.256309e+00,2.026600e+00,2.430037e+00,2.213716e+00,2.337277e+00,1.953840e+00,2.128705e+00,1.974245e+00,2.252530e+00,2.320462e+00,2.004687e+00,2.263654e+00,2.226414e+00,2.289184e+00,2.047875e+00,2.123176e+00,2.208971e+00,1.386186e-01,1.953840e+00,2.430037e+00
6.294000e+00,1.327130e+00,2.421450e+00,2.172136e+00,2.359148e+00,2.117667e+00,2.315692e+00,2.271087e+00,2.119502e+00,2.394483e+00,2.257651e+00,2.026550e+00,2.431599e+00,2.214636e+00,2.338596e+00,1.952960e+00,2.129560e+00,1.974980e+00,2.251747e+00,2.321214e+00,2.005437e+00,2.264952e+00,2.227020e+00,2.289714e+00,2.049125e+00,2.124588e+00,2.209646e+00,1.387743e-01,1.952960e+00,2.431599e+00
6.295000e+00,1.327250e+00,2.421603e+00,2.170777e+00,2.359776e+00,2.118556e+00,2.316077e+00,2.271770e+00,2.120284e+00,2.395241e+00,2.258322e+00,2.026300e+00,2.432714e+00,2.215556e+00,2.340511e+00,1.954000e+00,2.130412e+00,1.974490e+00,2.253133e+00,2.321272e+00,2.006625e+00,2.265529e+00,2.226919e+00,2.289918e+00,2.049250e+00,2.125765e+00,2.210200e+00,1.388820e-01,1.954000e+00,2.432714e+00
6.296000e+00,1.327570e+00,2.421069e+00,2.174272e+00,2.361211e+00,2.118889e+00,2.317231e+00,2.272298e+00,2.120829e+00,2.396138e+00,2.260067e+00,2.027550e+00,2.433160e+00,2.216476e+00,2.341362e+00,1.956240e+00,2.131263e+00,1.974531e+00,2.253976e+00,2.322197e+00,2.008500e+00,2.266010e+00,2.228535e+00,2.290122e+00,2.051375e+00,2.126824e+00,2.211255e+00,1.385896e-01,1.956240e+00,2.433160e+00
6.297000e+00,1.327710e+00,2.420076e+00,2.172233e+00,2.362556e+00,2.118000e+00,2.318077e+00,2.273913e+00,2.121801e+00,2.397034e+00,2.261074e+00,2.028650e+00,2.434498e+00,2.217396e+00,2.341574e+00,1.956080e+00,2.132114e+00,1.974898e+00,2.255602e+00,2.322775e+00,2.009125e+00,2.266202e+00,2.229091e+00,2.290531e+00,2.051625e+00,2.127353e+00,2.211762e+00,1.387285e-01,1.956080e+00,2.434498e+00
6.298000e+00,1.328100e+00,2.421069e+00,2.174078e+00,2.363139e+00,2.120556e+00,2.317000e+00,2.274938e+00,2.122156e+00,2.398069e+00,2.263020e+00,2.029900e+00,2.434387e+00,2.218315e+00,2.342383e+00,1.958400e+00,2.132964e+00,1.976204e+00,2.256627e+00,2.324855e+00,2.010375e+00,2.267692e+00,2.230859e+00,2.291265e+00,2.052000e+00,2.128706e+00,2.212873e+00,1.384575e-01,1.958400e+00,2.434387e+00
6.299000e+00,1.328350e+00,2.419695e+00,2.174854e+00,2.364574e+00,2.121000e+00,2.316577e+00,2.275714e+00,2.123128e+00,2.398276e+00,2.264362e+00,2.030600e+00,2.433606e+00,2.219234e+00,2.343404e+00,1.958880e+00,2.133814e+00,1.976571e+00,2.258072e+00,2.326416e+00,2.011188e+00,2.269663e+00,2.231667e+00,2.292122e+00,2.053625e+00,2.128294e+00,2.213556e+00,1.383018e-01,1.958880e+00,2.433606e+00
6.300000e+00,1.328620e+00,2.420840e+00,2.175825e+00,2.364170e+00,2.121444e+00,2.316192e+00,2.276957e+00,2.122299e+00,2.397586e+00,2.264698e+00,2.031450e+00,2.433532e+00,2.220153e+00,2.344298e+00,1.959120e+00,2.134663e+00,1.976980e+00,2.257470e+00,2.327861e+00,2.011813e+00,2.270337e+00,2.232828e+00,2.292816e+00,2.052625e+00,2.130000e+00,2.213998e+00,1.382918e-01,1.959120e+00,2.433532e+00
6.301000e+00,1.328810e+00,2.421832e+00,2.175146e+00,2.365874e+00,2.123000e+00,2.316423e+00,2.278851e+00,2.121801e+00,2.398897e+00,2.265973e+00,2.031800e+00,2.433792e+00,2.221072e+00,2.344894e+00,1.960880e+00,2.135512e+00,1.978367e+00,2.258253e+00,2.329711e+00,2.014062e+00,2.271058e+00,2.233030e+00,2.293551e+00,2.054250e+00,2.130941e+00,2.214957e+00,1.381789e-01,1.960880e+00,2.433792e+00
6.302000e+00,1.328990e+00,2.421832e+00,2.176311e+00,2.367220e+00,2.121444e+00,2.317077e+00,2.280124e+00,2.121564e+00,2.400138e+00,2.266242e+00,2.032550e+00,2.433717e+00,2.221990e+00,2.345574e+00,1.962480e+00,2.136360e+00,1.979673e+00,2.258373e+00,2.330347e+00,2.015062e+00,2.272067e+00,2.235152e+00,2.294612e+00,2.054000e+00,2.131706e+00,2.215651e+00,1.381510e-01,1.962480e+00,2.433717e+00
6.303000e+00,1.329440e+00,2.423282e+00,2.177476e+00,2.367892e+00,2.123222e+00,2.317115e+00,2.281149e+00,2.120877e+00,2.401241e+00,2.267248e+00,2.033850e+00,2.434981e+00,2.222908e+00,2.346809e+00,1.963120e+00,2.137207e+00,1.981224e+00,2.259217e+00,2.330694e+00,2.016000e+00,2.272644e+00,2.235101e+00,2.293714e+00,2.053875e+00,2.132882e+00,2.216405e+00,1.381391e-01,1.963120e+00,2.434981e+00
6.304000e+00,1.329530e+00,2.424351e+00,2.177864e+00,2.369103e+00,2.123111e+00,2.317923e+00,2.281801e+00,2.121090e+00,2.402621e+00,2.268523e+00,2.034500e+00,2.436357e+00,2.223826e+00,2.347277e+00,1.963440e+00,2.138054e+00,1.982204e+00,2.259458e+00,2.331792e+00,2.017875e+00,2.272933e+00,2.236717e+00,2.292204e+00,2.055625e+00,2.134000e+00,2.217194e+00,1.381424e-01,1.963440e+00,2.436357e+00
6.305000e+00,1.330050e+00,2.425573e+00,2.177767e+00,2.369776e+00,2.124444e+00,2.318000e+00,2.283416e+00,2.121137e+00,2.402483e+00,2.269933e+00,2.035700e+00,2.437807e+00,2.224744e+00,2.347532e+00,1.965600e+00,2.138901e+00,1.982735e+00,2.260723e+00,2.332601e+00,2.017937e+00,2.273798e+00,2.236970e+00,2.291673e+00,2.058375e+00,2.134529e+00,2.218006e+00,1.379769e-01,1.965600e+00,2.437807e+00
6.306000e+00,1.330050e+00,2.425802e+00,2.177184e+00,2.369865e+00,2.124667e+00,2.318385e+00,2.284658e+00,2.121848e+00,2.404207e+00,2.270940e+00,2.036700e+00,2.438141e+00,2.225661e+00,2.347872e+00,1.966560e+00,2.139747e+00,1.983714e+00,2.261627e+00,2.333179e+00,2.018813e+00,2.276058e+00,2.238283e+00,2.290898e+00,2.058750e+00,2.135765e+00,2.218722e+00,1.379021e-01,1.966560e+00,2.438141e+00
6.307000e+00,1.330340e+00,2.427099e+00,2.177864e+00,2.370852e+00,2.123222e+00,2.319154e+00,2.285559e+00,2.122773e+00,2.404552e+00,2.272752e+00,2.037600e+00,2.439888e+00,2.226579e+00,2.349915e+00,1.966240e+00,2.140593e+00,1.984898e+00,2.261627e+00,2.333353e+00,2.019625e+00,2.277596e+00,2.239293e+00,2.290816e+00,2.059250e+00,2.136471e+00,2.219482e+00,1.381386e-01,1.966240e+00,2.439888e+00
6.308000e+00,1.330640e+00,2.428702e+00,2.177087e+00,2.371839e+00,2.123444e+00,2.320231e+00,2.286739e+00,2.123246e+00,2.405379e+00,2.273758e+00,2.038400e+00,2.441338e+00,2.227495e+00,2.350255e+00,1.967280e+00,2.141438e+00,1.986694e+00,2.261386e+00,2.333873e+00,2.021125e+00,2.278510e+00,2.240505e+00,2.290490e+00,2.061125e+00,2.137000e+00,2.220306e+00,1.380712e-01,1.967280e+00,2.441338e+00
6.309000e+00,1.330900e+00,2.429466e+00,2.178544e+00,2.372780e+00,2.122000e+00,2.320538e+00,2.287205e+00,2.123626e+00,2.406759e+00,2.273826e+00,2.039750e+00,2.442974e+00,2.228412e+00,2.350766e+00,1.967680e+00,2.142282e+00,1.987429e+00,2.261024e+00,2.334104e+00,2.022500e+00,2.279231e+00,2.241465e+00,2.290980e+00,2.062250e+00,2.137529e+00,2.220963e+00,1.381095e-01,1.967680e+00,2.442974e+00
6.310000e+00,1.331120e+00,2.432061e+00,2.178252e+00,2.373318e+00,2.121444e+00,2.320731e+00,2.288571e+00,2.124100e+00,2.408345e+00,2.274765e+00,2.040300e+00,2.444610e+00,2.229328e+00,2.352383e+00,1.968640e+00,2.143127e+00,1.988245e+00,2.260843e+00,2.335491e+00,2.023563e+00,2.280144e+00,2.243131e+00,2.291388e+00,2.060250e+00,2.138118e+00,2.221715e+00,1.385345e-01,1.968640e+00,2.444610e+00
6.311000e+00,1.331310e+00,2.432901e+00,2.180194e+00,2.374843e+00,2.123222e+00,2.321423e+00,2.288727e+00,2.124265e+00,2.409862e+00,2.275503e+00,2.042000e+00,2.446134e+00,2.230244e+00,2.353702e+00,1.970640e+00,2.143970e+00,1.989469e+00,2.261325e+00,2.336069e+00,2.023625e+00,2.281202e+00,2.243586e+00,2.291510e+00,2.061250e+00,2.139059e+00,2.222697e+00,1.384740e-01,1.970640e+00,2.446134e+00
6.312000e+00,1.331620e+00,2.432748e+00,2.180388e+00,2.376457e+00,2.122556e+00,2.322577e+00,2.290155e+00,2.124645e+00,2.411586e+00,2.276242e+00,2.042400e+00,2.447100e+00,2.231159e+00,2.354298e+00,1.970800e+00,2.144813e+00,1.991020e+00,2.261325e+00,2.336243e+00,2.024250e+00,2.281683e+00,2.245051e+00,2.293184e+00,2.063875e+00,2.139471e+00,2.223501e+00,1.385286e-01,1.970800e+00,2.447100e+00
6.313000e+00,1.331850e+00,2.435267e+00,2.181456e+00,2.377444e+00,2.124556e+00,2.323885e+00,2.290776e+00,2.125924e+00,2.412690e+00,2.277315e+00,2.043350e+00,2.448476e+00,2.232075e+00,2.355021e+00,1.973360e+00,2.145654e+00,1.992367e+00,2.262410e+00,2.337283e+00,2.025438e+00,2.282308e+00,2.245657e+00,2.293918e+00,2.065000e+00,2.139882e+00,2.224646e+00,1.384568e-01,1.973360e+00,2.448476e+00
6.314000e+00,1.332320e+00,2.435038e+00,2.181845e+00,2.378386e+00,2.125222e+00,2.324923e+00,2.291801e+00,2.126967e+00,2.413655e+00,2.279195e+00,2.044300e+00,2.449368e+00,2.232990e+00,2.357064e+00,1.973840e+00,2.146494e+00,1.993592e+00,2.264337e+00,2.337225e+00,2.026500e+00,2.283221e+00,2.245960e+00,2.295061e+00,2.065250e+00,2.141059e+00,2.225554e+00,1.384708e-01,1.973840e+00,2.449368e+00
6.315000e+00,1.332310e+00,2.436870e+00,2.182816e+00,2.379596e+00,2.126222e+00,2.325385e+00,2.292578e+00,2.127559e+00,2.415655e+00,2.280470e+00,2.045400e+00,2.450520e+00,2.233905e+00,2.357957e+00,1.974160e+00,2.147336e+00,1.994163e+00,2.265542e+00,2.338960e+00,2.027625e+00,2.284471e+00,2.246465e+00,2.295796e+00,2.065750e+00,2.142412e+00,2.226567e+00,1.387024e-01,1.974160e+00,2.450520e+00
6.316000e+00,1.332660e+00,2.436947e+00,2.182718e+00,2.379865e+00,2.126000e+00,2.325962e+00,2.293261e+00,2.128649e+00,2.416552e+00,2.281946e+00,2.046100e+00,2.451264e+00,2.234819e+00,2.357872e+00,1.976080e+00,2.148177e+00,1.996122e+00,2.267771e+00,2.340000e+00,2.028500e+00,2.285481e+00,2.247626e+00,2.296857e+00,2.066250e+00,2.143118e+00,2.227414e+00,1.385236e-01,1.976080e+00,2.451264e+00
6.317000e+00,1.332860e+00,2.438015e+00,2.184951e+00,2.380359e+00,2.128556e+00,2.326769e+00,2.294161e+00,2.130071e+00,2.417655e+00,2.281812e+00,2.046750e+00,2.452007e+00,2.235732e+00,2.359872e+00,1.976800e+00,2.149018e+00,1.997224e+00,2.269699e+00,2.340000e+00,2.029500e+00,2.285625e+00,2.248434e+00,2.298449e+00,2.067125e+00,2.144000e+00,2.228441e+00,1.384506e-01,1.976800e+00,2.452007e+00
6.318000e+00,1.333270e+00,2.438626e+00,2.184272e+00,2.382063e+00,2.129444e+00,2.327462e+00,2.295373e+00,2.130545e+00,2.418897e+00,2.282617e+00,2.047500e+00,2.453160e+00,2.236646e+00,2.361149e+00,1.977920e+00,2.149858e+00,1.998286e+00,2.271687e+00,2.337977e+00,2.029750e+00,2.284135e+00,2.249192e+00,2.299020e+00,2.068375e+00,2.144118e+00,2.229086e+00,1.384455e-01,1.977920e+00,2.453160e+00
6.319000e+00,1.333430e+00,2.437481e+00,2.185728e+00,2.382825e+00,2.129222e+00,2.328462e+00,2.295497e+00,2.131730e+00,2.420552e+00,2.282416e+00,2.048650e+00,2.454238e+00,2.237559e+00,2.360298e+00,1.979840e+00,2.150698e+00,1.999592e+00,2.272892e+00,2.336879e+00,2.031188e+00,2.282356e+00,2.249040e+00,2.300122e+00,2.067625e+00,2.145176e+00,2.229586e+00,1.381043e-01,1.979840e+00,2.454238e+00
6.320000e+00,1.333510e+00,2.439466e+00,2.184660e+00,2.383946e+00,2.130667e+00,2.328500e+00,2.296522e+00,2.132346e+00,2.420828e+00,2.281745e+00,2.048750e+00,2.455502e+00,2.238472e+00,2.361149e+00,1.979760e+00,2.151537e+00,2.000857e+00,2.270422e+00,2.336705e+00,2.031938e+00,2.280865e+00,2.250455e+00,2.300449e+00,2.068500e+00,2.146294e+00,2.230014e+00,1.381150e-01,1.979760e+00,2.455502e+00
6.321000e+00,1.333910e+00,2.440153e+00,2.186505e+00,2.385067e+00,2.131889e+00,2.328769e+00,2.297671e+00,2.133863e+00,2.422414e+00,2.280872e+00,2.050500e+00,2.456691e+00,2.239385e+00,2.362383e+00,1.981600e+00,2.152376e+00,2.002000e+00,2.269578e+00,2.337572e+00,2.032563e+00,2.281538e+00,2.251515e+00,2.302204e+00,2.069625e+00,2.146529e+00,2.230969e+00,1.379867e-01,1.981600e+00,2.456691e+00
6.322000e+00,1.334120e+00,2.440916e+00,2.186699e+00,2.384888e+00,2.132222e+00,2.329038e+00,2.298447e+00,2.134526e+00,2.423241e+00,2.280872e+00,2.050500e+00,2.457361e+00,2.240297e+00,2.363277e+00,1.982960e+00,2.153214e+00,2.003061e+00,2.268494e+00,2.335954e+00,2.033437e+00,2.282260e+00,2.251717e+00,2.302939e+00,2.070625e+00,2.146706e+00,2.231402e+00,1.378128e-01,1.982960e+00,2.457361e+00
6.323000e+00,1.334420e+00,2.442595e+00,2.188155e+00,2.385650e+00,2.133111e+00,2.329308e+00,2.299689e+00,2.135569e+00,2.424345e+00,2.282282e+00,2.052000e+00,2.458848e+00,2.241210e+00,2.363191e+00,1.983440e+00,2.154052e+00,2.003959e+00,2.269217e+00,2.336763e+00,2.033812e+00,2.282260e+00,2.252222e+00,2.303429e+00,2.070000e+00,2.147176e+00,2.232179e+00,1.379410e-01,1.983440e+00,2.458848e+00
6.324000e+00,1.334670e+00,2.442672e+00,2.188835e+00,2.386233e+00,2.134889e+00,2.330462e+00,2.301273e+00,2.135829e+00,2.425724e+00,2.283624e+00,2.053150e+00,2.460632e+00,2.242122e+00,2.364723e+00,1.984800e+00,2.154892e+00,2.005469e+00,2.270060e+00,2.337977e+00,2.035250e+00,2.283365e+00,2.252828e+00,2.304449e+00,2.072000e+00,2.148176e+00,2.233310e+00,1.378472e-01,1.984800e+00,2.460632e+00
6.325000e+00,1.334860e+00,2.443359e+00,2.189806e+00,2.386771e+00,2.135222e+00,2.331192e+00,2.302360e+00,2.136588e+00,2.426897e+00,2.285302e+00,2.054500e+00,2.461822e+00,2.243034e+00,2.365064e+00,1.984560e+00,2.155731e+00,2.007061e+00,2.270964e+00,2.339249e+00,2.035562e+00,2.284375e+00,2.253636e+00,2.304816e+00,2.072000e+00,2.149588e+00,2.234144e+00,1.379444e-01,1.984560e+00,2.461822e+00
6.326000e+00,1.335240e+00,2.443740e+00,2.190000e+00,2.387848e+00,2.136889e+00,2.332038e+00,2.303727e+00,2.137156e+00,2.427241e+00,2.286711e+00,2.055350e+00,2.463309e+00,2.243945e+00,2.365064e+00,1.985440e+00,2.156569e+00,2.007510e+00,2.272470e+00,2.340116e+00,2.036812e+00,2.285385e+00,2.254747e+00,2.305755e+00,2.073750e+00,2.150647e+00,2.235093e+00,1.378846e-01,1.985440e+00,2.463309e+00
6.327000e+00,1.335550e+00,2.445573e+00,2.191456e+00,2.388700e+00,2.135556e+00,2.332462e+00,2.304565e+00,2.138009e+00,2.428552e+00,2.288054e+00,2.056350e+00,2.464089e+00,2.244856e+00,2.366723e+00,1.986640e+00,2.157407e+00,2.008735e+00,2.273313e+00,2.340867e+00,2.036500e+00,2.287837e+00,2.255253e+00,2.306163e+00,2.073375e+00,2.152235e+00,2.235970e+00,1.381140e-01,1.986640e+00,2.464089e+00
6.328000e+00,1.335690e+00,2.446489e+00,2.190485e+00,2.389283e+00,2.139556e+00,2.333500e+00,2.305124e+00,2.138483e+00,2.429172e+00,2.289463e+00,2.056950e+00,2.465762e+00,2.245767e+00,2.367660e+00,1.988160e+00,2.158244e+00,2.010327e+00,2.273614e+00,2.342139e+00,2.037125e+00,2.288173e+00,2.255859e+00,2.306776e+00,2.074625e+00,2.152294e+00,2.236876e+00,1.380229e-01,1.988160e+00,2.465762e+00
6.329000e+00,1.335950e+00,2.447481e+00,2.191262e+00,2.390179e+00,2.139556e+00,2.334500e+00,2.305000e+00,2.139289e+00,2.430138e+00,2.290470e+00,2.057600e+00,2.466394e+00,2.246678e+00,2.368851e+00,1.989120e+00,2.159081e+00,2.010980e+00,2.274337e+00,2.342717e+00,2.039062e+00,2.289567e+00,2.256768e+00,2.307878e+00,2.073500e+00,2.152706e+00,2.237630e+00,1.381173e-01,1.989120e+00,2.466394e+00
6.330000e+00,1.336150e+00,2.449466e+00,2.192330e+00,2.390583e+00,2.140667e+00,2.335500e+00,2.305559e+00,2.139171e+00,2.432207e+00,2.291477e+00,2.058300e+00,2.468587e+00,2.247588e+00,2.369660e+00,1.990000e+00,2.159915e+00,2.012204e+00,2.274036e+00,2.343988e+00,2.040000e+00,2.291394e+00,2.257828e+00,2.308653e+00,2.073750e+00,2.153529e+00,2.238600e+00,1.383720e-01,1.990000e+00,2.468587e+00
6.331000e+00,1.336500e+00,2.450611e+00,2.192427e+00,2.391883e+00,2.142222e+00,2.336808e+00,2.305714e+00,2.139858e+00,2.433379e+00,2.291812e+00,2.059100e+00,2.470000e+00,2.248498e+00,2.370298e+00,1.991360e+00,2.160749e+00,2.013429e+00,2.274157e+00,2.345723e+00,2.040375e+00,2.292163e+00,2.257828e+00,2.310041e+00,2.075375e+00,2.153882e+00,2.239487e+00,1.384151e-01,1.991360e+00,2.470000e+00
6.332000e+00,1.336760e+00,2.451221e+00,2.195146e+00,2.393004e+00,2.141444e+00,2.336846e+00,2.305776e+00,2.139550e+00,2.434828e+00,2.292752e+00,2.060300e+00,2.470818e+00,2.249408e+00,2.370936e+00,1.992640e+00,2.161582e+00,2.014531e+00,2.274819e+00,2.346185e+00,2.041313e+00,2.293077e+00,2.259899e+00,2.310694e+00,2.076000e+00,2.154882e+00,2.240319e+00,1.383797e-01,1.992640e+00,2.470818e+00
6.333000e+00,1.336920e+00,2.451450e+00,2.193981e+00,2.394484e+00,2.143556e+00,2.337385e+00,2.306863e+00,2.140474e+00,2.435655e+00,2.294564e+00,2.061100e+00,2.472454e+00,2.250318e+00,2.372809e+00,1.992400e+00,2.162415e+00,2.015265e+00,2.275361e+00,2.346936e+00,2.043000e+00,2.293894e+00,2.260303e+00,2.311143e+00,2.077000e+00,2.155353e+00,2.241173e+00,1.384894e-01,1.992400e+00,2.472454e+00
6.334000e+00,1.337250e+00,2.452061e+00,2.195534e+00,2.395336e+00,2.145000e+00,2.338423e+00,2.306894e+00,2.141398e+00,2.437793e+00,2.296242e+00,2.062350e+00,2.473086e+00,2.251227e+00,2.373021e+00,1.993440e+00,2.163248e+00,2.015796e+00,2.277590e+00,2.347283e+00,2.043500e+00,2.295000e+00,2.261364e+00,2.312204e+00,2.077250e+00,2.155588e+00,2.242110e+00,1.385440e-01,1.993440e+00,2.473086e+00
6.335000e+00,1.337520e+00,2.452595e+00,2.195437e+00,2.395426e+00,2.144222e+00,2.338923e+00,2.307826e+00,2.141825e+00,2.438207e+00,2.296846e+00,2.062950e+00,2.474015e+00,2.252136e+00,2.374723e+00,1.995120e+00,2.164079e+00,2.016816e+00,2.279880e+00,2.348497e+00,2.044062e+00,2.296202e+00,2.262071e+00,2.312857e+00,2.078625e+00,2.157412e+00,2.242948e+00,1.384987e-01,1.995120e+00,2.474015e+00
6.336000e+00,1.337720e+00,2.453511e+00,2.195728e+00,2.396143e+00,2.146333e+00,2.338346e+00,2.309379e+00,2.142156e+00,2.438690e+00,2.298523e+00,2.063100e+00,2.474089e+00,2.253045e+00,2.375064e+00,1.994640e+00,2.164911e+00,2.018286e+00,2.280964e+00,2.349884e+00,2.045312e+00,2.296923e+00,2.261970e+00,2.312735e+00,2.078500e+00,2.158471e+00,2.243613e+00,1.384812e-01,1.994640e+00,2.474089e+00
6.337000e+00,1.337850e+00,2.452901e+00,2.196214e+00,2.395830e+00,2.147111e+00,2.337538e+00,2.309503e+00,2.141303e+00,2.437931e+00,2.299866e+00,2.062150e+00,2.473941e+00,2.253954e+00,2.375787e+00,1.995760e+00,2.165742e+00,2.017633e+00,2.281687e+00,2.350983e+00,2.045062e+00,2.298029e+00,2.260000e+00,2.311755e+00,2.079250e+00,2.157824e+00,2.243656e+00,1.384215e-01,1.995760e+00,2.473941e+00
6.338000e+00,1.338140e+00,2.452366e+00,2.195243e+00,2.393767e+00,2.146778e+00,2.336538e+00,2.308758e+00,2.140474e+00,2.437379e+00,2.300000e+00,2.061300e+00,2.473755e+00,2.254862e+00,2.373915e+00,1.995760e+00,2.166572e+00,2.018286e+00,2.278133e+00,2.350694e+00,2.043125e+00,2.299183e+00,2.258131e+00,2.311673e+00,2.076250e+00,2.155882e+00,2.242868e+00,1.384449e-01,1.995760e+00,2.473755e+00
6.339000e+00,1.338340e+00,2.451298e+00,2.195534e+00,2.393049e+00,2.149000e+00,2.335692e+00,2.307857e+00,2.140284e+00,2.436828e+00,2.300940e+00,2.061150e+00,2.473309e+00,2.255771e+00,2.373106e+00,1.996320e+00,2.167402e+00,2.018122e+00,2.274458e+00,2.352948e+00,2.042687e+00,2.299952e+00,2.257374e+00,2.312327e+00,2.072875e+00,2.154882e+00,2.242632e+00,1.384089e-01,1.996320e+00,2.473309e+00
6.340000e+00,1.338710e+00,2.452672e+00,2.195825e+00,2.392691e+00,2.150111e+00,2.335115e+00,2.308261e+00,2.140095e+00,2.437724e+00,2.302081e+00,2.062100e+00,2.473643e+00,2.256679e+00,2.373234e+00,1.993840e+00,2.168232e+00,2.018776e+00,2.272289e+00,2.353584e+00,2.042187e+00,2.300769e+00,2.258434e+00,2.312612e+00,2.072250e+00,2.154765e+00,2.242832e+00,1.387077e-01,1.993840e+00,2.473643e+00
6.341000e+00,1.338870e+00,2.451069e+00,2.196019e+00,2.392332e+00,2.150222e+00,2.335500e+00,2.308540e+00,2.140972e+00,2.439793e+00,2.302617e+00,2.062550e+00,2.474461e+00,2.257586e+00,2.373234e+00,1.994400e+00,2.169061e+00,2.019510e+00,2.270241e+00,2.354740e+00,2.042812e+00,2.302115e+00,2.258384e+00,2.313837e+00,2.071125e+00,2.155176e+00,2.243179e+00,1.387117e-01,1.994400e+00,2.474461e+00
6.342000e+00,1.339210e+00,2.452595e+00,2.196893e+00,2.393543e+00,2.151333e+00,2.336231e+00,2.309286e+00,2.142227e+00,2.440621e+00,2.304228e+00,2.063300e+00,2.475167e+00,2.258494e+00,2.372596e+00,1.995760e+00,2.169890e+00,2.020898e+00,2.270663e+00,2.354682e+00,2.044125e+00,2.303510e+00,2.259343e+00,2.314939e+00,2.071625e+00,2.155176e+00,2.244047e+00,1.386160e-01,1.995760e+00,2.475167e+00
6.343000e+00,1.339440e+00,2.453206e+00,2.197087e+00,2.393498e+00,2.151889e+00,2.336692e+00,2.309689e+00,2.142227e+00,2.440759e+00,2.306443e+00,2.064300e+00,2.476320e+00,2.259401e+00,2.374766e+00,1.996400e+00,2.170718e+00,2.021429e+00,2.271145e+00,2.355549e+00,2.045500e+00,2.304279e+00,2.259343e+00,2.315469e+00,2.073875e+00,2.155118e+00,2.244796e+00,1.385764e-01,1.996400e+00,2.476320e+00
6.344000e+00,1.339830e+00,2.453130e+00,2.198447e+00,2.394126e+00,2.153889e+00,2.337154e+00,2.311180e+00,2.143057e+00,2.443034e+00,2.306510e+00,2.065550e+00,2.477026e+00,2.260309e+00,2.375489e+00,1.997280e+00,2.171545e+00,2.022367e+00,2.272108e+00,2.357283e+00,2.045500e+00,2.305721e+00,2.260808e+00,2.317224e+00,2.073875e+00,2.157000e+00,2.245817e+00,1.386279e-01,1.997280e+00,2.477026e+00
6.345000e+00,1.339950e+00,2.454275e+00,2.198932e+00,2.394709e+00,2.153000e+00,2.337308e+00,2.311894e+00,2.143175e+00,2.444207e+00,2.308322e+00,2.066300e+00,2.478513e+00,2.261215e+00,2.374553e+00,1.999360e+00,2.172373e+00,2.023755e+00,2.274036e+00,2.358035e+00,2.046375e+00,2.306010e+00,2.261263e+00,2.317959e+00,2.072000e+00,2.157000e+00,2.246440e+00,1.387336e-01,1.999360e+00,2.478513e+00
6.346000e+00,1.340090e+00,2.455496e+00,2.200680e+00,2.395471e+00,2.155333e+00,2.338692e+00,2.313075e+00,2.144479e+00,2.444966e+00,2.309664e+00,2.067900e+00,2.479219e+00,2.262122e+00,2.375447e+00,1.998560e+00,2.173200e+00,2.025020e+00,2.276265e+00,2.358844e+00,2.047813e+00,2.307548e+00,2.260960e+00,2.319347e+00,2.075875e+00,2.158294e+00,2.247678e+00,1.385814e-01,1.998560e+00,2.479219e+00
6.347000e+00,1.340480e+00,2.457405e+00,2.200194e+00,2.396143e+00,2.155444e+00,2.340308e+00,2.314130e+00,2.144384e+00,2.446966e+00,2.310940e+00,2.068750e+00,2.480669e+00,2.263029e+00,2.377106e+00,1.999120e+00,2.174026e+00,2.025429e+00,2.277651e+00,2.359191e+00,2.048938e+00,2.308462e+00,2.262727e+00,2.320531e+00,2.077000e+00,2.159235e+00,2.248657e+00,1.389020e-01,1.999120e+00,2.480669e+00
6.348000e+00,1.340680e+00,2.458702e+00,2.201359e+00,2.397085e+00,2.155556e+00,2.341385e+00,2.314969e+00,2.145427e+00,2.448345e+00,2.310403e+00,2.070300e+00,2.482193e+00,2.263935e+00,2.377319e+00,1.999440e+00,2.174852e+00,2.026531e+00,2.280060e+00,2.359711e+00,2.049437e+00,2.308990e+00,2.265101e+00,2.322000e+00,2.077625e+00,2.160235e+00,2.249623e+00,1.390105e-01,1.999440e+00,2.482193e+00
6.349000e+00,1.341080e+00,2.458321e+00,2.202039e+00,2.398430e+00,2.157111e+00,2.342077e+00,2.315745e+00,2.145521e+00,2.448897e+00,2.312483e+00,2.070650e+00,2.483866e+00,2.264841e+00,2.378000e+00,2.000560e+00,2.175677e+00,2.027429e+00,2.281386e+00,2.360578e+00,2.051187e+00,2.309615e+00,2.265404e+00,2.322898e+00,2.079750e+00,2.162647e+00,2.250630e+00,1.388547e-01,2.000560e+00,2.483866e+00
6.350000e+00,1.341260e+00,2.460992e+00,2.203495e+00,2.399417e+00,2.156222e+00,2.342731e+00,2.316273e+00,2.146327e+00,2.451103e+00,2.313221e+00,2.072150e+00,2.485242e+00,2.265747e+00,2.379149e+00,2.002160e+00,2.176503e+00,2.028939e+00,2.283313e+00,2.361272e+00,2.051438e+00,2.310913e+00,2.267626e+00,2.324286e+00,2.079875e+00,2.163000e+00,2.251725e+00,1.391145e-01,2.002160e+00,2.485242e+00
6.351000e+00,1.341500e+00,2.460611e+00,2.204466e+00,2.399910e+00,2.156778e+00,2.343923e+00,2.316708e+00,2.146801e+00,2.452621e+00,2.314161e+00,2.072150e+00,2.486394e+00,2.266652e+00,2.380340e+00,2.003360e+00,2.177327e+00,2.029959e+00,2.284699e+00,2.363006e+00,2.052500e+00,2.311923e+00,2.267475e+00,2.324694e+00,2.082375e+00,2.163588e+00,2.252601e+00,1.390591e-01,2.003360e+00,2.486394e+00
6.352000e+00,1.341750e+00,2.462214e+00,2.206408e+00,2.402197e+00,2.157778e+00,2.345077e+00,2.317267e+00,2.147654e+00,2.454000e+00,2.315168e+00,2.073300e+00,2.488327e+00,2.267557e+00,2.381191e+00,2.004880e+00,2.178151e+00,2.031061e+00,2.285663e+00,2.363121e+00,2.053125e+00,2.312115e+00,2.269596e+00,2.325918e+00,2.083500e+00,2.165176e+00,2.253769e+00,1.391400e-01,2.004880e+00,2.488327e+00
6.353000e+00,1.342080e+00,2.464122e+00,2.205534e+00,2.403857e+00,2.157333e+00,2.344962e+00,2.318261e+00,2.147370e+00,2.455448e+00,2.316913e+00,2.074250e+00,2.489926e+00,2.268463e+00,2.381447e+00,2.005840e+00,2.178975e+00,2.032286e+00,2.287048e+00,2.363699e+00,2.054312e+00,2.312933e+00,2.270606e+00,2.327061e+00,2.083375e+00,2.166000e+00,2.254584e+00,1.393950e-01,2.005840e+00,2.489926e+00
6.354000e+00,1.342290e+00,2.464046e+00,2.205534e+00,2.404395e+00,2.159222e+00,2.345346e+00,2.319348e+00,2.148791e+00,2.456000e+00,2.317383e+00,2.075800e+00,2.491338e+00,2.269367e+00,2.383489e+00,2.007120e+00,2.179798e+00,2.033796e+00,2.288133e+00,2.364682e+00,2.056563e+00,2.313510e+00,2.271515e+00,2.327796e+00,2.085625e+00,2.167000e+00,2.255650e+00,1.390673e-01,2.007120e+00,2.491338e+00
6.355000e+00,1.342470e+00,2.465038e+00,2.207476e+00,2.405426e+00,2.159000e+00,2.345577e+00,2.320311e+00,2.149313e+00,2.457172e+00,2.316577e+00,2.075450e+00,2.492677e+00,2.270272e+00,2.384128e+00,2.008240e+00,2.180621e+00,2.035306e+00,2.289337e+00,2.363179e+00,2.057437e+00,2.312933e+00,2.272626e+00,2.329510e+00,2.088000e+00,2.168824e+00,2.256435e+00,1.389311e-01,2.008240e+00,2.492677e+00
6.356000e+00,1.342720e+00,2.465878e+00,2.208738e+00,2.405740e+00,2.160111e+00,2.346192e+00,2.321646e+00,2.151019e+00,2.459034e+00,2.316376e+00,2.077150e+00,2.494089e+00,2.271176e+00,2.385277e+00,2.009600e+00,2.181444e+00,2.036041e+00,2.288373e+00,2.361329e+00,2.058688e+00,2.311058e+00,2.273838e+00,2.330735e+00,2.088250e+00,2.169471e+00,2.257136e+00,1.387607e-01,2.009600e+00,2.494089e+00
6.357000e+00,1.343020e+00,2.467328e+00,2.210680e+00,2.407040e+00,2.162556e+00,2.346885e+00,2.322795e+00,2.151564e+00,2.458690e+00,2.316711e+00,2.077150e+00,2.494944e+00,2.272081e+00,2.386298e+00,2.010080e+00,2.182267e+00,2.036898e+00,2.290060e+00,2.360173e+00,2.059687e+00,2.310144e+00,2.274899e+00,2.331551e+00,2.090875e+00,2.170882e+00,2.258010e+00,1.385723e-01,2.010080e+00,2.494944e+00
6.358000e+00,1.343310e+00,2.467328e+00,2.209806e+00,2.407937e+00,2.160667e+00,2.347538e+00,2.323665e+00,2.152844e+00,2.460207e+00,2.316711e+00,2.077950e+00,2.496134e+00,2.272984e+00,2.387106e+00,2.010720e+00,2.183089e+00,2.037878e+00,2.291627e+00,2.361156e+00,2.060500e+00,2.309519e+00,2.275505e+00,2.332898e+00,2.088500e+00,2.171471e+00,2.258489e+00,1.388359e-01,2.010720e+00,2.496134e+00
6.359000e+00,1.343500e+00,2.466412e+00,2.211650e+00,2.408341e+00,2.161667e+00,2.347885e+00,2.324596e+00,2.153839e+00,2.460828e+00,2.316644e+00,2.078900e+00,2.496320e+00,2.273888e+00,2.388596e+00,2.011280e+00,2.183910e+00,2.038776e+00,2.291867e+00,2.361445e+00,2.060938e+00,2.310481e+00,2.275657e+00,2.334367e+00,2.090000e+00,2.172000e+00,2.259179e+00,1.386204e-01,2.011280e+00,2.496320e+00
6.360000e+00,1.343890e+00,2.468473e+00,2.211359e+00,2.409238e+00,2.162556e+00,2.348385e+00,2.325590e+00,2.154147e+00,2.462690e+00,2.318121e+00,2.079950e+00,2.497472e+00,2.274792e+00,2.388170e+00,2.014320e+00,2.184731e+00,2.039755e+00,2.292711e+00,2.361618e+00,2.062188e+00,2.311202e+00,2.277121e+00,2.334735e+00,2.090000e+00,2.173647e+00,2.260124e+00,1.385560e-01,2.014320e+00,2.497472e+00
6.361000e+00,1.344140e+00,2.468626e+00,2.212136e+00,2.409641e+00,2.165000e+00,2.349346e+00,2.326025e+00,2.155118e+00,2.462897e+00,2.318792e+00,2.080850e+00,2.498848e+00,2.275695e+00,2.389362e+00,2.015360e+00,2.185552e+00,2.040898e+00,2.293434e+00,2.362486e+00,2.064188e+00,2.312548e+00,2.278030e+00,2.336245e+00,2.092000e+00,2.174529e+00,2.261150e+00,1.383053e-01,2.015360e+00,2.498848e+00
6.362000e+00,1.344400e+00,2.469542e+00,2.212718e+00,2.410404e+00,2.165667e+00,2.349731e+00,2.326770e+00,2.155521e+00,2.463586e+00,2.320537e+00,2.081700e+00,2.499888e+00,2.276598e+00,2.390298e+00,2.016400e+00,2.186371e+00,2.042653e+00,2.295060e+00,2.363064e+00,2.064500e+00,2.314327e+00,2.277879e+00,2.337347e+00,2.092750e+00,2.175706e+00,2.262042e+00,1.383077e-01,2.016400e+00,2.499888e+00
6.363000e+00,1.344550e+00,2.471221e+00,2.214078e+00,2.411928e+00,2.164556e+00,2.350654e+00,2.327391e+00,2.156706e+00,2.466483e+00,2.321409e+00,2.082800e+00,2.500372e+00,2.277501e+00,2.390085e+00,2.016960e+00,2.187191e+00,2.043429e+00,2.295964e+00,2.363584e+00,2.065688e+00,2.314279e+00,2.277626e+00,2.338041e+00,2.093000e+00,2.176176e+00,2.262797e+00,1.384867e-01,2.016960e+00,2.500372e+00
6.364000e+00,1.344800e+00,2.472214e+00,2.214466e+00,2.413318e+00,2.166444e+00,2.351154e+00,2.328230e+00,2.156919e+00,2.467724e+00,2.322617e+00,2.084000e+00,2.501784e+00,2.278403e+00,2.390638e+00,2.018960e+00,2.188010e+00,2.045347e+00,2.296928e+00,2.364220e+00,2.067125e+00,2.314760e+00,2.279343e+00,2.339061e+00,2.094750e+00,2.177412e+00,2.263910e+00,1.382989e-01,2.018960e+00,2.501784e+00
6.365000e+00,1.345060e+00,2.472748e+00,2.216117e+00,2.414081e+00,2.167111e+00,2.352077e+00,2.329627e+00,2.157322e+00,2.468759e+00,2.324497e+00,2.085250e+00,2.503123e+00,2.279306e+00,2.390723e+00,2.018960e+00,2.188828e+00,2.045673e+00,2.298735e+00,2.364971e+00,2.068437e+00,2.316154e+00,2.279747e+00,2.339837e+00,2.094125e+00,2.177941e+00,2.264756e+00,1.384757e-01,2.018960e+00,2.503123e+00
6.366000e+00,1.345260e+00,2.473053e+00,2.215437e+00,2.415605e+00,2.167000e+00,2.352346e+00,2.330807e+00,2.157678e+00,2.470621e+00,2.325235e+00,2.086150e+00,2.504461e+00,2.280208e+00,2.392000e+00,2.021360e+00,2.189646e+00,2.047184e+00,2.299819e+00,2.366185e+00,2.069937e+00,2.317356e+00,2.280354e+00,2.340000e+00,2.095750e+00,2.178941e+00,2.265714e+00,1.384028e-01,2.021360e+00,2.504461e+00
6.367000e+00,1.345520e+00,2.474427e+00,2.218544e+00,2.416278e+00,2.169667e+00,2.352269e+00,2.331739e+00,2.158128e+00,2.471172e+00,2.327047e+00,2.087050e+00,2.505948e+00,2.281109e+00,2.392723e+00,2.021600e+00,2.190464e+00,2.048286e+00,2.301807e+00,2.367861e+00,2.070688e+00,2.318702e+00,2.281414e+00,2.340939e+00,2.096625e+00,2.180118e+00,2.266859e+00,1.384413e-01,2.021600e+00,2.505948e+00
6.368000e+00,1.345900e+00,2.476031e+00,2.217379e+00,2.417534e+00,2.166111e+00,2.353962e+00,2.332795e+00,2.158602e+00,2.472138e+00,2.327383e+00,2.088400e+00,2.507063e+00,2.282011e+00,2.393915e+00,2.022160e+00,2.191281e+00,2.048857e+00,2.302952e+00,2.368324e+00,2.070875e+00,2.319471e+00,2.283131e+00,2.340612e+00,2.097375e+00,2.180529e+00,2.267454e+00,1.387733e-01,2.022160e+00,2.507063e+00
6.369000e+00,1.346140e+00,2.475878e+00,2.218155e+00,2.418565e+00,2.165667e+00,2.354808e+00,2.333851e+00,2.159455e+00,2.472690e+00,2.328255e+00,2.089550e+00,2.508290e+00,2.282912e+00,2.395915e+00,2.024320e+00,2.192098e+00,2.049673e+00,2.303554e+00,2.370405e+00,2.072250e+00,2.320962e+00,2.283232e+00,2.341347e+00,2.097750e+00,2.180941e+00,2.268355e+00,1.387511e-01,2.024320e+00,2.508290e+00
6.370000e+00,1.346440e+00,2.477786e+00,2.217961e+00,2.419507e+00,2.166556e+00,2.355192e+00,2.334534e+00,2.160427e+00,2.473586e+00,2.329128e+00,2.089450e+00,2.510112e+00,2.283814e+00,2.396170e+00,2.024480e+00,2.192915e+00,2.050653e+00,2.303614e+00,2.372139e+00,2.073687e+00,2.322981e+00,2.283939e+00,2.340122e+00,2.098375e+00,2.182000e+00,2.269130e+00,1.389253e-01,2.024480e+00,2.510112e+00
6.371000e+00,1.346720e+00,2.479389e+00,2.218738e+00,2.420897e+00,2.164444e+00,2.355115e+00,2.334689e+00,2.160592e+00,2.474345e+00,2.330537e+00,2.090600e+00,2.511264e+00,2.284715e+00,2.396638e+00,2.025440e+00,2.193731e+00,2.052408e+00,2.304518e+00,2.372370e+00,2.072938e+00,2.323942e+00,2.285202e+00,2.339673e+00,2.099750e+00,2.182294e+00,2.269760e+00,1.390443e-01,2.025440e+00,2.511264e+00
6.372000e+00,1.346760e+00,2.479313e+00,2.217767e+00,2.421121e+00,2.166000e+00,2.356038e+00,2.336242e+00,2.160711e+00,2.475241e+00,2.332148e+00,2.091450e+00,2.512416e+00,2.285615e+00,2.397191e+00,2.027200e+00,2.194546e+00,2.053143e+00,2.305301e+00,2.373410e+00,2.073687e+00,2.324615e+00,2.285707e+00,2.339143e+00,2.101750e+00,2.183059e+00,2.270534e+00,1.388949e-01,2.027200e+00,2.512416e+00
6.373000e+00,1.347180e+00,2.481527e+00,2.219417e+00,2.421839e+00,2.165222e+00,2.357077e+00,2.336429e+00,2.159597e+00,2.476690e+00,2.333758e+00,2.092500e+00,2.513941e+00,2.286516e+00,2.399064e+00,2.028080e+00,2.195361e+00,2.053429e+00,2.306687e+00,2.374566e+00,2.074937e+00,2.324856e+00,2.287071e+00,2.339306e+00,2.102625e+00,2.184941e+00,2.271476e+00,1.391759e-01,2.028080e+00,2.513941e+00
6.374000e+00,1.347360e+00,2.482366e+00,2.220194e+00,2.423139e+00,2.166111e+00,2.357962e+00,2.336553e+00,2.158555e+00,2.477655e+00,2.335168e+00,2.092850e+00,2.514498e+00,2.287416e+00,2.401021e+00,2.029680e+00,2.196176e+00,2.054367e+00,2.308193e+00,2.374855e+00,2.075937e+00,2.326346e+00,2.287071e+00,2.340204e+00,2.104375e+00,2.185647e+00,2.272348e+00,1.391993e-01,2.029680e+00,2.514498e+00
6.375000e+00,1.347720e+00,2.482137e+00,2.220097e+00,2.423632e+00,2.166333e+00,2.356462e+00,2.336925e+00,2.158744e+00,2.476828e+00,2.336913e+00,2.093200e+00,2.514015e+00,2.288316e+00,2.401574e+00,2.030720e+00,2.196990e+00,2.055306e+00,2.309940e+00,2.375607e+00,2.076437e+00,2.327308e+00,2.287475e+00,2.341061e+00,2.105375e+00,2.187353e+00,2.272865e+00,1.389163e-01,2.030720e+00,2.514015e+00
6.376000e+00,1.347840e+00,2.482901e+00,2.221456e+00,2.424439e+00,2.166778e+00,2.355231e+00,2.337298e+00,2.158318e+00,2.477241e+00,2.337450e+00,2.093800e+00,2.514089e+00,2.289216e+00,2.403702e+00,2.031760e+00,2.197804e+00,2.056531e+00,2.311084e+00,2.376416e+00,2.076687e+00,2.327933e+00,2.288030e+00,2.341551e+00,2.105500e+00,2.188529e+00,2.273489e+00,1.388875e-01,2.031760e+00,2.514089e+00
6.377000e+00,1.348130e+00,2.484351e+00,2.222524e+00,2.424753e+00,2.167667e+00,2.354654e+00,2.337609e+00,2.159787e+00,2.476414e+00,2.337517e+00,2.095100e+00,2.514052e+00,2.290115e+00,2.404468e+00,2.032880e+00,2.198618e+00,2.058082e+00,2.312590e+00,2.377803e+00,2.078187e+00,2.329327e+00,2.289495e+00,2.342490e+00,2.106125e+00,2.188353e+00,2.274290e+00,1.385942e-01,2.032880e+00,2.514052e+00
6.378000e+00,1.348390e+00,2.483588e+00,2.222718e+00,2.425426e+00,2.168222e+00,2.354346e+00,2.338634e+00,2.160261e+00,2.476621e+00,2.338523e+00,2.095600e+00,2.514238e+00,2.291015e+00,2.405532e+00,2.034160e+00,2.199431e+00,2.058204e+00,2.313494e+00,2.377630e+00,2.078937e+00,2.329904e+00,2.289899e+00,2.343469e+00,2.106500e+00,2.190059e+00,2.274850e+00,1.384262e-01,2.034160e+00,2.514238e+00
6.379000e+00,1.348570e+00,2.482290e+00,2.224078e+00,2.426233e+00,2.168333e+00,2.354846e+00,2.339224e+00,2.161232e+00,2.476759e+00,2.338725e+00,2.096850e+00,2.514721e+00,2.291914e+00,2.406340e+00,2.035600e+00,2.200244e+00,2.057388e+00,2.313133e+00,2.378439e+00,2.079438e+00,2.331538e+00,2.290859e+00,2.344694e+00,2.106875e+00,2.191529e+00,2.275470e+00,1.382856e-01,2.035600e+00,2.514721e+00
6.380000e+00,1.348710e+00,2.483588e+00,2.224466e+00,2.426413e+00,2.171111e+00,2.355308e+00,2.340217e+00,2.161967e+00,2.477448e+00,2.339664e+00,2.097100e+00,2.516022e+00,2.292812e+00,2.407787e+00,2.036400e+00,2.201057e+00,2.057633e+00,2.314639e+00,2.379364e+00,2.079625e+00,2.332692e+00,2.291061e+00,2.345633e+00,2.107125e+00,2.191118e+00,2.276260e+00,1.384668e-01,2.036400e+00,2.516022e+00
6.381000e+00,1.348980e+00,2.481832e+00,2.225243e+00,2.426413e+00,2.170444e+00,2.355769e+00,2.341708e+00,2.163246e+00,2.477655e+00,2.340872e+00,2.097300e+00,2.517509e+00,2.293711e+00,2.408553e+00,2.035760e+00,2.201869e+00,2.057796e+00,2.313855e+00,2.379827e+00,2.079875e+00,2.333077e+00,2.292727e+00,2.346571e+00,2.108250e+00,2.191706e+00,2.276732e+00,1.384999e-01,2.035760e+00,2.517509e+00
6.382000e+00,1.349390e+00,2.481221e+00,2.226893e+00,2.427085e+00,2.172889e+00,2.355615e+00,2.342484e+00,2.164502e+00,2.479724e+00,2.343020e+00,2.097200e+00,2.517695e+00,2.294609e+00,2.408681e+00,2.037120e+00,2.202680e+00,2.059143e+00,2.314217e+00,2.380347e+00,2.081000e+00,2.333606e+00,2.292475e+00,2.347020e+00,2.107750e+00,2.193471e+00,2.277519e+00,1.383001e-01,2.037120e+00,2.517695e+00
6.383000e+00,1.349530e+00,2.482519e+00,2.227087e+00,2.427848e+00,2.172889e+00,2.356808e+00,2.342981e+00,2.165711e+00,2.481034e+00,2.343960e+00,2.096850e+00,2.518625e+00,2.295508e+00,2.408979e+00,2.038480e+00,2.203492e+00,2.060163e+00,2.314458e+00,2.380751e+00,2.082187e+00,2.334952e+00,2.291970e+00,2.348122e+00,2.110750e+00,2.193941e+00,2.278336e+00,1.382497e-01,2.038480e+00,2.518625e+00
6.384000e+00,1.349880e+00,2.483130e+00,2.229709e+00,2.429910e+00,2.173000e+00,2.357115e+00,2.344348e+00,2.166066e+00,2.482069e+00,2.346107e+00,2.097200e+00,2.519963e+00,2.296406e+00,2.409915e+00,2.040160e+00,2.204303e+00,2.061020e+00,2.314880e+00,2.381561e+00,2.082750e+00,2.335000e+00,2.290404e+00,2.349469e+00,2.112500e+00,2.194941e+00,2.279247e+00,1.382946e-01,2.040160e+00,2.519963e+00
6.385000e+00,1.349940e+00,2.483893e+00,2.228738e+00,2.430179e+00,2.176333e+00,2.357885e+00,2.345652e+00,2.167085e+00,2.483448e+00,2.346577e+00,2.098100e+00,2.520855e+00,2.297303e+00,2.411234e+00,2.041200e+00,2.205113e+00,2.062204e+00,2.315482e+00,2.383006e+00,2.084500e+00,2.336346e+00,2.288889e+00,2.349796e+00,2.112625e+00,2.194882e+00,2.280055e+00,1.382350e-01,2.041200e+00,2.520855e+00
6.386000e+00,1.350420e+00,2.483893e+00,2.230485e+00,2.431480e+00,2.175889e+00,2.359423e+00,2.346832e+00,2.167441e+00,2.484966e+00,2.347047e+00,2.098850e+00,2.521710e+00,2.298201e+00,2.411574e+00,2.040960e+00,2.205923e+00,2.063143e+00,2.316867e+00,2.383931e+00,2.085875e+00,2.337788e+00,2.287323e+00,2.350776e+00,2.113875e+00,2.195765e+00,2.280834e+00,1.383264e-01,2.040960e+00,2.521710e+00
6.387000e+00,1.350660e+00,2.485420e+00,2.230388e+00,2.432601e+00,2.175889e+00,2.359846e+00,2.347453e+00,2.167441e+00,2.485517e+00,2.347987e+00,2.099250e+00,2.523197e+00,2.299098e+00,2.412085e+00,2.042720e+00,2.206733e+00,2.064490e+00,2.318193e+00,2.384855e+00,2.085938e+00,2.339327e+00,2.287727e+00,2.351388e+00,2.113000e+00,2.196000e+00,2.281523e+00,1.385428e-01,2.042720e+00,2.523197e+00
6.388000e+00,1.350980e+00,2.486947e+00,2.232718e+00,2.432915e+00,2.178778e+00,2.360692e+00,2.346894e+00,2.168815e+00,2.486483e+00,2.347114e+00,2.099950e+00,2.524721e+00,2.299995e+00,2.413234e+00,2.044000e+00,2.207543e+00,2.066122e+00,2.319639e+00,2.385376e+00,2.086688e+00,2.338942e+00,2.288182e+00,2.352490e+00,2.114375e+00,2.196647e+00,2.282469e+00,1.383534e-01,2.044000e+00,2.524721e+00
6.389000e+00,1.351070e+00,2.487252e+00,2.232330e+00,2.433363e+00,2.177111e+00,2.361654e+00,2.345776e+00,2.169218e+00,2.487448e+00,2.346644e+00,2.100400e+00,2.526506e+00,2.300892e+00,2.414213e+00,2.046480e+00,2.208352e+00,2.067061e+00,2.320964e+00,2.386185e+00,2.088250e+00,2.339567e+00,2.289444e+00,2.352980e+00,2.113250e+00,2.197588e+00,2.283039e+00,1.383857e-01,2.046480e+00,2.526506e+00
6.390000e+00,1.351290e+00,2.489847e+00,2.233981e+00,2.434350e+00,2.182333e+00,2.362692e+00,2.345435e+00,2.170900e+00,2.488138e+00,2.347248e+00,2.101550e+00,2.528067e+00,2.301788e+00,2.414170e+00,2.047600e+00,2.209160e+00,2.068898e+00,2.322289e+00,2.387688e+00,2.088563e+00,2.340240e+00,2.291010e+00,2.353714e+00,2.116375e+00,2.197941e+00,2.284332e+00,1.381585e-01,2.047600e+00,2.528067e+00
6.391000e+00,1.351700e+00,2.490229e+00,2.233689e+00,2.432780e+00,2.182778e+00,2.363615e+00,2.344720e+00,2.171209e+00,2.490000e+00,2.347383e+00,2.102450e+00,2.530149e+00,2.302684e+00,2.414085e+00,2.048160e+00,2.209968e+00,2.070367e+00,2.323133e+00,2.387919e+00,2.088938e+00,2.341346e+00,2.292222e+00,2.354163e+00,2.116625e+00,2.199882e+00,2.284937e+00,1.381323e-01,2.048160e+00,2.530149e+00
6.392000e+00,1.351890e+00,2.491756e+00,2.234951e+00,2.432197e+00,2.181444e+00,2.364500e+00,2.345559e+00,2.172701e+00,2.490483e+00,2.348456e+00,2.103350e+00,2.531636e+00,2.303580e+00,2.414681e+00,2.049280e+00,2.210775e+00,2.070776e+00,2.322530e+00,2.387919e+00,2.089062e+00,2.340962e+00,2.292121e+00,2.354980e+00,2.119375e+00,2.200588e+00,2.285569e+00,1.380620e-01,2.049280e+00,2.531636e+00
6.393000e+00,1.352200e+00,2.493282e+00,2.235728e+00,2.431390e+00,2.182000e+00,2.365077e+00,2.345714e+00,2.173460e+00,2.491724e+00,2.350336e+00,2.104400e+00,2.532565e+00,2.304476e+00,2.414681e+00,2.049600e+00,2.211583e+00,2.072163e+00,2.321988e+00,2.386879e+00,2.090313e+00,2.339087e+00,2.293182e+00,2.355633e+00,2.119375e+00,2.201294e+00,2.286080e+00,1.379369e-01,2.049600e+00,2.532565e+00
6.394000e+00,1.352350e+00,2.494275e+00,2.236602e+00,2.430314e+00,2.183444e+00,2.365615e+00,2.345745e+00,2.174502e+00,2.493379e+00,2.352081e+00,2.105200e+00,2.534610e+00,2.305372e+00,2.414979e+00,2.050320e+00,2.212390e+00,2.073184e+00,2.324217e+00,2.384624e+00,2.090062e+00,2.337644e+00,2.293586e+00,2.356163e+00,2.120500e+00,2.201471e+00,2.286678e+00,1.378989e-01,2.050320e+00,2.534610e+00
6.395000e+00,1.352710e+00,2.495496e+00,2.237184e+00,2.430717e+00,2.184667e+00,2.366423e+00,2.346615e+00,2.175237e+00,2.494897e+00,2.352081e+00,2.106200e+00,2.536134e+00,2.306267e+00,2.416170e+00,2.051040e+00,2.213197e+00,2.074367e+00,2.324940e+00,2.383584e+00,2.090375e+00,2.338077e+00,2.295505e+00,2.357592e+00,2.119875e+00,2.201941e+00,2.287441e+00,1.380357e-01,2.051040e+00,2.536134e+00
6.396000e+00,1.353010e+00,2.494046e+00,2.238350e+00,2.431166e+00,2.185111e+00,2.366846e+00,2.347516e+00,2.175948e+00,2.495862e+00,2.353221e+00,2.106200e+00,2.537286e+00,2.307162e+00,2.417191e+00,2.052800e+00,2.214003e+00,2.075673e+00,2.325663e+00,2.383295e+00,2.091187e+00,2.338125e+00,2.296465e+00,2.357959e+00,2.120500e+00,2.199941e+00,2.287980e+00,1.379056e-01,2.052800e+00,2.537286e+00
6.397000e+00,1.353180e+00,2.496794e+00,2.239029e+00,2.431300e+00,2.186556e+00,2.367808e+00,2.348106e+00,2.176777e+00,2.497655e+00,2.354228e+00,2.107550e+00,2.538216e+00,2.308057e+00,2.418809e+00,2.052960e+00,2.214809e+00,2.076857e+00,2.326988e+00,2.384335e+00,2.091750e+00,2.338365e+00,2.297121e+00,2.359469e+00,2.121625e+00,2.198059e+00,2.288884e+00,1.381683e-01,2.052960e+00,2.538216e+00
6.398000e+00,1.353240e+00,2.497405e+00,2.240000e+00,2.432287e+00,2.187000e+00,2.368308e+00,2.349286e+00,2.178033e+00,2.498621e+00,2.355168e+00,2.108300e+00,2.539405e+00,2.308952e+00,2.419106e+00,2.054320e+00,2.215615e+00,2.077755e+00,2.328554e+00,2.384162e+00,2.090812e+00,2.339327e+00,2.297929e+00,2.360490e+00,2.121375e+00,2.197941e+00,2.289590e+00,1.383074e-01,2.054320e+00,2.539405e+00
6.399000e+00,1.353710e+00,2.498244e+00,2.241359e+00,2.432422e+00,2.186000e+00,2.368654e+00,2.349938e+00,2.177844e+00,2.498828e+00,2.355973e+00,2.109100e+00,2.540186e+00,2.309846e+00,2.421830e+00,2.054960e+00,2.216421e+00,2.078531e+00,2.328916e+00,2.384566e+00,2.088875e+00,2.340000e+00,2.298384e+00,2.361510e+00,2.122125e+00,2.198412e+00,2.290122e+00,1.385613e-01,2.054960e+00,2.540186e+00
6.400000e+00,1.353850e+00,2.498855e+00,2.240680e+00,2.433184e+00,2.186667e+00,2.369269e+00,2.351118e+00,2.178246e+00,2.500138e+00,2.356779e+00,2.110850e+00,2.541375e+00,2.310740e+00,2.422766e+00,2.056240e+00,2.217226e+00,2.079755e+00,2.330000e+00,2.386185e+00,2.087937e+00,2.340673e+00,2.300152e+00,2.362122e+00,2.123625e+00,2.198471e+00,2.290961e+00,1.386589e-01,2.056240e+00,2.541375e+00
6.401000e+00,1.354200e+00,2.498702e+00,2.242330e+00,2.434978e+00,2.187333e+00,2.369885e+00,2.352360e+00,2.179384e+00,2.499586e+00,2.358792e+00,2.111700e+00,2.541970e+00,2.311634e+00,2.422511e+00,2.056480e+00,2.218030e+00,2.079633e+00,2.328434e+00,2.386763e+00,2.087937e+00,2.341827e+00,2.300556e+00,2.363020e+00,2.123125e+00,2.199824e+00,2.291533e+00,1.386764e-01,2.056480e+00,2.541970e+00
6.402000e+00,1.354300e+00,2.500840e+00,2.240291e+00,2.435247e+00,2.188111e+00,2.370385e+00,2.353385e+00,2.180000e+00,2.500345e+00,2.360336e+00,2.112600e+00,2.543048e+00,2.312528e+00,2.422851e+00,2.057440e+00,2.218834e+00,2.081592e+00,2.328795e+00,2.387919e+00,2.088000e+00,2.343413e+00,2.301313e+00,2.363592e+00,2.123875e+00,2.200941e+00,2.292320e+00,1.387611e-01,2.057440e+00,2.543048e+00
6.403000e+00,1.354650e+00,2.500458e+00,2.241359e+00,2.436637e+00,2.188889e+00,2.370577e+00,2.353913e+00,2.180592e+00,2.500759e+00,2.360738e+00,2.113750e+00,2.543420e+00,2.313422e+00,2.423660e+00,2.058640e+00,2.219638e+00,2.083184e+00,2.329036e+00,2.388613e+00,2.089312e+00,2.345192e+00,2.301515e+00,2.363102e+00,2.124750e+00,2.200941e+00,2.293004e+00,1.385000e-01,2.058640e+00,2.543420e+00
6.404000e+00,1.355010e+00,2.500534e+00,2.240777e+00,2.437489e+00,2.190000e+00,2.371346e+00,2.355342e+00,2.181090e+00,2.501448e+00,2.360805e+00,2.114500e+00,2.544164e+00,2.314315e+00,2.424085e+00,2.059840e+00,2.220442e+00,2.084408e+00,2.329277e+00,2.389769e+00,2.091187e+00,2.345913e+00,2.302424e+00,2.362204e+00,2.125750e+00,2.202647e+00,2.293740e+00,1.382648e-01,2.059840e+00,2.544164e+00
6.405000e+00,1.355220e+00,2.502443e+00,2.243981e+00,2.439193e+00,2.191222e+00,2.371154e+00,2.356366e+00,2.181777e+00,2.503310e+00,2.362752e+00,2.115600e+00,2.545465e+00,2.315208e+00,2.424766e+00,2.060400e+00,2.221245e+00,2.086286e+00,2.330181e+00,2.391329e+00,2.091687e+00,2.347740e+00,2.303030e+00,2.361714e+00,2.126500e+00,2.203471e+00,2.294868e+00,1.383967e-01,2.060400e+00,2.545465e+00
6.406000e+00,1.355510e+00,2.501145e+00,2.242913e+00,2.439955e+00,2.191111e+00,2.372269e+00,2.358323e+00,2.183152e+00,2.504000e+00,2.364228e+00,2.116700e+00,2.547100e+00,2.316101e+00,2.425915e+00,2.062640e+00,2.222048e+00,2.087592e+00,2.331566e+00,2.391792e+00,2.092125e+00,2.348750e+00,2.303687e+00,2.362327e+00,2.128500e+00,2.203765e+00,2.295738e+00,1.382379e-01,2.062640e+00,2.547100e+00
6.407000e+00,1.355730e+00,2.503740e+00,2.245534e+00,2.439865e+00,2.192556e+00,2.372962e+00,2.358758e+00,2.183626e+00,2.504552e+00,2.365973e+00,2.117050e+00,2.547807e+00,2.316993e+00,2.426766e+00,2.062320e+00,2.222851e+00,2.088653e+00,2.332169e+00,2.393237e+00,2.093438e+00,2.349183e+00,2.304646e+00,2.362571e+00,2.129750e+00,2.204765e+00,2.296657e+00,1.382906e-01,2.062320e+00,2.547807e+00
6.408000e+00,1.356010e+00,2.504122e+00,2.244660e+00,2.441883e+00,2.193667e+00,2.373038e+00,2.359472e+00,2.183981e+00,2.505862e+00,2.365436e+00,2.118150e+00,2.548922e+00,2.317885e+00,2.427915e+00,2.064960e+00,2.223652e+00,2.090245e+00,2.332349e+00,2.394913e+00,2.094438e+00,2.350288e+00,2.305707e+00,2.362735e+00,2.130500e+00,2.206882e+00,2.297569e+00,1.381440e-01,2.064960e+00,2.548922e+00
6.409000e+00,1.356130e+00,2.505954e+00,2.245631e+00,2.443094e+00,2.193222e+00,2.373269e+00,2.360932e+00,2.182322e+00,2.507310e+00,2.366309e+00,2.119050e+00,2.550595e+00,2.318777e+00,2.428255e+00,2.065840e+00,2.224454e+00,2.090122e+00,2.332349e+00,2.396243e+00,2.095625e+00,2.351058e+00,2.306717e+00,2.363510e+00,2.129625e+00,2.208059e+00,2.298263e+00,1.385424e-01,2.065840e+00,2.550595e+00
6.410000e+00,1.356500e+00,2.506412e+00,2.247184e+00,2.443857e+00,2.195444e+00,2.373577e+00,2.361584e+00,2.181967e+00,2.507310e+00,2.367651e+00,2.119400e+00,2.552639e+00,2.319669e+00,2.430596e+00,2.067920e+00,2.225255e+00,2.091837e+00,2.332831e+00,2.397514e+00,2.096937e+00,2.353125e+00,2.308586e+00,2.364367e+00,2.131125e+00,2.208941e+00,2.299405e+00,1.384500e-01,2.067920e+00,2.552639e+00
6.411000e+00,1.356520e+00,2.507328e+00,2.248641e+00,2.445426e+00,2.197000e+00,2.374038e+00,2.362422e+00,2.181161e+00,2.508138e+00,2.369128e+00,2.119850e+00,2.554275e+00,2.320561e+00,2.431617e+00,2.068320e+00,2.226056e+00,2.092204e+00,2.331205e+00,2.398266e+00,2.096875e+00,2.353173e+00,2.309646e+00,2.365469e+00,2.131750e+00,2.209588e+00,2.300089e+00,1.387050e-01,2.068320e+00,2.554275e+00
6.412000e+00,1.357090e+00,2.508473e+00,2.248350e+00,2.447354e+00,2.195889e+00,2.374846e+00,2.363385e+00,2.181564e+00,2.508759e+00,2.370940e+00,2.121000e+00,2.555428e+00,2.321452e+00,2.433106e+00,2.069200e+00,2.226856e+00,2.093388e+00,2.329880e+00,2.398497e+00,2.098312e+00,2.354087e+00,2.310556e+00,2.366490e+00,2.134500e+00,2.211176e+00,2.300979e+00,1.386988e-01,2.069200e+00,2.555428e+00
6.413000e+00,1.357250e+00,2.510458e+00,2.249126e+00,2.447892e+00,2.197556e+00,2.374538e+00,2.364534e+00,2.181493e+00,2.508138e+00,2.372617e+00,2.122050e+00,2.555242e+00,2.322343e+00,2.433787e+00,2.070320e+00,2.227656e+00,2.094531e+00,2.330843e+00,2.399480e+00,2.100125e+00,2.354423e+00,2.312323e+00,2.367633e+00,2.133500e+00,2.212353e+00,2.301790e+00,1.385696e-01,2.070320e+00,2.555242e+00
6.414000e+00,1.357640e+00,2.510305e+00,2.251748e+00,2.449193e+00,2.198556e+00,2.373423e+00,2.364410e+00,2.182464e+00,2.507655e+00,2.374497e+00,2.122400e+00,2.555019e+00,2.323234e+00,2.435872e+00,2.071840e+00,2.228455e+00,2.096000e+00,2.331747e+00,2.398844e+00,2.100750e+00,2.355144e+00,2.311919e+00,2.368531e+00,2.134125e+00,2.213176e+00,2.302471e+00,1.382576e-01,2.071840e+00,2.555019e+00
6.415000e+00,1.357750e+00,2.511450e+00,2.252913e+00,2.449148e+00,2.198889e+00,2.372346e+00,2.365155e+00,2.182796e+00,2.507517e+00,2.375503e+00,2.123200e+00,2.554721e+00,2.324125e+00,2.437532e+00,2.071440e+00,2.229254e+00,2.097265e+00,2.331747e+00,2.399595e+00,2.102125e+00,2.356202e+00,2.312525e+00,2.369551e+00,2.136000e+00,2.214412e+00,2.303142e+00,1.380791e-01,2.071440e+00,2.554721e+00
6.416000e+00,1.357950e+00,2.511603e+00,2.253204e+00,2.450269e+00,2.199444e+00,2.372269e+00,2.365280e+00,2.183602e+00,2.507655e+00,2.375772e+00,2.123700e+00,2.555167e+00,2.325015e+00,2.437447e+00,2.071760e+00,2.230052e+00,2.098735e+00,2.334036e+00,2.400578e+00,2.102688e+00,2.357404e+00,2.313182e+00,2.370490e+00,2.135875e+00,2.215765e+00,2.303791e+00,1.380048e-01,2.071760e+00,2.555167e+00
6.417000e+00,1.358390e+00,2.514427e+00,2.254175e+00,2.450538e+00,2.199778e+00,2.372923e+00,2.366335e+00,2.184052e+00,2.508621e+00,2.376443e+00,2.124650e+00,2.555651e+00,2.325905e+00,2.438766e+00,2.073840e+00,2.230851e+00,2.099551e+00,2.336446e+00,2.401040e+00,2.103500e+00,2.358510e+00,2.314545e+00,2.371796e+00,2.134375e+00,2.216706e+00,2.304726e+00,1.381768e-01,2.073840e+00,2.555651e+00
6.418000e+00,1.358540e+00,2.515115e+00,2.253398e+00,2.451614e+00,2.201444e+00,2.373346e+00,2.367298e+00,2.185687e+00,2.509517e+00,2.376711e+00,2.124950e+00,2.556171e+00,2.326795e+00,2.440255e+00,2.075360e+00,2.231649e+00,2.100286e+00,2.338253e+00,2.401734e+00,2.105062e+00,2.359327e+00,2.314697e+00,2.372653e+00,2.137125e+00,2.217412e+00,2.305661e+00,1.379898e-01,2.075360e+00,2.556171e+00
6.419000e+00,1.358710e+00,2.514427e+00,2.255243e+00,2.452377e+00,2.201333e+00,2.373231e+00,2.368043e+00,2.186019e+00,2.509448e+00,2.377852e+00,2.125300e+00,2.557100e+00,2.327685e+00,2.440638e+00,2.076720e+00,2.232446e+00,2.101347e+00,2.338855e+00,2.401965e+00,2.105125e+00,2.359904e+00,2.315303e+00,2.373306e+00,2.137750e+00,2.218118e+00,2.306231e+00,1.378517e-01,2.076720e+00,2.557100e+00
6.420000e+00,1.358850e+00,2.514275e+00,2.255728e+00,2.453139e+00,2.201000e+00,2.373538e+00,2.368634e+00,2.187038e+00,2.510621e+00,2.379128e+00,2.126350e+00,2.557398e+00,2.328574e+00,2.441660e+00,2.075840e+00,2.233243e+00,2.100898e+00,2.338554e+00,2.402775e+00,2.106312e+00,2.360577e+00,2.315960e+00,2.372694e+00,2.138250e+00,2.219824e+00,2.306750e+00,1.379214e-01,2.075840e+00,2.557398e+00
6.421000e+00,1.359150e+00,2.513817e+00,2.256699e+00,2.453498e+00,2.204111e+00,2.374077e+00,2.369752e+00,2.188152e+00,2.510759e+00,2.379664e+00,2.127750e+00,2.558922e+00,2.329463e+00,2.443064e+00,2.075840e+00,2.234040e+00,2.100694e+00,2.335000e+00,2.403642e+00,2.106750e+00,2.361538e+00,2.317121e+00,2.373837e+00,2.136375e+00,2.220529e+00,2.307296e+00,1.379915e-01,2.075840e+00,2.558922e+00
6.422000e+00,1.359380e+00,2.514580e+00,2.257476e+00,2.454619e+00,2.203111e+00,2.374808e+00,2.371646e+00,2.188649e+00,2.510897e+00,2.380336e+00,2.127700e+00,2.560149e+00,2.330352e+00,2.444085e+00,2.074480e+00,2.234835e+00,2.101837e+00,2.333012e+00,2.403815e+00,2.108000e+00,2.362452e+00,2.317475e+00,2.375388e+00,2.131250e+00,2.221765e+00,2.307613e+00,1.385121e-01,2.074480e+00,2.560149e+00
6.423000e+00,1.359600e+00,2.513664e+00,2.258932e+00,2.454843e+00,2.204444e+00,2.375692e+00,2.371925e+00,2.189242e+00,2.512414e+00,2.379866e+00,2.129100e+00,2.561115e+00,2.331241e+00,2.444085e+00,2.075280e+00,2.235631e+00,2.102898e+00,2.330482e+00,2.404971e+00,2.108688e+00,2.363125e+00,2.317828e+00,2.375796e+00,2.129250e+00,2.223000e+00,2.308063e+00,1.384213e-01,2.075280e+00,2.561115e+00
6.424000e+00,1.359860e+00,2.513740e+00,2.260000e+00,2.456099e+00,2.204333e+00,2.376385e+00,2.373106e+00,2.189668e+00,2.512483e+00,2.379664e+00,2.128950e+00,2.562082e+00,2.332130e+00,2.444681e+00,2.075600e+00,2.236426e+00,2.103673e+00,2.328554e+00,2.405607e+00,2.109500e+00,2.364471e+00,2.318535e+00,2.377469e+00,2.129000e+00,2.223529e+00,2.308570e+00,1.385322e-01,2.075600e+00,2.562082e+00
6.425000e+00,1.360290e+00,2.514504e+00,2.260485e+00,2.456771e+00,2.204333e+00,2.376692e+00,2.373602e+00,2.190758e+00,2.513655e+00,2.379664e+00,2.130750e+00,2.563606e+00,2.333018e+00,2.445574e+00,2.075840e+00,2.237221e+00,2.105306e+00,2.329337e+00,2.407052e+00,2.110937e+00,2.365096e+00,2.319596e+00,2.378000e+00,2.128625e+00,2.224529e+00,2.309373e+00,1.385593e-01,2.075840e+00,2.563606e+00
6.426000e+00,1.360470e+00,2.514275e+00,2.262330e+00,2.457578e+00,2.206333e+00,2.377000e+00,2.374441e+00,2.191351e+00,2.515379e+00,2.380671e+00,2.130600e+00,2.565019e+00,2.333906e+00,2.445915e+00,2.076480e+00,2.238015e+00,2.106327e+00,2.330843e+00,2.408266e+00,2.111937e+00,2.366010e+00,2.320152e+00,2.379102e+00,2.130750e+00,2.225412e+00,2.310337e+00,1.385187e-01,2.076480e+00,2.565019e+00
6.427000e+00,1.360710e+00,2.515878e+00,2.262427e+00,2.459013e+00,2.206111e+00,2.377462e+00,2.375124e+00,2.192109e+00,2.516759e+00,2.381141e+00,2.129850e+00,2.566208e+00,2.334794e+00,2.446638e+00,2.077280e+00,2.238809e+00,2.106612e+00,2.331325e+00,2.408092e+00,2.112062e+00,2.366635e+00,2.320657e+00,2.379551e+00,2.131125e+00,2.226529e+00,2.310925e+00,1.388164e-01,2.077280e+00,2.566208e+00
6.428000e+00,1.360940e+00,2.516565e+00,2.263592e+00,2.460045e+00,2.205667e+00,2.379000e+00,2.376056e+00,2.192796e+00,2.518069e+00,2.382081e+00,2.129550e+00,2.567844e+00,2.335681e+00,2.448000e+00,2.078800e+00,2.239603e+00,2.108327e+00,2.331928e+00,2.408092e+00,2.113125e+00,2.367260e+00,2.321919e+00,2.380571e+00,2.130625e+00,2.227000e+00,2.311758e+00,1.389927e-01,2.078800e+00,2.567844e+00
6.429000e+00,1.361240e+00,2.516489e+00,2.263689e+00,2.461166e+00,2.206667e+00,2.379808e+00,2.376770e+00,2.193341e+00,2.519793e+00,2.382752e+00,2.129250e+00,2.569331e+00,2.336568e+00,2.449191e+00,2.078480e+00,2.240397e+00,2.109306e+00,2.331566e+00,2.409422e+00,2.114375e+00,2.367596e+00,2.323737e+00,2.381306e+00,2.131625e+00,2.227235e+00,2.312494e+00,1.391961e-01,2.078480e+00,2.569331e+00
6.430000e+00,1.361490e+00,2.519924e+00,2.266408e+00,2.461211e+00,2.207444e+00,2.380154e+00,2.377050e+00,2.193460e+00,2.521379e+00,2.384430e+00,2.130350e+00,2.570260e+00,2.337456e+00,2.450000e+00,2.081600e+00,2.241190e+00,2.110571e+00,2.332410e+00,2.408555e+00,2.115438e+00,2.367404e+00,2.324192e+00,2.382122e+00,2.133125e+00,2.228235e+00,2.313515e+00,1.390516e-01,2.081600e+00,2.570260e+00
6.431000e+00,1.361750e+00,2.519237e+00,2.265437e+00,2.462197e+00,2.206444e+00,2.380385e+00,2.377671e+00,2.194360e+00,2.522414e+00,2.385570e+00,2.131200e+00,2.571599e+00,2.338342e+00,2.450681e+00,2.082480e+00,2.241982e+00,2.111061e+00,2.331566e+00,2.406763e+00,2.114688e+00,2.365529e+00,2.324646e+00,2.382490e+00,2.133625e+00,2.229118e+00,2.313729e+00,1.390744e-01,2.082480e+00,2.571599e+00
6.432000e+00,1.361940e+00,2.519771e+00,2.267184e+00,2.463094e+00,2.203444e+00,2.380692e+00,2.378913e+00,2.194858e+00,2.522897e+00,2.387450e+00,2.131600e+00,2.572714e+00,2.339229e+00,2.452085e+00,2.082080e+00,2.242775e+00,2.112653e+00,2.331386e+00,2.406416e+00,2.115875e+00,2.364760e+00,2.321313e+00,2.383102e+00,2.135000e+00,2.229412e+00,2.314113e+00,1.391759e-01,2.082080e+00,2.572714e+00
6.433000e+00,1.362260e+00,2.521374e+00,2.264175e+00,2.463722e+00,2.204667e+00,2.381692e+00,2.380559e+00,2.195853e+00,2.523034e+00,2.387852e+00,2.132250e+00,2.574089e+00,2.340115e+00,2.453021e+00,2.083840e+00,2.243567e+00,2.113918e+00,2.332651e+00,2.406705e+00,2.116938e+00,2.365144e+00,2.321465e+00,2.383102e+00,2.137875e+00,2.230706e+00,2.314930e+00,1.390133e-01,2.083840e+00,2.574089e+00
6.434000e+00,1.362540e+00,2.522748e+00,2.265631e+00,2.463677e+00,2.205111e+00,2.382154e+00,2.381273e+00,2.197062e+00,2.522828e+00,2.389396e+00,2.133000e+00,2.574758e+00,2.341001e+00,2.453872e+00,2.082560e+00,2.244358e+00,2.115388e+00,2.333916e+00,2.405780e+00,2.117563e+00,2.365288e+00,2.320000e+00,2.384286e+00,2.137375e+00,2.231235e+00,2.315428e+00,1.390798e-01,2.082560e+00,2.574758e+00
6.435000e+00,1.362650e+00,2.524198e+00,2.264369e+00,2.464439e+00,2.203778e+00,2.382423e+00,2.382236e+00,2.198152e+00,2.523517e+00,2.390268e+00,2.133500e+00,2.575874e+00,2.341887e+00,2.454468e+00,2.084480e+00,2.245149e+00,2.116694e+00,2.335241e+00,2.405954e+00,2.118437e+00,2.365865e+00,2.320707e+00,2.384245e+00,2.139875e+00,2.232118e+00,2.316161e+00,1.389919e-01,2.084480e+00,2.575874e+00
6.436000e+00,1.363050e+00,2.524351e+00,2.267476e+00,2.465112e+00,2.205222e+00,2.382731e+00,2.382857e+00,2.198720e+00,2.524414e+00,2.391208e+00,2.133900e+00,2.577286e+00,2.342773e+00,2.456043e+00,2.085920e+00,2.245940e+00,2.118367e+00,2.336928e+00,2.406879e+00,2.118937e+00,2.366731e+00,2.319798e+00,2.383714e+00,2.139750e+00,2.233000e+00,2.317002e+00,1.389450e-01,2.085920e+00,2.577286e+00
6.437000e+00,1.363040e+00,2.526412e+00,2.266505e+00,2.466457e+00,2.206000e+00,2.382962e+00,2.383696e+00,2.199787e+00,2.526345e+00,2.392685e+00,2.134100e+00,2.578885e+00,2.343658e+00,2.457191e+00,2.087360e+00,2.246731e+00,2.118612e+00,2.338614e+00,2.408150e+00,2.120000e+00,2.367644e+00,2.320152e+00,2.382449e+00,2.142625e+00,2.233824e+00,2.317952e+00,1.390938e-01,2.087360e+00,2.578885e+00
6.438000e+00,1.363520e+00,2.528550e+00,2.267961e+00,2.466682e+00,2.206000e+00,2.383808e+00,2.384472e+00,2.200592e+00,2.526966e+00,2.393423e+00,2.135200e+00,2.579740e+00,2.344543e+00,2.458638e+00,2.088400e+00,2.247521e+00,2.120041e+00,2.340964e+00,2.408960e+00,2.120562e+00,2.368413e+00,2.320505e+00,2.382286e+00,2.142500e+00,2.234706e+00,2.318810e+00,1.391699e-01,2.088400e+00,2.579740e+00
6.439000e+00,1.363750e+00,2.527252e+00,2.268835e+00,2.466906e+00,2.207222e+00,2.384500e+00,2.383975e+00,2.200806e+00,2.527586e+00,2.393758e+00,2.136400e+00,2.580112e+00,2.345428e+00,2.458128e+00,2.088720e+00,2.248311e+00,2.121551e+00,2.343012e+00,2.409769e+00,2.121188e+00,2.369375e+00,2.321263e+00,2.382122e+00,2.142375e+00,2.235882e+00,2.319353e+00,1.388942e-01,2.088720e+00,2.580112e+00
6.440000e+00,1.364040e+00,2.530305e+00,2.268835e+00,2.468565e+00,2.207889e+00,2.385077e+00,2.382267e+00,2.201919e+00,2.528276e+00,2.394832e+00,2.137550e+00,2.581524e+00,2.346313e+00,2.460000e+00,2.091920e+00,2.249100e+00,2.122857e+00,2.344277e+00,2.410867e+00,2.122375e+00,2.370337e+00,2.321566e+00,2.382857e+00,2.142750e+00,2.236647e+00,2.320371e+00,1.389184e-01,2.091920e+00,2.581524e+00
6.441000e+00,1.364300e+00,2.530382e+00,2.270388e+00,2.468924e+00,2.209889e+00,2.385269e+00,2.381211e+00,2.202536e+00,2.529172e+00,2.396443e+00,2.138400e+00,2.582193e+00,2.347198e+00,2.461191e+00,2.093200e+00,2.249889e+00,2.123796e+00,2.345783e+00,2.411503e+00,2.122813e+00,2.371827e+00,2.323434e+00,2.383020e+00,2.143875e+00,2.236706e+00,2.321210e+00,1.387724e-01,2.093200e+00,2.582193e+00
6.442000e+00,1.364480e+00,2.530000e+00,2.272816e+00,2.470269e+00,2.209000e+00,2.385192e+00,2.380714e+00,2.203318e+00,2.530138e+00,2.398054e+00,2.138750e+00,2.583197e+00,2.348082e+00,2.460936e+00,2.092640e+00,2.250678e+00,2.124857e+00,2.346988e+00,2.412775e+00,2.123563e+00,2.372885e+00,2.323081e+00,2.384286e+00,2.143875e+00,2.237529e+00,2.321818e+00,1.388927e-01,2.092640e+00,2.583197e+00
6.443000e+00,1.364910e+00,2.530840e+00,2.273786e+00,2.469731e+00,2.211444e+00,2.386154e+00,2.380683e+00,2.203318e+00,2.531103e+00,2.398591e+00,2.140950e+00,2.583792e+00,2.348966e+00,2.461447e+00,2.092880e+00,2.251466e+00,2.126327e+00,2.347410e+00,2.413353e+00,2.124062e+00,2.373702e+00,2.323788e+00,2.384939e+00,2.146875e+00,2.239353e+00,2.322707e+00,1.385583e-01,2.092880e+00,2.583792e+00
6.444000e+00,1.364960e+00,2.531908e+00,2.273981e+00,2.468072e+00,2.213000e+00,2.386808e+00,2.381739e+00,2.202346e+00,2.531241e+00,2.400336e+00,2.142250e+00,2.585279e+00,2.349850e+00,2.460936e+00,2.094800e+00,2.252256e+00,2.126898e+00,2.348313e+00,2.414913e+00,2.125625e+00,2.374038e+00,2.325505e+00,2.386571e+00,2.147000e+00,2.239941e+00,2.323484e+00,1.384328e-01,2.094800e+00,2.585279e+00
6.445000e+00,1.365280e+00,2.532595e+00,2.276311e+00,2.466906e+00,2.213000e+00,2.387923e+00,2.382267e+00,2.200521e+00,2.533034e+00,2.401611e+00,2.143350e+00,2.586171e+00,2.352147e+00,2.459532e+00,2.095200e+00,2.253045e+00,2.128939e+00,2.348434e+00,2.416590e+00,2.126125e+00,2.375048e+00,2.326717e+00,2.386816e+00,2.148750e+00,2.240471e+00,2.324229e+00,1.383701e-01,2.095200e+00,2.586171e+00
6.446000e+00,1.365560e+00,2.531374e+00,2.275631e+00,2.466592e+00,2.214778e+00,2.388423e+00,2.382826e+00,2.200640e+00,2.533448e+00,2.402953e+00,2.144050e+00,2.587249e+00,2.351751e+00,2.458426e+00,2.096880e+00,2.253833e+00,2.130041e+00,2.349518e+00,2.416590e+00,2.127187e+00,2.375913e+00,2.327424e+00,2.388408e+00,2.149625e+00,2.241118e+00,2.324778e+00,1.380310e-01,2.096880e+00,2.587249e+00
6.447000e+00,1.365870e+00,2.534504e+00,2.277767e+00,2.466996e+00,2.215778e+00,2.388308e+00,2.383571e+00,2.199218e+00,2.533586e+00,2.404094e+00,2.145350e+00,2.588736e+00,2.354350e+00,2.459149e+00,2.097680e+00,2.254622e+00,2.131102e+00,2.350000e+00,2.418555e+00,2.127375e+00,2.377404e+00,2.329545e+00,2.388571e+00,2.149750e+00,2.241000e+00,2.325709e+00,1.383156e-01,2.097680e+00,2.588736e+00
6.448000e+00,1.366010e+00,2.534504e+00,2.276796e+00,2.467623e+00,2.216000e+00,2.388808e+00,2.384627e+00,2.199834e+00,2.535310e+00,2.404295e+00,2.146300e+00,2.590000e+00,2.354915e+00,2.460638e+00,2.098720e+00,2.255408e+00,2.131959e+00,2.350602e+00,2.419249e+00,2.127438e+00,2.378413e+00,2.330354e+00,2.389429e+00,2.152250e+00,2.242647e+00,2.326505e+00,1.383208e-01,2.098720e+00,2.590000e+00
6.449000e+00,1.366300e+00,2.535115e+00,2.278447e+00,2.468296e+00,2.216556e+00,2.389654e+00,2.385590e+00,2.199953e+00,2.536483e+00,2.404698e+00,2.146900e+00,2.591338e+00,2.356441e+00,2.461106e+00,2.099360e+00,2.256194e+00,2.133143e+00,2.350181e+00,2.420578e+00,2.128625e+00,2.379327e+00,2.332020e+00,2.389469e+00,2.152250e+00,2.243588e+00,2.327305e+00,1.383884e-01,2.099360e+00,2.591338e+00
6.450000e+00,1.366480e+00,2.536565e+00,2.278447e+00,2.469058e+00,2.217667e+00,2.389846e+00,2.386584e+00,2.200924e+00,2.537379e+00,2.406040e+00,2.147750e+00,2.592788e+00,2.356158e+00,2.461149e+00,2.102560e+00,2.256980e+00,2.134612e+00,2.350482e+00,2.420578e+00,2.128437e+00,2.380337e+00,2.333232e+00,2.391061e+00,2.155000e+00,2.244412e+00,2.328252e+00,1.381892e-01,2.102560e+00,2.592788e+00
6.451000e+00,1.367000e+00,2.536641e+00,2.280583e+00,2.469910e+00,2.220778e+00,2.389038e+00,2.387143e+00,2.201659e+00,2.537448e+00,2.408255e+00,2.148350e+00,2.593011e+00,2.357006e+00,2.462766e+00,2.102320e+00,2.257766e+00,2.135918e+00,2.351145e+00,2.420809e+00,2.130250e+00,2.381346e+00,2.334343e+00,2.390816e+00,2.154250e+00,2.245000e+00,2.329023e+00,1.380394e-01,2.102320e+00,2.593011e+00
6.452000e+00,1.367050e+00,2.538244e+00,2.280874e+00,2.470717e+00,2.219667e+00,2.388154e+00,2.388168e+00,2.202180e+00,2.536069e+00,2.408926e+00,2.148900e+00,2.592379e+00,2.359040e+00,2.464085e+00,2.103440e+00,2.258551e+00,2.137388e+00,2.351506e+00,2.421792e+00,2.130562e+00,2.382115e+00,2.335253e+00,2.391796e+00,2.155250e+00,2.244706e+00,2.329573e+00,1.379283e-01,2.103440e+00,2.592379e+00
6.453000e+00,1.367380e+00,2.538855e+00,2.283592e+00,2.471435e+00,2.220556e+00,2.387231e+00,2.389410e+00,2.203365e+00,2.535310e+00,2.411141e+00,2.149700e+00,2.593866e+00,2.357853e+00,2.464000e+00,2.105120e+00,2.259335e+00,2.138531e+00,2.352289e+00,2.422543e+00,2.130375e+00,2.382596e+00,2.335253e+00,2.392531e+00,2.156125e+00,2.244294e+00,2.330221e+00,1.377824e-01,2.105120e+00,2.593866e+00
6.454000e+00,1.367530e+00,2.539924e+00,2.283689e+00,2.472422e+00,2.222000e+00,2.386885e+00,2.389938e+00,2.204005e+00,2.534483e+00,2.412483e+00,2.150200e+00,2.594684e+00,2.360678e+00,2.465787e+00,2.105120e+00,2.260120e+00,2.139102e+00,2.353494e+00,2.422081e+00,2.131063e+00,2.383798e+00,2.335859e+00,2.393673e+00,2.159250e+00,2.241882e+00,2.330942e+00,1.377846e-01,2.105120e+00,2.594684e+00
6.455000e+00,1.367930e+00,2.541374e+00,2.285825e+00,2.473408e+00,2.221000e+00,2.387538e+00,2.390745e+00,2.204573e+00,2.534621e+00,2.413356e+00,2.151600e+00,2.595204e+00,2.359831e+00,2.466851e+00,2.108400e+00,2.260903e+00,2.140816e+00,2.355120e+00,2.423006e+00,2.132000e+00,2.383798e+00,2.336616e+00,2.394653e+00,2.159750e+00,2.241235e+00,2.331759e+00,1.376091e-01,2.108400e+00,2.595204e+00
6.456000e+00,1.368050e+00,2.542214e+00,2.285340e+00,2.475247e+00,2.223667e+00,2.387923e+00,2.391708e+00,2.206469e+00,2.534483e+00,2.414027e+00,2.151950e+00,2.595465e+00,2.362599e+00,2.468128e+00,2.109200e+00,2.261687e+00,2.142041e+00,2.356928e+00,2.424855e+00,2.132750e+00,2.384856e+00,2.336616e+00,2.394816e+00,2.161250e+00,2.241706e+00,2.332747e+00,1.375027e-01,2.109200e+00,2.595465e+00
6.457000e+00,1.368390e+00,2.543359e+00,2.287087e+00,2.476009e+00,2.222889e+00,2.388808e+00,2.392609e+00,2.206991e+00,2.535517e+00,2.413826e+00,2.152700e+00,2.596320e+00,2.363616e+00,2.468468e+00,2.110080e+00,2.262470e+00,2.142571e+00,2.360422e+00,2.424855e+00,2.132312e+00,2.385625e+00,2.337475e+00,2.396082e+00,2.161875e+00,2.241882e+00,2.333494e+00,1.376750e-01,2.110080e+00,2.596320e+00
6.458000e+00,1.368490e+00,2.545649e+00,2.286796e+00,2.476502e+00,2.222333e+00,2.388692e+00,2.393292e+00,2.208436e+00,2.535862e+00,2.413490e+00,2.153000e+00,2.597472e+00,2.364181e+00,2.469362e+00,2.111680e+00,2.263253e+00,2.144082e+00,2.362711e+00,2.424913e+00,2.132938e+00,2.386827e+00,2.338030e+00,2.396898e+00,2.161250e+00,2.241118e+00,2.334115e+00,1.378103e-01,2.111680e+00,2.597472e+00
6.459000e+00,1.369040e+00,2.544198e+00,2.289126e+00,2.477040e+00,2.224778e+00,2.389154e+00,2.393913e+00,2.209123e+00,2.536966e+00,2.412483e+00,2.154500e+00,2.598476e+00,2.364181e+00,2.471191e+00,2.113600e+00,2.264035e+00,2.145878e+00,2.364639e+00,2.426127e+00,2.130625e+00,2.387885e+00,2.339343e+00,2.398000e+00,2.162625e+00,2.243000e+00,2.335037e+00,1.375938e-01,2.113600e+00,2.598476e+00
6.460000e+00,1.369210e+00,2.545649e+00,2.288155e+00,2.478072e+00,2.224000e+00,2.389692e+00,2.395311e+00,2.209550e+00,2.537379e+00,2.413154e+00,2.155050e+00,2.598773e+00,2.364520e+00,2.471957e+00,2.114000e+00,2.264817e+00,2.146245e+00,2.365120e+00,2.426821e+00,2.128875e+00,2.388894e+00,2.339444e+00,2.397878e+00,2.162500e+00,2.243118e+00,2.335374e+00,1.379419e-01,2.114000e+00,2.598773e+00
6.461000e+00,1.369210e+00,2.544809e+00,2.289709e+00,2.479013e+00,2.225556e+00,2.390654e+00,2.396056e+00,2.210521e+00,2.539034e+00,2.413423e+00,2.156100e+00,2.600483e+00,2.366554e+00,2.472085e+00,2.114240e+00,2.265598e+00,2.146857e+00,2.365301e+00,2.427341e+00,2.129375e+00,2.390048e+00,2.340354e+00,2.398776e+00,2.163250e+00,2.244059e+00,2.336217e+00,1.379461e-01,2.114240e+00,2.600483e+00
6.462000e+00,1.369490e+00,2.545191e+00,2.290971e+00,2.479193e+00,2.225333e+00,2.391654e+00,2.397298e+00,2.210782e+00,2.539241e+00,2.414832e+00,2.157600e+00,2.601487e+00,2.367853e+00,2.472936e+00,2.115120e+00,2.266380e+00,2.146163e+00,2.364699e+00,2.428497e+00,2.129000e+00,2.390769e+00,2.340556e+00,2.399143e+00,2.162125e+00,2.244235e+00,2.336711e+00,1.381759e-01,2.115120e+00,2.601487e+00
6.463000e+00,1.369750e+00,2.544198e+00,2.290777e+00,2.479776e+00,2.226444e+00,2.391538e+00,2.398043e+00,2.212038e+00,2.539172e+00,2.415570e+00,2.158250e+00,2.602268e+00,2.367571e+00,2.474681e+00,2.116000e+00,2.267160e+00,2.146653e+00,2.364217e+00,2.429480e+00,2.129750e+00,2.390962e+00,2.341717e+00,2.400327e+00,2.164000e+00,2.246118e+00,2.337363e+00,1.379272e-01,2.116000e+00,2.602268e+00
6.464000e+00,1.369950e+00,2.543664e+00,2.291068e+00,2.481166e+00,2.227111e+00,2.391269e+00,2.398478e+00,2.212725e+00,2.539172e+00,2.416913e+00,2.159850e+00,2.603606e+00,2.368814e+00,2.475277e+00,2.116800e+00,2.267941e+00,2.146939e+00,2.363193e+00,2.430116e+00,2.130562e+00,2.391394e+00,2.343182e+00,2.400571e+00,2.164750e+00,2.247471e+00,2.338001e+00,1.378034e-01,2.116800e+00,2.603606e+00
6.465000e+00,1.370270e+00,2.542977e+00,2.290194e+00,2.482108e+00,2.226111e+00,2.391962e+00,2.399689e+00,2.213839e+00,2.539586e+00,2.418658e+00,2.160400e+00,2.604424e+00,2.370904e+00,2.475660e+00,2.117200e+00,2.268721e+00,2.147755e+00,2.363614e+00,2.431272e+00,2.130875e+00,2.392452e+00,2.343081e+00,2.401469e+00,2.166625e+00,2.248000e+00,2.338649e+00,1.378253e-01,2.117200e+00,2.604424e+00
6.466000e+00,1.370490e+00,2.542672e+00,2.290874e+00,2.483004e+00,2.228222e+00,2.393038e+00,2.401118e+00,2.214123e+00,2.539793e+00,2.418591e+00,2.161750e+00,2.606022e+00,2.370508e+00,2.476468e+00,2.118800e+00,2.269500e+00,2.148531e+00,2.364217e+00,2.432659e+00,2.132563e+00,2.393942e+00,2.343535e+00,2.401714e+00,2.166375e+00,2.248882e+00,2.339454e+00,1.376818e-01,2.118800e+00,2.606022e+00
6.467000e+00,1.370840e+00,2.544351e+00,2.291359e+00,2.484709e+00,2.229444e+00,2.393769e+00,2.401770e+00,2.214668e+00,2.540345e+00,2.420872e+00,2.162300e+00,2.607063e+00,2.372712e+00,2.478043e+00,2.120000e+00,2.270279e+00,2.150000e+00,2.364940e+00,2.432659e+00,2.133250e+00,2.393702e+00,2.344141e+00,2.402980e+00,2.167625e+00,2.250588e+00,2.340482e+00,1.377333e-01,2.120000e+00,2.607063e+00
6.468000e+00,1.371190e+00,2.544656e+00,2.293592e+00,2.485157e+00,2.228889e+00,2.394346e+00,2.402484e+00,2.215000e+00,2.541034e+00,2.421141e+00,2.163000e+00,2.608885e+00,2.372542e+00,2.478383e+00,2.122160e+00,2.271058e+00,2.150449e+00,2.366988e+00,2.431098e+00,2.134375e+00,2.392452e+00,2.344798e+00,2.403265e+00,2.169125e+00,2.250647e+00,2.341064e+00,1.375606e-01,2.122160e+00,2.608885e+00
6.469000e+00,1.371190e+00,2.544809e+00,2.292621e+00,2.486099e+00,2.230333e+00,2.395462e+00,2.403882e+00,2.215711e+00,2.540621e+00,2.422282e+00,2.163050e+00,2.610372e+00,2.373842e+00,2.478596e+00,2.122720e+00,2.271836e+00,2.150980e+00,2.367289e+00,2.429711e+00,2.135250e+00,2.391298e+00,2.346111e+00,2.402939e+00,2.169125e+00,2.251647e+00,2.341524e+00,1.375125e-01,2.122720e+00,2.610372e+00
6.470000e+00,1.371690e+00,2.547328e+00,2.295437e+00,2.486771e+00,2.231556e+00,2.395654e+00,2.404534e+00,2.216137e+00,2.541586e+00,2.424161e+00,2.162800e+00,2.611636e+00,2.375311e+00,2.479021e+00,2.123600e+00,2.272614e+00,2.152490e+00,2.367590e+00,2.430058e+00,2.135562e+00,2.391346e+00,2.347626e+00,2.401918e+00,2.170625e+00,2.251765e+00,2.342380e+00,1.376012e-01,2.123600e+00,2.611636e+00
6.471000e+00,1.371830e+00,2.547634e+00,2.294563e+00,2.487040e+00,2.230778e+00,2.396615e+00,2.404534e+00,2.216848e+00,2.542414e+00,2.425772e+00,2.162200e+00,2.613011e+00,2.374576e+00,2.479957e+00,2.124000e+00,2.273392e+00,2.154082e+00,2.368193e+00,2.429364e+00,2.137250e+00,2.391538e+00,2.347576e+00,2.401959e+00,2.170125e+00,2.252059e+00,2.342728e+00,1.376944e-01,2.124000e+00,2.613011e+00
6.472000e+00,1.372090e+00,2.548626e+00,2.296505e+00,2.488565e+00,2.232000e+00,2.397269e+00,2.404876e+00,2.217204e+00,2.543310e+00,2.426846e+00,2.161800e+00,2.613792e+00,2.373277e+00,2.480681e+00,2.125120e+00,2.274169e+00,2.154408e+00,2.367048e+00,2.428844e+00,2.137563e+00,2.391394e+00,2.348081e+00,2.401224e+00,2.172125e+00,2.253294e+00,2.343251e+00,1.376395e-01,2.125120e+00,2.613792e+00
6.473000e+00,1.372200e+00,2.550305e+00,2.295534e+00,2.489103e+00,2.232333e+00,2.398269e+00,2.405652e+00,2.218507e+00,2.543448e+00,2.428859e+00,2.161400e+00,2.615985e+00,2.372034e+00,2.481191e+00,2.127040e+00,2.274946e+00,2.155265e+00,2.366988e+00,2.429306e+00,2.137437e+00,2.392019e+00,2.349141e+00,2.401592e+00,2.172500e+00,2.254765e+00,2.343901e+00,1.378095e-01,2.127040e+00,2.615985e+00
6.474000e+00,1.372550e+00,2.550840e+00,2.298252e+00,2.490538e+00,2.234556e+00,2.398462e+00,2.406242e+00,2.218531e+00,2.544966e+00,2.430470e+00,2.161900e+00,2.617063e+00,2.372768e+00,2.482979e+00,2.125520e+00,2.275722e+00,2.156857e+00,2.368313e+00,2.429422e+00,2.138875e+00,2.393365e+00,2.347879e+00,2.401878e+00,2.172500e+00,2.255353e+00,2.344719e+00,1.380040e-01,2.125520e+00,2.617063e+00
6.475000e+00,1.372890e+00,2.552519e+00,2.298350e+00,2.491345e+00,2.234889e+00,2.398615e+00,2.407298e+00,2.219882e+00,2.544828e+00,2.431007e+00,2.162250e+00,2.618773e+00,2.374011e+00,2.483617e+00,2.128720e+00,2.276498e+00,2.158327e+00,2.368916e+00,2.430462e+00,2.139687e+00,2.394087e+00,2.349495e+00,2.401918e+00,2.173500e+00,2.255647e+00,2.345610e+00,1.378901e-01,2.128720e+00,2.618773e+00
6.476000e+00,1.373200e+00,2.552595e+00,2.300291e+00,2.492601e+00,2.235444e+00,2.399385e+00,2.408168e+00,2.219668e+00,2.545448e+00,2.432148e+00,2.163100e+00,2.619740e+00,2.374407e+00,2.484255e+00,2.129440e+00,2.277274e+00,2.159673e+00,2.369940e+00,2.430578e+00,2.140938e+00,2.394712e+00,2.348990e+00,2.402571e+00,2.174500e+00,2.256765e+00,2.346360e+00,1.378010e-01,2.129440e+00,2.619740e+00
6.477000e+00,1.373360e+00,2.555573e+00,2.299515e+00,2.493543e+00,2.238444e+00,2.400115e+00,2.408758e+00,2.221019e+00,2.545793e+00,2.433423e+00,2.163850e+00,2.620818e+00,2.375085e+00,2.484979e+00,2.130640e+00,2.278049e+00,2.160408e+00,2.371807e+00,2.431792e+00,2.141563e+00,2.395433e+00,2.350758e+00,2.403673e+00,2.174375e+00,2.258059e+00,2.347395e+00,1.379202e-01,2.130640e+00,2.620818e+00
6.478000e+00,1.373640e+00,2.556641e+00,2.301650e+00,2.494529e+00,2.238333e+00,2.401115e+00,2.409410e+00,2.221398e+00,2.547034e+00,2.434094e+00,2.164900e+00,2.622119e+00,2.376215e+00,2.486085e+00,2.131440e+00,2.278824e+00,2.162531e+00,2.374699e+00,2.433468e+00,2.143187e+00,2.396779e+00,2.351010e+00,2.403918e+00,2.175500e+00,2.258294e+00,2.348466e+00,1.379487e-01,2.131440e+00,2.622119e+00
6.479000e+00,1.374000e+00,2.555649e+00,2.302330e+00,2.495471e+00,2.238556e+00,2.401500e+00,2.410155e+00,2.221896e+00,2.546897e+00,2.434765e+00,2.165750e+00,2.622974e+00,2.377401e+00,2.486979e+00,2.132800e+00,2.279600e+00,2.163429e+00,2.374277e+00,2.434451e+00,2.143937e+00,2.397981e+00,2.350455e+00,2.404776e+00,2.174500e+00,2.259706e+00,2.349010e+00,1.378577e-01,2.132800e+00,2.622974e+00
6.480000e+00,1.374140e+00,2.557023e+00,2.302330e+00,2.496188e+00,2.239889e+00,2.400731e+00,2.410714e+00,2.221043e+00,2.547931e+00,2.435570e+00,2.167300e+00,2.624126e+00,2.378927e+00,2.488638e+00,2.135200e+00,2.280375e+00,2.164571e+00,2.374759e+00,2.435376e+00,2.144875e+00,2.398846e+00,2.348939e+00,2.405918e+00,2.175500e+00,2.260765e+00,2.349814e+00,1.378212e-01,2.135200e+00,2.624126e+00
6.481000e+00,1.374400e+00,2.557405e+00,2.303495e+00,2.495830e+00,2.239000e+00,2.400962e+00,2.411429e+00,2.219929e+00,2.548966e+00,2.436309e+00,2.167850e+00,2.625056e+00,2.379492e+00,2.489191e+00,2.134720e+00,2.281148e+00,2.165755e+00,2.374759e+00,2.436069e+00,2.146125e+00,2.400144e+00,2.347576e+00,2.406939e+00,2.176500e+00,2.261118e+00,2.350240e+00,1.379239e-01,2.134720e+00,2.625056e+00
6.482000e+00,1.374600e+00,2.558702e+00,2.305146e+00,2.496996e+00,2.241222e+00,2.402231e+00,2.412298e+00,2.218981e+00,2.549793e+00,2.437651e+00,2.168500e+00,2.625799e+00,2.380904e+00,2.489617e+00,2.134800e+00,2.281922e+00,2.167265e+00,2.375120e+00,2.436879e+00,2.146750e+00,2.400817e+00,2.347828e+00,2.407918e+00,2.177125e+00,2.261294e+00,2.351065e+00,1.380422e-01,2.134800e+00,2.625799e+00
6.483000e+00,1.374890e+00,2.558321e+00,2.306214e+00,2.497758e+00,2.240778e+00,2.402577e+00,2.413230e+00,2.219313e+00,2.551172e+00,2.438456e+00,2.169750e+00,2.627026e+00,2.382260e+00,2.489787e+00,2.136480e+00,2.282694e+00,2.168367e+00,2.374398e+00,2.437977e+00,2.148312e+00,2.401394e+00,2.347778e+00,2.408612e+00,2.177250e+00,2.262529e+00,2.351768e+00,1.379390e-01,2.136480e+00,2.627026e+00
6.484000e+00,1.375130e+00,2.559618e+00,2.306505e+00,2.498520e+00,2.241111e+00,2.403500e+00,2.413913e+00,2.219313e+00,2.551931e+00,2.440403e+00,2.171100e+00,2.628476e+00,2.383842e+00,2.490511e+00,2.138000e+00,2.283467e+00,2.169592e+00,2.373855e+00,2.439422e+00,2.149875e+00,2.401779e+00,2.348030e+00,2.408857e+00,2.178625e+00,2.263412e+00,2.352652e+00,1.379228e-01,2.138000e+00,2.628476e+00
6.485000e+00,1.375380e+00,2.561221e+00,2.307282e+00,2.499058e+00,2.241222e+00,2.403654e+00,2.414689e+00,2.219621e+00,2.552483e+00,2.441745e+00,2.171400e+00,2.629517e+00,2.383277e+00,2.491064e+00,2.138320e+00,2.284239e+00,2.171347e+00,2.374217e+00,2.439653e+00,2.150375e+00,2.402596e+00,2.348737e+00,2.410286e+00,2.178375e+00,2.263647e+00,2.353251e+00,1.380802e-01,2.138320e+00,2.629517e+00
6.486000e+00,1.375680e+00,2.560611e+00,2.308252e+00,2.499193e+00,2.242222e+00,2.404269e+00,2.414938e+00,2.220284e+00,2.553517e+00,2.442953e+00,2.172300e+00,2.630669e+00,2.384746e+00,2.492383e+00,2.140560e+00,2.285010e+00,2.172531e+00,2.375783e+00,2.440925e+00,2.151687e+00,2.404375e+00,2.348788e+00,2.411143e+00,2.179125e+00,2.264647e+00,2.354205e+00,1.379092e-01,2.140560e+00,2.630669e+00
6.487000e+00,1.376060e+00,2.562366e+00,2.308738e+00,2.499821e+00,2.244333e+00,2.404615e+00,2.415342e+00,2.220213e+00,2.554345e+00,2.443356e+00,2.173150e+00,2.631413e+00,2.385989e+00,2.492809e+00,2.140240e+00,2.285781e+00,2.173469e+00,2.377530e+00,2.441329e+00,2.153125e+00,2.405192e+00,2.350303e+00,2.412245e+00,2.181375e+00,2.265176e+00,2.355094e+00,1.378728e-01,2.140240e+00,2.631413e+00
6.488000e+00,1.376100e+00,2.563817e+00,2.309515e+00,2.500628e+00,2.243556e+00,2.405577e+00,2.415839e+00,2.221185e+00,2.554483e+00,2.444161e+00,2.174800e+00,2.632565e+00,2.387119e+00,2.493319e+00,2.141840e+00,2.286552e+00,2.174122e+00,2.378494e+00,2.442197e+00,2.153625e+00,2.405817e+00,2.351869e+00,2.412490e+00,2.182500e+00,2.266000e+00,2.355919e+00,1.378387e-01,2.141840e+00,2.632565e+00
6.489000e+00,1.376400e+00,2.563435e+00,2.311456e+00,2.501211e+00,2.245444e+00,2.405654e+00,2.416211e+00,2.221422e+00,2.554552e+00,2.445302e+00,2.175050e+00,2.632974e+00,2.388023e+00,2.494596e+00,2.142800e+00,2.287322e+00,2.175714e+00,2.378554e+00,2.442370e+00,2.155250e+00,2.406875e+00,2.352424e+00,2.412816e+00,2.182875e+00,2.267000e+00,2.356639e+00,1.375786e-01,2.142800e+00,2.632974e+00
6.490000e+00,1.376600e+00,2.565573e+00,2.312039e+00,2.502152e+00,2.246556e+00,2.404769e+00,2.415683e+00,2.222299e+00,2.553862e+00,2.446242e+00,2.175750e+00,2.632454e+00,2.388362e+00,2.495957e+00,2.144400e+00,2.288092e+00,2.176449e+00,2.379819e+00,2.443064e+00,2.155687e+00,2.407404e+00,2.353131e+00,2.413592e+00,2.182375e+00,2.267176e+00,2.357204e+00,1.374952e-01,2.144400e+00,2.632454e+00
6.491000e+00,1.377010e+00,2.565267e+00,2.312427e+00,2.502780e+00,2.246556e+00,2.403808e+00,2.414006e+00,2.222938e+00,2.553517e+00,2.447718e+00,2.177150e+00,2.632454e+00,2.390000e+00,2.495787e+00,2.144320e+00,2.288861e+00,2.177551e+00,2.380060e+00,2.444277e+00,2.157000e+00,2.407788e+00,2.354545e+00,2.414000e+00,2.184375e+00,2.268235e+00,2.357726e+00,1.371393e-01,2.144320e+00,2.632454e+00
6.492000e+00,1.377120e+00,2.566870e+00,2.313883e+00,2.503946e+00,2.248222e+00,2.403846e+00,2.413602e+00,2.223246e+00,2.554414e+00,2.447450e+00,2.178000e+00,2.633792e+00,2.390678e+00,2.496979e+00,2.145520e+00,2.289630e+00,2.179347e+00,2.377952e+00,2.443584e+00,2.157125e+00,2.408798e+00,2.355505e+00,2.414327e+00,2.185250e+00,2.269235e+00,2.358383e+00,1.370812e-01,2.145520e+00,2.633792e+00
6.493000e+00,1.377450e+00,2.568779e+00,2.314466e+00,2.504709e+00,2.244667e+00,2.405000e+00,2.412950e+00,2.224550e+00,2.554828e+00,2.446980e+00,2.178650e+00,2.634498e+00,2.391186e+00,2.498298e+00,2.146720e+00,2.290399e+00,2.180939e+00,2.378675e+00,2.444566e+00,2.157312e+00,2.409663e+00,2.356263e+00,2.414980e+00,2.184625e+00,2.271059e+00,2.358948e+00,1.372438e-01,2.146720e+00,2.634498e+00
6.494000e+00,1.377630e+00,2.569924e+00,2.315049e+00,2.504619e+00,2.243556e+00,2.406000e+00,2.413509e+00,2.225711e+00,2.555862e+00,2.447785e+00,2.179250e+00,2.635985e+00,2.392203e+00,2.498851e+00,2.146160e+00,2.291167e+00,2.182163e+00,2.380060e+00,2.444624e+00,2.158875e+00,2.410625e+00,2.356818e+00,2.416327e+00,2.186375e+00,2.271706e+00,2.359717e+00,1.373242e-01,2.146160e+00,2.635985e+00
6.495000e+00,1.377940e+00,2.569618e+00,2.316019e+00,2.506099e+00,2.244222e+00,2.406000e+00,2.413447e+00,2.226730e+00,2.556828e+00,2.448926e+00,2.179900e+00,2.636840e+00,2.392373e+00,2.499234e+00,2.149040e+00,2.291934e+00,2.182735e+00,2.380843e+00,2.445491e+00,2.158625e+00,2.411731e+00,2.357475e+00,2.417143e+00,2.189000e+00,2.272235e+00,2.360520e+00,1.371217e-01,2.149040e+00,2.636840e+00
6.496000e+00,1.378300e+00,2.570763e+00,2.314369e+00,2.506637e+00,2.244111e+00,2.405808e+00,2.414317e+00,2.227038e+00,2.557517e+00,2.449463e+00,2.181000e+00,2.638141e+00,2.394576e+00,2.500596e+00,2.148560e+00,2.292702e+00,2.183918e+00,2.382530e+00,2.447514e+00,2.159437e+00,2.413317e+00,2.358182e+00,2.417265e+00,2.188875e+00,2.273647e+00,2.361262e+00,1.373873e-01,2.148560e+00,2.638141e+00
6.497000e+00,1.378490e+00,2.572901e+00,2.316602e+00,2.504978e+00,2.244556e+00,2.406346e+00,2.414658e+00,2.228294e+00,2.558000e+00,2.450671e+00,2.182100e+00,2.639108e+00,2.394689e+00,2.499872e+00,2.150320e+00,2.293468e+00,2.185469e+00,2.383253e+00,2.448208e+00,2.160562e+00,2.413269e+00,2.359798e+00,2.417755e+00,2.189125e+00,2.274059e+00,2.362003e+00,1.371422e-01,2.150320e+00,2.639108e+00
6.498000e+00,1.378740e+00,2.573893e+00,2.315922e+00,2.504484e+00,2.246111e+00,2.406846e+00,2.415621e+00,2.228839e+00,2.558069e+00,2.451141e+00,2.182650e+00,2.640781e+00,2.396610e+00,2.498681e+00,2.151680e+00,2.294235e+00,2.186490e+00,2.383494e+00,2.448786e+00,2.160500e+00,2.413990e+00,2.360404e+00,2.418694e+00,2.189875e+00,2.275118e+00,2.362621e+00,1.370581e-01,2.151680e+00,2.640781e+00
6.499000e+00,1.379070e+00,2.574351e+00,2.316796e+00,2.504305e+00,2.245778e+00,2.407192e+00,2.416366e+00,2.230000e+00,2.559862e+00,2.451007e+00,2.183450e+00,2.641896e+00,2.397175e+00,2.498383e+00,2.151360e+00,2.295001e+00,2.187755e+00,2.383253e+00,2.449075e+00,2.161437e+00,2.414808e+00,2.362475e+00,2.419224e+00,2.190875e+00,2.277294e+00,2.363297e+00,1.369927e-01,2.151360e+00,2.641896e+00
6.500000e+00,1.379250e+00,2.574427e+00,2.316990e+00,2.503767e+00,2.249111e+00,2.408154e+00,2.417422e+00,2.230545e+00,2.560621e+00,2.452416e+00,2.184500e+00,2.642379e+00,2.399944e+00,2.498128e+00,2.152400e+00,2.295767e+00,2.188367e+00,2.383193e+00,2.449480e+00,2.162937e+00,2.416346e+00,2.362929e+00,2.419755e+00,2.190625e+00,2.277176e+00,2.364058e+00,1.367994e-01,2.152400e+00,2.642379e+00
6.501000e+00,1.379450e+00,2.574885e+00,2.318738e+00,2.503946e+00,2.249000e+00,2.408308e+00,2.418230e+00,2.232014e+00,2.562138e+00,2.452953e+00,2.185100e+00,2.643941e+00,2.400056e+00,2.499872e+00,2.152960e+00,2.296532e+00,2.189306e+00,2.382530e+00,2.451156e+00,2.163375e+00,2.417548e+00,2.364444e+00,2.420327e+00,2.190250e+00,2.277176e+00,2.364783e+00,1.370083e-01,2.152960e+00,2.643941e+00
6.502000e+00,1.379730e+00,2.576031e+00,2.318932e+00,2.503587e+00,2.250333e+00,2.408269e+00,2.419161e+00,2.232204e+00,2.562828e+00,2.454564e+00,2.184700e+00,2.645130e+00,2.402655e+00,2.500085e+00,2.154160e+00,2.297296e+00,2.189878e+00,2.382771e+00,2.451792e+00,2.165125e+00,2.418558e+00,2.365000e+00,2.420571e+00,2.190750e+00,2.278353e+00,2.365531e+00,1.370189e-01,2.154160e+00,2.645130e+00
6.503000e+00,1.379880e+00,2.576260e+00,2.321068e+00,2.503677e+00,2.251556e+00,2.408654e+00,2.420248e+00,2.232915e+00,2.564345e+00,2.456242e+00,2.186500e+00,2.645390e+00,2.402034e+00,2.500851e+00,2.154960e+00,2.298061e+00,2.191633e+00,2.382892e+00,2.451734e+00,2.165563e+00,2.419183e+00,2.365859e+00,2.419388e+00,2.191125e+00,2.278824e+00,2.366207e+00,1.368132e-01,2.154960e+00,2.645390e+00
6.504000e+00,1.380290e+00,2.575344e+00,2.321165e+00,2.504350e+00,2.249667e+00,2.409346e+00,2.421522e+00,2.232512e+00,2.565655e+00,2.457718e+00,2.186700e+00,2.646506e+00,2.404520e+00,2.501149e+00,2.155440e+00,2.298825e+00,2.191714e+00,2.382590e+00,2.452775e+00,2.166187e+00,2.419087e+00,2.366313e+00,2.418531e+00,2.191000e+00,2.280235e+00,2.366619e+00,1.370291e-01,2.155440e+00,2.646506e+00
6.505000e+00,1.380400e+00,2.574656e+00,2.320194e+00,2.504215e+00,2.251222e+00,2.410462e+00,2.422733e+00,2.233863e+00,2.567034e+00,2.458523e+00,2.187200e+00,2.648067e+00,2.404237e+00,2.501915e+00,2.154400e+00,2.299588e+00,2.191633e+00,2.378855e+00,2.451445e+00,2.167375e+00,2.417596e+00,2.367374e+00,2.418531e+00,2.187375e+00,2.280412e+00,2.366621e+00,1.372595e-01,2.154400e+00,2.648067e+00
6.506000e+00,1.380710e+00,2.573206e+00,2.322330e+00,2.505426e+00,2.253333e+00,2.411231e+00,2.423882e+00,2.234573e+00,2.569034e+00,2.459195e+00,2.188150e+00,2.648959e+00,2.405932e+00,2.502340e+00,2.154640e+00,2.300351e+00,2.191633e+00,2.377470e+00,2.448844e+00,2.168500e+00,2.415721e+00,2.368030e+00,2.418327e+00,2.186125e+00,2.281235e+00,2.367020e+00,1.371661e-01,2.154640e+00,2.648959e+00
6.507000e+00,1.381050e+00,2.574580e+00,2.323398e+00,2.505785e+00,2.253444e+00,2.411808e+00,2.424783e+00,2.235000e+00,2.569448e+00,2.460000e+00,2.189100e+00,2.650632e+00,2.405424e+00,2.502128e+00,2.154320e+00,2.301114e+00,2.193061e+00,2.376446e+00,2.448324e+00,2.169563e+00,2.414712e+00,2.368030e+00,2.419388e+00,2.182500e+00,2.282176e+00,2.367298e+00,1.374092e-01,2.154320e+00,2.650632e+00
6.508000e+00,1.381320e+00,2.575115e+00,2.323883e+00,2.506413e+00,2.255222e+00,2.412385e+00,2.425373e+00,2.235592e+00,2.569724e+00,2.460738e+00,2.190250e+00,2.652007e+00,2.407797e+00,2.502851e+00,2.154400e+00,2.301876e+00,2.193755e+00,2.376928e+00,2.448555e+00,2.169875e+00,2.414808e+00,2.369444e+00,2.419224e+00,2.183875e+00,2.282353e+00,2.368018e+00,1.373962e-01,2.154400e+00,2.652007e+00
6.509000e+00,1.381400e+00,2.574962e+00,2.325437e+00,2.507623e+00,2.255111e+00,2.413423e+00,2.426366e+00,2.236232e+00,2.570828e+00,2.462282e+00,2.191400e+00,2.653866e+00,2.408079e+00,2.505021e+00,2.154160e+00,2.302637e+00,2.194939e+00,2.378193e+00,2.447919e+00,2.171000e+00,2.414279e+00,2.370000e+00,2.419755e+00,2.186125e+00,2.283824e+00,2.368894e+00,1.374245e-01,2.154160e+00,2.653866e+00
6.510000e+00,1.381750e+00,2.576260e+00,2.326796e+00,2.508700e+00,2.256889e+00,2.414423e+00,2.427329e+00,2.237393e+00,2.571103e+00,2.464094e+00,2.192400e+00,2.654610e+00,2.408870e+00,2.505106e+00,2.156000e+00,2.303398e+00,2.196735e+00,2.378434e+00,2.447977e+00,2.171562e+00,2.415288e+00,2.370556e+00,2.420286e+00,2.185500e+00,2.284941e+00,2.369777e+00,1.373145e-01,2.156000e+00,2.654610e+00
6.511000e+00,1.381860e+00,2.575725e+00,2.325922e+00,2.510717e+00,2.256556e+00,2.415500e+00,2.428509e+00,2.237844e+00,2.571517e+00,2.464295e+00,2.193050e+00,2.656357e+00,2.409435e+00,2.507149e+00,2.156480e+00,2.304159e+00,2.197633e+00,2.379277e+00,2.448382e+00,2.172000e+00,2.415385e+00,2.370202e+00,2.420816e+00,2.186875e+00,2.284706e+00,2.370354e+00,1.374761e-01,2.156480e+00,2.656357e+00
6.512000e+00,1.382380e+00,2.577863e+00,2.328738e+00,2.512108e+00,2.257222e+00,2.416115e+00,2.429317e+00,2.238152e+00,2.572552e+00,2.466107e+00,2.194050e+00,2.657844e+00,2.410056e+00,2.508468e+00,2.158320e+00,2.304919e+00,2.198204e+00,2.380241e+00,2.449942e+00,2.172125e+00,2.417163e+00,2.370707e+00,2.421388e+00,2.186750e+00,2.282118e+00,2.371270e+00,1.378473e-01,2.158320e+00,2.657844e+00
6.513000e+00,1.382450e+00,2.580229e+00,2.326408e+00,2.513408e+00,2.258889e+00,2.416577e+00,2.430248e+00,2.238365e+00,2.574414e+00,2.467383e+00,2.194300e+00,2.659108e+00,2.411356e+00,2.509660e+00,2.158240e+00,2.305680e+00,2.198449e+00,2.381928e+00,2.451329e+00,2.172813e+00,2.418510e+00,2.372020e+00,2.422449e+00,2.188375e+00,2.281235e+00,2.372140e+00,1.382911e-01,2.158240e+00,2.659108e+00
6.514000e+00,1.382700e+00,2.580000e+00,2.328252e+00,2.513946e+00,2.259889e+00,2.417846e+00,2.430901e+00,2.238578e+00,2.575310e+00,2.469597e+00,2.194400e+00,2.660558e+00,2.411638e+00,2.509489e+00,2.160080e+00,2.306440e+00,2.200204e+00,2.382892e+00,2.451850e+00,2.173563e+00,2.419375e+00,2.372020e+00,2.423184e+00,2.188500e+00,2.280412e+00,2.372872e+00,1.382797e-01,2.160080e+00,2.660558e+00
6.515000e+00,1.382990e+00,2.581145e+00,2.329320e+00,2.514709e+00,2.261778e+00,2.418077e+00,2.431398e+00,2.239550e+00,2.577379e+00,2.470805e+00,2.193050e+00,2.661599e+00,2.413220e+00,2.510426e+00,2.160960e+00,2.307199e+00,2.200776e+00,2.383916e+00,2.452890e+00,2.174500e+00,2.420481e+00,2.373030e+00,2.423143e+00,2.191375e+00,2.280941e+00,2.373819e+00,1.383711e-01,2.160960e+00,2.661599e+00
6.516000e+00,1.383210e+00,2.582290e+00,2.331165e+00,2.516457e+00,2.260444e+00,2.418731e+00,2.432547e+00,2.238412e+00,2.578207e+00,2.471745e+00,2.193150e+00,2.663643e+00,2.413842e+00,2.512170e+00,2.161440e+00,2.307958e+00,2.202245e+00,2.385361e+00,2.453988e+00,2.175187e+00,2.421971e+00,2.373535e+00,2.423878e+00,2.191750e+00,2.282059e+00,2.374674e+00,1.387890e-01,2.161440e+00,2.663643e+00
6.517000e+00,1.383410e+00,2.582977e+00,2.330680e+00,2.517354e+00,2.262444e+00,2.419000e+00,2.433230e+00,2.237820e+00,2.578000e+00,2.472953e+00,2.192750e+00,2.665316e+00,2.415141e+00,2.512766e+00,2.162800e+00,2.308716e+00,2.203102e+00,2.387530e+00,2.454740e+00,2.176375e+00,2.423365e+00,2.374394e+00,2.424816e+00,2.193875e+00,2.282118e+00,2.375511e+00,1.388010e-01,2.162800e+00,2.665316e+00
6.518000e+00,1.383740e+00,2.583817e+00,2.333204e+00,2.518206e+00,2.264111e+00,2.418962e+00,2.433944e+00,2.236801e+00,2.579655e+00,2.473356e+00,2.192500e+00,2.666283e+00,2.416158e+00,2.513319e+00,2.163040e+00,2.309473e+00,2.205102e+00,2.388916e+00,2.455318e+00,2.176625e+00,2.424135e+00,2.375000e+00,2.425673e+00,2.192750e+00,2.282353e+00,2.376196e+00,1.390484e-01,2.163040e+00,2.666283e+00
6.519000e+00,1.383960e+00,2.584427e+00,2.331942e+00,2.519417e+00,2.264222e+00,2.419308e+00,2.434814e+00,2.236730e+00,2.580000e+00,2.473557e+00,2.193800e+00,2.666691e+00,2.417684e+00,2.514979e+00,2.164080e+00,2.310230e+00,2.207102e+00,2.388735e+00,2.456647e+00,2.174750e+00,2.425048e+00,2.375909e+00,2.426286e+00,2.194750e+00,2.283882e+00,2.376875e+00,1.390809e-01,2.164080e+00,2.666691e+00
6.520000e+00,1.384430e+00,2.585725e+00,2.333786e+00,2.520179e+00,2.266222e+00,2.419808e+00,2.435031e+00,2.236991e+00,2.580759e+00,2.474497e+00,2.194100e+00,2.668141e+00,2.417232e+00,2.515915e+00,2.164800e+00,2.310987e+00,2.207714e+00,2.388193e+00,2.457341e+00,2.172750e+00,2.425721e+00,2.376919e+00,2.426571e+00,2.195125e+00,2.285353e+00,2.377494e+00,1.393150e-01,2.164800e+00,2.668141e+00
6.521000e+00,1.384550e+00,2.587710e+00,2.333398e+00,2.519821e+00,2.266444e+00,2.420462e+00,2.435652e+00,2.237275e+00,2.580966e+00,2.475705e+00,2.194500e+00,2.668662e+00,2.419661e+00,2.515915e+00,2.166160e+00,2.311742e+00,2.209102e+00,2.388795e+00,2.458439e+00,2.171500e+00,2.426154e+00,2.377172e+00,2.427143e+00,2.197500e+00,2.286294e+00,2.378174e+00,1.393221e-01,2.166160e+00,2.668662e+00
6.522000e+00,1.384710e+00,2.586718e+00,2.334951e+00,2.520807e+00,2.268667e+00,2.420154e+00,2.436087e+00,2.238175e+00,2.582207e+00,2.476846e+00,2.194950e+00,2.670595e+00,2.419774e+00,2.516383e+00,2.166160e+00,2.312498e+00,2.210367e+00,2.389759e+00,2.459191e+00,2.171250e+00,2.426875e+00,2.377828e+00,2.428653e+00,2.197750e+00,2.287882e+00,2.378939e+00,1.393794e-01,2.166160e+00,2.670595e+00
6.523000e+00,1.385200e+00,2.588550e+00,2.336505e+00,2.521435e+00,2.271556e+00,2.420038e+00,2.437391e+00,2.238673e+00,2.582966e+00,2.478121e+00,2.196350e+00,2.671487e+00,2.421525e+00,2.518000e+00,2.169040e+00,2.313253e+00,2.211755e+00,2.390843e+00,2.459942e+00,2.171312e+00,2.427933e+00,2.377980e+00,2.428980e+00,2.197625e+00,2.289118e+00,2.380016e+00,1.393209e-01,2.169040e+00,2.671487e+00
6.524000e+00,1.385410e+00,2.588473e+00,2.337087e+00,2.521883e+00,2.269333e+00,2.419885e+00,2.438043e+00,2.239526e+00,2.583034e+00,2.478926e+00,2.197300e+00,2.672565e+00,2.422147e+00,2.518553e+00,2.170240e+00,2.314007e+00,2.213265e+00,2.391807e+00,2.461214e+00,2.171937e+00,2.428702e+00,2.378485e+00,2.430122e+00,2.200125e+00,2.289412e+00,2.380670e+00,1.391861e-01,2.170240e+00,2.672565e+00
6.525000e+00,1.385580e+00,2.589924e+00,2.337379e+00,2.523408e+00,2.272000e+00,2.421346e+00,2.439534e+00,2.240450e+00,2.585586e+00,2.480940e+00,2.198550e+00,2.674164e+00,2.422373e+00,2.519064e+00,2.170400e+00,2.314761e+00,2.214898e+00,2.393494e+00,2.461618e+00,2.172625e+00,2.430192e+00,2.379747e+00,2.430531e+00,2.202000e+00,2.289824e+00,2.381867e+00,1.393418e-01,2.170400e+00,2.674164e+00
6.526000e+00,1.385840e+00,2.591145e+00,2.337476e+00,2.522915e+00,2.270778e+00,2.421115e+00,2.440280e+00,2.241469e+00,2.585931e+00,2.481208e+00,2.199250e+00,2.674201e+00,2.424294e+00,2.519617e+00,2.170400e+00,2.315515e+00,2.217551e+00,2.395723e+00,2.462312e+00,2.174500e+00,2.430865e+00,2.379394e+00,2.431061e+00,2.202125e+00,2.291529e+00,2.382527e+00,1.391688e-01,2.170400e+00,2.674201e+00
6.527000e+00,1.386050e+00,2.590458e+00,2.338350e+00,2.524126e+00,2.270333e+00,2.420462e+00,2.441429e+00,2.241848e+00,2.584414e+00,2.481074e+00,2.199850e+00,2.673866e+00,2.424237e+00,2.520553e+00,2.171680e+00,2.316268e+00,2.218490e+00,2.396687e+00,2.462601e+00,2.175187e+00,2.431538e+00,2.378434e+00,2.432163e+00,2.203250e+00,2.292471e+00,2.382907e+00,1.388225e-01,2.171680e+00,2.673866e+00
6.528000e+00,1.386350e+00,2.592519e+00,2.337379e+00,2.524619e+00,2.271222e+00,2.419615e+00,2.442205e+00,2.242654e+00,2.583172e+00,2.480201e+00,2.201300e+00,2.674015e+00,2.425763e+00,2.521489e+00,2.174400e+00,2.317020e+00,2.220286e+00,2.397771e+00,2.463006e+00,2.176188e+00,2.431779e+00,2.376869e+00,2.432000e+00,2.204500e+00,2.292412e+00,2.383433e+00,1.384314e-01,2.174400e+00,2.674015e+00
6.529000e+00,1.386530e+00,2.592366e+00,2.338544e+00,2.525291e+00,2.271778e+00,2.419038e+00,2.443540e+00,2.242915e+00,2.582621e+00,2.479866e+00,2.201700e+00,2.674647e+00,2.426158e+00,2.522298e+00,2.176160e+00,2.317772e+00,2.220082e+00,2.398976e+00,2.464220e+00,2.177062e+00,2.432933e+00,2.376364e+00,2.432367e+00,2.206250e+00,2.293765e+00,2.384030e+00,1.382081e-01,2.176160e+00,2.674647e+00
6.530000e+00,1.386790e+00,2.594962e+00,2.337670e+00,2.525561e+00,2.271889e+00,2.419231e+00,2.444441e+00,2.243981e+00,2.582414e+00,2.481208e+00,2.202650e+00,2.675502e+00,2.427458e+00,2.522340e+00,2.175680e+00,2.318523e+00,2.221143e+00,2.400181e+00,2.465549e+00,2.178688e+00,2.433942e+00,2.376061e+00,2.432612e+00,2.206875e+00,2.295118e+00,2.384737e+00,1.382807e-01,2.175680e+00,2.675502e+00
6.531000e+00,1.387250e+00,2.595649e+00,2.339126e+00,2.526861e+00,2.274444e+00,2.420577e+00,2.445093e+00,2.244431e+00,2.582621e+00,2.481544e+00,2.203600e+00,2.676580e+00,2.428249e+00,2.524085e+00,2.177200e+00,2.319275e+00,2.223429e+00,2.399578e+00,2.465954e+00,2.179250e+00,2.435096e+00,2.375808e+00,2.432898e+00,2.205750e+00,2.295941e+00,2.385543e+00,1.382365e-01,2.177200e+00,2.676580e+00
6.532000e+00,1.387240e+00,2.596260e+00,2.338252e+00,2.527892e+00,2.274556e+00,2.420577e+00,2.446056e+00,2.246137e+00,2.583034e+00,2.482081e+00,2.203800e+00,2.676766e+00,2.429548e+00,2.525149e+00,2.177600e+00,2.320025e+00,2.224449e+00,2.400301e+00,2.466647e+00,2.180187e+00,2.435529e+00,2.376616e+00,2.432980e+00,2.209000e+00,2.297176e+00,2.386276e+00,1.380481e-01,2.177600e+00,2.676766e+00
6.533000e+00,1.387690e+00,2.597786e+00,2.340680e+00,2.529417e+00,2.275556e+00,2.421692e+00,2.446491e+00,2.246422e+00,2.583379e+00,2.483490e+00,2.205750e+00,2.678253e+00,2.430395e+00,2.525362e+00,2.180400e+00,2.320775e+00,2.225469e+00,2.400904e+00,2.467052e+00,2.181750e+00,2.437115e+00,2.377323e+00,2.434122e+00,2.209250e+00,2.298176e+00,2.387375e+00,1.379256e-01,2.180400e+00,2.678253e+00
6.534000e+00,1.387770e+00,2.597481e+00,2.339417e+00,2.530314e+00,2.276778e+00,2.421923e+00,2.446708e+00,2.246777e+00,2.585034e+00,2.485772e+00,2.205850e+00,2.679405e+00,2.430508e+00,2.526000e+00,2.178880e+00,2.321525e+00,2.225918e+00,2.400964e+00,2.467572e+00,2.181812e+00,2.438173e+00,2.378081e+00,2.434612e+00,2.210000e+00,2.298588e+00,2.387837e+00,1.382383e-01,2.178880e+00,2.679405e+00
6.535000e+00,1.388220e+00,2.598244e+00,2.342039e+00,2.531525e+00,2.278333e+00,2.422038e+00,2.446894e+00,2.247488e+00,2.585655e+00,2.486711e+00,2.206950e+00,2.680260e+00,2.433390e+00,2.526553e+00,2.181920e+00,2.322274e+00,2.226571e+00,2.401807e+00,2.467283e+00,2.183125e+00,2.438558e+00,2.379091e+00,2.435306e+00,2.209625e+00,2.299882e+00,2.388814e+00,1.380389e-01,2.181920e+00,2.680260e+00
6.536000e+00,1.388400e+00,2.599466e+00,2.341068e+00,2.530852e+00,2.278444e+00,2.422269e+00,2.447764e+00,2.247488e+00,2.586414e+00,2.487718e+00,2.208300e+00,2.681970e+00,2.433616e+00,2.528043e+00,2.182880e+00,2.323022e+00,2.228204e+00,2.401687e+00,2.468555e+00,2.184063e+00,2.439760e+00,2.380455e+00,2.433347e+00,2.211375e+00,2.300882e+00,2.389485e+00,1.380153e-01,2.182880e+00,2.681970e+00
6.537000e+00,1.388660e+00,2.600000e+00,2.343786e+00,2.533004e+00,2.277111e+00,2.423423e+00,2.448137e+00,2.248223e+00,2.588207e+00,2.488523e+00,2.209800e+00,2.683197e+00,2.434407e+00,2.528468e+00,2.183680e+00,2.323770e+00,2.229633e+00,2.402952e+00,2.469769e+00,2.184750e+00,2.440288e+00,2.381364e+00,2.432735e+00,2.212500e+00,2.301412e+00,2.390381e+00,1.380992e-01,2.183680e+00,2.683197e+00
6.538000e+00,1.388810e+00,2.601527e+00,2.342427e+00,2.533767e+00,2.278889e+00,2.423115e+00,2.448944e+00,2.249076e+00,2.589310e+00,2.489866e+00,2.209350e+00,2.684572e+00,2.433446e+00,2.528936e+00,2.185040e+00,2.324518e+00,2.231347e+00,2.404217e+00,2.469769e+00,2.185563e+00,2.441202e+00,2.382677e+00,2.431837e+00,2.212750e+00,2.302765e+00,2.391038e+00,1.381428e-01,2.185040e+00,2.684572e+00
6.539000e+00,1.389200e+00,2.601679e+00,2.343495e+00,2.533946e+00,2.282556e+00,2.422885e+00,2.449224e+00,2.249834e+00,2.589448e+00,2.491208e+00,2.209950e+00,2.685502e+00,2.433333e+00,2.530213e+00,2.186720e+00,2.325265e+00,2.232000e+00,2.405361e+00,2.470000e+00,2.186500e+00,2.441923e+00,2.383030e+00,2.431633e+00,2.213000e+00,2.302882e+00,2.391733e+00,1.379342e-01,2.186500e+00,2.685502e+00
6.540000e+00,1.389460e+00,2.602901e+00,2.344854e+00,2.534933e+00,2.281556e+00,2.422615e+00,2.449907e+00,2.250284e+00,2.591103e+00,2.492081e+00,2.210700e+00,2.686952e+00,2.432881e+00,2.530511e+00,2.189200e+00,2.326011e+00,2.233796e+00,2.405120e+00,2.471214e+00,2.187063e+00,2.442500e+00,2.384697e+00,2.431714e+00,2.214125e+00,2.303588e+00,2.392513e+00,1.379421e-01,2.187063e+00,2.686952e+00
6.541000e+00,1.389760e+00,2.602824e+00,2.345631e+00,2.535112e+00,2.282667e+00,2.422808e+00,2.450217e+00,2.250948e+00,2.591517e+00,2.492215e+00,2.211900e+00,2.688178e+00,2.433672e+00,2.531064e+00,2.188560e+00,2.326757e+00,2.234694e+00,2.405181e+00,2.472312e+00,2.188187e+00,2.442596e+00,2.385101e+00,2.432408e+00,2.215625e+00,2.304235e+00,2.393100e+00,1.378290e-01,2.188187e+00,2.688178e+00
6.542000e+00,1.389960e+00,2.604046e+00,2.344951e+00,2.535291e+00,2.282556e+00,2.423577e+00,2.449876e+00,2.251611e+00,2.592621e+00,2.493557e+00,2.212450e+00,2.689665e+00,2.433785e+00,2.532383e+00,2.188960e+00,2.327503e+00,2.236653e+00,2.405964e+00,2.472601e+00,2.189437e+00,2.442981e+00,2.386313e+00,2.433673e+00,2.214625e+00,2.305000e+00,2.393753e+00,1.380169e-01,2.188960e+00,2.689665e+00
6.543000e+00,1.390260e+00,2.604580e+00,2.346602e+00,2.535830e+00,2.285444e+00,2.423038e+00,2.448913e+00,2.252156e+00,2.593241e+00,2.495034e+00,2.212200e+00,2.690781e+00,2.435028e+00,2.533532e+00,2.189360e+00,2.328248e+00,2.237592e+00,2.407229e+00,2.469711e+00,2.190937e+00,2.441154e+00,2.387273e+00,2.434122e+00,2.215125e+00,2.305647e+00,2.394282e+00,1.378618e-01,2.189360e+00,2.690781e+00
6.544000e+00,1.390250e+00,2.604580e+00,2.347767e+00,2.536682e+00,2.285000e+00,2.422423e+00,2.448696e+00,2.253223e+00,2.593517e+00,2.496644e+00,2.213550e+00,2.691599e+00,2.435593e+00,2.533830e+00,2.191120e+00,2.328993e+00,2.238735e+00,2.406747e+00,2.468035e+00,2.190875e+00,2.440048e+00,2.388081e+00,2.434204e+00,2.218125e+00,2.306588e+00,2.394777e+00,1.375103e-01,2.190875e+00,2.691599e+00
6.545000e+00,1.390610e+00,2.604962e+00,2.348544e+00,2.537713e+00,2.285667e+00,2.422885e+00,2.448913e+00,2.253863e+00,2.593931e+00,2.497852e+00,2.213700e+00,2.693420e+00,2.436328e+00,2.534128e+00,2.192560e+00,2.329736e+00,2.239265e+00,2.408193e+00,2.468382e+00,2.192000e+00,2.439087e+00,2.389545e+00,2.434735e+00,2.218250e+00,2.307000e+00,2.395444e+00,1.375534e-01,2.192000e+00,2.693420e+00
6.546000e+00,1.390750e+00,2.603893e+00,2.348544e+00,2.538744e+00,2.287667e+00,2.422769e+00,2.449596e+00,2.254953e+00,2.595862e+00,2.498456e+00,2.214550e+00,2.694721e+00,2.438192e+00,2.535234e+00,2.194000e+00,2.330479e+00,2.238653e+00,2.410482e+00,2.468266e+00,2.193500e+00,2.439087e+00,2.389798e+00,2.436531e+00,2.217500e+00,2.308647e+00,2.396255e+00,1.375616e-01,2.193500e+00,2.694721e+00
6.547000e+00,1.391140e+00,2.603053e+00,2.349709e+00,2.539552e+00,2.286556e+00,2.423731e+00,2.449752e+00,2.255024e+00,2.597310e+00,2.501141e+00,2.215950e+00,2.696022e+00,2.437910e+00,2.536340e+00,2.194320e+00,2.331221e+00,2.239061e+00,2.410964e+00,2.468786e+00,2.193313e+00,2.440288e+00,2.390808e+00,2.436163e+00,2.220500e+00,2.309235e+00,2.396946e+00,1.376300e-01,2.193313e+00,2.696022e+00
6.548000e+00,1.391340e+00,2.603817e+00,2.350971e+00,2.539641e+00,2.289444e+00,2.424500e+00,2.450621e+00,2.255664e+00,2.598414e+00,2.500738e+00,2.216550e+00,2.697286e+00,2.438531e+00,2.536809e+00,2.195840e+00,2.331962e+00,2.239918e+00,2.413012e+00,2.468960e+00,2.193938e+00,2.440865e+00,2.390758e+00,2.437102e+00,2.220250e+00,2.310412e+00,2.397750e+00,1.375505e-01,2.193938e+00,2.697286e+00
6.549000e+00,1.391420e+00,2.603130e+00,2.350680e+00,2.539013e+00,2.290444e+00,2.424846e+00,2.451087e+00,2.256517e+00,2.599931e+00,2.502752e+00,2.217050e+00,2.699368e+00,2.439548e+00,2.536723e+00,2.196800e+00,2.332702e+00,2.240612e+00,2.413012e+00,2.470173e+00,2.195250e+00,2.441490e+00,2.392475e+00,2.438122e+00,2.222000e+00,2.310235e+00,2.398498e+00,1.375189e-01,2.195250e+00,2.699368e+00
6.550000e+00,1.391850e+00,2.605038e+00,2.353689e+00,2.537758e+00,2.290111e+00,2.425923e+00,2.451988e+00,2.256185e+00,2.600483e+00,2.503221e+00,2.217700e+00,2.700446e+00,2.440282e+00,2.537149e+00,2.196720e+00,2.333442e+00,2.241388e+00,2.413313e+00,2.471445e+00,2.195688e+00,2.442548e+00,2.392929e+00,2.438449e+00,2.221875e+00,2.311000e+00,2.399115e+00,1.376866e-01,2.195688e+00,2.700446e+00
6.551000e+00,1.392170e+00,2.604733e+00,2.353689e+00,2.536861e+00,2.292333e+00,2.425962e+00,2.452857e+00,2.256635e+00,2.600690e+00,2.504430e+00,2.218300e+00,2.701450e+00,2.441525e+00,2.536085e+00,2.197360e+00,2.334182e+00,2.242367e+00,2.413675e+00,2.472370e+00,2.196687e+00,2.443413e+00,2.393939e+00,2.439306e+00,2.221750e+00,2.311824e+00,2.399684e+00,1.374974e-01,2.196687e+00,2.701450e+00
6.552000e+00,1.392200e+00,2.605344e+00,2.354272e+00,2.535381e+00,2.291333e+00,2.426615e+00,2.453882e+00,2.255735e+00,2.601655e+00,2.505772e+00,2.219750e+00,2.703309e+00,2.441921e+00,2.535404e+00,2.199520e+00,2.334921e+00,2.243224e+00,2.412771e+00,2.473179e+00,2.197687e+00,2.443317e+00,2.395606e+00,2.440449e+00,2.223625e+00,2.312412e+00,2.400295e+00,1.373882e-01,2.197687e+00,2.703309e+00
6.553000e+00,1.392610e+00,2.606489e+00,2.355146e+00,2.535426e+00,2.292111e+00,2.427154e+00,2.454534e+00,2.254953e+00,2.602276e+00,2.507047e+00,2.220100e+00,2.704684e+00,2.442316e+00,2.535489e+00,2.201120e+00,2.335659e+00,2.244286e+00,2.413494e+00,2.474046e+00,2.198875e+00,2.444615e+00,2.395657e+00,2.440612e+00,2.222625e+00,2.312353e+00,2.400878e+00,1.375286e-01,2.198875e+00,2.704684e+00
6.554000e+00,1.392860e+00,2.606489e+00,2.356408e+00,2.535516e+00,2.291667e+00,2.428615e+00,2.455155e+00,2.254431e+00,2.602276e+00,2.508389e+00,2.221500e+00,2.706208e+00,2.444463e+00,2.536894e+00,2.201360e+00,2.336397e+00,2.244694e+00,2.414458e+00,2.474566e+00,2.199875e+00,2.446250e+00,2.395909e+00,2.442531e+00,2.225500e+00,2.313118e+00,2.401778e+00,1.375418e-01,2.199875e+00,2.706208e+00
6.555000e+00,1.393180e+00,2.607863e+00,2.355146e+00,2.536592e+00,2.289444e+00,2.428692e+00,2.455031e+00,2.254431e+00,2.602621e+00,2.509463e+00,2.221750e+00,2.707993e+00,2.445876e+00,2.537830e+00,2.202720e+00,2.337135e+00,2.245918e+00,2.415843e+00,2.475087e+00,2.200563e+00,2.446490e+00,2.396061e+00,2.442653e+00,2.225375e+00,2.312882e+00,2.402227e+00,1.378631e-01,2.200563e+00,2.707993e+00
6.556000e+00,1.393400e+00,2.608473e+00,2.357573e+00,2.538341e+00,2.289111e+00,2.429538e+00,2.456677e+00,2.254739e+00,2.603586e+00,2.511342e+00,2.223350e+00,2.709331e+00,2.446949e+00,2.537404e+00,2.204000e+00,2.337873e+00,2.247265e+00,2.418494e+00,2.476705e+00,2.201000e+00,2.447260e+00,2.397323e+00,2.443306e+00,2.228375e+00,2.314118e+00,2.403422e+00,1.378098e-01,2.201000e+00,2.709331e+00
6.557000e+00,1.393480e+00,2.610153e+00,2.359417e+00,2.539058e+00,2.289667e+00,2.429577e+00,2.457236e+00,2.255000e+00,2.604483e+00,2.512752e+00,2.223500e+00,2.711004e+00,2.448079e+00,2.538468e+00,2.205680e+00,2.338610e+00,2.248367e+00,2.420060e+00,2.477977e+00,2.201188e+00,2.447885e+00,2.398283e+00,2.443714e+00,2.228000e+00,2.314294e+00,2.404269e+00,1.380842e-01,2.201188e+00,2.711004e+00
6.558000e+00,1.393990e+00,2.610382e+00,2.358155e+00,2.540179e+00,2.288111e+00,2.430269e+00,2.458758e+00,2.255687e+00,2.604207e+00,2.513893e+00,2.223900e+00,2.711859e+00,2.449209e+00,2.540383e+00,2.206000e+00,2.339345e+00,2.248857e+00,2.421687e+00,2.479133e+00,2.203063e+00,2.449135e+00,2.399646e+00,2.443959e+00,2.228375e+00,2.314941e+00,2.404964e+00,1.382276e-01,2.203063e+00,2.711859e+00
6.559000e+00,1.394170e+00,2.609313e+00,2.358544e+00,2.540762e+00,2.289667e+00,2.430115e+00,2.459410e+00,2.255237e+00,2.605586e+00,2.514966e+00,2.223300e+00,2.712937e+00,2.450339e+00,2.540511e+00,2.208560e+00,2.340079e+00,2.251020e+00,2.423072e+00,2.479884e+00,2.201875e+00,2.450721e+00,2.399949e+00,2.445592e+00,2.229625e+00,2.316706e+00,2.405740e+00,1.381803e-01,2.201875e+00,2.712937e+00
6.560000e+00,1.394530e+00,2.612443e+00,2.357864e+00,2.541749e+00,2.288667e+00,2.430154e+00,2.461087e+00,2.256090e+00,2.606621e+00,2.514899e+00,2.222400e+00,2.713680e+00,2.450904e+00,2.540851e+00,2.207440e+00,2.340813e+00,2.251592e+00,2.421928e+00,2.481503e+00,2.202812e+00,2.452163e+00,2.400101e+00,2.445347e+00,2.230250e+00,2.316706e+00,2.406169e+00,1.386299e-01,2.202812e+00,2.713680e+00
6.561000e+00,1.394640e+00,2.613282e+00,2.358447e+00,2.542466e+00,2.290444e+00,2.430385e+00,2.462329e+00,2.256825e+00,2.607034e+00,2.514228e+00,2.220650e+00,2.714424e+00,2.453616e+00,2.542213e+00,2.208960e+00,2.341547e+00,2.253388e+00,2.422169e+00,2.481676e+00,2.203937e+00,2.453365e+00,2.400707e+00,2.446286e+00,2.230375e+00,2.316882e+00,2.406901e+00,1.386545e-01,2.203937e+00,2.714424e+00
6.562000e+00,1.394940e+00,2.614351e+00,2.359223e+00,2.542556e+00,2.291222e+00,2.430192e+00,2.463137e+00,2.258033e+00,2.607724e+00,2.513356e+00,2.220250e+00,2.715167e+00,2.453898e+00,2.543915e+00,2.209520e+00,2.342279e+00,2.254408e+00,2.422410e+00,2.482254e+00,2.205375e+00,2.454183e+00,2.401212e+00,2.446327e+00,2.230375e+00,2.317824e+00,2.407466e+00,1.386394e-01,2.205375e+00,2.715167e+00
6.563000e+00,1.395150e+00,2.614656e+00,2.358738e+00,2.543274e+00,2.293222e+00,2.431692e+00,2.464006e+00,2.258791e+00,2.608276e+00,2.513020e+00,2.221100e+00,2.716283e+00,2.456102e+00,2.544468e+00,2.210720e+00,2.343011e+00,2.255347e+00,2.422952e+00,2.482370e+00,2.206125e+00,2.454183e+00,2.401212e+00,2.447102e+00,2.231250e+00,2.318235e+00,2.408172e+00,1.385300e-01,2.206125e+00,2.716283e+00
6.564000e+00,1.395450e+00,2.615725e+00,2.357864e+00,2.544126e+00,2.293778e+00,2.431654e+00,2.464441e+00,2.259455e+00,2.607724e+00,2.514161e+00,2.221500e+00,2.717063e+00,2.455763e+00,2.544723e+00,2.212640e+00,2.343743e+00,2.256653e+00,2.421807e+00,2.483584e+00,2.206875e+00,2.454567e+00,2.401515e+00,2.447020e+00,2.233000e+00,2.319471e+00,2.408702e+00,1.383273e-01,2.206875e+00,2.717063e+00
6.565000e+00,1.395470e+00,2.617252e+00,2.360680e+00,2.544395e+00,2.294222e+00,2.430077e+00,2.464876e+00,2.260308e+00,2.606828e+00,2.515034e+00,2.222450e+00,2.716543e+00,2.457006e+00,2.545617e+00,2.212160e+00,2.344473e+00,2.257878e+00,2.423072e+00,2.484624e+00,2.207688e+00,2.455577e+00,2.401768e+00,2.448449e+00,2.233125e+00,2.319647e+00,2.409323e+00,1.382177e-01,2.207688e+00,2.716543e+00
6.566000e+00,1.396000e+00,2.617328e+00,2.361068e+00,2.545650e+00,2.295667e+00,2.429769e+00,2.466180e+00,2.261161e+00,2.606138e+00,2.515973e+00,2.223600e+00,2.715985e+00,2.458644e+00,2.546468e+00,2.212880e+00,2.345203e+00,2.259429e+00,2.423494e+00,2.484971e+00,2.209125e+00,2.455962e+00,2.402424e+00,2.449265e+00,2.233000e+00,2.319765e+00,2.409965e+00,1.379429e-01,2.209125e+00,2.715985e+00
6.567000e+00,1.396070e+00,2.618550e+00,2.362718e+00,2.546188e+00,2.296000e+00,2.429077e+00,2.466366e+00,2.262251e+00,2.605862e+00,2.517785e+00,2.224200e+00,2.716580e+00,2.460000e+00,2.547106e+00,2.216240e+00,2.345933e+00,2.260531e+00,2.423976e+00,2.485260e+00,2.209563e+00,2.456779e+00,2.403434e+00,2.449714e+00,2.233375e+00,2.320647e+00,2.410756e+00,1.377546e-01,2.209563e+00,2.716580e+00
6.568000e+00,1.396370e+00,2.619466e+00,2.362816e+00,2.548072e+00,2.298111e+00,2.429731e+00,2.467453e+00,2.262844e+00,2.605034e+00,2.518523e+00,2.224650e+00,2.716840e+00,2.460339e+00,2.547064e+00,2.216400e+00,2.346662e+00,2.261551e+00,2.424759e+00,2.486358e+00,2.209812e+00,2.457500e+00,2.404848e+00,2.449796e+00,2.235125e+00,2.321176e+00,2.411455e+00,1.376305e-01,2.209812e+00,2.716840e+00
6.569000e+00,1.396610e+00,2.619695e+00,2.364175e+00,2.548610e+00,2.298111e+00,2.431192e+00,2.468447e+00,2.263507e+00,2.606138e+00,2.518792e+00,2.225650e+00,2.718290e+00,2.460960e+00,2.549234e+00,2.216960e+00,2.347390e+00,2.263102e+00,2.425663e+00,2.487572e+00,2.210938e+00,2.458702e+00,2.405101e+00,2.449265e+00,2.234250e+00,2.319353e+00,2.412129e+00,1.378452e-01,2.210938e+00,2.718290e+00
6.570000e+00,1.396910e+00,2.621603e+00,2.364272e+00,2.549507e+00,2.299222e+00,2.431846e+00,2.469627e+00,2.263815e+00,2.607172e+00,2.519933e+00,2.226700e+00,2.718959e+00,2.463390e+00,2.548809e+00,2.217120e+00,2.348118e+00,2.264612e+00,2.425361e+00,2.487746e+00,2.211250e+00,2.459423e+00,2.405455e+00,2.448531e+00,2.234625e+00,2.317941e+00,2.412710e+00,1.380056e-01,2.211250e+00,2.718959e+00
6.571000e+00,1.397190e+00,2.622595e+00,2.366699e+00,2.550628e+00,2.301111e+00,2.432269e+00,2.470590e+00,2.264526e+00,2.608276e+00,2.520940e+00,2.227450e+00,2.720335e+00,2.463164e+00,2.550468e+00,2.218560e+00,2.348845e+00,2.265878e+00,2.425181e+00,2.488150e+00,2.211750e+00,2.459712e+00,2.405859e+00,2.447469e+00,2.234875e+00,2.319118e+00,2.413519e+00,1.380172e-01,2.211750e+00,2.720335e+00
6.572000e+00,1.397460e+00,2.623130e+00,2.365825e+00,2.551480e+00,2.302667e+00,2.433462e+00,2.471273e+00,2.264976e+00,2.608966e+00,2.521409e+00,2.228900e+00,2.720743e+00,2.465085e+00,2.551277e+00,2.218880e+00,2.349571e+00,2.266449e+00,2.425000e+00,2.489711e+00,2.212312e+00,2.459760e+00,2.407071e+00,2.446286e+00,2.235000e+00,2.319000e+00,2.414093e+00,1.380445e-01,2.212312e+00,2.720743e+00
6.573000e+00,1.397510e+00,2.623053e+00,2.369223e+00,2.552601e+00,2.303222e+00,2.433923e+00,2.472329e+00,2.265664e+00,2.609655e+00,2.523289e+00,2.229650e+00,2.722491e+00,2.465424e+00,2.552383e+00,2.220480e+00,2.350297e+00,2.267714e+00,2.425904e+00,2.490636e+00,2.213125e+00,2.460673e+00,2.407980e+00,2.447388e+00,2.236750e+00,2.318647e+00,2.415104e+00,1.380288e-01,2.213125e+00,2.722491e+00
6.574000e+00,1.398000e+00,2.623817e+00,2.368835e+00,2.554260e+00,2.305444e+00,2.435115e+00,2.472733e+00,2.265924e+00,2.610414e+00,2.525302e+00,2.230150e+00,2.723792e+00,2.466158e+00,2.553660e+00,2.218880e+00,2.351022e+00,2.269061e+00,2.426867e+00,2.490809e+00,2.214125e+00,2.462115e+00,2.407172e+00,2.447551e+00,2.237000e+00,2.319294e+00,2.415813e+00,1.383041e-01,2.214125e+00,2.723792e+00
6.575000e+00,1.398340e+00,2.623969e+00,2.369417e+00,2.554395e+00,2.305000e+00,2.435500e+00,2.473416e+00,2.266682e+00,2.610621e+00,2.526577e+00,2.231000e+00,2.724981e+00,2.466949e+00,2.554340e+00,2.221120e+00,2.351747e+00,2.270286e+00,2.429639e+00,2.492312e+00,2.214250e+00,2.462981e+00,2.404697e+00,2.447918e+00,2.238250e+00,2.320882e+00,2.416539e+00,1.382091e-01,2.214250e+00,2.724981e+00
6.576000e+00,1.398550e+00,2.625344e+00,2.369709e+00,2.555695e+00,2.307111e+00,2.435462e+00,2.473758e+00,2.267085e+00,2.611448e+00,2.528054e+00,2.232050e+00,2.726729e+00,2.468531e+00,2.554638e+00,2.221600e+00,2.352471e+00,2.271469e+00,2.430663e+00,2.492601e+00,2.215250e+00,2.463365e+00,2.403636e+00,2.448245e+00,2.240250e+00,2.321059e+00,2.417343e+00,1.382555e-01,2.215250e+00,2.726729e+00
6.577000e+00,1.398800e+00,2.626870e+00,2.370388e+00,2.556278e+00,2.309000e+00,2.435846e+00,2.474596e+00,2.268223e+00,2.612828e+00,2.529329e+00,2.232500e+00,2.727695e+00,2.469605e+00,2.556553e+00,2.222480e+00,2.353194e+00,2.272286e+00,2.432349e+00,2.493526e+00,2.215188e+00,2.463846e+00,2.403333e+00,2.449592e+00,2.240250e+00,2.321824e+00,2.418232e+00,1.384807e-01,2.215188e+00,2.727695e+00
6.578000e+00,1.399010e+00,2.626565e+00,2.369806e+00,2.556547e+00,2.308111e+00,2.436538e+00,2.474814e+00,2.268507e+00,2.613586e+00,2.530738e+00,2.233200e+00,2.728996e+00,2.470000e+00,2.557574e+00,2.222560e+00,2.353917e+00,2.273224e+00,2.434036e+00,2.494913e+00,2.216312e+00,2.464760e+00,2.403586e+00,2.450000e+00,2.242250e+00,2.322294e+00,2.418868e+00,1.385329e-01,2.216312e+00,2.728996e+00
6.579000e+00,1.399310e+00,2.628015e+00,2.371845e+00,2.558027e+00,2.310667e+00,2.437077e+00,2.475621e+00,2.268673e+00,2.613793e+00,2.532013e+00,2.233700e+00,2.730335e+00,2.470791e+00,2.557660e+00,2.225040e+00,2.354639e+00,2.275020e+00,2.434277e+00,2.494509e+00,2.216813e+00,2.465529e+00,2.403990e+00,2.451429e+00,2.242875e+00,2.322588e+00,2.419789e+00,1.384508e-01,2.216813e+00,2.730335e+00
6.580000e+00,1.399560e+00,2.629695e+00,2.372330e+00,2.558296e+00,2.309778e+00,2.438038e+00,2.476398e+00,2.268981e+00,2.615103e+00,2.533624e+00,2.235150e+00,2.731041e+00,2.471751e+00,2.558766e+00,2.225840e+00,2.355361e+00,2.276245e+00,2.434157e+00,2.493988e+00,2.214562e+00,2.464760e+00,2.405253e+00,2.451224e+00,2.242500e+00,2.323529e+00,2.420265e+00,1.387573e-01,2.214562e+00,2.731041e+00
6.581000e+00,1.399760e+00,2.630687e+00,2.373495e+00,2.558744e+00,2.311333e+00,2.438346e+00,2.477484e+00,2.269787e+00,2.617241e+00,2.534228e+00,2.235750e+00,2.732230e+00,2.472599e+00,2.558511e+00,2.226800e+00,2.356082e+00,2.277429e+00,2.434036e+00,2.491965e+00,2.213125e+00,2.463317e+00,2.405505e+00,2.452653e+00,2.242750e+00,2.325118e+00,2.420801e+00,1.388381e-01,2.213125e+00,2.732230e+00
6.582000e+00,1.400080e+00,2.629771e+00,2.373786e+00,2.559641e+00,2.313111e+00,2.438923e+00,2.477888e+00,2.270498e+00,2.617931e+00,2.534295e+00,2.236650e+00,2.733643e+00,2.473051e+00,2.559787e+00,2.227920e+00,2.356803e+00,2.277837e+00,2.435723e+00,2.490636e+00,2.212187e+00,2.462692e+00,2.405859e+00,2.453388e+00,2.243500e+00,2.326059e+00,2.421316e+00,1.387899e-01,2.212187e+00,2.733643e+00
6.583000e+00,1.400300e+00,2.632137e+00,2.375534e+00,2.559283e+00,2.312778e+00,2.439846e+00,2.478789e+00,2.271066e+00,2.617724e+00,2.535436e+00,2.236800e+00,2.734758e+00,2.475706e+00,2.559915e+00,2.228720e+00,2.357523e+00,2.279265e+00,2.435060e+00,2.490636e+00,2.211562e+00,2.462067e+00,2.406111e+00,2.454653e+00,2.243250e+00,2.327235e+00,2.421911e+00,1.389729e-01,2.211562e+00,2.734758e+00
6.584000e+00,1.400510e+00,2.632443e+00,2.375146e+00,2.560269e+00,2.312444e+00,2.440385e+00,2.479969e+00,2.272062e+00,2.620138e+00,2.536443e+00,2.238100e+00,2.735576e+00,2.475763e+00,2.560936e+00,2.230560e+00,2.358242e+00,2.280653e+00,2.434880e+00,2.490751e+00,2.212500e+00,2.461779e+00,2.407828e+00,2.455347e+00,2.245125e+00,2.328176e+00,2.422730e+00,1.388835e-01,2.212500e+00,2.735576e+00
6.585000e+00,1.400880e+00,2.631679e+00,2.374951e+00,2.561570e+00,2.314222e+00,2.441615e+00,2.480776e+00,2.272109e+00,2.620069e+00,2.537785e+00,2.239750e+00,2.736840e+00,2.476610e+00,2.562128e+00,2.231360e+00,2.358961e+00,2.281837e+00,2.436084e+00,2.490867e+00,2.213937e+00,2.462692e+00,2.408586e+00,2.455510e+00,2.245875e+00,2.328824e+00,2.423527e+00,1.387407e-01,2.213937e+00,2.736840e+00
6.586000e+00,1.401010e+00,2.632443e+00,2.376602e+00,2.561390e+00,2.315000e+00,2.441846e+00,2.481584e+00,2.272417e+00,2.621034e+00,2.538792e+00,2.240050e+00,2.738401e+00,2.478136e+00,2.562170e+00,2.231600e+00,2.359679e+00,2.282898e+00,2.435241e+00,2.492139e+00,2.214187e+00,2.463269e+00,2.409343e+00,2.457143e+00,2.247000e+00,2.330412e+00,2.424282e+00,1.388296e-01,2.214187e+00,2.738401e+00
6.587000e+00,1.401300e+00,2.632061e+00,2.376990e+00,2.562825e+00,2.314778e+00,2.442462e+00,2.482640e+00,2.273246e+00,2.620828e+00,2.540336e+00,2.240550e+00,2.739703e+00,2.478136e+00,2.562468e+00,2.232320e+00,2.360397e+00,2.282939e+00,2.435361e+00,2.492832e+00,2.215375e+00,2.463558e+00,2.409848e+00,2.456939e+00,2.245375e+00,2.330176e+00,2.424673e+00,1.389745e-01,2.215375e+00,2.739703e+00
6.588000e+00,1.401500e+00,2.631603e+00,2.378447e+00,2.562780e+00,2.316333e+00,2.443077e+00,2.483820e+00,2.272796e+00,2.620897e+00,2.541745e+00,2.241600e+00,2.740892e+00,2.479322e+00,2.563234e+00,2.230720e+00,2.361114e+00,2.283020e+00,2.431627e+00,2.494046e+00,2.215313e+00,2.465337e+00,2.411869e+00,2.458082e+00,2.244500e+00,2.332000e+00,2.425174e+00,1.391898e-01,2.215313e+00,2.740892e+00
6.589000e+00,1.401750e+00,2.630534e+00,2.378058e+00,2.564215e+00,2.318556e+00,2.443885e+00,2.484720e+00,2.272062e+00,2.621931e+00,2.542886e+00,2.241500e+00,2.742937e+00,2.480960e+00,2.564681e+00,2.229600e+00,2.361830e+00,2.284041e+00,2.427410e+00,2.495549e+00,2.217500e+00,2.466202e+00,2.412071e+00,2.458204e+00,2.239875e+00,2.332588e+00,2.425491e+00,1.397025e-01,2.217500e+00,2.742937e+00
6.590000e+00,1.401970e+00,2.631221e+00,2.378350e+00,2.565426e+00,2.316444e+00,2.444385e+00,2.485311e+00,2.271280e+00,2.622207e+00,2.544027e+00,2.242450e+00,2.743532e+00,2.482147e+00,2.564766e+00,2.229120e+00,2.362546e+00,2.284612e+00,2.425542e+00,2.497168e+00,2.218688e+00,2.467115e+00,2.413636e+00,2.459306e+00,2.236500e+00,2.333706e+00,2.425812e+00,1.401157e-01,2.218688e+00,2.743532e+00
6.591000e+00,1.402270e+00,2.632748e+00,2.378155e+00,2.565247e+00,2.318556e+00,2.445115e+00,2.485870e+00,2.271398e+00,2.622966e+00,2.544027e+00,2.243250e+00,2.745316e+00,2.482373e+00,2.564851e+00,2.230640e+00,2.363261e+00,2.285673e+00,2.424699e+00,2.497919e+00,2.219000e+00,2.468317e+00,2.413838e+00,2.459551e+00,2.237000e+00,2.335000e+00,2.426449e+00,1.401250e-01,2.219000e+00,2.745316e+00
6.592000e+00,1.402340e+00,2.630076e+00,2.379029e+00,2.566413e+00,2.320444e+00,2.445269e+00,2.486429e+00,2.271422e+00,2.623517e+00,2.544966e+00,2.244250e+00,2.746059e+00,2.484746e+00,2.566000e+00,2.231280e+00,2.363976e+00,2.286612e+00,2.425181e+00,2.498613e+00,2.220063e+00,2.469375e+00,2.415000e+00,2.460204e+00,2.239125e+00,2.335118e+00,2.427215e+00,1.398676e-01,2.220063e+00,2.746059e+00
6.593000e+00,1.402820e+00,2.632366e+00,2.376408e+00,2.567265e+00,2.319222e+00,2.445308e+00,2.486025e+00,2.271872e+00,2.624414e+00,2.546913e+00,2.245550e+00,2.747621e+00,2.484124e+00,2.566723e+00,2.230880e+00,2.364690e+00,2.287429e+00,2.426867e+00,2.499653e+00,2.220312e+00,2.470913e+00,2.415354e+00,2.460490e+00,2.239500e+00,2.336529e+00,2.427768e+00,1.402534e-01,2.220312e+00,2.747621e+00
6.594000e+00,1.402970e+00,2.632061e+00,2.378252e+00,2.566592e+00,2.321222e+00,2.445731e+00,2.484503e+00,2.271801e+00,2.625241e+00,2.546711e+00,2.245850e+00,2.748513e+00,2.486045e+00,2.567489e+00,2.232800e+00,2.365404e+00,2.288449e+00,2.428614e+00,2.500694e+00,2.221687e+00,2.471731e+00,2.416364e+00,2.461673e+00,2.240500e+00,2.337118e+00,2.428544e+00,1.399846e-01,2.221687e+00,2.748513e+00
6.595000e+00,1.403380e+00,2.633053e+00,2.378058e+00,2.567175e+00,2.322667e+00,2.446269e+00,2.483851e+00,2.272299e+00,2.625862e+00,2.547785e+00,2.246350e+00,2.749257e+00,2.486441e+00,2.568255e+00,2.232960e+00,2.366117e+00,2.290122e+00,2.429819e+00,2.500867e+00,2.223438e+00,2.473654e+00,2.417121e+00,2.462122e+00,2.240125e+00,2.338000e+00,2.429236e+00,1.399785e-01,2.223438e+00,2.749257e+00
6.596000e+00,1.403490e+00,2.634885e+00,2.379417e+00,2.567982e+00,2.322778e+00,2.447115e+00,2.483137e+00,2.272986e+00,2.625931e+00,2.548456e+00,2.246750e+00,2.751190e+00,2.488023e+00,2.569574e+00,2.233360e+00,2.366830e+00,2.291633e+00,2.432349e+00,2.501908e+00,2.223688e+00,2.474615e+00,2.418232e+00,2.463592e+00,2.243375e+00,2.338706e+00,2.430271e+00,1.400621e-01,2.223688e+00,2.751190e+00
6.597000e+00,1.403770e+00,2.635725e+00,2.378058e+00,2.569507e+00,2.324222e+00,2.447577e+00,2.483447e+00,2.273436e+00,2.626552e+00,2.548591e+00,2.247450e+00,2.752119e+00,2.488249e+00,2.571319e+00,2.233440e+00,2.367542e+00,2.292531e+00,2.434157e+00,2.502254e+00,2.224000e+00,2.474327e+00,2.418535e+00,2.463918e+00,2.244625e+00,2.339235e+00,2.430867e+00,1.401539e-01,2.224000e+00,2.752119e+00
6.598000e+00,1.404060e+00,2.636183e+00,2.379612e+00,2.570179e+00,2.323222e+00,2.447769e+00,2.482981e+00,2.274005e+00,2.626138e+00,2.549262e+00,2.248150e+00,2.753048e+00,2.488983e+00,2.570936e+00,2.236000e+00,2.368253e+00,2.293592e+00,2.436566e+00,2.502139e+00,2.224687e+00,2.475433e+00,2.419545e+00,2.464898e+00,2.245375e+00,2.339824e+00,2.431533e+00,1.399455e-01,2.224687e+00,2.753048e+00
6.599000e+00,1.404310e+00,2.636870e+00,2.380583e+00,2.570807e+00,2.325556e+00,2.447885e+00,2.483354e+00,2.274479e+00,2.625862e+00,2.549866e+00,2.248700e+00,2.753792e+00,2.490565e+00,2.571830e+00,2.238320e+00,2.368964e+00,2.294653e+00,2.436988e+00,2.503121e+00,2.225188e+00,2.475769e+00,2.420758e+00,2.464653e+00,2.247250e+00,2.340706e+00,2.432355e+00,1.396869e-01,2.225188e+00,2.753792e+00
6.600000e+00,1.404360e+00,2.638015e+00,2.380874e+00,2.572063e+00,2.324111e+00,2.448577e+00,2.483385e+00,2.275118e+00,2.626000e+00,2.550336e+00,2.249000e+00,2.754870e+00,2.491356e+00,2.572851e+00,2.239200e+00,2.369674e+00,2.295102e+00,2.436446e+00,2.503179e+00,2.226562e+00,2.476250e+00,2.422071e+00,2.465020e+00,2.248625e+00,2.341353e+00,2.432918e+00,1.397370e-01,2.226562e+00,2.754870e+00
6.601000e+00,1.404790e+00,2.638702e+00,2.380874e+00,2.572511e+00,2.325778e+00,2.449423e+00,2.484596e+00,2.274573e+00,2.625241e+00,2.550604e+00,2.249450e+00,2.756171e+00,2.492542e+00,2.574128e+00,2.239520e+00,2.370384e+00,2.296980e+00,2.437771e+00,2.504220e+00,2.227500e+00,2.476250e+00,2.421616e+00,2.465551e+00,2.249750e+00,2.342235e+00,2.433599e+00,1.397100e-01,2.227500e+00,2.756171e+00
6.602000e+00,1.405110e+00,2.638244e+00,2.382427e+00,2.573363e+00,2.327333e+00,2.449923e+00,2.485994e+00,2.275047e+00,2.625241e+00,2.552215e+00,2.250200e+00,2.756543e+00,2.493277e+00,2.574043e+00,2.239760e+00,2.371093e+00,2.298163e+00,2.438373e+00,2.505087e+00,2.228562e+00,2.477019e+00,2.422576e+00,2.465837e+00,2.249125e+00,2.341529e+00,2.434207e+00,1.396464e-01,2.228562e+00,2.756543e+00
6.603000e+00,1.405300e+00,2.640916e+00,2.383107e+00,2.573049e+00,2.325556e+00,2.448000e+00,2.487112e+00,2.275972e+00,2.624621e+00,2.552081e+00,2.249750e+00,2.756840e+00,2.494407e+00,2.573660e+00,2.241760e+00,2.371802e+00,2.299469e+00,2.437831e+00,2.505260e+00,2.229812e+00,2.477308e+00,2.423434e+00,2.464735e+00,2.250875e+00,2.342529e+00,2.434579e+00,1.394379e-01,2.229812e+00,2.756840e+00
6.604000e+00,1.405520e+00,2.641985e+00,2.383495e+00,2.570404e+00,2.329333e+00,2.447885e+00,2.488261e+00,2.275806e+00,2.623310e+00,2.552416e+00,2.249500e+00,2.756840e+00,2.494294e+00,2.572723e+00,2.239920e+00,2.372510e+00,2.300776e+00,2.438916e+00,2.505665e+00,2.229750e+00,2.478317e+00,2.423485e+00,2.464286e+00,2.251375e+00,2.343529e+00,2.434782e+00,1.392131e-01,2.229750e+00,2.756840e+00
6.605000e+00,1.405870e+00,2.643511e+00,2.384563e+00,2.569507e+00,2.328222e+00,2.447500e+00,2.489410e+00,2.277417e+00,2.623172e+00,2.553758e+00,2.248850e+00,2.757286e+00,2.494407e+00,2.571872e+00,2.243360e+00,2.373217e+00,2.302082e+00,2.441084e+00,2.507110e+00,2.231562e+00,2.479663e+00,2.424141e+00,2.464612e+00,2.253250e+00,2.344118e+00,2.435570e+00,1.388746e-01,2.231562e+00,2.757286e+00
6.606000e+00,1.406160e+00,2.643664e+00,2.385437e+00,2.568924e+00,2.328111e+00,2.447500e+00,2.490186e+00,2.278602e+00,2.623172e+00,2.554765e+00,2.248200e+00,2.757138e+00,2.492203e+00,2.571064e+00,2.243360e+00,2.373924e+00,2.303633e+00,2.441867e+00,2.507283e+00,2.231875e+00,2.480240e+00,2.424848e+00,2.464857e+00,2.252750e+00,2.345294e+00,2.435787e+00,1.387082e-01,2.231875e+00,2.757138e+00
6.607000e+00,1.406350e+00,2.644580e+00,2.384951e+00,2.568834e+00,2.329333e+00,2.447423e+00,2.491429e+00,2.278768e+00,2.623241e+00,2.556913e+00,2.248550e+00,2.758476e+00,2.492994e+00,2.572043e+00,2.244320e+00,2.374630e+00,2.305184e+00,2.443494e+00,2.508382e+00,2.233625e+00,2.481010e+00,2.424444e+00,2.465755e+00,2.255875e+00,2.346647e+00,2.436704e+00,1.385874e-01,2.233625e+00,2.758476e+00
6.608000e+00,1.406490e+00,2.644962e+00,2.386117e+00,2.569596e+00,2.330000e+00,2.447538e+00,2.491957e+00,2.279858e+00,2.623103e+00,2.557987e+00,2.249200e+00,2.759331e+00,2.493390e+00,2.572979e+00,2.244000e+00,2.375336e+00,2.307061e+00,2.445120e+00,2.508786e+00,2.233375e+00,2.482019e+00,2.425606e+00,2.465837e+00,2.254500e+00,2.347529e+00,2.437299e+00,1.387018e-01,2.233375e+00,2.759331e+00
6.609000e+00,1.406790e+00,2.645649e+00,2.386311e+00,2.569507e+00,2.330111e+00,2.448231e+00,2.493509e+00,2.280024e+00,2.624276e+00,2.559799e+00,2.249700e+00,2.760706e+00,2.494124e+00,2.573191e+00,2.245760e+00,2.376041e+00,2.307592e+00,2.445361e+00,2.509827e+00,2.233375e+00,2.482933e+00,2.425505e+00,2.466694e+00,2.255625e+00,2.348118e+00,2.437999e+00,1.388415e-01,2.233375e+00,2.760706e+00
6.610000e+00,1.407180e+00,2.646412e+00,2.386311e+00,2.569686e+00,2.332111e+00,2.448808e+00,2.493634e+00,2.280924e+00,2.624069e+00,2.560671e+00,2.250400e+00,2.762007e+00,2.495424e+00,2.573617e+00,2.245840e+00,2.376746e+00,2.309184e+00,2.445241e+00,2.510925e+00,2.234812e+00,2.483606e+00,2.426768e+00,2.468082e+00,2.256250e+00,2.349059e+00,2.438774e+00,1.387514e-01,2.234812e+00,2.762007e+00
6.611000e+00,1.407210e+00,2.648473e+00,2.387670e+00,2.570269e+00,2.330889e+00,2.449885e+00,2.494441e+00,2.281422e+00,2.624621e+00,2.562617e+00,2.251450e+00,2.763234e+00,2.496610e+00,2.574511e+00,2.247440e+00,2.377450e+00,2.310571e+00,2.444880e+00,2.511503e+00,2.235562e+00,2.485240e+00,2.427525e+00,2.468490e+00,2.257625e+00,2.348647e+00,2.439626e+00,1.388980e-01,2.235562e+00,2.763234e+00
6.612000e+00,1.407670e+00,2.648321e+00,2.388447e+00,2.571166e+00,2.331556e+00,2.451115e+00,2.495000e+00,2.281730e+00,2.624897e+00,2.563154e+00,2.252200e+00,2.763866e+00,2.496384e+00,2.575404e+00,2.249360e+00,2.378153e+00,2.311510e+00,2.445422e+00,2.513468e+00,2.237812e+00,2.485433e+00,2.428081e+00,2.469633e+00,2.258625e+00,2.349294e+00,2.440418e+00,1.386592e-01,2.237812e+00,2.763866e+00
6.613000e+00,1.407770e+00,2.649389e+00,2.389417e+00,2.572511e+00,2.332444e+00,2.451615e+00,2.495963e+00,2.282559e+00,2.625379e+00,2.564430e+00,2.253150e+00,2.766320e+00,2.497514e+00,2.576085e+00,2.250320e+00,2.378856e+00,2.312980e+00,2.446084e+00,2.513584e+00,2.239250e+00,2.486394e+00,2.428030e+00,2.469878e+00,2.259250e+00,2.349882e+00,2.441304e+00,1.387743e-01,2.239250e+00,2.766320e+00
6.614000e+00,1.408180e+00,2.649466e+00,2.389417e+00,2.572691e+00,2.333333e+00,2.451885e+00,2.496957e+00,2.283246e+00,2.625862e+00,2.565772e+00,2.253750e+00,2.767398e+00,2.498701e+00,2.575787e+00,2.249920e+00,2.379559e+00,2.315143e+00,2.448494e+00,2.513873e+00,2.239500e+00,2.487163e+00,2.428838e+00,2.471224e+00,2.262250e+00,2.350235e+00,2.442103e+00,1.386655e-01,2.239500e+00,2.767398e+00
6.615000e+00,1.408430e+00,2.649084e+00,2.390971e+00,2.574395e+00,2.334111e+00,2.452615e+00,2.497671e+00,2.284408e+00,2.627241e+00,2.565973e+00,2.254500e+00,2.768662e+00,2.498249e+00,2.577660e+00,2.252080e+00,2.380261e+00,2.316245e+00,2.448976e+00,2.514335e+00,2.241000e+00,2.487163e+00,2.429242e+00,2.470980e+00,2.262750e+00,2.352059e+00,2.442943e+00,1.385095e-01,2.241000e+00,2.768662e+00
6.616000e+00,1.408590e+00,2.651221e+00,2.390680e+00,2.576009e+00,2.333778e+00,2.453923e+00,2.498292e+00,2.284313e+00,2.627586e+00,2.567584e+00,2.254500e+00,2.769888e+00,2.500734e+00,2.578723e+00,2.253920e+00,2.380962e+00,2.317592e+00,2.451506e+00,2.515029e+00,2.239688e+00,2.487067e+00,2.430101e+00,2.471347e+00,2.265000e+00,2.351941e+00,2.443808e+00,1.388350e-01,2.239688e+00,2.769888e+00
6.617000e+00,1.408940e+00,2.652290e+00,2.392427e+00,2.576099e+00,2.332667e+00,2.454885e+00,2.498571e+00,2.285829e+00,2.629310e+00,2.568725e+00,2.255450e+00,2.771375e+00,2.500847e+00,2.579362e+00,2.254320e+00,2.381663e+00,2.318245e+00,2.453614e+00,2.515434e+00,2.241687e+00,2.486587e+00,2.431515e+00,2.471918e+00,2.265375e+00,2.352118e+00,2.444596e+00,1.389056e-01,2.241687e+00,2.771375e+00
6.618000e+00,1.409200e+00,2.651450e+00,2.392330e+00,2.577444e+00,2.331222e+00,2.455077e+00,2.499193e+00,2.285948e+00,2.630483e+00,2.569933e+00,2.255600e+00,2.772825e+00,2.501921e+00,2.579787e+00,2.253280e+00,2.382363e+00,2.319878e+00,2.455181e+00,2.513237e+00,2.243000e+00,2.485385e+00,2.432576e+00,2.472857e+00,2.267500e+00,2.353941e+00,2.445100e+00,1.389302e-01,2.243000e+00,2.772825e+00
6.619000e+00,1.409350e+00,2.652824e+00,2.394272e+00,2.578117e+00,2.330889e+00,2.455115e+00,2.500155e+00,2.286422e+00,2.631724e+00,2.572013e+00,2.255600e+00,2.774089e+00,2.503277e+00,2.579915e+00,2.254880e+00,2.383063e+00,2.321714e+00,2.456265e+00,2.511908e+00,2.242625e+00,2.483750e+00,2.433182e+00,2.473429e+00,2.267625e+00,2.355294e+00,2.445756e+00,1.390819e-01,2.242625e+00,2.774089e+00
6.620000e+00,1.409800e+00,2.653053e+00,2.393592e+00,2.579283e+00,2.330111e+00,2.455231e+00,2.500994e+00,2.286967e+00,2.630897e+00,2.573423e+00,2.256500e+00,2.774870e+00,2.504124e+00,2.582000e+00,2.257120e+00,2.383762e+00,2.322449e+00,2.456325e+00,2.511503e+00,2.244562e+00,2.483510e+00,2.433384e+00,2.474000e+00,2.267875e+00,2.355471e+00,2.446292e+00,1.389900e-01,2.244562e+00,2.774870e+00
6.621000e+00,1.409910e+00,2.655725e+00,2.393786e+00,2.579507e+00,2.331333e+00,2.456269e+00,2.501925e+00,2.287393e+00,2.631862e+00,2.573289e+00,2.257200e+00,2.776468e+00,2.505650e+00,2.581234e+00,2.257120e+00,2.384460e+00,2.323918e+00,2.456024e+00,2.511792e+00,2.245437e+00,2.483365e+00,2.433939e+00,2.474735e+00,2.269000e+00,2.355765e+00,2.446967e+00,1.390980e-01,2.245437e+00,2.776468e+00
6.622000e+00,1.410420e+00,2.654962e+00,2.393301e+00,2.580269e+00,2.332222e+00,2.456692e+00,2.502547e+00,2.288033e+00,2.632276e+00,2.575168e+00,2.258350e+00,2.777472e+00,2.506045e+00,2.582085e+00,2.259040e+00,2.385158e+00,2.324694e+00,2.456386e+00,2.512370e+00,2.246125e+00,2.483750e+00,2.432424e+00,2.475265e+00,2.269375e+00,2.356294e+00,2.447513e+00,1.390089e-01,2.246125e+00,2.777472e+00
6.623000e+00,1.410500e+00,2.656031e+00,2.393495e+00,2.581435e+00,2.331444e+00,2.456962e+00,2.503789e+00,2.288057e+00,2.632621e+00,2.576443e+00,2.259450e+00,2.778290e+00,2.507684e+00,2.582894e+00,2.260000e+00,2.385855e+00,2.326694e+00,2.457048e+00,2.512254e+00,2.246812e+00,2.484135e+00,2.430303e+00,2.476531e+00,2.269500e+00,2.357176e+00,2.448121e+00,1.391263e-01,2.246812e+00,2.778290e+00
6.624000e+00,1.410770e+00,2.658626e+00,2.393495e+00,2.582242e+00,2.334444e+00,2.457769e+00,2.504720e+00,2.287749e+00,2.633862e+00,2.576242e+00,2.260650e+00,2.780000e+00,2.508870e+00,2.584085e+00,2.258880e+00,2.386552e+00,2.328327e+00,2.457410e+00,2.512832e+00,2.247750e+00,2.485240e+00,2.429242e+00,2.476327e+00,2.268875e+00,2.357824e+00,2.448834e+00,1.394602e-01,2.247750e+00,2.780000e+00
6.625000e+00,1.410940e+00,2.659008e+00,2.392718e+00,2.583139e+00,2.334444e+00,2.458154e+00,2.505435e+00,2.286730e+00,2.634690e+00,2.577383e+00,2.262050e+00,2.781190e+00,2.510226e+00,2.583362e+00,2.260880e+00,2.387249e+00,2.329143e+00,2.459337e+00,2.513931e+00,2.249500e+00,2.486635e+00,2.428939e+00,2.478163e+00,2.270375e+00,2.357882e+00,2.449607e+00,1.394353e-01,2.249500e+00,2.781190e+00
6.626000e+00,1.411270e+00,2.659389e+00,2.393689e+00,2.583991e+00,2.333556e+00,2.458577e+00,2.506149e+00,2.286019e+00,2.635379e+00,2.578725e+00,2.262750e+00,2.782602e+00,2.511186e+00,2.583277e+00,2.264000e+00,2.387944e+00,2.330286e+00,2.460783e+00,2.514682e+00,2.249687e+00,2.487981e+00,2.428737e+00,2.479143e+00,2.269750e+00,2.358471e+00,2.450281e+00,1.395806e-01,2.249687e+00,2.782602e+00
6.627000e+00,1.411360e+00,2.659771e+00,2.394854e+00,2.584574e+00,2.335222e+00,2.459538e+00,2.506460e+00,2.285592e+00,2.636828e+00,2.580201e+00,2.263750e+00,2.783569e+00,2.512090e+00,2.584638e+00,2.262000e+00,2.388639e+00,2.331469e+00,2.461024e+00,2.516012e+00,2.251000e+00,2.488413e+00,2.429091e+00,2.479959e+00,2.271875e+00,2.357176e+00,2.450989e+00,1.397624e-01,2.251000e+00,2.783569e+00
6.628000e+00,1.411640e+00,2.660458e+00,2.395049e+00,2.585740e+00,2.335333e+00,2.460769e+00,2.507143e+00,2.285995e+00,2.638276e+00,2.580604e+00,2.265250e+00,2.784498e+00,2.512994e+00,2.585404e+00,2.263760e+00,2.389334e+00,2.332286e+00,2.461687e+00,2.516532e+00,2.250875e+00,2.490529e+00,2.430859e+00,2.480245e+00,2.272875e+00,2.356059e+00,2.451773e+00,1.398626e-01,2.250875e+00,2.784498e+00
6.629000e+00,1.411790e+00,2.659542e+00,2.394854e+00,2.586816e+00,2.337222e+00,2.461423e+00,2.507826e+00,2.286209e+00,2.638897e+00,2.582215e+00,2.265500e+00,2.786580e+00,2.514520e+00,2.585660e+00,2.265360e+00,2.390028e+00,2.331796e+00,2.461205e+00,2.517977e+00,2.252750e+00,2.490913e+00,2.430657e+00,2.480980e+00,2.271875e+00,2.354706e+00,2.452313e+00,1.400517e-01,2.252750e+00,2.786580e+00
6.630000e+00,1.412210e+00,2.658931e+00,2.396408e+00,2.587040e+00,2.337889e+00,2.462192e+00,2.508416e+00,2.287156e+00,2.640207e+00,2.582617e+00,2.266350e+00,2.787138e+00,2.514520e+00,2.586298e+00,2.266320e+00,2.390722e+00,2.332000e+00,2.461807e+00,2.519191e+00,2.253437e+00,2.492115e+00,2.431667e+00,2.481102e+00,2.272625e+00,2.355412e+00,2.452982e+00,1.399196e-01,2.253437e+00,2.787138e+00
6.631000e+00,1.412330e+00,2.659695e+00,2.396311e+00,2.588027e+00,2.337778e+00,2.462269e+00,2.508913e+00,2.286706e+00,2.640966e+00,2.582349e+00,2.267750e+00,2.789033e+00,2.515989e+00,2.587234e+00,2.266160e+00,2.391415e+00,2.332898e+00,2.461687e+00,2.519306e+00,2.253000e+00,2.492885e+00,2.432172e+00,2.481796e+00,2.274625e+00,2.356118e+00,2.453545e+00,1.401256e-01,2.253000e+00,2.789033e+00
6.632000e+00,1.412750e+00,2.659771e+00,2.396699e+00,2.588520e+00,2.340000e+00,2.463308e+00,2.509379e+00,2.287204e+00,2.641931e+00,2.582685e+00,2.267400e+00,2.789851e+00,2.517853e+00,2.588340e+00,2.268320e+00,2.392107e+00,2.334122e+00,2.461807e+00,2.521387e+00,2.253750e+00,2.493413e+00,2.433081e+00,2.482490e+00,2.274500e+00,2.357294e+00,2.454384e+00,1.400984e-01,2.253750e+00,2.789851e+00
6.633000e+00,1.412900e+00,2.658473e+00,2.397670e+00,2.588879e+00,2.340333e+00,2.464038e+00,2.510373e+00,2.288507e+00,2.641586e+00,2.582349e+00,2.268050e+00,2.791450e+00,2.518192e+00,2.588723e+00,2.269920e+00,2.392799e+00,2.335020e+00,2.461566e+00,2.522023e+00,2.254688e+00,2.494663e+00,2.433485e+00,2.482898e+00,2.275375e+00,2.357647e+00,2.454946e+00,1.398541e-01,2.254688e+00,2.791450e+00
6.634000e+00,1.413180e+00,2.658779e+00,2.399126e+00,2.589238e+00,2.341444e+00,2.464692e+00,2.510559e+00,2.289265e+00,2.642552e+00,2.582953e+00,2.268950e+00,2.792677e+00,2.520169e+00,2.589660e+00,2.270160e+00,2.393490e+00,2.335878e+00,2.462952e+00,2.522601e+00,2.256187e+00,2.495144e+00,2.433232e+00,2.483959e+00,2.276125e+00,2.357941e+00,2.455739e+00,1.398519e-01,2.256187e+00,2.792677e+00
6.635000e+00,1.413280e+00,2.658931e+00,2.397961e+00,2.590807e+00,2.342111e+00,2.465077e+00,2.511429e+00,2.290213e+00,2.643034e+00,2.583221e+00,2.269350e+00,2.793717e+00,2.519774e+00,2.589660e+00,2.271920e+00,2.394181e+00,2.336490e+00,2.463976e+00,2.523410e+00,2.256438e+00,2.496394e+00,2.434242e+00,2.483551e+00,2.278375e+00,2.358529e+00,2.456366e+00,1.397406e-01,2.256438e+00,2.793717e+00
6.636000e+00,1.413660e+00,2.660229e+00,2.401068e+00,2.591390e+00,2.340778e+00,2.465462e+00,2.511801e+00,2.290616e+00,2.644207e+00,2.583490e+00,2.270300e+00,2.795576e+00,2.522994e+00,2.591362e+00,2.273360e+00,2.394871e+00,2.337673e+00,2.464337e+00,2.524335e+00,2.257437e+00,2.496635e+00,2.436364e+00,2.483469e+00,2.279500e+00,2.360353e+00,2.457400e+00,1.398628e-01,2.257437e+00,2.795576e+00
6.637000e+00,1.413900e+00,2.661603e+00,2.399806e+00,2.592332e+00,2.343333e+00,2.466538e+00,2.512484e+00,2.291801e+00,2.645586e+00,2.584899e+00,2.270750e+00,2.796729e+00,2.522655e+00,2.591234e+00,2.274480e+00,2.395560e+00,2.339224e+00,2.465060e+00,2.525202e+00,2.257500e+00,2.497115e+00,2.437071e+00,2.481755e+00,2.278250e+00,2.360647e+00,2.457984e+00,1.400139e-01,2.257500e+00,2.796729e+00
6.638000e+00,1.414090e+00,2.660687e+00,2.401845e+00,2.592197e+00,2.344111e+00,2.466731e+00,2.512453e+00,2.292820e+00,2.646207e+00,2.586107e+00,2.272250e+00,2.797621e+00,2.524972e+00,2.592085e+00,2.274320e+00,2.396249e+00,2.340204e+00,2.467952e+00,2.525434e+00,2.258188e+00,2.498654e+00,2.439091e+00,2.481714e+00,2.279125e+00,2.361706e+00,2.458863e+00,1.398669e-01,2.258188e+00,2.797621e+00
6.639000e+00,1.414360e+00,2.662137e+00,2.401553e+00,2.592960e+00,2.344778e+00,2.467346e+00,2.512981e+00,2.293128e+00,2.647379e+00,2.588054e+00,2.271900e+00,2.798476e+00,2.525198e+00,2.593447e+00,2.274880e+00,2.396938e+00,2.340653e+00,2.468614e+00,2.524971e+00,2.257500e+00,2.499279e+00,2.439394e+00,2.481592e+00,2.279750e+00,2.363588e+00,2.459437e+00,1.401569e-01,2.257500e+00,2.798476e+00
6.640000e+00,1.414800e+00,2.662748e+00,2.401068e+00,2.593453e+00,2.346000e+00,2.467115e+00,2.514068e+00,2.293815e+00,2.647379e+00,2.589463e+00,2.273600e+00,2.798439e+00,2.527345e+00,2.594043e+00,2.274960e+00,2.397626e+00,2.341878e+00,2.468675e+00,2.526301e+00,2.255187e+00,2.499567e+00,2.440606e+00,2.481388e+00,2.282125e+00,2.364882e+00,2.460072e+00,1.401228e-01,2.255187e+00,2.798439e+00
6.641000e+00,1.414890e+00,2.665267e+00,2.402718e+00,2.594933e+00,2.348111e+00,2.466231e+00,2.514845e+00,2.294739e+00,2.646759e+00,2.590805e+00,2.274850e+00,2.798401e+00,2.527345e+00,2.594553e+00,2.275520e+00,2.398313e+00,2.343388e+00,2.468675e+00,2.526301e+00,2.254688e+00,2.500529e+00,2.441414e+00,2.481959e+00,2.280750e+00,2.366588e+00,2.460737e+00,1.401337e-01,2.254688e+00,2.798401e+00
6.642000e+00,1.415250e+00,2.666031e+00,2.403398e+00,2.595516e+00,2.349222e+00,2.465154e+00,2.515093e+00,2.295284e+00,2.645655e+00,2.592215e+00,2.275250e+00,2.797955e+00,2.528814e+00,2.595660e+00,2.276080e+00,2.399000e+00,2.344531e+00,2.469639e+00,2.526936e+00,2.254063e+00,2.501538e+00,2.441768e+00,2.482939e+00,2.281375e+00,2.367059e+00,2.461257e+00,1.400701e-01,2.254063e+00,2.797955e+00
6.643000e+00,1.415360e+00,2.666336e+00,2.403786e+00,2.595740e+00,2.350000e+00,2.465308e+00,2.514907e+00,2.295900e+00,2.645172e+00,2.593826e+00,2.275150e+00,2.798178e+00,2.529548e+00,2.597660e+00,2.277200e+00,2.399686e+00,2.345633e+00,2.469759e+00,2.527514e+00,2.254563e+00,2.501538e+00,2.442323e+00,2.483510e+00,2.282625e+00,2.368000e+00,2.461828e+00,1.399670e-01,2.254563e+00,2.798178e+00
6.644000e+00,1.415760e+00,2.668015e+00,2.404951e+00,2.597534e+00,2.351000e+00,2.465038e+00,2.515093e+00,2.296659e+00,2.643862e+00,2.594631e+00,2.276650e+00,2.798476e+00,2.530113e+00,2.598340e+00,2.276880e+00,2.400372e+00,2.346490e+00,2.470181e+00,2.528613e+00,2.255625e+00,2.501538e+00,2.442727e+00,2.484286e+00,2.284750e+00,2.369118e+00,2.462539e+00,1.397901e-01,2.255625e+00,2.798476e+00
6.645000e+00,1.415840e+00,2.669389e+00,2.405631e+00,2.598341e+00,2.351667e+00,2.465269e+00,2.514130e+00,2.297156e+00,2.643310e+00,2.595369e+00,2.276600e+00,2.799888e+00,2.531582e+00,2.598681e+00,2.278960e+00,2.401057e+00,2.348286e+00,2.471566e+00,2.529133e+00,2.256250e+00,2.502404e+00,2.442879e+00,2.485143e+00,2.283875e+00,2.369059e+00,2.463151e+00,1.398699e-01,2.256250e+00,2.799888e+00
6.646000e+00,1.416010e+00,2.669466e+00,2.404757e+00,2.598744e+00,2.350889e+00,2.465192e+00,2.513540e+00,2.297820e+00,2.644483e+00,2.596174e+00,2.277750e+00,2.800706e+00,2.531525e+00,2.599106e+00,2.280480e+00,2.401742e+00,2.349878e+00,2.473373e+00,2.530058e+00,2.257125e+00,2.503990e+00,2.444141e+00,2.486204e+00,2.286250e+00,2.370059e+00,2.463894e+00,1.397021e-01,2.257125e+00,2.800706e+00
6.647000e+00,1.416460e+00,2.670534e+00,2.407184e+00,2.599776e+00,2.351889e+00,2.465846e+00,2.512950e+00,2.298104e+00,2.643793e+00,2.596913e+00,2.278400e+00,2.801710e+00,2.534011e+00,2.599745e+00,2.282400e+00,2.402426e+00,2.351347e+00,2.473916e+00,2.530058e+00,2.257750e+00,2.504808e+00,2.444444e+00,2.487102e+00,2.285250e+00,2.371706e+00,2.464669e+00,1.396613e-01,2.257750e+00,2.801710e+00
6.648000e+00,1.416790e+00,2.671908e+00,2.405825e+00,2.599865e+00,2.353556e+00,2.466654e+00,2.513199e+00,2.299218e+00,2.645310e+00,2.598121e+00,2.278200e+00,2.803160e+00,2.534633e+00,2.600681e+00,2.282560e+00,2.403109e+00,2.351918e+00,2.474578e+00,2.530983e+00,2.259625e+00,2.504615e+00,2.445303e+00,2.487633e+00,2.286625e+00,2.372353e+00,2.465401e+00,1.397709e-01,2.259625e+00,2.803160e+00
6.649000e+00,1.417090e+00,2.672595e+00,2.408447e+00,2.600673e+00,2.353556e+00,2.467577e+00,2.513106e+00,2.298768e+00,2.646000e+00,2.599195e+00,2.277700e+00,2.804870e+00,2.535593e+00,2.600851e+00,2.283760e+00,2.403792e+00,2.353224e+00,2.474398e+00,2.531272e+00,2.260375e+00,2.505673e+00,2.445707e+00,2.488816e+00,2.286125e+00,2.372529e+00,2.466025e+00,1.400047e-01,2.260375e+00,2.804870e+00
6.650000e+00,1.417170e+00,2.671756e+00,2.407573e+00,2.600404e+00,2.354778e+00,2.468231e+00,2.513292e+00,2.299431e+00,2.646690e+00,2.600000e+00,2.277800e+00,2.806097e+00,2.535876e+00,2.602596e+00,2.284160e+00,2.404474e+00,2.354694e+00,2.475000e+00,2.532948e+00,2.262563e+00,2.507212e+00,2.446414e+00,2.489306e+00,2.286000e+00,2.374471e+00,2.466740e+00,1.399376e-01,2.262563e+00,2.806097e+00
6.651000e+00,1.417540e+00,2.674427e+00,2.408447e+00,2.600673e+00,2.356778e+00,2.468192e+00,2.514379e+00,2.300427e+00,2.647862e+00,2.602819e+00,2.277850e+00,2.807286e+00,2.537910e+00,2.603149e+00,2.284800e+00,2.405156e+00,2.356286e+00,2.475422e+00,2.534451e+00,2.262563e+00,2.507500e+00,2.446667e+00,2.489388e+00,2.287875e+00,2.375706e+00,2.467750e+00,1.401511e-01,2.262563e+00,2.807286e+00
6.652000e+00,1.417910e+00,2.674733e+00,2.409903e+00,2.602242e+00,2.356556e+00,2.469115e+00,2.515776e+00,2.300735e+00,2.647448e+00,2.603758e+00,2.279300e+00,2.808810e+00,2.538588e+00,2.604043e+00,2.285520e+00,2.405837e+00,2.357429e+00,2.475542e+00,2.534913e+00,2.263500e+00,2.508221e+00,2.447424e+00,2.490082e+00,2.289750e+00,2.377118e+00,2.468598e+00,1.400884e-01,2.263500e+00,2.808810e+00
6.653000e+00,1.417990e+00,2.674962e+00,2.409515e+00,2.602466e+00,2.357556e+00,2.470115e+00,2.515963e+00,2.301351e+00,2.648000e+00,2.604698e+00,2.278900e+00,2.809777e+00,2.538475e+00,2.604809e+00,2.287840e+00,2.406518e+00,2.358571e+00,2.475723e+00,2.535838e+00,2.264813e+00,2.509615e+00,2.448434e+00,2.490653e+00,2.291125e+00,2.378588e+00,2.469346e+00,1.399363e-01,2.264813e+00,2.809777e+00
6.654000e+00,1.418260e+00,2.676794e+00,2.409612e+00,2.602377e+00,2.358111e+00,2.470731e+00,2.516646e+00,2.302251e+00,2.648276e+00,2.605570e+00,2.279400e+00,2.811190e+00,2.540847e+00,2.605106e+00,2.287360e+00,2.407198e+00,2.359878e+00,2.476627e+00,2.535723e+00,2.266875e+00,2.509952e+00,2.448838e+00,2.491265e+00,2.292500e+00,2.379176e+00,2.470096e+00,1.399770e-01,2.266875e+00,2.811190e+00
6.655000e+00,1.418540e+00,2.677710e+00,2.409029e+00,2.603049e+00,2.359444e+00,2.472115e+00,2.516770e+00,2.302915e+00,2.648690e+00,2.606779e+00,2.279450e+00,2.812156e+00,2.541356e+00,2.606468e+00,2.287840e+00,2.407877e+00,2.360980e+00,2.477349e+00,2.534624e+00,2.266937e+00,2.509135e+00,2.449343e+00,2.491959e+00,2.292500e+00,2.381294e+00,2.470657e+00,1.400633e-01,2.266937e+00,2.812156e+00
6.656000e+00,1.418870e+00,2.678092e+00,2.408835e+00,2.602960e+00,2.358333e+00,2.472385e+00,2.517950e+00,2.303175e+00,2.648000e+00,2.607919e+00,2.280300e+00,2.813792e+00,2.541864e+00,2.607702e+00,2.290240e+00,2.408556e+00,2.362612e+00,2.477771e+00,2.533121e+00,2.268250e+00,2.506827e+00,2.450051e+00,2.491878e+00,2.291500e+00,2.382118e+00,2.471010e+00,1.400149e-01,2.268250e+00,2.813792e+00
6.657000e+00,1.419050e+00,2.678321e+00,2.409417e+00,2.601973e+00,2.360444e+00,2.472731e+00,2.519006e+00,2.303981e+00,2.648966e+00,2.608792e+00,2.281600e+00,2.814870e+00,2.543277e+00,2.606511e+00,2.290800e+00,2.409235e+00,2.363429e+00,2.479518e+00,2.532081e+00,2.270250e+00,2.506298e+00,2.450657e+00,2.492694e+00,2.293875e+00,2.382588e+00,2.471721e+00,1.396407e-01,2.270250e+00,2.814870e+00
6.658000e+00,1.419490e+00,2.679237e+00,2.409417e+00,2.600762e+00,2.361667e+00,2.473500e+00,2.519317e+00,2.304100e+00,2.649517e+00,2.609463e+00,2.282300e+00,2.816245e+00,2.543559e+00,2.605064e+00,2.291120e+00,2.409913e+00,2.365429e+00,2.481867e+00,2.532139e+00,2.270625e+00,2.506538e+00,2.452121e+00,2.493265e+00,2.293250e+00,2.383647e+00,2.472253e+00,1.396076e-01,2.270625e+00,2.816245e+00
6.659000e+00,1.419600e+00,2.680687e+00,2.409709e+00,2.599596e+00,2.360333e+00,2.474115e+00,2.519938e+00,2.304360e+00,2.649655e+00,2.610470e+00,2.282650e+00,2.816989e+00,2.544689e+00,2.605872e+00,2.292560e+00,2.410590e+00,2.366694e+00,2.482590e+00,2.532139e+00,2.271562e+00,2.506971e+00,2.452525e+00,2.493755e+00,2.294500e+00,2.384824e+00,2.472824e+00,1.395717e-01,2.271562e+00,2.816989e+00
6.660000e+00,1.419730e+00,2.680611e+00,2.411165e+00,2.600000e+00,2.363000e+00,2.474538e+00,2.520342e+00,2.303175e+00,2.649655e+00,2.612148e+00,2.283650e+00,2.817732e+00,2.545706e+00,2.605277e+00,2.293200e+00,2.411267e+00,2.366980e+00,2.480663e+00,2.531329e+00,2.272187e+00,2.507548e+00,2.453788e+00,2.493796e+00,2.296250e+00,2.385588e+00,2.473316e+00,1.393923e-01,2.272187e+00,2.817732e+00
6.661000e+00,1.420100e+00,2.682824e+00,2.410777e+00,2.600045e+00,2.363000e+00,2.474731e+00,2.521460e+00,2.302441e+00,2.650552e+00,2.613087e+00,2.284200e+00,2.819071e+00,2.546045e+00,2.605532e+00,2.292880e+00,2.411943e+00,2.368653e+00,2.480663e+00,2.532197e+00,2.274188e+00,2.507500e+00,2.454141e+00,2.494857e+00,2.294750e+00,2.386588e+00,2.473838e+00,1.397074e-01,2.274188e+00,2.819071e+00
6.662000e+00,1.420400e+00,2.682672e+00,2.410485e+00,2.599955e+00,2.363889e+00,2.475000e+00,2.522050e+00,2.301090e+00,2.650621e+00,2.613893e+00,2.285250e+00,2.820558e+00,2.548418e+00,2.606979e+00,2.294960e+00,2.412618e+00,2.369837e+00,2.481386e+00,2.532486e+00,2.274562e+00,2.508029e+00,2.454495e+00,2.495224e+00,2.295625e+00,2.387059e+00,2.474464e+00,1.397577e-01,2.274562e+00,2.820558e+00
6.663000e+00,1.420490e+00,2.682366e+00,2.411845e+00,2.600538e+00,2.365556e+00,2.475385e+00,2.522950e+00,2.301327e+00,2.651517e+00,2.615101e+00,2.286100e+00,2.821636e+00,2.549379e+00,2.607830e+00,2.295440e+00,2.413293e+00,2.371469e+00,2.481988e+00,2.532139e+00,2.274750e+00,2.508510e+00,2.454798e+00,2.496653e+00,2.297000e+00,2.388118e+00,2.475237e+00,1.397026e-01,2.274750e+00,2.821636e+00
6.664000e+00,1.420940e+00,2.685878e+00,2.414078e+00,2.601300e+00,2.364889e+00,2.476038e+00,2.524193e+00,2.301659e+00,2.651310e+00,2.616510e+00,2.287500e+00,2.822937e+00,2.549774e+00,2.608085e+00,2.296240e+00,2.413968e+00,2.372286e+00,2.483735e+00,2.533237e+00,2.275500e+00,2.508990e+00,2.455808e+00,2.497551e+00,2.296500e+00,2.388294e+00,2.476094e+00,1.399757e-01,2.275500e+00,2.822937e+00
6.665000e+00,1.421140e+00,2.684275e+00,2.411845e+00,2.602466e+00,2.365000e+00,2.476692e+00,2.525248e+00,2.302488e+00,2.651724e+00,2.615772e+00,2.288850e+00,2.824164e+00,2.551525e+00,2.608681e+00,2.296160e+00,2.414642e+00,2.374082e+00,2.486205e+00,2.534393e+00,2.276625e+00,2.510769e+00,2.456566e+00,2.498041e+00,2.298125e+00,2.388941e+00,2.476803e+00,1.398425e-01,2.276625e+00,2.824164e+00
6.666000e+00,1.421480e+00,2.684504e+00,2.414078e+00,2.602960e+00,2.366778e+00,2.477154e+00,2.526149e+00,2.302796e+00,2.651586e+00,2.615503e+00,2.289450e+00,2.825316e+00,2.552260e+00,2.609787e+00,2.297680e+00,2.415315e+00,2.375102e+00,2.487048e+00,2.535202e+00,2.277563e+00,2.511106e+00,2.456566e+00,2.499020e+00,2.300000e+00,2.389000e+00,2.477580e+00,1.396412e-01,2.277563e+00,2.825316e+00
6.667000e+00,1.421540e+00,2.686336e+00,2.414272e+00,2.604439e+00,2.366667e+00,2.476654e+00,2.527174e+00,2.303507e+00,2.651034e+00,2.616174e+00,2.289850e+00,2.826431e+00,2.553503e+00,2.610681e+00,2.300800e+00,2.415988e+00,2.375837e+00,2.489217e+00,2.536416e+00,2.278812e+00,2.511538e+00,2.457374e+00,2.499714e+00,2.299500e+00,2.388765e+00,2.478362e+00,1.397316e-01,2.278812e+00,2.826431e+00
6.668000e+00,1.421940e+00,2.686565e+00,2.415049e+00,2.606323e+00,2.368000e+00,2.477577e+00,2.528137e+00,2.304123e+00,2.651103e+00,2.615570e+00,2.291450e+00,2.827361e+00,2.554181e+00,2.611447e+00,2.300320e+00,2.416660e+00,2.377796e+00,2.489578e+00,2.538382e+00,2.280375e+00,2.513462e+00,2.457929e+00,2.499469e+00,2.300750e+00,2.390118e+00,2.479239e+00,1.395777e-01,2.280375e+00,2.827361e+00
6.669000e+00,1.422100e+00,2.686336e+00,2.415049e+00,2.606726e+00,2.368667e+00,2.478154e+00,2.528696e+00,2.304313e+00,2.651931e+00,2.616242e+00,2.293100e+00,2.828513e+00,2.555480e+00,2.612085e+00,2.300800e+00,2.417332e+00,2.377796e+00,2.489157e+00,2.539249e+00,2.280875e+00,2.514231e+00,2.457172e+00,2.498449e+00,2.300250e+00,2.390882e+00,2.479645e+00,1.396663e-01,2.280875e+00,2.828513e+00
6.670000e+00,1.422230e+00,2.685649e+00,2.415631e+00,2.607489e+00,2.371222e+00,2.478615e+00,2.529286e+00,2.304882e+00,2.652552e+00,2.616779e+00,2.293550e+00,2.829442e+00,2.555650e+00,2.613362e+00,2.302800e+00,2.418003e+00,2.377265e+00,2.487590e+00,2.540520e+00,2.282000e+00,2.515144e+00,2.456364e+00,2.497918e+00,2.298500e+00,2.391588e+00,2.480075e+00,1.396541e-01,2.282000e+00,2.829442e+00
6.671000e+00,1.422540e+00,2.684275e+00,2.416505e+00,2.607713e+00,2.370667e+00,2.478846e+00,2.529099e+00,2.305829e+00,2.653103e+00,2.618389e+00,2.294250e+00,2.830186e+00,2.555085e+00,2.614128e+00,2.301520e+00,2.418674e+00,2.377265e+00,2.483373e+00,2.540462e+00,2.282000e+00,2.516394e+00,2.454040e+00,2.497143e+00,2.297375e+00,2.392000e+00,2.479930e+00,1.398033e-01,2.282000e+00,2.830186e+00
6.672000e+00,1.422780e+00,2.685725e+00,2.417864e+00,2.609193e+00,2.370333e+00,2.479462e+00,2.529845e+00,2.306114e+00,2.654621e+00,2.619128e+00,2.295650e+00,2.831413e+00,2.554350e+00,2.614894e+00,2.299920e+00,2.419344e+00,2.378204e+00,2.478554e+00,2.541618e+00,2.282437e+00,2.517212e+00,2.452828e+00,2.496612e+00,2.294250e+00,2.392882e+00,2.480102e+00,1.403066e-01,2.282437e+00,2.831413e+00
6.673000e+00,1.422920e+00,2.684351e+00,2.416699e+00,2.609910e+00,2.372000e+00,2.479769e+00,2.529969e+00,2.307133e+00,2.655448e+00,2.620470e+00,2.296250e+00,2.832714e+00,2.553107e+00,2.615787e+00,2.299600e+00,2.420013e+00,2.378898e+00,2.476265e+00,2.542832e+00,2.283313e+00,2.518750e+00,2.452828e+00,2.496980e+00,2.292125e+00,2.393588e+00,2.480367e+00,1.404540e-01,2.283313e+00,2.832714e+00
6.674000e+00,1.423270e+00,2.687481e+00,2.418058e+00,2.610000e+00,2.372889e+00,2.480423e+00,2.530124e+00,2.307346e+00,2.656138e+00,2.621275e+00,2.297100e+00,2.834015e+00,2.554407e+00,2.617872e+00,2.300960e+00,2.420682e+00,2.379837e+00,2.475904e+00,2.543295e+00,2.285062e+00,2.519038e+00,2.452778e+00,2.497265e+00,2.292000e+00,2.393529e+00,2.481145e+00,1.406637e-01,2.285062e+00,2.834015e+00
6.675000e+00,1.423560e+00,2.686794e+00,2.418641e+00,2.610897e+00,2.372889e+00,2.481846e+00,2.530528e+00,2.308223e+00,2.657793e+00,2.622617e+00,2.297250e+00,2.834684e+00,2.554294e+00,2.617745e+00,2.300000e+00,2.421350e+00,2.380776e+00,2.476807e+00,2.543931e+00,2.285563e+00,2.520048e+00,2.452778e+00,2.497837e+00,2.292250e+00,2.393235e+00,2.481616e+00,1.408025e-01,2.285563e+00,2.834684e+00
6.676000e+00,1.423800e+00,2.686565e+00,2.419320e+00,2.611704e+00,2.372111e+00,2.482269e+00,2.531180e+00,2.309384e+00,2.657448e+00,2.624295e+00,2.298800e+00,2.836022e+00,2.555763e+00,2.619106e+00,2.300880e+00,2.422018e+00,2.381551e+00,2.478614e+00,2.544913e+00,2.286000e+00,2.520529e+00,2.453939e+00,2.498571e+00,2.292500e+00,2.394882e+00,2.482432e+00,1.408267e-01,2.286000e+00,2.836022e+00
6.677000e+00,1.424000e+00,2.688855e+00,2.420194e+00,2.613094e+00,2.373889e+00,2.482885e+00,2.531304e+00,2.309976e+00,2.658414e+00,2.625906e+00,2.299400e+00,2.836952e+00,2.556102e+00,2.620000e+00,2.300880e+00,2.422685e+00,2.382857e+00,2.479639e+00,2.544913e+00,2.287313e+00,2.521250e+00,2.454192e+00,2.498612e+00,2.293500e+00,2.395882e+00,2.483279e+00,1.409379e-01,2.287313e+00,2.836952e+00
6.678000e+00,1.424320e+00,2.690153e+00,2.421262e+00,2.613453e+00,2.372444e+00,2.483500e+00,2.532236e+00,2.310995e+00,2.658483e+00,2.626644e+00,2.300050e+00,2.838327e+00,2.556441e+00,2.621787e+00,2.302480e+00,2.423352e+00,2.383673e+00,2.480723e+00,2.545260e+00,2.287375e+00,2.522163e+00,2.455505e+00,2.499551e+00,2.294000e+00,2.395882e+00,2.483989e+00,1.410966e-01,2.287375e+00,2.838327e+00
6.679000e+00,1.424620e+00,2.690687e+00,2.420680e+00,2.614170e+00,2.368889e+00,2.482731e+00,2.532547e+00,2.311090e+00,2.656690e+00,2.627114e+00,2.299950e+00,2.838104e+00,2.556045e+00,2.622298e+00,2.302800e+00,2.424018e+00,2.384531e+00,2.481205e+00,2.545723e+00,2.288063e+00,2.523606e+00,2.456313e+00,2.500122e+00,2.294500e+00,2.396824e+00,2.484112e+00,1.410827e-01,2.288063e+00,2.838104e+00
6.680000e+00,1.424650e+00,2.689466e+00,2.422524e+00,2.615202e+00,2.369556e+00,2.481577e+00,2.532981e+00,2.312299e+00,2.655586e+00,2.628389e+00,2.300850e+00,2.837361e+00,2.558475e+00,2.622255e+00,2.303280e+00,2.424683e+00,2.385592e+00,2.481446e+00,2.545491e+00,2.289125e+00,2.523462e+00,2.457879e+00,2.501265e+00,2.295000e+00,2.396059e+00,2.484575e+00,1.407069e-01,2.289125e+00,2.837361e+00
6.681000e+00,1.425040e+00,2.690153e+00,2.422039e+00,2.615740e+00,2.370111e+00,2.481269e+00,2.534161e+00,2.313246e+00,2.655379e+00,2.629664e+00,2.302150e+00,2.837546e+00,2.559153e+00,2.623106e+00,2.304240e+00,2.425348e+00,2.386898e+00,2.482530e+00,2.547514e+00,2.289812e+00,2.523750e+00,2.458232e+00,2.501673e+00,2.298000e+00,2.397294e+00,2.485376e+00,1.404678e-01,2.289812e+00,2.837546e+00
6.682000e+00,1.425280e+00,2.691603e+00,2.422039e+00,2.616188e+00,2.371000e+00,2.481269e+00,2.534658e+00,2.313720e+00,2.655793e+00,2.630403e+00,2.302650e+00,2.838848e+00,2.561073e+00,2.623745e+00,2.304560e+00,2.426013e+00,2.388490e+00,2.484217e+00,2.547919e+00,2.290125e+00,2.525192e+00,2.459343e+00,2.502531e+00,2.297000e+00,2.397941e+00,2.486097e+00,1.407190e-01,2.290125e+00,2.838848e+00
6.683000e+00,1.425600e+00,2.691679e+00,2.423495e+00,2.617803e+00,2.373333e+00,2.480308e+00,2.535590e+00,2.313981e+00,2.655586e+00,2.631745e+00,2.303650e+00,2.839331e+00,2.562938e+00,2.624511e+00,2.305520e+00,2.426676e+00,2.389429e+00,2.483976e+00,2.548960e+00,2.290125e+00,2.524904e+00,2.460505e+00,2.502939e+00,2.299625e+00,2.398235e+00,2.486868e+00,1.405618e-01,2.290125e+00,2.839331e+00
6.684000e+00,1.425760e+00,2.693359e+00,2.423107e+00,2.618520e+00,2.371889e+00,2.480462e+00,2.536366e+00,2.314787e+00,2.657379e+00,2.633221e+00,2.304900e+00,2.839814e+00,2.564520e+00,2.625149e+00,2.307120e+00,2.427340e+00,2.390653e+00,2.484699e+00,2.549595e+00,2.290938e+00,2.525096e+00,2.462626e+00,2.503633e+00,2.300000e+00,2.398529e+00,2.487654e+00,1.407073e-01,2.290938e+00,2.839814e+00
6.685000e+00,1.426150e+00,2.693130e+00,2.423398e+00,2.619103e+00,2.372667e+00,2.480462e+00,2.538012e+00,2.315569e+00,2.657379e+00,2.634765e+00,2.305100e+00,2.840335e+00,2.565537e+00,2.625489e+00,2.306960e+00,2.428002e+00,2.392449e+00,2.487831e+00,2.549249e+00,2.291750e+00,2.526298e+00,2.462121e+00,2.504245e+00,2.301750e+00,2.395647e+00,2.488219e+00,1.407061e-01,2.291750e+00,2.840335e+00
6.686000e+00,1.426400e+00,2.694122e+00,2.422621e+00,2.619821e+00,2.373889e+00,2.480769e+00,2.538416e+00,2.316066e+00,2.658897e+00,2.636443e+00,2.306000e+00,2.841450e+00,2.565593e+00,2.626596e+00,2.309920e+00,2.428665e+00,2.393020e+00,2.489940e+00,2.550058e+00,2.293250e+00,2.526683e+00,2.463838e+00,2.504898e+00,2.302000e+00,2.393941e+00,2.489037e+00,1.407798e-01,2.293250e+00,2.841450e+00
6.687000e+00,1.426510e+00,2.695725e+00,2.423107e+00,2.620987e+00,2.373111e+00,2.480692e+00,2.539255e+00,2.316280e+00,2.658966e+00,2.637047e+00,2.307100e+00,2.842416e+00,2.566271e+00,2.626894e+00,2.310080e+00,2.429326e+00,2.395429e+00,2.490964e+00,2.551156e+00,2.293938e+00,2.527596e+00,2.464596e+00,2.505673e+00,2.303375e+00,2.392588e+00,2.489690e+00,1.409028e-01,2.293938e+00,2.842416e+00
6.688000e+00,1.426860e+00,2.696412e+00,2.422621e+00,2.622780e+00,2.376333e+00,2.480923e+00,2.540373e+00,2.316564e+00,2.659379e+00,2.638322e+00,2.307850e+00,2.843048e+00,2.567571e+00,2.627830e+00,2.310560e+00,2.429987e+00,2.396041e+00,2.491566e+00,2.551908e+00,2.294625e+00,2.528606e+00,2.465354e+00,2.506163e+00,2.304750e+00,2.392765e+00,2.490514e+00,1.409316e-01,2.294625e+00,2.843048e+00
6.689000e+00,1.427100e+00,2.697099e+00,2.423301e+00,2.622735e+00,2.376667e+00,2.482077e+00,2.541087e+00,2.317464e+00,2.660552e+00,2.639329e+00,2.308800e+00,2.844461e+00,2.569661e+00,2.628043e+00,2.312560e+00,2.430648e+00,2.397714e+00,2.493434e+00,2.553642e+00,2.295875e+00,2.529471e+00,2.466010e+00,2.507388e+00,2.305750e+00,2.393706e+00,2.491561e+00,1.408866e-01,2.295875e+00,2.844461e+00
6.690000e+00,1.427370e+00,2.699237e+00,2.422718e+00,2.622735e+00,2.377778e+00,2.482923e+00,2.541242e+00,2.317749e+00,2.661517e+00,2.640134e+00,2.309500e+00,2.845688e+00,2.569944e+00,2.628936e+00,2.313280e+00,2.431308e+00,2.398082e+00,2.492892e+00,2.553468e+00,2.297437e+00,2.530000e+00,2.466212e+00,2.507878e+00,2.306750e+00,2.394294e+00,2.492154e+00,1.409739e-01,2.297437e+00,2.845688e+00
6.691000e+00,1.427650e+00,2.701069e+00,2.424175e+00,2.623587e+00,2.378444e+00,2.484154e+00,2.541335e+00,2.318744e+00,2.661448e+00,2.640671e+00,2.310050e+00,2.846357e+00,2.570113e+00,2.629106e+00,2.313600e+00,2.431967e+00,2.399959e+00,2.493012e+00,2.554624e+00,2.297937e+00,2.530817e+00,2.466515e+00,2.508816e+00,2.307250e+00,2.395529e+00,2.492887e+00,1.409444e-01,2.297937e+00,2.846357e+00
6.692000e+00,1.427800e+00,2.701985e+00,2.424369e+00,2.623991e+00,2.379667e+00,2.484846e+00,2.541677e+00,2.318697e+00,2.662690e+00,2.641879e+00,2.310900e+00,2.848439e+00,2.571751e+00,2.629830e+00,2.314560e+00,2.432626e+00,2.400612e+00,2.493795e+00,2.553757e+00,2.299125e+00,2.530577e+00,2.466818e+00,2.508939e+00,2.309250e+00,2.396882e+00,2.493653e+00,1.410129e-01,2.299125e+00,2.848439e+00
6.693000e+00,1.428090e+00,2.702519e+00,2.425340e+00,2.624529e+00,2.380778e+00,2.485462e+00,2.542112e+00,2.319431e+00,2.663931e+00,2.642215e+00,2.309600e+00,2.849851e+00,2.571243e+00,2.630255e+00,2.315120e+00,2.433284e+00,2.401673e+00,2.494337e+00,2.552312e+00,2.299688e+00,2.529231e+00,2.467828e+00,2.509796e+00,2.308250e+00,2.396118e+00,2.493954e+00,1.412075e-01,2.299688e+00,2.849851e+00
6.694000e+00,1.428330e+00,2.703053e+00,2.425340e+00,2.625426e+00,2.381667e+00,2.486231e+00,2.542640e+00,2.319597e+00,2.665448e+00,2.644564e+00,2.309750e+00,2.851004e+00,2.573390e+00,2.630638e+00,2.316640e+00,2.433941e+00,2.402857e+00,2.495482e+00,2.550867e+00,2.300687e+00,2.527067e+00,2.467980e+00,2.510490e+00,2.310375e+00,2.396824e+00,2.494665e+00,1.412382e-01,2.300687e+00,2.851004e+00
6.695000e+00,1.428740e+00,2.703130e+00,2.425631e+00,2.624978e+00,2.383000e+00,2.487423e+00,2.542764e+00,2.320853e+00,2.666207e+00,2.645772e+00,2.309700e+00,2.851859e+00,2.574350e+00,2.630979e+00,2.317120e+00,2.434598e+00,2.404531e+00,2.495663e+00,2.549075e+00,2.301375e+00,2.526587e+00,2.469040e+00,2.510122e+00,2.310875e+00,2.397647e+00,2.495137e+00,1.411143e-01,2.301375e+00,2.851859e+00
6.696000e+00,1.428950e+00,2.702824e+00,2.426214e+00,2.625022e+00,2.383444e+00,2.488462e+00,2.541677e+00,2.320284e+00,2.666966e+00,2.646980e+00,2.309300e+00,2.853420e+00,2.576667e+00,2.632298e+00,2.316880e+00,2.435255e+00,2.405592e+00,2.496506e+00,2.550462e+00,2.301063e+00,2.526394e+00,2.470000e+00,2.510612e+00,2.314125e+00,2.398471e+00,2.495788e+00,1.412759e-01,2.301063e+00,2.853420e+00
6.697000e+00,1.429020e+00,2.705191e+00,2.427282e+00,2.625830e+00,2.384222e+00,2.488923e+00,2.540559e+00,2.319242e+00,2.668276e+00,2.648322e+00,2.310450e+00,2.855316e+00,2.577062e+00,2.632979e+00,2.318560e+00,2.435911e+00,2.405592e+00,2.497410e+00,2.550809e+00,2.302125e+00,2.527404e+00,2.471566e+00,2.511347e+00,2.313750e+00,2.399235e+00,2.496557e+00,1.415858e-01,2.302125e+00,2.855316e+00
6.698000e+00,1.429460e+00,2.705267e+00,2.429029e+00,2.626143e+00,2.385000e+00,2.489038e+00,2.540217e+00,2.318175e+00,2.670207e+00,2.649799e+00,2.310550e+00,2.855911e+00,2.578757e+00,2.634000e+00,2.319520e+00,2.436566e+00,2.406980e+00,2.498494e+00,2.550867e+00,2.303625e+00,2.527548e+00,2.472273e+00,2.511755e+00,2.314625e+00,2.400176e+00,2.497272e+00,1.416359e-01,2.303625e+00,2.855911e+00
6.699000e+00,1.429710e+00,2.705802e+00,2.428058e+00,2.626996e+00,2.385333e+00,2.489192e+00,2.540373e+00,2.317725e+00,2.671310e+00,2.650268e+00,2.310900e+00,2.857063e+00,2.578023e+00,2.634468e+00,2.320000e+00,2.437221e+00,2.408490e+00,2.498855e+00,2.550983e+00,2.303250e+00,2.528221e+00,2.472424e+00,2.511592e+00,2.315875e+00,2.401294e+00,2.497655e+00,1.417682e-01,2.303250e+00,2.857063e+00
6.700000e+00,1.429900e+00,2.706718e+00,2.430097e+00,2.628161e+00,2.388222e+00,2.489154e+00,2.540373e+00,2.317796e+00,2.671586e+00,2.648859e+00,2.312100e+00,2.858439e+00,2.580339e+00,2.635830e+00,2.321200e+00,2.437875e+00,2.409755e+00,2.498313e+00,2.552081e+00,2.301875e+00,2.528317e+00,2.473586e+00,2.511959e+00,2.317625e+00,2.402412e+00,2.498445e+00,1.417280e-01,2.301875e+00,2.858439e+00
6.701000e+00,1.430110e+00,2.706183e+00,2.429515e+00,2.629103e+00,2.388778e+00,2.490269e+00,2.541211e+00,2.318294e+00,2.671862e+00,2.648792e+00,2.312850e+00,2.859703e+00,2.580565e+00,2.636340e+00,2.321120e+00,2.438529e+00,2.411061e+00,2.499398e+00,2.552312e+00,2.299625e+00,2.528269e+00,2.474242e+00,2.512898e+00,2.319250e+00,2.402529e+00,2.498862e+00,1.418387e-01,2.299625e+00,2.859703e+00
6.702000e+00,1.430450e+00,2.707634e+00,2.431262e+00,2.628924e+00,2.387889e+00,2.490308e+00,2.541429e+00,2.319123e+00,2.672621e+00,2.649262e+00,2.314350e+00,2.861115e+00,2.582599e+00,2.637106e+00,2.321280e+00,2.439182e+00,2.412327e+00,2.500181e+00,2.553237e+00,2.298750e+00,2.529663e+00,2.474697e+00,2.513306e+00,2.319125e+00,2.403412e+00,2.499533e+00,1.420857e-01,2.298750e+00,2.861115e+00
6.703000e+00,1.430790e+00,2.708473e+00,2.430777e+00,2.630090e+00,2.391111e+00,2.490154e+00,2.541304e+00,2.318957e+00,2.672414e+00,2.649732e+00,2.314450e+00,2.862193e+00,2.584350e+00,2.637489e+00,2.324240e+00,2.439835e+00,2.414245e+00,2.501687e+00,2.554104e+00,2.298938e+00,2.530433e+00,2.474646e+00,2.511755e+00,2.320375e+00,2.405235e+00,2.500291e+00,1.419451e-01,2.298938e+00,2.862193e+00
6.704000e+00,1.431000e+00,2.708779e+00,2.432621e+00,2.631076e+00,2.391444e+00,2.489385e+00,2.542298e+00,2.320190e+00,2.673586e+00,2.649799e+00,2.315400e+00,2.863197e+00,2.584972e+00,2.638383e+00,2.324880e+00,2.440487e+00,2.415265e+00,2.501807e+00,2.555838e+00,2.299063e+00,2.530577e+00,2.476061e+00,2.511306e+00,2.322625e+00,2.405353e+00,2.501016e+00,1.418883e-01,2.299063e+00,2.863197e+00
6.705000e+00,1.431180e+00,2.709695e+00,2.433301e+00,2.630942e+00,2.392444e+00,2.489000e+00,2.542857e+00,2.320853e+00,2.674138e+00,2.651208e+00,2.316600e+00,2.864498e+00,2.585706e+00,2.639234e+00,2.326080e+00,2.441138e+00,2.416490e+00,2.504518e+00,2.556416e+00,2.299937e+00,2.531587e+00,2.476465e+00,2.510898e+00,2.322375e+00,2.404824e+00,2.501717e+00,1.419689e-01,2.299937e+00,2.864498e+00
6.706000e+00,1.431440e+00,2.710611e+00,2.432913e+00,2.632556e+00,2.392444e+00,2.489654e+00,2.543540e+00,2.321374e+00,2.674966e+00,2.653020e+00,2.316950e+00,2.864981e+00,2.587119e+00,2.639787e+00,2.326800e+00,2.441789e+00,2.417306e+00,2.505663e+00,2.557110e+00,2.301375e+00,2.533173e+00,2.477020e+00,2.511469e+00,2.322125e+00,2.405706e+00,2.502477e+00,1.421411e-01,2.301375e+00,2.864981e+00
6.707000e+00,1.431700e+00,2.712748e+00,2.432913e+00,2.632915e+00,2.392667e+00,2.489769e+00,2.544658e+00,2.322417e+00,2.676138e+00,2.654362e+00,2.318300e+00,2.866394e+00,2.589266e+00,2.640085e+00,2.327920e+00,2.442439e+00,2.418694e+00,2.506627e+00,2.558555e+00,2.301625e+00,2.534808e+00,2.477323e+00,2.511796e+00,2.323000e+00,2.405706e+00,2.503380e+00,1.423698e-01,2.301625e+00,2.866394e+00
6.708000e+00,1.431950e+00,2.713969e+00,2.434757e+00,2.633543e+00,2.395889e+00,2.489115e+00,2.545714e+00,2.323104e+00,2.678069e+00,2.654832e+00,2.319550e+00,2.868141e+00,2.588418e+00,2.640553e+00,2.329680e+00,2.443089e+00,2.419918e+00,2.507590e+00,2.559191e+00,2.302312e+00,2.534712e+00,2.478182e+00,2.511510e+00,2.323250e+00,2.406941e+00,2.504251e+00,1.423230e-01,2.302312e+00,2.868141e+00
6.709000e+00,1.432170e+00,2.712824e+00,2.434175e+00,2.633722e+00,2.394333e+00,2.489654e+00,2.547298e+00,2.324431e+00,2.678690e+00,2.656309e+00,2.319850e+00,2.868848e+00,2.590395e+00,2.641319e+00,2.330000e+00,2.443738e+00,2.421796e+00,2.508313e+00,2.560694e+00,2.303500e+00,2.535673e+00,2.477677e+00,2.512367e+00,2.323375e+00,2.407294e+00,2.504845e+00,1.423827e-01,2.303500e+00,2.868848e+00
6.710000e+00,1.432500e+00,2.714962e+00,2.435825e+00,2.631749e+00,2.396222e+00,2.490115e+00,2.548292e+00,2.324858e+00,2.679724e+00,2.657517e+00,2.320450e+00,2.870037e+00,2.591017e+00,2.640553e+00,2.330000e+00,2.444387e+00,2.422857e+00,2.509036e+00,2.560289e+00,2.304250e+00,2.536298e+00,2.478737e+00,2.513265e+00,2.323000e+00,2.408353e+00,2.505491e+00,1.424203e-01,2.304250e+00,2.870037e+00
6.711000e+00,1.432420e+00,2.713740e+00,2.436117e+00,2.630673e+00,2.397889e+00,2.491231e+00,2.549720e+00,2.325403e+00,2.680621e+00,2.658054e+00,2.322050e+00,2.871152e+00,2.592260e+00,2.639872e+00,2.330800e+00,2.445035e+00,2.422367e+00,2.508494e+00,2.560925e+00,2.304375e+00,2.537067e+00,2.477172e+00,2.514041e+00,2.323375e+00,2.409941e+00,2.505932e+00,1.422567e-01,2.304375e+00,2.871152e+00
6.712000e+00,1.433010e+00,2.713130e+00,2.437476e+00,2.629865e+00,2.395333e+00,2.491462e+00,2.550683e+00,2.325616e+00,2.680897e+00,2.659329e+00,2.322850e+00,2.872268e+00,2.593333e+00,2.640085e+00,2.331360e+00,2.445683e+00,2.422122e+00,2.508072e+00,2.562601e+00,2.306688e+00,2.537596e+00,2.478687e+00,2.514082e+00,2.325125e+00,2.410706e+00,2.506460e+00,1.421622e-01,2.306688e+00,2.872268e+00
6.713000e+00,1.433190e+00,2.712137e+00,2.436796e+00,2.629641e+00,2.398889e+00,2.492308e+00,2.551273e+00,2.326896e+00,2.682414e+00,2.660336e+00,2.323900e+00,2.873866e+00,2.592316e+00,2.640936e+00,2.333040e+00,2.446330e+00,2.421592e+00,2.508373e+00,2.563295e+00,2.307688e+00,2.539087e+00,2.478990e+00,2.515143e+00,2.324125e+00,2.411706e+00,2.507128e+00,1.420837e-01,2.307688e+00,2.873866e+00
6.714000e+00,1.433300e+00,2.711985e+00,2.437961e+00,2.629507e+00,2.400000e+00,2.492269e+00,2.551739e+00,2.327204e+00,2.682483e+00,2.661879e+00,2.325100e+00,2.874870e+00,2.594746e+00,2.641191e+00,2.332960e+00,2.446976e+00,2.422612e+00,2.509518e+00,2.563873e+00,2.308688e+00,2.539567e+00,2.480253e+00,2.515510e+00,2.326000e+00,2.412529e+00,2.507892e+00,1.419785e-01,2.308688e+00,2.874870e+00
6.715000e+00,1.433690e+00,2.711832e+00,2.438447e+00,2.630493e+00,2.398111e+00,2.492462e+00,2.552112e+00,2.327512e+00,2.682828e+00,2.662617e+00,2.325700e+00,2.876320e+00,2.595480e+00,2.640851e+00,2.333600e+00,2.447622e+00,2.422816e+00,2.511084e+00,2.564335e+00,2.308937e+00,2.540433e+00,2.480253e+00,2.516531e+00,2.327000e+00,2.413235e+00,2.508359e+00,1.421053e-01,2.308937e+00,2.876320e+00
6.716000e+00,1.433850e+00,2.711756e+00,2.437670e+00,2.629731e+00,2.399111e+00,2.493423e+00,2.551925e+00,2.327630e+00,2.682828e+00,2.663826e+00,2.326850e+00,2.876952e+00,2.596949e+00,2.641106e+00,2.335200e+00,2.448267e+00,2.424367e+00,2.510422e+00,2.565202e+00,2.310312e+00,2.541635e+00,2.481515e+00,2.516653e+00,2.327625e+00,2.414706e+00,2.508986e+00,1.418822e-01,2.310312e+00,2.876952e+00
6.717000e+00,1.434070e+00,2.713053e+00,2.438641e+00,2.631031e+00,2.399333e+00,2.492923e+00,2.551988e+00,2.328602e+00,2.683034e+00,2.665503e+00,2.326800e+00,2.877472e+00,2.598701e+00,2.642851e+00,2.336000e+00,2.448912e+00,2.425143e+00,2.511687e+00,2.566185e+00,2.310938e+00,2.543029e+00,2.481061e+00,2.517510e+00,2.329125e+00,2.414118e+00,2.509735e+00,1.420537e-01,2.310938e+00,2.877472e+00
6.718000e+00,1.434360e+00,2.713053e+00,2.438252e+00,2.630807e+00,2.400333e+00,2.491269e+00,2.552205e+00,2.328531e+00,2.681172e+00,2.667248e+00,2.328300e+00,2.876357e+00,2.599661e+00,2.643574e+00,2.337680e+00,2.449556e+00,2.426327e+00,2.513494e+00,2.565954e+00,2.312312e+00,2.543269e+00,2.479091e+00,2.517673e+00,2.331375e+00,2.414706e+00,2.510092e+00,1.415516e-01,2.312312e+00,2.876357e+00
6.719000e+00,1.434760e+00,2.713130e+00,2.438641e+00,2.631928e+00,2.401444e+00,2.489654e+00,2.552547e+00,2.329739e+00,2.681241e+00,2.668523e+00,2.328750e+00,2.876468e+00,2.600395e+00,2.643617e+00,2.338640e+00,2.450199e+00,2.427388e+00,2.513554e+00,2.566994e+00,2.312500e+00,2.544087e+00,2.478081e+00,2.518204e+00,2.330000e+00,2.415118e+00,2.510452e+00,1.415730e-01,2.312500e+00,2.876468e+00
6.720000e+00,1.434900e+00,2.715420e+00,2.438252e+00,2.633677e+00,2.402222e+00,2.488923e+00,2.553292e+00,2.329716e+00,2.680276e+00,2.668926e+00,2.329750e+00,2.876617e+00,2.601695e+00,2.644596e+00,2.339520e+00,2.450842e+00,2.428367e+00,2.512410e+00,2.567572e+00,2.312937e+00,2.543990e+00,2.477727e+00,2.519347e+00,2.332000e+00,2.416235e+00,2.511013e+00,1.415492e-01,2.312937e+00,2.876617e+00
6.721000e+00,1.435140e+00,2.716641e+00,2.438252e+00,2.633408e+00,2.404222e+00,2.489115e+00,2.553540e+00,2.330972e+00,2.681172e+00,2.669664e+00,2.330250e+00,2.877435e+00,2.602542e+00,2.646128e+00,2.339760e+00,2.451485e+00,2.429265e+00,2.513133e+00,2.568613e+00,2.313500e+00,2.545529e+00,2.477778e+00,2.520367e+00,2.333250e+00,2.415647e+00,2.511736e+00,1.416151e-01,2.313500e+00,2.877435e+00
6.722000e+00,1.435460e+00,2.715420e+00,2.438058e+00,2.635022e+00,2.405111e+00,2.489577e+00,2.554317e+00,2.331825e+00,2.681034e+00,2.670872e+00,2.331500e+00,2.878030e+00,2.603503e+00,2.646596e+00,2.342560e+00,2.452127e+00,2.429918e+00,2.512048e+00,2.568902e+00,2.314437e+00,2.545625e+00,2.477576e+00,2.520898e+00,2.333875e+00,2.416059e+00,2.512287e+00,1.413698e-01,2.314437e+00,2.878030e+00
6.723000e+00,1.435720e+00,2.717557e+00,2.440000e+00,2.635964e+00,2.406000e+00,2.489615e+00,2.554130e+00,2.332062e+00,2.681586e+00,2.671946e+00,2.332050e+00,2.879071e+00,2.605706e+00,2.647362e+00,2.341360e+00,2.452768e+00,2.431714e+00,2.512470e+00,2.568613e+00,2.314375e+00,2.545481e+00,2.478283e+00,2.521673e+00,2.334250e+00,2.416706e+00,2.512948e+00,1.416572e-01,2.314375e+00,2.879071e+00
6.724000e+00,1.435940e+00,2.718321e+00,2.439126e+00,2.637130e+00,2.406444e+00,2.489577e+00,2.555373e+00,2.333057e+00,2.681241e+00,2.672215e+00,2.332450e+00,2.880297e+00,2.606667e+00,2.648298e+00,2.342480e+00,2.453409e+00,2.433020e+00,2.513434e+00,2.569480e+00,2.315937e+00,2.545817e+00,2.478636e+00,2.522122e+00,2.336625e+00,2.417706e+00,2.513703e+00,1.415548e-01,2.315937e+00,2.880297e+00
6.725000e+00,1.436160e+00,2.719389e+00,2.440485e+00,2.637982e+00,2.407111e+00,2.489615e+00,2.556739e+00,2.333507e+00,2.682207e+00,2.673624e+00,2.333500e+00,2.881115e+00,2.607401e+00,2.649277e+00,2.344320e+00,2.454049e+00,2.433918e+00,2.515602e+00,2.570116e+00,2.317063e+00,2.546538e+00,2.478889e+00,2.521837e+00,2.337750e+00,2.418059e+00,2.514587e+00,1.415515e-01,2.317063e+00,2.881115e+00
6.726000e+00,1.436340e+00,2.719160e+00,2.440874e+00,2.639103e+00,2.408444e+00,2.490115e+00,2.558106e+00,2.334360e+00,2.681655e+00,2.675168e+00,2.334450e+00,2.881970e+00,2.608249e+00,2.649957e+00,2.345920e+00,2.454688e+00,2.434776e+00,2.516988e+00,2.571098e+00,2.318500e+00,2.546346e+00,2.479899e+00,2.523224e+00,2.338375e+00,2.418294e+00,2.515405e+00,1.414056e-01,2.318500e+00,2.881970e+00
6.727000e+00,1.436690e+00,2.720382e+00,2.442330e+00,2.640269e+00,2.408889e+00,2.490577e+00,2.559161e+00,2.334218e+00,2.682759e+00,2.677047e+00,2.335800e+00,2.882156e+00,2.609209e+00,2.650255e+00,2.346000e+00,2.455327e+00,2.436408e+00,2.517048e+00,2.571734e+00,2.319312e+00,2.547260e+00,2.480253e+00,2.523306e+00,2.336375e+00,2.419059e+00,2.516047e+00,1.416199e-01,2.319312e+00,2.882156e+00
6.728000e+00,1.436750e+00,2.720840e+00,2.441165e+00,2.640538e+00,2.410111e+00,2.491269e+00,2.560124e+00,2.334763e+00,2.683724e+00,2.678054e+00,2.337300e+00,2.883457e+00,2.609492e+00,2.650553e+00,2.347200e+00,2.455966e+00,2.437633e+00,2.516928e+00,2.571850e+00,2.320062e+00,2.548029e+00,2.481061e+00,2.524694e+00,2.336625e+00,2.419118e+00,2.516690e+00,1.416431e-01,2.320062e+00,2.883457e+00
6.729000e+00,1.437310e+00,2.721298e+00,2.442718e+00,2.641345e+00,2.408889e+00,2.491808e+00,2.560683e+00,2.334834e+00,2.685103e+00,2.679463e+00,2.337800e+00,2.884870e+00,2.610508e+00,2.652340e+00,2.346720e+00,2.456604e+00,2.439306e+00,2.516506e+00,2.573121e+00,2.321813e+00,2.549279e+00,2.481768e+00,2.524653e+00,2.336500e+00,2.420176e+00,2.517421e+00,1.419371e-01,2.321813e+00,2.884870e+00
6.730000e+00,1.437480e+00,2.723664e+00,2.442718e+00,2.642197e+00,2.410222e+00,2.492231e+00,2.561335e+00,2.335450e+00,2.686552e+00,2.680336e+00,2.338050e+00,2.886394e+00,2.612090e+00,2.653532e+00,2.347440e+00,2.457241e+00,2.441184e+00,2.515482e+00,2.571618e+00,2.322000e+00,2.548798e+00,2.482980e+00,2.525429e+00,2.335875e+00,2.420765e+00,2.518066e+00,1.422714e-01,2.322000e+00,2.886394e+00
6.731000e+00,1.437680e+00,2.723740e+00,2.443107e+00,2.642825e+00,2.412444e+00,2.493077e+00,2.561925e+00,2.335521e+00,2.686552e+00,2.681007e+00,2.339400e+00,2.887546e+00,2.611808e+00,2.652979e+00,2.348160e+00,2.457878e+00,2.442449e+00,2.516145e+00,2.569538e+00,2.322188e+00,2.546779e+00,2.482778e+00,2.526286e+00,2.337875e+00,2.420471e+00,2.518437e+00,1.420436e-01,2.322188e+00,2.887546e+00
6.732000e+00,1.437990e+00,2.722366e+00,2.444951e+00,2.644395e+00,2.410778e+00,2.494269e+00,2.562516e+00,2.334668e+00,2.687103e+00,2.681477e+00,2.340350e+00,2.888810e+00,2.613672e+00,2.654128e+00,2.348640e+00,2.458514e+00,2.442776e+00,2.516205e+00,2.569191e+00,2.323438e+00,2.546442e+00,2.484545e+00,2.526490e+00,2.338500e+00,2.421706e+00,2.518997e+00,1.421005e-01,2.323438e+00,2.888810e+00
6.733000e+00,1.438220e+00,2.724962e+00,2.445243e+00,2.644798e+00,2.411778e+00,2.494808e+00,2.562919e+00,2.334289e+00,2.687379e+00,2.682215e+00,2.341250e+00,2.890149e+00,2.613898e+00,2.655447e+00,2.349280e+00,2.459150e+00,2.444204e+00,2.516386e+00,2.568844e+00,2.324125e+00,2.546538e+00,2.484394e+00,2.527184e+00,2.339250e+00,2.422353e+00,2.519618e+00,1.422861e-01,2.324125e+00,2.890149e+00
6.734000e+00,1.438410e+00,2.725878e+00,2.446117e+00,2.646099e+00,2.414222e+00,2.495538e+00,2.562702e+00,2.333033e+00,2.688414e+00,2.682148e+00,2.342150e+00,2.890967e+00,2.614633e+00,2.656681e+00,2.350960e+00,2.459785e+00,2.445837e+00,2.519277e+00,2.568902e+00,2.324500e+00,2.547260e+00,2.485051e+00,2.527469e+00,2.339375e+00,2.422235e+00,2.520385e+00,1.423558e-01,2.324500e+00,2.890967e+00
6.735000e+00,1.438760e+00,2.727786e+00,2.445922e+00,2.646368e+00,2.412667e+00,2.495577e+00,2.563634e+00,2.332820e+00,2.688759e+00,2.681208e+00,2.342800e+00,2.892565e+00,2.616271e+00,2.656894e+00,2.353360e+00,2.460419e+00,2.446980e+00,2.520301e+00,2.569133e+00,2.326000e+00,2.546827e+00,2.486212e+00,2.528327e+00,2.341375e+00,2.423353e+00,2.521065e+00,1.423348e-01,2.326000e+00,2.892565e+00
6.736000e+00,1.438870e+00,2.727863e+00,2.447087e+00,2.645516e+00,2.415111e+00,2.496038e+00,2.564037e+00,2.332417e+00,2.687931e+00,2.681074e+00,2.342900e+00,2.893680e+00,2.617062e+00,2.657872e+00,2.352720e+00,2.461053e+00,2.447755e+00,2.521386e+00,2.570058e+00,2.325687e+00,2.547981e+00,2.487475e+00,2.527020e+00,2.340625e+00,2.423882e+00,2.521426e+00,1.424128e-01,2.325687e+00,2.893680e+00
6.737000e+00,1.439260e+00,2.730229e+00,2.446796e+00,2.647040e+00,2.414111e+00,2.497038e+00,2.564286e+00,2.333886e+00,2.687517e+00,2.680805e+00,2.342600e+00,2.895093e+00,2.618023e+00,2.658809e+00,2.354480e+00,2.461687e+00,2.449510e+00,2.522952e+00,2.570983e+00,2.327312e+00,2.548702e+00,2.487727e+00,2.526490e+00,2.343250e+00,2.423824e+00,2.522215e+00,1.424164e-01,2.327312e+00,2.895093e+00
6.738000e+00,1.439400e+00,2.730611e+00,2.447476e+00,2.646368e+00,2.414444e+00,2.497769e+00,2.564379e+00,2.334242e+00,2.687724e+00,2.682013e+00,2.342150e+00,2.896543e+00,2.618305e+00,2.659277e+00,2.355520e+00,2.462320e+00,2.450571e+00,2.524096e+00,2.571850e+00,2.328812e+00,2.548269e+00,2.489596e+00,2.525878e+00,2.343250e+00,2.425000e+00,2.522769e+00,1.424272e-01,2.328812e+00,2.896543e+00
6.739000e+00,1.439740e+00,2.730076e+00,2.446699e+00,2.646726e+00,2.415667e+00,2.498154e+00,2.564969e+00,2.334953e+00,2.688207e+00,2.683020e+00,2.342000e+00,2.897881e+00,2.616271e+00,2.659489e+00,2.356080e+00,2.462952e+00,2.451714e+00,2.523795e+00,2.572023e+00,2.328812e+00,2.550048e+00,2.490101e+00,2.525551e+00,2.343625e+00,2.425118e+00,2.523081e+00,1.424541e-01,2.328812e+00,2.897881e+00
6.740000e+00,1.440150e+00,2.731069e+00,2.449612e+00,2.648565e+00,2.413889e+00,2.497692e+00,2.565248e+00,2.335806e+00,2.687724e+00,2.684228e+00,2.342350e+00,2.899071e+00,2.617062e+00,2.660936e+00,2.356240e+00,2.463584e+00,2.452571e+00,2.522651e+00,2.573353e+00,2.329063e+00,2.551154e+00,2.491616e+00,2.525061e+00,2.344500e+00,2.426059e+00,2.523713e+00,1.426475e-01,2.329063e+00,2.899071e+00
6.741000e+00,1.440190e+00,2.733130e+00,2.448155e+00,2.648969e+00,2.412778e+00,2.498269e+00,2.565714e+00,2.336635e+00,2.689034e+00,2.685705e+00,2.343000e+00,2.900149e+00,2.617401e+00,2.661277e+00,2.359280e+00,2.464215e+00,2.453673e+00,2.522048e+00,2.574277e+00,2.330188e+00,2.552115e+00,2.492222e+00,2.525551e+00,2.344375e+00,2.426471e+00,2.524360e+00,1.428154e-01,2.330188e+00,2.900149e+00
6.742000e+00,1.440500e+00,2.732443e+00,2.449806e+00,2.649552e+00,2.412000e+00,2.499269e+00,2.565621e+00,2.336967e+00,2.689379e+00,2.686577e+00,2.343300e+00,2.901636e+00,2.617232e+00,2.661787e+00,2.360960e+00,2.464845e+00,2.454327e+00,2.522108e+00,2.574566e+00,2.331375e+00,2.553365e+00,2.492525e+00,2.526408e+00,2.345000e+00,2.426765e+00,2.524909e+00,1.427762e-01,2.331375e+00,2.901636e+00
6.743000e+00,1.440790e+00,2.733588e+00,2.451650e+00,2.650897e+00,2.412333e+00,2.500231e+00,2.565745e+00,2.336967e+00,2.689793e+00,2.687987e+00,2.344300e+00,2.902268e+00,2.619153e+00,2.662085e+00,2.360080e+00,2.465475e+00,2.455306e+00,2.521807e+00,2.575260e+00,2.332688e+00,2.555337e+00,2.493232e+00,2.527265e+00,2.346625e+00,2.424471e+00,2.525606e+00,1.429443e-01,2.332688e+00,2.902268e+00
6.744000e+00,1.441000e+00,2.732748e+00,2.453301e+00,2.651749e+00,2.412111e+00,2.500462e+00,2.566708e+00,2.337488e+00,2.690483e+00,2.689060e+00,2.344700e+00,2.903643e+00,2.619774e+00,2.662340e+00,2.361040e+00,2.466105e+00,2.457551e+00,2.522892e+00,2.575780e+00,2.333438e+00,2.557452e+00,2.493838e+00,2.528204e+00,2.347125e+00,2.422235e+00,2.526259e+00,1.430343e-01,2.333438e+00,2.903643e+00
6.745000e+00,1.441250e+00,2.734427e+00,2.451553e+00,2.653049e+00,2.411667e+00,2.500346e+00,2.567609e+00,2.338246e+00,2.690966e+00,2.690134e+00,2.346150e+00,2.905019e+00,2.620452e+00,2.664383e+00,2.361680e+00,2.466734e+00,2.457633e+00,2.522530e+00,2.576879e+00,2.333875e+00,2.558846e+00,2.493990e+00,2.528571e+00,2.347625e+00,2.422353e+00,2.526863e+00,1.433843e-01,2.333875e+00,2.905019e+00
6.746000e+00,1.441600e+00,2.734198e+00,2.452816e+00,2.653543e+00,2.413444e+00,2.500615e+00,2.568012e+00,2.338270e+00,2.690345e+00,2.691074e+00,2.347250e+00,2.905911e+00,2.621186e+00,2.665234e+00,2.362720e+00,2.467362e+00,2.460082e+00,2.524819e+00,2.578092e+00,2.334625e+00,2.560192e+00,2.494545e+00,2.530245e+00,2.348000e+00,2.422176e+00,2.527698e+00,1.432703e-01,2.334625e+00,2.905911e+00
6.747000e+00,1.441760e+00,2.734733e+00,2.453689e+00,2.654350e+00,2.412778e+00,2.501077e+00,2.568012e+00,2.339313e+00,2.690828e+00,2.692752e+00,2.347750e+00,2.906543e+00,2.622712e+00,2.665787e+00,2.363120e+00,2.467990e+00,2.460612e+00,2.526325e+00,2.578960e+00,2.335000e+00,2.560433e+00,2.496061e+00,2.530571e+00,2.348625e+00,2.421824e+00,2.528327e+00,1.434003e-01,2.335000e+00,2.906543e+00
6.748000e+00,1.441960e+00,2.735115e+00,2.453786e+00,2.655202e+00,2.413667e+00,2.501654e+00,2.567298e+00,2.339028e+00,2.690000e+00,2.692953e+00,2.349050e+00,2.907770e+00,2.622938e+00,2.666298e+00,2.364080e+00,2.468617e+00,2.462490e+00,2.526084e+00,2.579364e+00,2.335250e+00,2.561683e+00,2.496768e+00,2.531184e+00,2.350125e+00,2.422647e+00,2.528877e+00,1.432900e-01,2.335250e+00,2.907770e+00
6.749000e+00,1.442350e+00,2.735725e+00,2.454078e+00,2.654933e+00,2.414222e+00,2.501885e+00,2.566832e+00,2.340521e+00,2.689034e+00,2.693020e+00,2.349400e+00,2.908699e+00,2.625367e+00,2.667404e+00,2.364720e+00,2.469244e+00,2.463469e+00,2.526687e+00,2.579422e+00,2.337438e+00,2.562452e+00,2.497071e+00,2.531918e+00,2.348625e+00,2.422941e+00,2.529379e+00,1.432480e-01,2.337438e+00,2.908699e+00
6.750000e+00,1.442610e+00,2.736489e+00,2.453981e+00,2.654978e+00,2.416667e+00,2.501769e+00,2.566739e+00,2.340521e+00,2.689379e+00,2.695436e+00,2.350000e+00,2.909219e+00,2.625932e+00,2.667234e+00,2.366080e+00,2.469870e+00,2.464980e+00,2.527048e+00,2.580867e+00,2.338062e+00,2.562981e+00,2.497727e+00,2.533633e+00,2.348375e+00,2.423176e+00,2.530048e+00,1.432705e-01,2.338062e+00,2.909219e+00
6.751000e+00,1.442790e+00,2.738473e+00,2.453010e+00,2.655381e+00,2.416333e+00,2.502154e+00,2.566646e+00,2.341469e+00,2.688138e+00,2.696980e+00,2.351050e+00,2.910520e+00,2.626836e+00,2.667617e+00,2.366560e+00,2.470495e+00,2.465959e+00,2.527410e+00,2.582023e+00,2.338875e+00,2.563750e+00,2.498030e+00,2.533755e+00,2.350250e+00,2.423294e+00,2.530625e+00,1.433490e-01,2.338875e+00,2.910520e+00
6.752000e+00,1.443090e+00,2.738702e+00,2.453107e+00,2.656143e+00,2.416111e+00,2.502615e+00,2.567267e+00,2.341706e+00,2.688897e+00,2.697315e+00,2.352500e+00,2.911710e+00,2.628362e+00,2.669021e+00,2.367440e+00,2.471120e+00,2.466939e+00,2.527711e+00,2.582890e+00,2.339625e+00,2.564327e+00,2.498889e+00,2.534857e+00,2.349500e+00,2.423647e+00,2.531267e+00,1.435177e-01,2.339625e+00,2.911710e+00
6.753000e+00,1.443150e+00,2.740153e+00,2.453592e+00,2.656951e+00,2.417000e+00,2.503692e+00,2.568043e+00,2.342464e+00,2.688828e+00,2.699128e+00,2.352650e+00,2.913680e+00,2.627853e+00,2.670000e+00,2.368400e+00,2.471744e+00,2.466204e+00,2.527229e+00,2.583121e+00,2.338812e+00,2.564471e+00,2.498737e+00,2.535265e+00,2.351375e+00,2.423471e+00,2.531786e+00,1.437878e-01,2.338812e+00,2.913680e+00
6.754000e+00,1.443540e+00,2.739237e+00,2.452718e+00,2.656996e+00,2.420333e+00,2.503885e+00,2.567981e+00,2.342654e+00,2.688828e+00,2.700134e+00,2.353500e+00,2.914647e+00,2.629944e+00,2.670511e+00,2.368720e+00,2.472368e+00,2.466571e+00,2.525602e+00,2.583353e+00,2.340688e+00,2.565000e+00,2.499192e+00,2.536286e+00,2.348625e+00,2.423294e+00,2.532128e+00,1.438443e-01,2.340688e+00,2.914647e+00
6.755000e+00,1.443660e+00,2.737863e+00,2.454466e+00,2.656861e+00,2.418667e+00,2.503192e+00,2.568323e+00,2.343531e+00,2.687241e+00,2.701477e+00,2.354300e+00,2.914387e+00,2.630169e+00,2.671277e+00,2.368400e+00,2.472991e+00,2.466694e+00,2.522530e+00,2.583642e+00,2.341375e+00,2.565192e+00,2.499747e+00,2.536612e+00,2.346750e+00,2.424118e+00,2.532075e+00,1.437410e-01,2.341375e+00,2.914387e+00
6.756000e+00,1.444010e+00,2.739160e+00,2.455534e+00,2.657803e+00,2.422333e+00,2.502692e+00,2.568478e+00,2.344289e+00,2.686690e+00,2.702617e+00,2.355100e+00,2.913978e+00,2.631638e+00,2.672340e+00,2.366640e+00,2.473614e+00,2.468041e+00,2.519880e+00,2.584682e+00,2.341875e+00,2.565913e+00,2.501061e+00,2.537224e+00,2.344125e+00,2.423529e+00,2.532468e+00,1.439052e-01,2.341875e+00,2.913978e+00
6.757000e+00,1.444250e+00,2.738473e+00,2.455728e+00,2.658520e+00,2.423000e+00,2.502308e+00,2.569286e+00,2.345592e+00,2.686069e+00,2.703826e+00,2.356050e+00,2.913792e+00,2.633220e+00,2.673702e+00,2.366640e+00,2.474236e+00,2.468694e+00,2.520060e+00,2.585260e+00,2.342375e+00,2.566875e+00,2.501313e+00,2.537020e+00,2.344375e+00,2.423176e+00,2.532900e+00,1.438316e-01,2.342375e+00,2.913792e+00
6.758000e+00,1.444410e+00,2.739084e+00,2.455922e+00,2.659327e+00,2.422333e+00,2.502731e+00,2.569845e+00,2.346114e+00,2.685103e+00,2.704832e+00,2.357150e+00,2.914721e+00,2.633616e+00,2.673660e+00,2.367360e+00,2.474858e+00,2.469469e+00,2.520000e+00,2.586012e+00,2.342625e+00,2.568317e+00,2.501919e+00,2.537429e+00,2.343625e+00,2.423941e+00,2.533333e+00,1.439161e-01,2.342625e+00,2.914721e+00
6.759000e+00,1.444850e+00,2.739542e+00,2.457282e+00,2.659641e+00,2.423556e+00,2.503038e+00,2.570839e+00,2.345829e+00,2.685103e+00,2.706376e+00,2.358400e+00,2.915688e+00,2.634463e+00,2.674468e+00,2.368240e+00,2.475479e+00,2.469143e+00,2.519819e+00,2.586127e+00,2.342687e+00,2.568894e+00,2.501970e+00,2.538694e+00,2.343500e+00,2.424824e+00,2.533900e+00,1.440244e-01,2.342687e+00,2.915688e+00
6.760000e+00,1.445050e+00,2.739542e+00,2.457087e+00,2.660628e+00,2.423444e+00,2.503192e+00,2.570932e+00,2.346493e+00,2.684000e+00,2.707785e+00,2.358950e+00,2.916617e+00,2.635989e+00,2.674809e+00,2.369440e+00,2.476099e+00,2.470898e+00,2.520060e+00,2.586936e+00,2.343250e+00,2.568558e+00,2.503081e+00,2.538571e+00,2.344375e+00,2.425000e+00,2.534406e+00,1.439998e-01,2.343250e+00,2.916617e+00
6.761000e+00,1.445310e+00,2.740611e+00,2.458932e+00,2.661076e+00,2.424333e+00,2.503692e+00,2.571615e+00,2.346848e+00,2.683517e+00,2.708792e+00,2.359800e+00,2.917472e+00,2.637062e+00,2.675915e+00,2.369840e+00,2.476719e+00,2.471510e+00,2.519096e+00,2.588150e+00,2.341813e+00,2.568942e+00,2.503485e+00,2.539469e+00,2.346500e+00,2.426176e+00,2.535057e+00,1.440610e-01,2.341813e+00,2.917472e+00
6.762000e+00,1.445550e+00,2.740611e+00,2.458544e+00,2.661973e+00,2.425778e+00,2.503885e+00,2.572640e+00,2.347583e+00,2.683931e+00,2.709799e+00,2.360050e+00,2.918327e+00,2.638023e+00,2.676085e+00,2.370240e+00,2.477338e+00,2.472122e+00,2.519639e+00,2.588324e+00,2.340375e+00,2.568846e+00,2.504596e+00,2.539796e+00,2.347000e+00,2.426824e+00,2.535514e+00,1.441931e-01,2.340375e+00,2.918327e+00
6.763000e+00,1.445900e+00,2.740763e+00,2.459417e+00,2.661300e+00,2.426000e+00,2.504115e+00,2.572826e+00,2.347322e+00,2.683655e+00,2.711141e+00,2.360450e+00,2.919665e+00,2.639435e+00,2.676170e+00,2.369760e+00,2.477957e+00,2.474122e+00,2.520602e+00,2.588266e+00,2.339812e+00,2.568798e+00,2.505101e+00,2.541551e+00,2.349000e+00,2.426647e+00,2.535995e+00,1.442921e-01,2.339812e+00,2.919665e+00
6.764000e+00,1.445950e+00,2.740763e+00,2.460388e+00,2.660135e+00,2.428222e+00,2.504692e+00,2.574410e+00,2.348009e+00,2.684069e+00,2.712550e+00,2.361600e+00,2.920855e+00,2.641356e+00,2.675149e+00,2.371760e+00,2.478575e+00,2.475306e+00,2.521446e+00,2.589075e+00,2.339812e+00,2.568654e+00,2.504848e+00,2.541429e+00,2.350500e+00,2.426647e+00,2.536677e+00,1.441137e-01,2.339812e+00,2.920855e+00
6.765000e+00,1.446160e+00,2.740840e+00,2.461068e+00,2.658879e+00,2.427889e+00,2.504423e+00,2.575652e+00,2.347725e+00,2.684000e+00,2.713423e+00,2.362800e+00,2.922007e+00,2.642147e+00,2.674213e+00,2.372800e+00,2.479193e+00,2.476490e+00,2.523614e+00,2.589827e+00,2.340250e+00,2.569423e+00,2.503131e+00,2.542408e+00,2.351750e+00,2.426294e+00,2.537094e+00,1.440625e-01,2.340250e+00,2.922007e+00
6.766000e+00,1.446560e+00,2.743588e+00,2.462816e+00,2.658341e+00,2.429778e+00,2.504308e+00,2.576366e+00,2.348057e+00,2.684897e+00,2.714228e+00,2.364300e+00,2.922528e+00,2.642599e+00,2.674383e+00,2.374080e+00,2.479810e+00,2.476898e+00,2.524880e+00,2.589942e+00,2.340875e+00,2.570144e+00,2.502020e+00,2.541837e+00,2.351250e+00,2.425118e+00,2.537627e+00,1.441474e-01,2.340875e+00,2.922528e+00
6.767000e+00,1.446840e+00,2.743053e+00,2.462524e+00,2.658206e+00,2.429556e+00,2.504846e+00,2.577298e+00,2.348791e+00,2.684897e+00,2.714430e+00,2.364150e+00,2.923606e+00,2.645198e+00,2.674426e+00,2.373680e+00,2.480426e+00,2.477796e+00,2.526867e+00,2.590231e+00,2.341562e+00,2.569375e+00,2.500556e+00,2.543020e+00,2.352500e+00,2.426118e+00,2.538046e+00,1.441702e-01,2.341562e+00,2.923606e+00
6.768000e+00,1.446940e+00,2.744198e+00,2.462136e+00,2.658565e+00,2.429889e+00,2.505462e+00,2.577888e+00,2.348318e+00,2.684828e+00,2.714966e+00,2.364750e+00,2.924647e+00,2.645141e+00,2.675447e+00,2.375120e+00,2.481042e+00,2.478408e+00,2.529699e+00,2.588844e+00,2.343062e+00,2.567452e+00,2.500051e+00,2.542653e+00,2.350875e+00,2.426824e+00,2.538344e+00,1.442750e-01,2.343062e+00,2.924647e+00
6.769000e+00,1.447440e+00,2.745420e+00,2.462136e+00,2.659103e+00,2.431556e+00,2.505923e+00,2.578944e+00,2.347630e+00,2.685310e+00,2.714094e+00,2.365800e+00,2.926022e+00,2.645763e+00,2.676213e+00,2.377200e+00,2.481657e+00,2.480816e+00,2.531084e+00,2.587052e+00,2.344250e+00,2.566394e+00,2.499242e+00,2.542204e+00,2.353250e+00,2.426471e+00,2.538897e+00,1.441255e-01,2.344250e+00,2.926022e+00
6.770000e+00,1.447560e+00,2.747634e+00,2.463883e+00,2.658789e+00,2.431111e+00,2.506577e+00,2.579441e+00,2.346682e+00,2.685793e+00,2.713289e+00,2.366250e+00,2.927398e+00,2.647458e+00,2.676085e+00,2.377840e+00,2.482272e+00,2.482204e+00,2.531807e+00,2.585607e+00,2.345438e+00,2.566106e+00,2.499394e+00,2.540898e+00,2.352875e+00,2.427118e+00,2.539248e+00,1.442770e-01,2.345438e+00,2.927398e+00
6.771000e+00,1.447850e+00,2.749771e+00,2.463689e+00,2.659058e+00,2.432111e+00,2.507000e+00,2.580901e+00,2.346730e+00,2.685862e+00,2.714430e+00,2.366750e+00,2.928476e+00,2.649096e+00,2.676213e+00,2.379520e+00,2.482886e+00,2.483959e+00,2.531928e+00,2.585145e+00,2.346188e+00,2.566154e+00,2.499444e+00,2.540612e+00,2.355125e+00,2.427235e+00,2.539928e+00,1.443217e-01,2.346188e+00,2.928476e+00
6.772000e+00,1.448090e+00,2.749542e+00,2.464369e+00,2.659776e+00,2.432333e+00,2.507115e+00,2.581708e+00,2.346493e+00,2.686966e+00,2.714161e+00,2.367850e+00,2.929480e+00,2.649774e+00,2.677745e+00,2.379920e+00,2.483500e+00,2.484898e+00,2.531084e+00,2.585491e+00,2.346313e+00,2.566010e+00,2.500909e+00,2.540571e+00,2.356125e+00,2.427824e+00,2.540415e+00,1.443707e-01,2.346313e+00,2.929480e+00
6.773000e+00,1.448300e+00,2.751145e+00,2.465922e+00,2.660628e+00,2.435444e+00,2.508000e+00,2.582112e+00,2.347109e+00,2.687793e+00,2.715906e+00,2.368400e+00,2.930669e+00,2.648983e+00,2.679660e+00,2.380080e+00,2.484113e+00,2.485143e+00,2.531084e+00,2.586647e+00,2.346500e+00,2.566202e+00,2.501313e+00,2.540816e+00,2.357500e+00,2.427471e+00,2.541193e+00,1.445276e-01,2.346500e+00,2.930669e+00
6.774000e+00,1.448490e+00,2.750916e+00,2.466408e+00,2.660448e+00,2.434556e+00,2.508846e+00,2.583199e+00,2.347441e+00,2.688552e+00,2.717450e+00,2.369500e+00,2.932082e+00,2.651751e+00,2.679574e+00,2.382640e+00,2.484725e+00,2.485061e+00,2.531386e+00,2.585896e+00,2.348125e+00,2.566731e+00,2.501263e+00,2.542000e+00,2.357500e+00,2.428176e+00,2.541843e+00,1.445608e-01,2.347441e+00,2.932082e+00
6.775000e+00,1.448840e+00,2.751069e+00,2.465631e+00,2.661749e+00,2.433556e+00,2.509462e+00,2.583323e+00,2.346848e+00,2.689172e+00,2.717785e+00,2.370550e+00,2.932714e+00,2.653107e+00,2.680298e+00,2.382240e+00,2.485337e+00,2.486816e+00,2.532530e+00,2.587688e+00,2.348937e+00,2.566971e+00,2.502323e+00,2.542163e+00,2.358500e+00,2.428118e+00,2.542370e+00,1.447183e-01,2.346848e+00,2.932714e+00
6.776000e+00,1.449250e+00,2.752901e+00,2.467087e+00,2.662601e+00,2.435000e+00,2.510269e+00,2.583292e+00,2.347630e+00,2.690069e+00,2.718859e+00,2.371350e+00,2.934164e+00,2.654181e+00,2.681234e+00,2.383600e+00,2.485949e+00,2.488612e+00,2.534337e+00,2.589075e+00,2.349562e+00,2.568221e+00,2.503737e+00,2.542204e+00,2.359875e+00,2.429353e+00,2.543465e+00,1.447717e-01,2.347630e+00,2.934164e+00
6.777000e+00,1.449270e+00,2.752901e+00,2.466699e+00,2.663677e+00,2.437111e+00,2.510885e+00,2.583385e+00,2.349218e+00,2.690759e+00,2.720940e+00,2.372750e+00,2.935836e+00,2.655085e+00,2.682681e+00,2.383440e+00,2.486560e+00,2.489673e+00,2.534699e+00,2.590058e+00,2.350000e+00,2.568029e+00,2.504646e+00,2.543633e+00,2.359875e+00,2.429529e+00,2.544253e+00,1.449476e-01,2.349218e+00,2.935836e+00
6.778000e+00,1.449660e+00,2.752366e+00,2.468350e+00,2.664529e+00,2.435556e+00,2.511385e+00,2.583478e+00,2.348649e+00,2.691931e+00,2.720537e+00,2.372950e+00,2.937509e+00,2.655819e+00,2.682809e+00,2.386160e+00,2.487170e+00,2.490653e+00,2.535361e+00,2.591214e+00,2.350125e+00,2.568702e+00,2.505960e+00,2.543837e+00,2.361625e+00,2.430471e+00,2.544881e+00,1.449436e-01,2.348649e+00,2.937509e+00
6.779000e+00,1.449860e+00,2.753893e+00,2.468544e+00,2.665471e+00,2.438111e+00,2.512154e+00,2.583758e+00,2.349313e+00,2.691379e+00,2.721745e+00,2.373700e+00,2.938513e+00,2.657345e+00,2.683660e+00,2.387600e+00,2.487779e+00,2.492694e+00,2.535542e+00,2.591445e+00,2.351437e+00,2.569904e+00,2.505960e+00,2.544163e+00,2.361500e+00,2.430765e+00,2.545682e+00,1.449653e-01,2.349313e+00,2.938513e+00
6.780000e+00,1.450210e+00,2.755878e+00,2.469417e+00,2.666816e+00,2.439556e+00,2.512769e+00,2.584814e+00,2.350047e+00,2.691241e+00,2.722416e+00,2.373850e+00,2.939665e+00,2.657401e+00,2.685404e+00,2.386880e+00,2.488389e+00,2.493551e+00,2.536386e+00,2.592081e+00,2.352250e+00,2.570769e+00,2.507576e+00,2.544408e+00,2.362250e+00,2.430294e+00,2.546421e+00,1.451870e-01,2.350047e+00,2.939665e+00
6.781000e+00,1.450290e+00,2.755649e+00,2.468155e+00,2.667399e+00,2.440778e+00,2.512423e+00,2.585373e+00,2.350427e+00,2.692000e+00,2.723691e+00,2.373000e+00,2.940892e+00,2.659379e+00,2.686511e+00,2.388800e+00,2.488997e+00,2.493510e+00,2.536627e+00,2.593237e+00,2.353188e+00,2.571538e+00,2.507980e+00,2.545347e+00,2.364000e+00,2.431294e+00,2.547091e+00,1.452969e-01,2.350427e+00,2.940892e+00
6.782000e+00,1.450610e+00,2.755725e+00,2.469320e+00,2.667892e+00,2.441667e+00,2.512692e+00,2.585932e+00,2.350924e+00,2.691448e+00,2.725168e+00,2.371850e+00,2.942045e+00,2.660113e+00,2.686426e+00,2.390880e+00,2.489605e+00,2.494571e+00,2.538193e+00,2.594740e+00,2.353625e+00,2.572308e+00,2.509495e+00,2.546082e+00,2.366625e+00,2.431118e+00,2.547852e+00,1.452284e-01,2.350924e+00,2.942045e+00
6.783000e+00,1.450910e+00,2.757099e+00,2.466796e+00,2.668969e+00,2.441556e+00,2.512615e+00,2.586149e+00,2.351943e+00,2.692069e+00,2.726242e+00,2.371600e+00,2.943309e+00,2.661073e+00,2.687021e+00,2.390160e+00,2.490213e+00,2.496571e+00,2.538855e+00,2.595838e+00,2.354938e+00,2.572885e+00,2.510606e+00,2.546857e+00,2.367125e+00,2.432118e+00,2.548442e+00,1.455095e-01,2.351943e+00,2.943309e+00
6.784000e+00,1.451180e+00,2.758015e+00,2.468641e+00,2.669686e+00,2.443889e+00,2.513308e+00,2.587422e+00,2.352583e+00,2.692345e+00,2.726779e+00,2.371650e+00,2.944498e+00,2.661412e+00,2.688043e+00,2.391120e+00,2.490819e+00,2.498286e+00,2.539639e+00,2.596243e+00,2.355812e+00,2.572740e+00,2.511111e+00,2.547673e+00,2.369250e+00,2.431882e+00,2.549285e+00,1.454350e-01,2.352583e+00,2.944498e+00
6.785000e+00,1.451380e+00,2.757863e+00,2.468641e+00,2.671031e+00,2.443889e+00,2.514577e+00,2.588571e+00,2.353033e+00,2.693517e+00,2.728255e+00,2.371650e+00,2.945465e+00,2.663559e+00,2.688511e+00,2.391440e+00,2.491426e+00,2.498816e+00,2.541205e+00,2.596301e+00,2.356250e+00,2.573269e+00,2.511919e+00,2.548163e+00,2.368500e+00,2.432235e+00,2.549920e+00,1.457287e-01,2.353033e+00,2.945465e+00
6.786000e+00,1.451680e+00,2.759313e+00,2.468155e+00,2.672377e+00,2.444556e+00,2.513731e+00,2.589161e+00,2.354194e+00,2.693172e+00,2.730336e+00,2.372650e+00,2.945502e+00,2.663559e+00,2.688638e+00,2.391760e+00,2.492031e+00,2.500408e+00,2.543072e+00,2.596474e+00,2.357812e+00,2.573846e+00,2.512525e+00,2.548776e+00,2.369750e+00,2.432824e+00,2.550609e+00,1.456299e-01,2.354194e+00,2.945502e+00
6.787000e+00,1.451890e+00,2.759389e+00,2.469903e+00,2.672646e+00,2.445556e+00,2.513615e+00,2.589472e+00,2.354645e+00,2.694483e+00,2.732081e+00,2.373050e+00,2.947063e+00,2.664802e+00,2.689191e+00,2.393760e+00,2.492637e+00,2.500776e+00,2.544819e+00,2.596301e+00,2.359312e+00,2.574375e+00,2.512929e+00,2.549510e+00,2.368375e+00,2.433647e+00,2.551347e+00,1.457618e-01,2.354645e+00,2.947063e+00
6.788000e+00,1.452170e+00,2.760229e+00,2.468641e+00,2.673229e+00,2.445222e+00,2.513769e+00,2.590280e+00,2.355261e+00,2.695172e+00,2.732685e+00,2.374450e+00,2.947881e+00,2.665424e+00,2.690596e+00,2.394560e+00,2.493241e+00,2.502327e+00,2.545301e+00,2.597225e+00,2.358375e+00,2.574856e+00,2.513889e+00,2.550000e+00,2.371000e+00,2.434235e+00,2.551994e+00,1.458310e-01,2.355261e+00,2.947881e+00
6.789000e+00,1.452360e+00,2.760916e+00,2.470485e+00,2.673812e+00,2.446333e+00,2.514231e+00,2.591211e+00,2.355474e+00,2.696759e+00,2.733423e+00,2.375200e+00,2.948885e+00,2.666554e+00,2.691064e+00,2.396560e+00,2.493845e+00,2.502776e+00,2.544759e+00,2.598439e+00,2.360187e+00,2.575048e+00,2.513434e+00,2.550327e+00,2.370875e+00,2.434235e+00,2.552701e+00,1.458651e-01,2.355474e+00,2.948885e+00
6.790000e+00,1.452800e+00,2.761679e+00,2.470874e+00,2.674439e+00,2.446889e+00,2.514654e+00,2.591770e+00,2.356303e+00,2.697724e+00,2.734161e+00,2.376700e+00,2.949851e+00,2.667740e+00,2.691745e+00,2.397440e+00,2.494449e+00,2.505020e+00,2.545843e+00,2.599364e+00,2.361250e+00,2.575817e+00,2.514444e+00,2.551633e+00,2.371625e+00,2.434294e+00,2.553571e+00,1.458598e-01,2.356303e+00,2.949851e+00
6.791000e+00,1.452810e+00,2.762901e+00,2.471942e+00,2.675561e+00,2.447667e+00,2.514615e+00,2.592795e+00,2.356754e+00,2.698138e+00,2.734497e+00,2.377750e+00,2.951004e+00,2.668644e+00,2.692681e+00,2.398560e+00,2.495052e+00,2.506041e+00,2.546747e+00,2.599884e+00,2.361687e+00,2.576490e+00,2.514192e+00,2.551796e+00,2.371125e+00,2.435000e+00,2.554230e+00,1.460027e-01,2.356754e+00,2.951004e+00
6.792000e+00,1.453320e+00,2.763130e+00,2.471165e+00,2.676323e+00,2.448222e+00,2.515308e+00,2.593385e+00,2.356730e+00,2.699241e+00,2.735168e+00,2.378100e+00,2.951933e+00,2.670395e+00,2.694213e+00,2.399360e+00,2.495654e+00,2.507265e+00,2.544940e+00,2.600289e+00,2.362500e+00,2.576538e+00,2.514495e+00,2.553061e+00,2.371000e+00,2.435059e+00,2.554728e+00,1.462333e-01,2.356730e+00,2.951933e+00
6.793000e+00,1.453510e+00,2.764122e+00,2.473107e+00,2.676592e+00,2.447778e+00,2.515462e+00,2.594286e+00,2.357773e+00,2.699724e+00,2.735570e+00,2.380050e+00,2.952230e+00,2.670508e+00,2.693872e+00,2.399600e+00,2.496256e+00,2.508122e+00,2.544458e+00,2.600636e+00,2.364062e+00,2.577644e+00,2.514495e+00,2.552857e+00,2.371875e+00,2.434882e+00,2.555248e+00,1.460410e-01,2.357773e+00,2.952230e+00
6.794000e+00,1.453440e+00,2.764656e+00,2.472039e+00,2.676771e+00,2.451667e+00,2.514885e+00,2.594534e+00,2.358483e+00,2.698690e+00,2.736510e+00,2.380200e+00,2.951561e+00,2.672486e+00,2.693277e+00,2.399600e+00,2.496857e+00,2.507918e+00,2.544277e+00,2.601676e+00,2.364937e+00,2.578365e+00,2.514646e+00,2.553551e+00,2.372500e+00,2.435941e+00,2.555668e+00,1.458135e-01,2.358483e+00,2.951561e+00
6.795000e+00,1.453980e+00,2.762901e+00,2.474175e+00,2.676906e+00,2.450000e+00,2.514846e+00,2.594286e+00,2.359123e+00,2.698207e+00,2.738121e+00,2.381750e+00,2.951561e+00,2.672203e+00,2.694170e+00,2.403040e+00,2.497457e+00,2.507796e+00,2.545482e+00,2.602832e+00,2.365000e+00,2.579135e+00,2.514596e+00,2.553878e+00,2.374750e+00,2.437706e+00,2.556247e+00,1.453623e-01,2.359123e+00,2.951561e+00
6.796000e+00,1.454120e+00,2.763588e+00,2.472816e+00,2.678027e+00,2.451444e+00,2.514462e+00,2.594503e+00,2.359218e+00,2.697172e+00,2.738658e+00,2.382300e+00,2.951784e+00,2.674181e+00,2.695872e+00,2.402720e+00,2.498058e+00,2.508245e+00,2.545904e+00,2.603526e+00,2.365250e+00,2.579087e+00,2.516364e+00,2.554245e+00,2.375750e+00,2.438353e+00,2.556730e+00,1.454463e-01,2.359218e+00,2.951784e+00
6.797000e+00,1.454400e+00,2.763130e+00,2.475437e+00,2.677668e+00,2.452000e+00,2.514077e+00,2.594348e+00,2.359810e+00,2.697655e+00,2.740940e+00,2.383250e+00,2.952751e+00,2.674915e+00,2.697021e+00,2.404320e+00,2.498657e+00,2.508449e+00,2.547289e+00,2.603988e+00,2.366937e+00,2.579952e+00,2.516970e+00,2.554898e+00,2.375125e+00,2.438706e+00,2.557429e+00,1.454137e-01,2.359810e+00,2.952751e+00
6.798000e+00,1.454550e+00,2.763282e+00,2.475146e+00,2.678834e+00,2.451556e+00,2.514154e+00,2.593385e+00,2.360640e+00,2.698414e+00,2.741678e+00,2.384100e+00,2.953717e+00,2.675650e+00,2.697532e+00,2.404960e+00,2.499256e+00,2.509918e+00,2.549880e+00,2.604913e+00,2.366187e+00,2.580288e+00,2.518131e+00,2.555265e+00,2.376750e+00,2.438588e+00,2.558009e+00,1.455031e-01,2.360640e+00,2.953717e+00
6.799000e+00,1.454910e+00,2.764122e+00,2.476117e+00,2.679507e+00,2.454556e+00,2.515038e+00,2.591957e+00,2.361588e+00,2.699862e+00,2.742617e+00,2.384950e+00,2.954907e+00,2.676215e+00,2.698426e+00,2.405440e+00,2.499854e+00,2.510204e+00,2.550542e+00,2.604740e+00,2.366437e+00,2.581394e+00,2.518485e+00,2.555714e+00,2.377750e+00,2.439824e+00,2.558760e+00,1.454946e-01,2.361588e+00,2.954907e+00
6.800000e+00,1.455110e+00,2.764198e+00,2.476796e+00,2.679462e+00,2.454333e+00,2.515769e+00,2.591087e+00,2.362346e+00,2.700000e+00,2.743758e+00,2.385350e+00,2.956059e+00,2.677458e+00,2.700043e+00,2.406560e+00,2.500452e+00,2.511224e+00,2.551988e+00,2.604971e+00,2.367625e+00,2.582115e+00,2.519848e+00,2.555959e+00,2.378750e+00,2.440412e+00,2.559440e+00,1.454897e-01,2.362346e+00,2.956059e+00
