time,lN,fN01,fN02,fN03,fN04,fN05,fN06,fN07,fN08,fN09,fN10,fN11,fN12,fN13,fN14,fN15,fN16,fN17,fN18,fNavg,fNstd,fNmin,fNmax
5.000000e+00,6.962600e-01,7.489313e-01,5.387021e-01,6.636893e-01,5.687444e-01,5.667187e-01,6.670803e-01,6.536279e-01,6.527523e-01,5.042444e-01,4.905872e-01,4.851667e-01,6.226866e-01,6.963529e-01,7.661875e-01,6.806566e-01,7.055510e-01,6.593013e-01,4.834737e-01,6.196919e-01,8.873896e-02,4.834737e-01,7.661875e-01
5.001000e+00,6.964000e-01,7.502290e-01,5.384956e-01,6.638835e-01,5.693274e-01,5.660156e-01,6.682482e-01,6.540930e-01,6.531193e-01,5.042444e-01,4.904866e-01,4.858333e-01,6.229851e-01,6.963529e-01,7.665000e-01,6.806566e-01,7.053469e-01,6.596070e-01,4.835789e-01,6.199446e-01,8.888659e-02,4.835789e-01,7.665000e-01
5.002000e+00,6.966300e-01,7.510687e-01,5.382891e-01,6.640777e-01,5.687892e-01,5.675000e-01,6.670073e-01,6.533488e-01,6.536697e-01,5.043248e-01,4.908054e-01,4.850000e-01,6.229851e-01,6.967059e-01,7.671250e-01,6.807576e-01,7.059592e-01,6.595633e-01,4.841053e-01,6.200601e-01,8.900103e-02,4.841053e-01,7.671250e-01
5.003000e+00,6.969700e-01,7.512214e-01,5.388496e-01,6.643689e-01,5.689686e-01,5.666406e-01,6.681022e-01,6.533488e-01,6.526606e-01,5.044855e-01,4.906544e-01,4.865000e-01,6.229851e-01,6.962353e-01,7.658125e-01,6.808586e-01,7.056735e-01,6.600000e-01,4.838947e-01,6.200700e-01,8.877674e-02,4.838947e-01,7.658125e-01
5.004000e+00,6.971600e-01,7.530534e-01,5.400000e-01,6.643689e-01,5.701345e-01,5.664062e-01,6.686861e-01,6.547442e-01,6.542202e-01,5.054662e-01,4.914765e-01,4.886667e-01,6.255224e-01,6.967059e-01,7.664375e-01,6.819192e-01,7.072245e-01,6.605240e-01,4.844211e-01,6.211099e-01,8.877747e-02,4.844211e-01,7.664375e-01
5.005000e+00,6.973200e-01,7.551145e-01,5.423009e-01,6.662136e-01,5.715247e-01,5.696875e-01,6.714599e-01,6.569302e-01,6.551376e-01,5.084405e-01,4.925336e-01,4.888333e-01,6.274627e-01,6.992353e-01,7.691250e-01,6.849495e-01,7.109796e-01,6.618341e-01,4.870526e-01,6.232675e-01,8.905533e-02,4.870526e-01,7.691250e-01
5.006000e+00,6.976300e-01,7.580153e-01,5.443953e-01,6.711650e-01,5.745291e-01,5.724219e-01,6.749635e-01,6.610233e-01,6.605505e-01,5.138746e-01,4.947651e-01,4.930000e-01,6.292537e-01,7.022353e-01,7.711875e-01,6.893434e-01,7.158776e-01,6.644541e-01,4.911579e-01,6.267896e-01,8.900396e-02,4.911579e-01,7.711875e-01
5.007000e+00,6.979100e-01,7.621374e-01,5.482006e-01,6.752427e-01,5.774888e-01,5.761719e-01,6.796350e-01,6.644651e-01,6.635780e-01,5.210289e-01,4.973322e-01,4.956667e-01,6.343284e-01,7.058235e-01,7.748750e-01,6.952525e-01,7.207347e-01,6.671179e-01,4.954737e-01,6.308085e-01,8.908914e-02,4.954737e-01,7.748750e-01
5.008000e+00,6.981200e-01,7.676336e-01,5.514454e-01,6.800000e-01,5.810762e-01,5.807813e-01,6.844526e-01,6.699535e-01,6.678899e-01,5.291801e-01,4.998993e-01,5.003333e-01,6.376119e-01,7.097059e-01,7.778125e-01,7.011111e-01,7.276327e-01,6.715284e-01,5.014737e-01,6.355290e-01,8.909201e-02,4.998993e-01,7.778125e-01
5.009000e+00,6.984100e-01,7.732061e-01,5.551032e-01,6.844660e-01,5.850224e-01,5.837500e-01,6.913869e-01,6.759070e-01,6.714679e-01,5.377653e-01,5.025503e-01,5.040000e-01,6.419403e-01,7.141765e-01,7.830625e-01,7.062626e-01,7.336327e-01,6.764192e-01,5.063158e-01,6.403575e-01,8.950536e-02,5.025503e-01,7.830625e-01
5.010000e+00,6.986000e-01,7.776336e-01,5.588496e-01,6.904854e-01,5.887444e-01,5.881250e-01,6.959854e-01,6.806977e-01,6.776147e-01,5.473633e-01,5.051510e-01,5.070000e-01,6.477612e-01,7.189412e-01,7.859375e-01,7.127778e-01,7.407755e-01,6.806550e-01,5.096842e-01,6.452324e-01,8.982697e-02,5.051510e-01,7.859375e-01
5.011000e+00,6.989900e-01,7.827481e-01,5.623894e-01,6.955340e-01,5.920628e-01,5.935938e-01,7.028467e-01,6.872093e-01,6.830275e-01,5.582154e-01,5.081040e-01,5.136667e-01,6.504478e-01,7.229412e-01,7.905625e-01,7.189394e-01,7.472245e-01,6.853275e-01,5.148421e-01,6.505379e-01,8.978905e-02,5.081040e-01,7.905625e-01
5.012000e+00,6.991100e-01,7.880153e-01,5.666667e-01,7.002913e-01,5.958296e-01,5.959375e-01,7.084672e-01,6.931628e-01,6.889908e-01,5.702894e-01,5.105201e-01,5.178333e-01,6.555224e-01,7.272353e-01,7.935625e-01,7.252020e-01,7.549388e-01,6.894323e-01,5.209474e-01,6.557136e-01,8.986180e-02,5.105201e-01,7.935625e-01
5.013000e+00,6.994400e-01,7.936641e-01,5.707080e-01,7.064078e-01,5.994170e-01,6.013281e-01,7.146715e-01,7.001860e-01,6.945872e-01,5.833601e-01,5.133557e-01,5.221667e-01,6.625373e-01,7.315882e-01,7.975000e-01,7.317677e-01,7.616735e-01,6.941921e-01,5.251579e-01,6.613483e-01,9.010068e-02,5.133557e-01,7.975000e-01
5.014000e+00,6.997000e-01,7.992366e-01,5.760177e-01,7.103883e-01,6.041256e-01,6.054688e-01,7.224818e-01,7.078605e-01,7.012844e-01,5.970740e-01,5.163591e-01,5.283333e-01,6.659701e-01,7.371765e-01,8.018125e-01,7.384848e-01,7.691837e-01,6.986463e-01,5.303158e-01,6.672344e-01,9.020194e-02,5.163591e-01,8.018125e-01
5.015000e+00,7.000800e-01,8.052672e-01,5.814454e-01,7.165049e-01,6.085650e-01,6.103906e-01,7.291241e-01,7.155814e-01,7.090826e-01,6.119936e-01,5.192617e-01,5.311667e-01,6.694030e-01,7.413529e-01,8.061250e-01,7.450000e-01,7.767347e-01,7.032751e-01,5.356842e-01,6.731088e-01,9.058590e-02,5.192617e-01,8.061250e-01
5.016000e+00,7.002600e-01,8.106870e-01,5.867552e-01,7.221359e-01,6.134529e-01,6.145312e-01,7.369343e-01,7.238605e-01,7.154128e-01,6.275080e-01,5.223658e-01,5.350000e-01,6.743284e-01,7.462353e-01,8.100000e-01,7.515657e-01,7.848571e-01,7.066812e-01,5.408421e-01,6.790641e-01,9.092398e-02,5.223658e-01,8.106870e-01
5.017000e+00,7.004900e-01,8.164885e-01,5.924779e-01,7.288350e-01,6.173991e-01,6.173438e-01,7.436496e-01,7.324186e-01,7.243119e-01,6.435370e-01,5.257718e-01,5.413333e-01,6.791045e-01,7.510588e-01,8.140000e-01,7.576263e-01,7.926939e-01,7.106550e-01,5.458947e-01,6.852555e-01,9.122144e-02,5.257718e-01,8.164885e-01
5.018000e+00,7.006900e-01,8.232061e-01,5.978761e-01,7.356311e-01,6.217937e-01,6.215625e-01,7.520438e-01,7.404186e-01,7.306422e-01,6.602090e-01,5.287584e-01,5.421667e-01,6.849254e-01,7.550000e-01,8.178750e-01,7.634848e-01,8.008571e-01,7.147598e-01,5.503158e-01,6.911959e-01,9.214242e-02,5.287584e-01,8.232061e-01
5.019000e+00,7.011000e-01,8.308397e-01,6.033628e-01,7.398058e-01,6.263677e-01,6.282031e-01,7.608029e-01,7.497209e-01,7.393578e-01,6.775563e-01,5.322651e-01,5.481667e-01,6.894030e-01,7.607647e-01,8.220000e-01,7.701515e-01,8.096735e-01,7.187336e-01,5.551579e-01,6.979074e-01,9.277169e-02,5.322651e-01,8.308397e-01
5.020000e+00,7.012900e-01,8.372519e-01,6.098525e-01,7.461165e-01,6.309865e-01,6.299219e-01,7.688321e-01,7.586977e-01,7.485321e-01,6.954984e-01,5.352685e-01,5.541667e-01,6.923881e-01,7.652941e-01,8.255625e-01,7.769697e-01,8.186531e-01,7.223581e-01,5.602105e-01,7.042534e-01,9.355134e-02,5.352685e-01,8.372519e-01
5.021000e+00,7.015100e-01,8.435115e-01,6.158997e-01,7.523301e-01,6.358296e-01,6.347656e-01,7.762044e-01,7.682326e-01,7.558716e-01,7.134566e-01,5.388423e-01,5.571667e-01,6.956716e-01,7.702353e-01,8.296250e-01,7.844444e-01,8.274694e-01,7.269432e-01,5.658947e-01,7.106886e-01,9.448877e-02,5.388423e-01,8.435115e-01
5.022000e+00,7.018100e-01,8.503817e-01,6.224189e-01,7.582524e-01,6.411659e-01,6.381250e-01,7.852555e-01,7.762791e-01,7.649541e-01,7.316559e-01,5.423490e-01,5.655000e-01,7.011940e-01,7.751765e-01,8.335625e-01,7.923737e-01,8.360000e-01,7.315721e-01,5.710526e-01,7.176261e-01,9.519623e-02,5.423490e-01,8.503817e-01
5.023000e+00,7.020400e-01,8.567176e-01,6.282596e-01,7.662136e-01,6.460538e-01,6.414844e-01,7.930657e-01,7.786047e-01,7.742202e-01,7.498232e-01,5.457047e-01,5.676667e-01,7.044776e-01,7.802941e-01,8.376250e-01,7.997980e-01,8.437143e-01,7.360699e-01,5.763158e-01,7.236727e-01,9.635253e-02,5.457047e-01,8.567176e-01
5.024000e+00,7.021100e-01,8.648855e-01,6.345723e-01,7.707767e-01,6.515695e-01,6.466406e-01,8.009489e-01,7.809767e-01,7.831193e-01,7.680386e-01,5.490604e-01,5.741667e-01,7.092537e-01,7.850588e-01,8.416250e-01,8.073232e-01,8.532653e-01,7.409170e-01,5.827368e-01,7.302742e-01,9.715024e-02,5.490604e-01,8.648855e-01
5.025000e+00,7.025400e-01,8.711450e-01,6.409145e-01,7.773786e-01,6.560090e-01,6.487500e-01,8.094161e-01,7.837674e-01,7.936697e-01,7.865916e-01,5.522483e-01,5.808333e-01,7.152239e-01,7.901176e-01,8.451250e-01,8.151515e-01,8.621224e-01,7.453275e-01,5.869474e-01,7.367077e-01,9.836503e-02,5.522483e-01,8.711450e-01
5.026000e+00,7.027300e-01,8.774809e-01,6.475811e-01,7.833981e-01,6.610314e-01,6.532031e-01,8.162774e-01,7.887907e-01,8.024771e-01,8.049357e-01,5.550336e-01,5.828333e-01,7.168657e-01,7.948824e-01,8.498750e-01,8.232323e-01,8.704898e-01,7.507860e-01,5.928421e-01,7.428898e-01,9.986785e-02,5.550336e-01,8.774809e-01
5.027000e+00,7.031900e-01,8.841985e-01,6.541888e-01,7.895146e-01,6.656054e-01,6.558594e-01,8.246715e-01,7.955349e-01,8.124771e-01,8.231511e-01,5.579027e-01,5.895000e-01,7.219403e-01,7.992941e-01,8.540625e-01,8.303535e-01,8.790204e-01,7.554148e-01,5.976842e-01,7.494652e-01,1.012901e-01,5.579027e-01,8.841985e-01
5.028000e+00,7.033100e-01,8.916031e-01,6.603540e-01,7.963107e-01,6.712556e-01,6.589844e-01,8.304380e-01,8.018140e-01,8.200917e-01,8.410611e-01,5.610570e-01,5.966667e-01,7.259701e-01,8.043529e-01,8.579375e-01,8.382323e-01,8.868571e-01,7.602620e-01,6.034737e-01,7.559290e-01,1.024497e-01,5.610570e-01,8.916031e-01
5.029000e+00,7.036800e-01,8.983206e-01,6.658997e-01,8.004854e-01,6.757848e-01,6.628906e-01,8.387591e-01,8.095814e-01,8.307339e-01,8.582476e-01,5.638087e-01,5.993333e-01,7.283582e-01,8.094706e-01,8.618125e-01,8.459091e-01,8.953061e-01,7.645852e-01,6.074737e-01,7.620423e-01,1.044785e-01,5.638087e-01,8.983206e-01
5.030000e+00,7.038100e-01,9.046565e-01,6.719469e-01,8.065049e-01,6.820179e-01,6.653906e-01,8.448905e-01,8.177674e-01,8.378899e-01,8.747749e-01,5.670470e-01,6.053333e-01,7.310448e-01,8.149412e-01,8.654375e-01,8.537374e-01,9.024490e-01,7.696070e-01,6.112632e-01,7.681500e-01,1.059040e-01,5.670470e-01,9.046565e-01
5.031000e+00,7.041100e-01,9.109160e-01,6.780531e-01,8.128155e-01,6.866368e-01,6.681250e-01,8.524818e-01,8.256279e-01,8.473394e-01,8.906431e-01,5.699497e-01,6.063333e-01,7.350746e-01,8.196471e-01,8.686875e-01,8.607071e-01,9.102857e-01,7.743231e-01,6.153684e-01,7.740564e-01,1.079296e-01,5.699497e-01,9.109160e-01
5.032000e+00,7.043200e-01,9.174046e-01,6.840118e-01,8.145631e-01,6.915247e-01,6.701562e-01,8.572263e-01,8.343256e-01,8.548624e-01,9.061736e-01,5.726846e-01,6.138333e-01,7.379104e-01,8.235294e-01,8.731875e-01,8.680808e-01,9.182857e-01,7.785590e-01,6.206316e-01,7.798306e-01,1.092509e-01,5.726846e-01,9.182857e-01
5.033000e+00,7.046200e-01,9.234351e-01,6.893805e-01,8.203883e-01,6.957848e-01,6.720312e-01,8.647445e-01,8.423256e-01,8.630275e-01,9.207235e-01,5.759564e-01,6.183333e-01,7.407463e-01,8.281176e-01,8.766875e-01,8.756566e-01,9.245714e-01,7.831004e-01,6.248421e-01,7.855474e-01,1.109265e-01,5.759564e-01,9.245714e-01
5.034000e+00,7.048700e-01,9.297710e-01,6.949263e-01,8.244660e-01,6.987892e-01,6.757812e-01,8.696350e-01,8.510233e-01,8.711927e-01,9.344373e-01,5.787752e-01,6.210000e-01,7.441791e-01,8.327059e-01,8.797500e-01,8.819697e-01,9.317959e-01,7.886463e-01,6.295789e-01,7.910235e-01,1.125675e-01,5.787752e-01,9.344373e-01
5.035000e+00,7.051100e-01,9.359542e-01,7.002950e-01,8.275728e-01,7.026906e-01,6.782031e-01,8.767153e-01,8.593023e-01,8.773394e-01,9.475241e-01,5.817282e-01,6.296667e-01,7.483582e-01,8.373529e-01,8.835625e-01,8.896970e-01,9.379592e-01,7.931441e-01,6.345263e-01,7.967551e-01,1.136890e-01,5.817282e-01,9.475241e-01
5.036000e+00,7.053100e-01,9.415267e-01,7.054867e-01,8.341748e-01,7.067713e-01,6.789844e-01,8.826277e-01,8.670233e-01,8.852294e-01,9.593730e-01,5.846980e-01,6.305000e-01,7.523881e-01,8.421765e-01,8.880000e-01,8.955556e-01,9.438776e-01,7.983406e-01,6.393684e-01,8.020057e-01,1.154435e-01,5.846980e-01,9.593730e-01
5.037000e+00,7.053900e-01,9.480916e-01,7.104720e-01,8.382524e-01,7.109865e-01,6.827344e-01,8.875182e-01,8.748837e-01,8.896330e-01,9.701608e-01,5.873490e-01,6.361667e-01,7.553731e-01,8.453529e-01,8.918750e-01,9.027778e-01,9.492653e-01,8.028821e-01,6.445263e-01,8.071278e-01,1.164285e-01,5.873490e-01,9.701608e-01
5.038000e+00,7.057900e-01,9.534351e-01,7.159882e-01,8.423301e-01,7.158296e-01,6.859375e-01,8.924818e-01,8.814884e-01,8.964220e-01,9.802894e-01,5.902013e-01,6.446667e-01,7.600000e-01,8.500588e-01,8.949375e-01,9.089394e-01,9.549388e-01,8.078166e-01,6.485263e-01,8.124604e-01,1.171014e-01,5.902013e-01,9.802894e-01
5.039000e+00,7.060300e-01,9.592366e-01,7.197345e-01,8.470874e-01,7.193722e-01,6.875000e-01,8.965693e-01,8.853953e-01,9.007339e-01,9.893087e-01,5.931879e-01,6.451667e-01,7.622388e-01,8.535294e-01,8.984375e-01,9.145455e-01,9.591020e-01,8.118777e-01,6.538947e-01,8.164955e-01,1.182103e-01,5.931879e-01,9.893087e-01
5.040000e+00,7.062600e-01,9.630534e-01,7.235988e-01,8.493204e-01,7.243946e-01,6.914844e-01,9.009489e-01,8.900930e-01,9.065138e-01,9.960772e-01,5.959228e-01,6.496667e-01,7.674627e-01,8.582353e-01,9.019375e-01,9.204040e-01,9.619184e-01,8.157642e-01,6.581053e-01,8.208279e-01,1.185150e-01,5.959228e-01,9.960772e-01
5.041000e+00,7.065000e-01,9.677099e-01,7.273746e-01,8.552427e-01,7.276233e-01,6.923438e-01,9.048175e-01,8.946512e-01,9.117431e-01,1.001608e+00,5.987919e-01,6.521667e-01,7.737313e-01,8.616471e-01,9.058750e-01,9.258081e-01,9.651837e-01,8.196507e-01,6.633684e-01,8.249632e-01,1.191052e-01,5.987919e-01,1.001608e+00
5.042000e+00,7.068100e-01,9.719084e-01,7.312094e-01,8.579612e-01,7.322870e-01,6.966406e-01,9.091241e-01,9.004186e-01,9.158716e-01,1.007138e+00,6.019295e-01,6.565000e-01,7.747761e-01,8.664118e-01,9.095000e-01,9.310101e-01,9.676735e-01,8.241485e-01,6.670526e-01,8.289756e-01,1.193784e-01,6.019295e-01,1.007138e+00
5.043000e+00,7.069700e-01,9.766412e-01,7.360177e-01,8.631068e-01,7.368161e-01,7.001563e-01,9.123358e-01,9.053953e-01,9.200917e-01,1.012797e+00,6.049664e-01,6.623333e-01,7.780597e-01,8.695294e-01,9.115625e-01,9.356061e-01,9.710204e-01,8.276856e-01,6.710526e-01,8.330652e-01,1.194373e-01,6.049664e-01,1.012797e+00
5.044000e+00,7.072200e-01,9.823664e-01,7.399115e-01,8.654369e-01,7.404484e-01,7.006250e-01,9.167883e-01,9.116744e-01,9.220183e-01,1.018296e+00,6.074497e-01,6.636667e-01,7.835821e-01,8.733529e-01,9.159375e-01,9.406566e-01,9.739184e-01,8.316157e-01,6.758947e-01,8.368689e-01,1.201721e-01,6.074497e-01,1.018296e+00
5.045000e+00,7.075100e-01,9.864122e-01,7.433923e-01,8.665049e-01,7.446637e-01,7.065625e-01,9.194161e-01,9.179070e-01,9.266972e-01,1.023006e+00,6.102181e-01,6.645000e-01,7.871642e-01,8.772353e-01,9.197500e-01,9.455556e-01,9.757143e-01,8.357205e-01,6.804211e-01,8.406023e-01,1.203990e-01,6.102181e-01,1.023006e+00
5.046000e+00,7.078000e-01,9.909160e-01,7.470501e-01,8.708738e-01,7.491480e-01,7.071875e-01,9.236496e-01,9.227907e-01,9.302752e-01,1.024823e+00,6.128691e-01,6.695000e-01,7.901493e-01,8.811176e-01,9.220625e-01,9.496465e-01,9.781224e-01,8.395197e-01,6.838947e-01,8.440887e-01,1.204527e-01,6.128691e-01,1.024823e+00
5.047000e+00,7.079800e-01,9.961832e-01,7.499705e-01,8.744660e-01,7.526457e-01,7.117969e-01,9.256934e-01,9.280930e-01,9.303670e-01,1.024823e+00,6.153188e-01,6.705000e-01,7.929851e-01,8.835294e-01,9.247500e-01,9.535354e-01,9.801633e-01,8.428821e-01,6.882105e-01,8.469952e-01,1.202742e-01,6.153188e-01,1.024823e+00
5.048000e+00,7.083700e-01,1.000305e+00,7.533333e-01,8.778641e-01,7.570404e-01,7.142969e-01,9.285401e-01,9.333953e-01,9.331193e-01,1.024823e+00,6.184396e-01,6.770000e-01,7.961194e-01,8.851176e-01,9.283125e-01,9.564141e-01,9.815510e-01,8.466812e-01,6.922105e-01,8.502536e-01,1.196569e-01,6.184396e-01,1.024823e+00
5.049000e+00,7.085500e-01,1.004427e+00,7.565782e-01,8.810680e-01,7.605381e-01,7.159375e-01,9.311679e-01,9.378605e-01,9.333945e-01,1.024823e+00,6.206544e-01,6.773333e-01,7.994030e-01,8.885882e-01,9.311875e-01,9.603030e-01,9.828571e-01,8.504803e-01,6.968421e-01,8.529691e-01,1.196088e-01,6.206544e-01,1.024823e+00
5.050000e+00,7.087100e-01,1.007252e+00,7.597050e-01,8.815534e-01,7.636771e-01,7.190625e-01,9.332117e-01,9.438140e-01,9.365138e-01,1.024823e+00,6.231879e-01,6.778333e-01,8.029851e-01,8.900000e-01,9.332500e-01,9.630303e-01,9.837143e-01,8.551965e-01,7.008421e-01,8.555362e-01,1.193620e-01,6.231879e-01,1.024823e+00
5.051000e+00,7.091400e-01,1.011908e+00,7.628909e-01,8.849515e-01,7.676682e-01,7.230469e-01,9.363504e-01,9.460465e-01,9.357798e-01,1.024823e+00,6.257215e-01,6.840000e-01,8.061194e-01,8.929412e-01,9.368750e-01,9.649495e-01,9.842857e-01,8.583843e-01,7.033684e-01,8.583395e-01,1.186173e-01,6.257215e-01,1.024823e+00
5.052000e+00,7.092100e-01,1.015344e+00,7.657227e-01,8.869903e-01,7.711211e-01,7.241406e-01,9.377372e-01,9.493953e-01,9.345872e-01,1.024823e+00,6.278859e-01,6.846667e-01,8.070149e-01,8.961765e-01,9.396875e-01,9.669697e-01,9.848163e-01,8.628384e-01,7.085263e-01,8.604691e-01,1.183040e-01,6.278859e-01,1.024823e+00
5.053000e+00,7.096100e-01,1.018931e+00,7.683776e-01,8.895146e-01,7.747085e-01,7.255469e-01,9.402920e-01,9.533023e-01,9.322936e-01,1.024823e+00,6.303859e-01,6.911667e-01,8.102985e-01,8.990000e-01,9.422500e-01,9.699495e-01,9.842041e-01,8.662882e-01,7.123158e-01,8.629805e-01,1.175235e-01,6.303859e-01,1.024823e+00
5.054000e+00,7.098100e-01,1.023053e+00,7.708850e-01,8.931068e-01,7.778475e-01,7.296875e-01,9.411679e-01,9.559070e-01,9.328440e-01,1.024823e+00,6.327852e-01,6.920000e-01,8.147761e-01,9.014118e-01,9.450000e-01,9.715657e-01,9.833061e-01,8.700000e-01,7.140000e-01,8.652315e-01,1.171476e-01,6.327852e-01,1.024823e+00
5.055000e+00,7.100900e-01,1.025649e+00,7.738053e-01,8.936893e-01,7.814350e-01,7.313281e-01,9.437956e-01,9.585581e-01,9.319266e-01,1.024823e+00,6.350503e-01,6.940000e-01,8.180597e-01,9.047647e-01,9.466250e-01,9.729798e-01,9.827755e-01,8.734061e-01,7.168421e-01,8.671952e-01,1.166223e-01,6.350503e-01,1.025649e+00
5.056000e+00,7.104400e-01,1.028321e+00,7.761947e-01,8.955340e-01,7.839910e-01,7.337500e-01,9.432847e-01,9.599070e-01,9.305505e-01,1.021913e+00,6.374664e-01,6.991667e-01,8.205970e-01,9.078235e-01,9.481875e-01,9.738384e-01,9.820816e-01,8.765939e-01,7.213684e-01,8.689205e-01,1.153197e-01,6.374664e-01,1.028321e+00
5.057000e+00,7.104700e-01,1.030916e+00,7.785251e-01,8.982524e-01,7.867265e-01,7.364844e-01,9.455474e-01,9.615814e-01,9.299083e-01,1.016768e+00,6.396812e-01,6.995000e-01,8.238806e-01,9.105294e-01,9.493125e-01,9.766667e-01,9.800408e-01,8.797380e-01,7.245263e-01,8.704770e-01,1.144947e-01,6.396812e-01,1.030916e+00
5.058000e+00,7.109300e-01,1.033435e+00,7.811504e-01,9.002913e-01,7.894619e-01,7.379687e-01,9.454015e-01,9.632093e-01,9.293578e-01,1.011833e+00,6.416611e-01,7.038333e-01,8.267164e-01,9.130588e-01,9.506250e-01,9.771717e-01,9.782041e-01,8.834061e-01,7.283158e-01,8.719501e-01,1.132383e-01,6.416611e-01,1.033435e+00
5.059000e+00,7.110600e-01,1.036641e+00,7.828614e-01,9.032039e-01,7.925561e-01,7.410156e-01,9.451825e-01,9.624186e-01,9.278899e-01,1.006833e+00,6.441779e-01,7.060000e-01,8.300000e-01,9.153529e-01,9.534375e-01,9.777778e-01,9.770612e-01,8.857205e-01,7.312632e-01,8.732996e-01,1.121148e-01,6.441779e-01,1.036641e+00
5.060000e+00,7.114200e-01,1.038168e+00,7.839823e-01,9.035922e-01,7.952018e-01,7.430469e-01,9.456204e-01,9.628837e-01,9.250459e-01,1.001576e+00,6.459060e-01,7.053333e-01,8.328358e-01,9.177059e-01,9.559375e-01,9.780303e-01,9.751429e-01,8.881223e-01,7.334737e-01,8.739780e-01,1.113034e-01,6.459060e-01,1.038168e+00
5.061000e+00,7.116700e-01,1.040382e+00,7.855162e-01,9.046602e-01,7.971749e-01,7.446875e-01,9.448905e-01,9.628837e-01,9.244954e-01,9.963505e-01,6.485235e-01,7.113333e-01,8.349254e-01,9.201765e-01,9.581875e-01,9.786364e-01,9.723673e-01,8.909607e-01,7.378947e-01,8.752248e-01,1.097923e-01,6.485235e-01,1.040382e+00
5.062000e+00,7.118200e-01,1.042977e+00,7.872271e-01,9.068932e-01,7.994619e-01,7.467969e-01,9.451825e-01,9.616744e-01,9.215596e-01,9.912219e-01,6.503523e-01,7.110000e-01,8.389552e-01,9.236471e-01,9.601875e-01,9.785859e-01,9.696735e-01,8.943668e-01,7.390526e-01,8.760453e-01,1.090383e-01,6.503523e-01,1.042977e+00
5.063000e+00,7.122500e-01,1.044580e+00,7.892035e-01,9.078641e-01,8.019731e-01,7.497656e-01,9.439416e-01,9.609767e-01,9.199083e-01,9.858682e-01,6.525168e-01,7.125000e-01,8.426866e-01,9.253529e-01,9.623125e-01,9.772727e-01,9.672245e-01,8.968122e-01,7.409474e-01,8.767615e-01,1.077888e-01,6.525168e-01,1.044580e+00
5.064000e+00,7.125400e-01,1.045267e+00,7.903835e-01,9.082524e-01,8.047085e-01,7.517969e-01,9.439416e-01,9.594419e-01,9.180734e-01,9.804341e-01,6.538591e-01,7.158333e-01,8.435821e-01,9.285882e-01,9.641250e-01,9.748990e-01,9.651429e-01,8.992140e-01,7.435789e-01,8.772846e-01,1.064947e-01,6.538591e-01,1.045267e+00
5.065000e+00,7.127400e-01,1.046870e+00,7.915929e-01,9.096117e-01,8.069058e-01,7.542969e-01,9.425547e-01,9.586512e-01,9.146789e-01,9.745016e-01,6.553356e-01,7.166667e-01,8.471642e-01,9.302941e-01,9.667500e-01,9.726263e-01,9.623673e-01,9.020087e-01,7.458947e-01,8.777095e-01,1.053929e-01,6.553356e-01,1.046870e+00
5.066000e+00,7.130000e-01,1.049160e+00,7.926254e-01,9.100000e-01,8.093274e-01,7.555469e-01,9.411679e-01,9.573488e-01,9.135780e-01,9.680868e-01,6.573993e-01,7.188333e-01,8.516418e-01,9.323529e-01,9.686250e-01,9.712121e-01,9.596735e-01,9.048908e-01,7.498947e-01,8.784092e-01,1.041734e-01,6.573993e-01,1.049160e+00
5.067000e+00,7.132400e-01,1.050153e+00,7.938643e-01,9.130097e-01,8.120628e-01,7.579687e-01,9.402920e-01,9.549767e-01,9.121101e-01,9.618489e-01,6.591275e-01,7.218333e-01,8.537313e-01,9.340000e-01,9.696875e-01,9.700000e-01,9.568163e-01,9.064629e-01,7.523158e-01,8.789034e-01,1.028453e-01,6.591275e-01,1.050153e+00
5.068000e+00,7.134400e-01,1.051145e+00,7.956342e-01,9.124272e-01,8.130493e-01,7.585938e-01,9.399270e-01,9.526512e-01,9.105505e-01,9.573473e-01,6.610906e-01,7.205000e-01,8.558209e-01,9.355882e-01,9.717500e-01,9.680808e-01,9.544490e-01,9.086026e-01,7.537895e-01,8.789443e-01,1.021843e-01,6.610906e-01,1.051145e+00
5.069000e+00,7.137100e-01,1.053435e+00,7.973451e-01,9.154369e-01,8.149327e-01,7.637500e-01,9.383212e-01,9.510698e-01,9.076147e-01,9.546141e-01,6.629362e-01,7.263333e-01,8.610448e-01,9.380588e-01,9.736250e-01,9.672727e-01,9.515102e-01,9.107860e-01,7.565263e-01,8.802563e-01,1.007874e-01,6.629362e-01,1.053435e+00
5.070000e+00,7.139900e-01,1.052824e+00,7.987611e-01,9.151456e-01,8.167713e-01,7.644531e-01,9.375912e-01,9.480930e-01,9.048624e-01,9.512058e-01,6.650168e-01,7.253333e-01,8.613433e-01,9.395294e-01,9.744375e-01,9.660606e-01,9.484490e-01,9.133188e-01,7.574737e-01,8.800372e-01,9.996065e-02,6.650168e-01,1.052824e+00
5.071000e+00,7.140900e-01,1.054198e+00,7.996165e-01,9.163107e-01,8.192377e-01,7.663281e-01,9.356204e-01,9.453488e-01,9.034862e-01,9.473151e-01,6.669128e-01,7.278333e-01,8.650746e-01,9.418235e-01,9.758125e-01,9.642929e-01,9.457143e-01,9.163755e-01,7.608421e-01,8.806746e-01,9.885695e-02,6.669128e-01,1.054198e+00
5.072000e+00,7.145100e-01,1.054580e+00,8.012684e-01,9.180583e-01,8.206278e-01,7.692969e-01,9.322628e-01,9.428837e-01,9.000000e-01,9.431029e-01,6.688926e-01,7.291667e-01,8.665672e-01,9.438824e-01,9.786250e-01,9.631313e-01,9.422857e-01,9.190393e-01,7.649474e-01,8.810344e-01,9.769876e-02,6.688926e-01,1.054580e+00
5.073000e+00,7.147500e-01,1.054046e+00,8.020944e-01,9.171845e-01,8.217040e-01,7.707031e-01,9.311679e-01,9.385116e-01,8.988073e-01,9.371704e-01,6.705705e-01,7.281667e-01,8.677612e-01,9.450588e-01,9.794375e-01,9.611616e-01,9.373878e-01,9.215284e-01,7.650526e-01,8.804175e-01,9.682497e-02,6.705705e-01,1.054046e+00
5.074000e+00,7.150300e-01,1.056031e+00,8.035693e-01,9.203883e-01,8.230045e-01,7.719531e-01,9.285401e-01,9.347907e-01,8.965138e-01,9.302894e-01,6.723322e-01,7.311667e-01,8.702985e-01,9.470000e-01,9.799375e-01,9.594949e-01,9.337143e-01,9.244541e-01,7.668421e-01,8.805733e-01,9.584990e-02,6.723322e-01,1.056031e+00
5.075000e+00,7.153100e-01,1.055573e+00,8.051917e-01,9.202913e-01,8.247982e-01,7.746094e-01,9.277372e-01,9.310698e-01,8.942202e-01,9.240193e-01,6.740940e-01,7.346667e-01,8.723881e-01,9.481176e-01,9.811875e-01,9.575253e-01,9.304082e-01,9.268122e-01,7.681053e-01,8.806008e-01,9.455718e-02,6.740940e-01,1.055573e+00
5.076000e+00,7.154900e-01,1.056031e+00,8.066372e-01,9.198058e-01,8.260538e-01,7.757812e-01,9.261314e-01,9.280465e-01,8.919266e-01,9.188424e-01,6.760906e-01,7.343333e-01,8.761194e-01,9.495294e-01,9.824375e-01,9.562626e-01,9.277143e-01,9.287336e-01,7.708421e-01,8.806288e-01,9.378736e-02,6.760906e-01,1.056031e+00
5.077000e+00,7.158000e-01,1.056412e+00,8.073746e-01,9.222330e-01,8.269058e-01,7.785156e-01,9.248175e-01,9.253953e-01,8.890826e-01,9.144212e-01,6.779866e-01,7.386667e-01,8.779104e-01,9.511765e-01,9.831250e-01,9.542424e-01,9.252653e-01,9.304803e-01,7.737895e-01,8.809889e-01,9.264510e-02,6.779866e-01,1.056412e+00
5.078000e+00,7.159400e-01,1.054885e+00,8.083481e-01,9.216505e-01,8.269955e-01,7.803906e-01,9.228467e-01,9.221395e-01,8.875229e-01,9.101929e-01,6.794463e-01,7.360000e-01,8.774627e-01,9.519412e-01,9.840625e-01,9.520707e-01,9.228571e-01,9.317031e-01,7.750526e-01,8.803094e-01,9.202962e-02,6.794463e-01,1.054885e+00
5.079000e+00,7.162100e-01,1.054427e+00,8.093510e-01,9.229126e-01,8.281614e-01,7.793750e-01,9.209489e-01,9.194419e-01,8.846789e-01,9.065756e-01,6.815101e-01,7.408333e-01,8.817910e-01,9.536471e-01,9.845625e-01,9.501010e-01,9.207755e-01,9.324891e-01,7.780000e-01,8.805324e-01,9.094803e-02,6.815101e-01,1.054427e+00
5.080000e+00,7.164500e-01,1.054427e+00,8.100885e-01,9.234951e-01,8.282960e-01,7.832031e-01,9.198540e-01,9.169302e-01,8.833028e-01,9.037781e-01,6.828523e-01,7.403333e-01,8.849254e-01,9.538235e-01,9.844375e-01,9.476768e-01,9.181633e-01,9.315721e-01,7.794737e-01,8.803685e-01,9.016359e-02,6.828523e-01,1.054427e+00
5.081000e+00,7.166700e-01,1.053588e+00,8.106195e-01,9.206796e-01,8.286547e-01,7.844531e-01,9.172993e-01,9.143256e-01,8.808257e-01,9.016559e-01,6.848322e-01,7.423333e-01,8.870149e-01,9.557059e-01,9.850625e-01,9.446465e-01,9.163673e-01,9.311354e-01,7.802105e-01,8.799672e-01,8.923804e-02,6.848322e-01,1.053588e+00
5.082000e+00,7.169900e-01,1.051908e+00,8.110619e-01,9.239806e-01,8.293722e-01,7.857031e-01,9.177372e-01,9.118140e-01,8.788991e-01,8.996302e-01,6.865604e-01,7.441667e-01,8.885075e-01,9.560588e-01,9.857500e-01,9.423232e-01,9.148980e-01,9.299563e-01,7.824211e-01,8.800416e-01,8.836363e-02,6.865604e-01,1.051908e+00
5.083000e+00,7.170900e-01,1.050229e+00,8.115634e-01,9.245631e-01,8.296861e-01,7.867969e-01,9.154745e-01,9.089302e-01,8.760550e-01,8.977653e-01,6.885235e-01,7.445000e-01,8.898507e-01,9.577647e-01,9.858125e-01,9.399495e-01,9.121633e-01,9.310480e-01,7.836842e-01,8.796867e-01,8.761205e-02,6.885235e-01,1.050229e+00
5.084000e+00,7.174600e-01,1.048702e+00,8.121239e-01,9.244660e-01,8.299103e-01,7.896875e-01,9.145255e-01,9.064651e-01,8.740367e-01,8.963505e-01,6.902852e-01,7.468333e-01,8.935821e-01,9.580588e-01,9.858125e-01,9.378788e-01,9.107755e-01,9.320087e-01,7.868421e-01,8.799081e-01,8.653346e-02,6.902852e-01,1.048702e+00
5.085000e+00,7.177500e-01,1.048168e+00,8.129499e-01,9.267961e-01,8.298206e-01,7.904688e-01,9.117518e-01,9.039535e-01,8.736697e-01,8.946141e-01,6.917617e-01,7.493333e-01,8.946269e-01,9.592941e-01,9.858125e-01,9.351515e-01,9.087755e-01,9.333188e-01,7.880000e-01,8.799037e-01,8.586718e-02,6.917617e-01,1.048168e+00
5.086000e+00,7.180900e-01,1.046794e+00,8.133923e-01,9.258252e-01,8.292825e-01,7.907031e-01,9.105109e-01,9.022791e-01,8.706422e-01,8.929904e-01,6.937919e-01,7.498333e-01,8.959701e-01,9.592941e-01,9.862500e-01,9.332828e-01,9.067755e-01,9.356769e-01,7.891579e-01,8.795807e-01,8.529036e-02,6.937919e-01,1.046794e+00
5.087000e+00,7.181500e-01,1.047023e+00,8.145428e-01,9.270874e-01,8.286996e-01,7.928906e-01,9.094891e-01,9.000000e-01,8.694495e-01,8.918006e-01,6.952685e-01,7.503333e-01,8.994030e-01,9.598824e-01,9.851250e-01,9.308081e-01,9.057143e-01,9.375109e-01,7.912632e-01,8.797939e-01,8.475790e-02,6.952685e-01,1.047023e+00
5.088000e+00,7.183400e-01,1.046641e+00,8.156047e-01,9.262136e-01,8.281166e-01,7.955469e-01,9.081022e-01,8.984651e-01,8.684404e-01,8.906431e-01,6.972483e-01,7.516667e-01,8.998507e-01,9.605294e-01,9.852500e-01,9.280808e-01,9.045306e-01,9.386463e-01,7.926316e-01,8.797893e-01,8.401823e-02,6.972483e-01,1.046641e+00
5.089000e+00,7.186500e-01,1.044733e+00,8.164307e-01,9.260194e-01,8.270404e-01,7.958594e-01,9.072263e-01,8.968372e-01,8.679817e-01,8.896945e-01,6.986074e-01,7.541667e-01,9.037313e-01,9.610000e-01,9.844375e-01,9.255556e-01,9.030612e-01,9.407860e-01,7.952632e-01,8.799128e-01,8.323135e-02,6.986074e-01,1.044733e+00
5.090000e+00,7.188700e-01,1.043740e+00,8.172566e-01,9.270874e-01,8.269507e-01,7.972656e-01,9.060584e-01,8.945116e-01,8.653211e-01,8.885852e-01,7.000671e-01,7.560000e-01,9.035821e-01,9.622353e-01,9.835000e-01,9.235354e-01,9.013878e-01,9.427074e-01,7.952632e-01,8.797253e-01,8.268068e-02,7.000671e-01,1.043740e+00
5.091000e+00,7.191900e-01,1.042443e+00,8.186136e-01,9.257282e-01,8.264126e-01,8.003906e-01,9.043796e-01,8.932558e-01,8.649541e-01,8.872186e-01,7.019631e-01,7.555000e-01,9.032836e-01,9.615294e-01,9.826875e-01,9.207071e-01,9.008571e-01,9.443668e-01,7.944211e-01,8.793729e-01,8.198508e-02,7.019631e-01,1.042443e+00
5.092000e+00,7.195200e-01,1.041374e+00,8.194100e-01,9.261165e-01,8.258744e-01,8.017188e-01,9.031387e-01,8.920465e-01,8.637615e-01,8.859325e-01,7.033054e-01,7.585000e-01,9.034328e-01,9.627059e-01,9.826250e-01,9.183838e-01,8.995102e-01,9.455022e-01,7.953684e-01,8.793726e-01,8.133634e-02,7.033054e-01,1.041374e+00
5.093000e+00,7.198100e-01,1.040305e+00,8.201475e-01,9.275728e-01,8.257848e-01,8.021875e-01,9.030657e-01,8.904186e-01,8.630275e-01,8.842765e-01,7.047651e-01,7.585000e-01,9.064179e-01,9.627059e-01,9.805625e-01,9.161616e-01,8.979592e-01,9.473362e-01,7.957895e-01,8.792769e-01,8.091531e-02,7.047651e-01,1.040305e+00
5.094000e+00,7.200000e-01,1.039084e+00,8.216814e-01,9.255340e-01,8.247085e-01,8.030469e-01,9.006569e-01,8.901395e-01,8.629358e-01,8.826367e-01,7.059899e-01,7.593333e-01,9.068657e-01,9.631176e-01,9.791875e-01,9.144444e-01,8.973878e-01,9.491266e-01,7.968421e-01,8.790399e-01,8.029910e-02,7.059899e-01,1.039084e+00
5.095000e+00,7.202400e-01,1.039237e+00,8.226254e-01,9.267961e-01,8.246637e-01,8.050781e-01,9.009489e-01,8.884651e-01,8.614679e-01,8.815756e-01,7.074497e-01,7.628333e-01,9.094030e-01,9.629412e-01,9.781875e-01,9.127778e-01,8.959184e-01,9.512227e-01,7.973684e-01,8.793866e-01,7.974882e-02,7.074497e-01,1.039237e+00
5.096000e+00,7.205400e-01,1.036947e+00,8.232743e-01,9.256311e-01,8.237220e-01,8.043750e-01,8.995620e-01,8.876279e-01,8.580734e-01,8.803055e-01,7.086242e-01,7.630000e-01,9.114925e-01,9.627059e-01,9.770625e-01,9.109091e-01,8.948980e-01,9.524017e-01,7.988421e-01,8.788585e-01,7.924457e-02,7.086242e-01,1.036947e+00
5.097000e+00,7.207000e-01,1.037176e+00,8.240118e-01,9.257282e-01,8.227354e-01,8.056250e-01,8.982482e-01,8.867442e-01,8.581651e-01,8.788424e-01,7.100000e-01,7.655000e-01,9.113433e-01,9.635294e-01,9.759375e-01,9.095455e-01,8.940000e-01,9.533624e-01,8.012632e-01,8.789865e-01,7.867061e-02,7.100000e-01,1.037176e+00
5.098000e+00,7.210500e-01,1.035878e+00,8.242773e-01,9.262136e-01,8.221525e-01,8.070312e-01,8.967883e-01,8.853023e-01,8.566972e-01,8.776045e-01,7.109899e-01,7.675000e-01,9.128358e-01,9.641765e-01,9.743750e-01,9.077778e-01,8.925306e-01,9.548908e-01,8.025263e-01,8.788638e-01,7.812933e-02,7.109899e-01,1.035878e+00
5.099000e+00,7.212000e-01,1.033893e+00,8.249263e-01,9.235922e-01,8.206726e-01,8.079688e-01,8.974453e-01,8.845581e-01,8.557798e-01,8.768971e-01,7.123993e-01,7.665000e-01,9.158209e-01,9.626471e-01,9.716250e-01,9.057576e-01,8.919592e-01,9.555895e-01,8.042105e-01,8.784579e-01,7.744124e-02,7.123993e-01,1.033893e+00
5.100000e+00,7.216100e-01,1.034351e+00,8.259292e-01,9.265049e-01,8.196861e-01,8.085937e-01,8.962044e-01,8.840930e-01,8.543119e-01,8.766077e-01,7.135738e-01,7.708333e-01,9.170149e-01,9.632353e-01,9.710000e-01,9.041919e-01,8.913469e-01,9.561572e-01,8.057895e-01,8.788569e-01,7.702446e-02,7.135738e-01,1.034351e+00
5.101000e+00,7.218000e-01,1.032595e+00,8.266372e-01,9.254369e-01,8.186547e-01,8.100781e-01,8.946715e-01,8.836279e-01,8.548624e-01,8.761736e-01,7.143792e-01,7.696667e-01,9.176119e-01,9.620000e-01,9.684375e-01,9.024242e-01,8.904490e-01,9.565939e-01,8.083158e-01,8.784787e-01,7.632675e-02,7.143792e-01,1.032595e+00
5.102000e+00,7.219900e-01,1.031527e+00,8.269617e-01,9.258252e-01,8.173543e-01,8.105469e-01,8.927737e-01,8.826512e-01,8.535780e-01,8.758360e-01,7.151510e-01,7.696667e-01,9.186567e-01,9.628235e-01,9.671875e-01,9.007576e-01,8.904490e-01,9.567249e-01,8.082105e-01,8.781489e-01,7.613236e-02,7.151510e-01,1.031527e+00
5.103000e+00,7.223100e-01,1.030305e+00,8.269912e-01,9.261165e-01,8.166816e-01,8.134375e-01,8.922628e-01,8.822791e-01,8.530275e-01,8.757878e-01,7.160067e-01,7.713333e-01,9.226866e-01,9.620588e-01,9.660625e-01,8.993434e-01,8.901633e-01,9.567249e-01,8.097895e-01,8.783921e-01,7.556488e-02,7.160067e-01,1.030305e+00
5.104000e+00,7.225700e-01,1.028855e+00,8.276401e-01,9.253398e-01,8.154260e-01,8.142187e-01,8.922628e-01,8.813488e-01,8.532110e-01,8.757717e-01,7.170973e-01,7.728333e-01,9.231343e-01,9.614706e-01,9.640625e-01,8.976768e-01,8.900000e-01,9.577729e-01,8.125263e-01,8.783693e-01,7.486736e-02,7.170973e-01,1.028855e+00
5.105000e+00,7.228800e-01,1.026565e+00,8.282301e-01,9.263107e-01,8.145740e-01,8.142969e-01,8.907299e-01,8.812558e-01,8.539450e-01,8.757395e-01,7.179195e-01,7.755000e-01,9.267164e-01,9.603529e-01,9.632500e-01,8.962121e-01,8.885306e-01,9.582969e-01,8.144211e-01,8.784915e-01,7.423792e-02,7.179195e-01,1.026565e+00
5.106000e+00,7.231100e-01,1.025878e+00,8.286136e-01,9.262136e-01,8.137668e-01,8.161719e-01,8.899270e-01,8.793953e-01,8.544037e-01,8.751125e-01,7.189262e-01,7.755000e-01,9.258209e-01,9.579412e-01,9.613750e-01,8.948990e-01,8.873061e-01,9.596943e-01,8.151579e-01,8.781168e-01,7.368249e-02,7.189262e-01,1.025878e+00
5.107000e+00,7.232600e-01,1.026031e+00,8.295870e-01,9.253398e-01,8.126009e-01,8.175781e-01,8.875912e-01,8.785116e-01,8.544954e-01,8.739068e-01,7.201510e-01,7.758333e-01,9.282090e-01,9.577647e-01,9.588125e-01,8.937374e-01,8.864082e-01,9.603930e-01,8.162105e-01,8.779534e-01,7.332593e-02,7.201510e-01,1.026031e+00
5.108000e+00,7.235900e-01,1.025573e+00,8.304130e-01,9.262136e-01,8.119731e-01,8.196094e-01,8.864964e-01,8.778140e-01,8.556881e-01,8.732154e-01,7.210403e-01,7.796667e-01,9.302985e-01,9.560588e-01,9.571250e-01,8.931313e-01,8.853878e-01,9.617904e-01,8.186316e-01,8.783403e-01,7.262937e-02,7.210403e-01,1.025573e+00
5.109000e+00,7.237400e-01,1.023511e+00,8.311209e-01,9.254369e-01,8.119731e-01,8.185938e-01,8.854745e-01,8.775349e-01,8.546789e-01,8.730225e-01,7.220638e-01,7.790000e-01,9.300000e-01,9.551765e-01,9.558750e-01,8.921212e-01,8.849388e-01,9.630568e-01,8.204211e-01,8.780000e-01,7.217812e-02,7.220638e-01,1.023511e+00
5.110000e+00,7.241900e-01,1.022977e+00,8.315339e-01,9.260194e-01,8.106278e-01,8.210937e-01,8.855474e-01,8.783256e-01,8.554128e-01,8.728296e-01,7.227181e-01,7.825000e-01,9.328358e-01,9.548824e-01,9.543125e-01,8.918182e-01,8.844898e-01,9.634498e-01,8.215789e-01,8.784974e-01,7.170248e-02,7.227181e-01,1.022977e+00
5.111000e+00,7.243900e-01,1.021527e+00,8.320649e-01,9.260194e-01,8.095964e-01,8.206250e-01,8.855474e-01,8.782791e-01,8.555963e-01,8.728296e-01,7.240101e-01,7.830000e-01,9.364179e-01,9.546471e-01,9.525625e-01,8.893434e-01,8.851837e-01,9.638865e-01,8.238947e-01,8.786128e-01,7.134997e-02,7.240101e-01,1.021527e+00
5.112000e+00,7.247100e-01,1.021221e+00,8.330973e-01,9.260194e-01,8.086099e-01,8.232812e-01,8.846715e-01,8.783721e-01,8.557798e-01,8.728296e-01,7.248490e-01,7.833333e-01,9.361194e-01,9.539412e-01,9.510000e-01,8.866162e-01,8.850204e-01,9.646725e-01,8.245263e-01,8.785534e-01,7.094177e-02,7.248490e-01,1.021221e+00
5.113000e+00,7.248900e-01,1.019160e+00,8.342773e-01,9.268932e-01,8.077130e-01,8.243750e-01,8.837956e-01,8.792558e-01,8.572477e-01,8.726688e-01,7.258054e-01,7.856667e-01,9.379104e-01,9.540588e-01,9.489375e-01,8.853030e-01,8.846531e-01,9.650218e-01,8.266316e-01,8.788542e-01,7.028891e-02,7.258054e-01,1.019160e+00
5.114000e+00,7.250800e-01,1.018779e+00,8.346903e-01,9.264078e-01,8.064126e-01,8.240625e-01,8.845255e-01,8.787442e-01,8.574312e-01,8.725723e-01,7.261409e-01,7.868333e-01,9.411940e-01,9.537059e-01,9.476250e-01,8.840404e-01,8.852653e-01,9.657642e-01,8.271579e-01,8.789640e-01,7.026632e-02,7.261409e-01,1.018779e+00
5.115000e+00,7.253400e-01,1.017939e+00,8.354277e-01,9.269903e-01,8.060090e-01,8.252344e-01,8.845985e-01,8.802326e-01,8.575229e-01,8.725402e-01,7.268624e-01,7.871667e-01,9.401493e-01,9.526471e-01,9.464375e-01,8.837879e-01,8.853469e-01,9.655895e-01,8.285263e-01,8.790560e-01,6.978481e-02,7.268624e-01,1.017939e+00
5.116000e+00,7.255000e-01,1.016336e+00,8.361652e-01,9.277670e-01,8.048879e-01,8.271094e-01,8.833577e-01,8.799070e-01,8.568807e-01,8.725080e-01,7.277685e-01,7.905000e-01,9.440299e-01,9.522353e-01,9.438750e-01,8.829293e-01,8.856327e-01,9.654148e-01,8.308421e-01,8.793415e-01,6.918533e-02,7.277685e-01,1.016336e+00
5.117000e+00,7.258500e-01,1.016718e+00,8.366962e-01,9.262136e-01,8.044843e-01,8.260937e-01,8.842336e-01,8.808372e-01,8.572477e-01,8.724277e-01,7.283725e-01,7.905000e-01,9.458209e-01,9.520588e-01,9.409375e-01,8.827273e-01,8.855918e-01,9.659389e-01,8.347368e-01,8.795353e-01,6.896585e-02,7.283725e-01,1.016718e+00
5.118000e+00,7.261900e-01,1.016031e+00,8.368437e-01,9.280583e-01,8.034978e-01,8.264844e-01,8.833577e-01,8.808837e-01,8.583486e-01,8.724277e-01,7.289765e-01,7.943333e-01,9.443284e-01,9.522353e-01,9.398125e-01,8.823737e-01,8.860816e-01,9.662445e-01,8.346316e-01,8.797194e-01,6.853595e-02,7.289765e-01,1.016031e+00
5.119000e+00,7.263700e-01,1.014427e+00,8.377581e-01,9.279612e-01,8.014798e-01,8.293750e-01,8.839416e-01,8.818140e-01,8.586239e-01,8.724277e-01,7.295973e-01,7.946667e-01,9.452239e-01,9.519412e-01,9.376875e-01,8.824747e-01,8.870204e-01,9.665502e-01,8.362105e-01,8.799545e-01,6.812608e-02,7.295973e-01,1.014427e+00
5.120000e+00,7.266600e-01,1.013435e+00,8.390265e-01,9.273786e-01,8.013453e-01,8.271875e-01,8.831387e-01,8.823721e-01,8.592661e-01,8.725080e-01,7.300839e-01,7.950000e-01,9.492537e-01,9.513529e-01,9.367500e-01,8.818687e-01,8.867347e-01,9.671179e-01,8.370526e-01,8.800485e-01,6.810786e-02,7.300839e-01,1.013435e+00
5.121000e+00,7.267900e-01,1.011832e+00,8.398230e-01,9.282524e-01,8.005381e-01,8.291406e-01,8.837226e-01,8.829767e-01,8.596330e-01,8.725723e-01,7.307047e-01,7.993333e-01,9.491045e-01,9.515294e-01,9.356875e-01,8.820707e-01,8.875102e-01,9.672489e-01,8.394737e-01,8.806197e-01,6.741804e-02,7.307047e-01,1.011832e+00
5.122000e+00,7.270300e-01,1.011832e+00,8.395870e-01,9.277670e-01,8.000897e-01,8.304687e-01,8.822628e-01,8.833023e-01,8.598165e-01,8.726688e-01,7.312248e-01,7.981667e-01,9.502985e-01,9.510588e-01,9.349375e-01,8.820707e-01,8.885306e-01,9.677729e-01,8.407368e-01,8.806996e-01,6.739798e-02,7.312248e-01,1.011832e+00
5.123000e+00,7.272400e-01,1.010916e+00,8.393805e-01,9.277670e-01,7.994170e-01,8.300000e-01,8.831387e-01,8.847442e-01,8.600917e-01,8.728296e-01,7.314262e-01,8.006667e-01,9.538806e-01,9.498235e-01,9.336875e-01,8.821717e-01,8.884898e-01,9.681223e-01,8.413684e-01,8.809956e-01,6.726615e-02,7.314262e-01,1.010916e+00
5.124000e+00,7.276500e-01,1.009542e+00,8.397345e-01,9.288350e-01,7.978475e-01,8.312500e-01,8.832847e-01,8.847442e-01,8.604587e-01,8.731190e-01,7.310235e-01,8.015000e-01,9.537313e-01,9.499412e-01,9.328750e-01,8.818182e-01,8.885714e-01,9.676419e-01,8.431579e-01,8.810598e-01,6.706153e-02,7.310235e-01,1.009542e+00
5.125000e+00,7.277900e-01,1.008015e+00,8.397935e-01,9.282524e-01,7.975785e-01,8.310937e-01,8.827737e-01,8.856744e-01,8.606422e-01,8.734727e-01,7.316443e-01,8.020000e-01,9.546269e-01,9.491765e-01,9.319375e-01,8.820707e-01,8.886531e-01,9.669869e-01,8.438947e-01,8.810159e-01,6.668812e-02,7.316443e-01,1.008015e+00
5.126000e+00,7.281100e-01,1.006794e+00,8.404425e-01,9.287379e-01,7.967713e-01,8.311719e-01,8.819708e-01,8.867442e-01,8.621101e-01,8.741801e-01,7.326174e-01,8.081667e-01,9.556716e-01,9.490000e-01,9.308125e-01,8.829293e-01,8.886939e-01,9.672489e-01,8.452632e-01,8.816292e-01,6.605449e-02,7.326174e-01,1.006794e+00
5.127000e+00,7.282600e-01,1.006870e+00,8.412389e-01,9.277670e-01,7.974439e-01,8.328906e-01,8.821168e-01,8.869767e-01,8.632110e-01,8.750965e-01,7.336409e-01,8.065000e-01,9.556716e-01,9.479412e-01,9.300625e-01,8.834848e-01,8.897551e-01,9.674236e-01,8.463158e-01,8.819115e-01,6.572871e-02,7.336409e-01,1.006870e+00
5.128000e+00,7.285900e-01,1.005954e+00,8.416224e-01,9.276699e-01,7.955157e-01,8.311719e-01,8.824088e-01,8.877674e-01,8.633028e-01,8.767042e-01,7.339430e-01,8.050000e-01,9.571642e-01,9.485882e-01,9.296875e-01,8.839394e-01,8.902449e-01,9.673362e-01,8.484211e-01,8.820245e-01,6.593095e-02,7.339430e-01,1.005954e+00
5.129000e+00,7.288600e-01,1.006031e+00,8.421239e-01,9.292233e-01,7.956054e-01,8.339844e-01,8.822628e-01,8.874884e-01,8.652294e-01,8.790836e-01,7.346812e-01,8.073333e-01,9.597015e-01,9.481176e-01,9.289375e-01,8.840909e-01,8.908571e-01,9.676419e-01,8.500000e-01,8.829107e-01,6.566318e-02,7.346812e-01,1.006031e+00
5.130000e+00,7.290100e-01,1.006107e+00,8.425074e-01,9.267961e-01,7.955605e-01,8.343750e-01,8.824088e-01,8.881860e-01,8.654128e-01,8.813023e-01,7.354362e-01,8.081667e-01,9.595522e-01,9.477059e-01,9.275625e-01,8.839394e-01,8.905714e-01,9.685153e-01,8.506316e-01,8.830409e-01,6.535769e-02,7.354362e-01,1.006107e+00
5.131000e+00,7.292800e-01,1.004962e+00,8.432743e-01,9.283495e-01,7.953363e-01,8.342188e-01,8.838686e-01,8.900000e-01,8.674312e-01,8.829904e-01,7.355201e-01,8.106667e-01,9.608955e-01,9.472941e-01,9.273125e-01,8.840909e-01,8.918776e-01,9.691703e-01,8.515789e-01,8.838243e-01,6.518943e-02,7.355201e-01,1.004962e+00
5.132000e+00,7.296400e-01,1.006336e+00,8.441298e-01,9.276699e-01,7.947534e-01,8.360937e-01,8.832847e-01,8.901395e-01,8.678899e-01,8.835531e-01,7.363255e-01,8.123333e-01,9.637313e-01,9.461765e-01,9.281250e-01,8.845960e-01,8.926531e-01,9.696943e-01,8.535789e-01,8.845035e-01,6.518102e-02,7.363255e-01,1.006336e+00
5.133000e+00,7.299300e-01,1.004733e+00,8.450442e-01,9.287379e-01,7.947534e-01,8.362500e-01,8.820438e-01,8.916744e-01,8.685321e-01,8.835531e-01,7.361913e-01,8.123333e-01,9.604478e-01,9.456471e-01,9.265625e-01,8.854040e-01,8.935918e-01,9.696070e-01,8.556842e-01,8.844884e-01,6.467972e-02,7.361913e-01,1.004733e+00
5.134000e+00,7.300400e-01,1.005267e+00,8.459292e-01,9.297087e-01,7.939462e-01,8.360937e-01,8.833577e-01,8.932093e-01,8.698165e-01,8.837621e-01,7.367785e-01,8.165000e-01,9.620896e-01,9.456471e-01,9.258750e-01,8.853535e-01,8.940408e-01,9.701747e-01,8.561053e-01,8.852031e-01,6.459214e-02,7.367785e-01,1.005267e+00
5.135000e+00,7.303500e-01,1.004427e+00,8.472566e-01,9.298058e-01,7.939462e-01,8.371094e-01,8.828467e-01,8.938605e-01,8.700000e-01,8.839711e-01,7.371644e-01,8.148333e-01,9.644776e-01,9.450000e-01,9.253750e-01,8.849495e-01,8.940816e-01,9.705677e-01,8.573684e-01,8.853912e-01,6.458378e-02,7.371644e-01,1.004427e+00
5.136000e+00,7.305700e-01,1.005344e+00,8.475811e-01,9.313592e-01,7.939910e-01,8.392188e-01,8.840146e-01,8.953023e-01,8.709174e-01,8.844373e-01,7.372483e-01,8.165000e-01,9.638806e-01,9.448824e-01,9.261250e-01,8.859596e-01,8.951020e-01,9.706114e-01,8.600000e-01,8.862486e-01,6.444961e-02,7.372483e-01,1.005344e+00
5.137000e+00,7.307500e-01,1.006107e+00,8.479941e-01,9.317476e-01,7.939013e-01,8.371875e-01,8.848175e-01,8.959535e-01,8.715596e-01,8.850804e-01,7.375000e-01,8.206667e-01,9.644776e-01,9.445294e-01,9.250625e-01,8.860101e-01,8.951429e-01,9.703930e-01,8.604211e-01,8.865862e-01,6.430072e-02,7.375000e-01,1.006107e+00
5.138000e+00,7.311400e-01,1.005038e+00,8.487906e-01,9.312621e-01,7.941256e-01,8.409375e-01,8.834307e-01,8.979070e-01,8.723853e-01,8.854019e-01,7.375000e-01,8.220000e-01,9.668657e-01,9.436471e-01,9.247500e-01,8.866667e-01,8.961224e-01,9.703057e-01,8.610526e-01,8.871216e-01,6.400142e-02,7.375000e-01,1.005038e+00
5.139000e+00,7.313600e-01,1.005115e+00,8.501475e-01,9.319417e-01,7.939910e-01,8.400781e-01,8.844526e-01,8.975814e-01,8.722018e-01,8.855788e-01,7.378188e-01,8.228333e-01,9.656716e-01,9.440000e-01,9.245000e-01,8.872727e-01,8.960408e-01,9.703493e-01,8.631579e-01,8.873740e-01,6.382808e-02,7.378188e-01,1.005115e+00
5.140000e+00,7.317400e-01,1.004809e+00,8.508260e-01,9.339806e-01,7.936771e-01,8.395312e-01,8.828467e-01,8.978605e-01,8.718349e-01,8.858199e-01,7.371477e-01,8.223333e-01,9.665672e-01,9.431176e-01,9.249375e-01,8.871212e-01,8.950204e-01,9.695633e-01,8.645263e-01,8.873067e-01,6.397267e-02,7.371477e-01,1.004809e+00
5.141000e+00,7.318600e-01,1.005573e+00,8.512979e-01,9.333010e-01,7.926906e-01,8.413281e-01,8.835036e-01,8.980930e-01,8.722018e-01,8.861736e-01,7.369631e-01,8.241667e-01,9.689552e-01,9.430588e-01,9.245625e-01,8.874747e-01,8.951020e-01,9.698253e-01,8.662105e-01,8.878045e-01,6.406973e-02,7.369631e-01,1.005573e+00
5.142000e+00,7.319600e-01,1.005573e+00,8.518879e-01,9.356311e-01,7.916143e-01,8.416406e-01,8.823358e-01,8.988837e-01,8.722936e-01,8.864148e-01,7.370973e-01,8.260000e-01,9.676119e-01,9.431176e-01,9.238125e-01,8.876263e-01,8.953061e-01,9.701310e-01,8.672632e-01,8.880133e-01,6.400453e-02,7.370973e-01,1.005573e+00
5.143000e+00,7.324000e-01,1.004733e+00,8.521534e-01,9.348544e-01,7.916143e-01,8.414844e-01,8.827007e-01,8.992558e-01,8.727523e-01,8.865273e-01,7.374161e-01,8.256667e-01,9.701493e-01,9.426471e-01,9.235000e-01,8.884343e-01,8.962857e-01,9.697817e-01,8.686316e-01,8.882549e-01,6.396060e-02,7.374161e-01,1.004733e+00
5.144000e+00,7.325100e-01,1.005802e+00,8.519764e-01,9.372816e-01,7.911659e-01,8.444531e-01,8.826277e-01,9.002791e-01,8.739450e-01,8.866077e-01,7.378188e-01,8.313333e-01,9.710448e-01,9.419412e-01,9.235000e-01,8.889899e-01,8.973061e-01,9.698690e-01,8.711579e-01,8.892833e-01,6.374072e-02,7.378188e-01,1.005802e+00
5.145000e+00,7.330000e-01,1.005344e+00,8.527139e-01,9.365049e-01,7.914798e-01,8.423437e-01,8.835036e-01,9.015349e-01,8.733945e-01,8.866881e-01,7.382383e-01,8.310000e-01,9.716418e-01,9.422941e-01,9.241250e-01,8.895455e-01,8.974286e-01,9.693886e-01,8.710526e-01,8.893456e-01,6.371937e-02,7.382383e-01,1.005344e+00
5.146000e+00,7.332100e-01,1.005115e+00,8.532153e-01,9.366990e-01,7.915247e-01,8.456250e-01,8.829197e-01,9.029302e-01,8.753211e-01,8.868489e-01,7.390772e-01,8.295000e-01,9.711940e-01,9.425294e-01,9.230625e-01,8.900505e-01,8.983673e-01,9.688646e-01,8.720000e-01,8.897136e-01,6.341642e-02,7.390772e-01,1.005115e+00
5.147000e+00,7.333700e-01,1.006794e+00,8.544838e-01,9.388350e-01,7.917937e-01,8.448438e-01,8.832117e-01,9.042791e-01,8.766972e-01,8.875402e-01,7.392785e-01,8.325000e-01,9.710448e-01,9.417059e-01,9.235000e-01,8.911111e-01,8.995918e-01,9.686900e-01,8.731579e-01,8.905032e-01,6.340140e-02,7.392785e-01,1.006794e+00
5.148000e+00,7.336900e-01,1.006183e+00,8.548968e-01,9.365049e-01,7.922422e-01,8.450781e-01,8.836496e-01,9.051628e-01,8.774312e-01,8.887460e-01,7.395973e-01,8.326667e-01,9.719403e-01,9.414118e-01,9.235625e-01,8.914646e-01,9.006122e-01,9.684716e-01,8.750526e-01,8.908152e-01,6.314611e-02,7.395973e-01,1.006183e+00
5.149000e+00,7.338900e-01,1.007405e+00,8.555457e-01,9.394175e-01,7.927803e-01,8.478125e-01,8.837226e-01,9.067442e-01,8.792661e-01,8.898392e-01,7.401510e-01,8.355000e-01,9.755224e-01,9.415294e-01,9.243750e-01,8.921717e-01,9.016735e-01,9.680786e-01,8.761053e-01,8.920911e-01,6.324866e-02,7.401510e-01,1.007405e+00
5.150000e+00,7.341600e-01,1.007023e+00,8.561357e-01,9.400000e-01,7.928700e-01,8.475781e-01,8.854015e-01,9.080930e-01,8.805505e-01,8.910611e-01,7.405369e-01,8.396667e-01,9.758209e-01,9.412353e-01,9.232500e-01,8.924242e-01,9.023673e-01,9.684716e-01,8.784211e-01,8.928282e-01,6.293257e-02,7.405369e-01,1.007023e+00
5.151000e+00,7.343800e-01,1.007786e+00,8.568142e-01,9.408738e-01,7.939013e-01,8.481250e-01,8.848175e-01,9.090233e-01,8.817431e-01,8.922990e-01,7.411577e-01,8.371667e-01,9.753731e-01,9.406471e-01,9.245625e-01,8.926263e-01,9.030612e-01,9.679913e-01,8.780000e-01,8.931094e-01,6.290975e-02,7.411577e-01,1.007786e+00
5.152000e+00,7.346400e-01,1.009008e+00,8.582891e-01,9.424272e-01,7.942152e-01,8.486719e-01,8.864964e-01,9.106512e-01,8.831193e-01,8.935048e-01,7.412081e-01,8.433333e-01,9.758209e-01,9.409412e-01,9.243125e-01,8.930303e-01,9.043673e-01,9.689956e-01,8.788421e-01,8.942908e-01,6.280549e-02,7.412081e-01,1.009008e+00
5.153000e+00,7.349100e-01,1.007710e+00,8.599410e-01,9.411650e-01,7.951121e-01,8.501562e-01,8.859124e-01,9.126512e-01,8.848624e-01,8.950643e-01,7.417450e-01,8.423333e-01,9.735821e-01,9.408824e-01,9.244375e-01,8.940909e-01,9.053061e-01,9.696070e-01,8.793684e-01,8.946626e-01,6.230422e-02,7.417450e-01,1.007710e+00
5.154000e+00,7.352700e-01,1.008779e+00,8.610029e-01,9.436893e-01,7.956502e-01,8.525781e-01,8.868613e-01,9.141395e-01,8.863303e-01,8.960772e-01,7.419799e-01,8.441667e-01,9.731343e-01,9.401176e-01,9.246250e-01,8.946465e-01,9.060000e-01,9.693450e-01,8.786316e-01,8.954308e-01,6.217413e-02,7.419799e-01,1.008779e+00
5.155000e+00,7.355000e-01,1.009847e+00,8.618584e-01,9.454369e-01,7.956951e-01,8.510937e-01,8.865693e-01,9.157209e-01,8.882569e-01,8.966399e-01,7.425168e-01,8.438333e-01,9.725373e-01,9.400588e-01,9.245625e-01,8.949495e-01,9.069796e-01,9.697380e-01,8.763158e-01,8.957006e-01,6.237207e-02,7.425168e-01,1.009847e+00
5.156000e+00,7.357400e-01,1.010305e+00,8.628024e-01,9.451456e-01,7.969955e-01,8.537500e-01,8.885401e-01,9.161860e-01,8.880734e-01,8.972186e-01,7.429698e-01,8.455000e-01,9.719403e-01,9.401176e-01,9.247500e-01,8.957576e-01,9.082041e-01,9.695633e-01,8.773684e-01,8.963993e-01,6.196355e-02,7.429698e-01,1.010305e+00
5.157000e+00,7.358900e-01,1.010611e+00,8.629794e-01,9.477670e-01,7.975785e-01,8.545313e-01,8.881022e-01,9.182791e-01,8.900917e-01,8.976849e-01,7.435570e-01,8.455000e-01,9.723881e-01,9.401176e-01,9.254375e-01,8.968687e-01,9.086531e-01,9.698253e-01,8.778947e-01,8.971037e-01,6.203172e-02,7.435570e-01,1.010611e+00
5.158000e+00,7.362200e-01,1.010763e+00,8.645723e-01,9.459223e-01,7.982960e-01,8.542188e-01,8.889781e-01,9.193488e-01,8.897248e-01,8.980225e-01,7.439430e-01,8.485000e-01,9.749254e-01,9.404118e-01,9.254375e-01,8.965657e-01,9.100408e-01,9.698253e-01,8.804211e-01,8.977732e-01,6.185099e-02,7.439430e-01,1.010763e+00
5.159000e+00,7.365600e-01,1.010992e+00,8.654572e-01,9.464078e-01,7.982063e-01,8.536719e-01,8.896350e-01,9.207907e-01,8.905505e-01,8.985209e-01,7.445302e-01,8.500000e-01,9.729851e-01,9.404706e-01,9.260625e-01,8.960606e-01,9.111837e-01,9.692140e-01,8.817895e-01,8.981405e-01,6.160852e-02,7.445302e-01,1.010992e+00
5.160000e+00,7.367400e-01,1.011374e+00,8.665782e-01,9.470874e-01,7.990583e-01,8.540625e-01,8.893431e-01,9.215814e-01,8.919266e-01,8.997910e-01,7.447987e-01,8.526667e-01,9.741791e-01,9.401765e-01,9.263125e-01,8.945455e-01,9.115102e-01,9.685590e-01,8.831579e-01,8.987060e-01,6.143446e-02,7.447987e-01,1.011374e+00
5.161000e+00,7.369100e-01,1.012061e+00,8.679941e-01,9.476699e-01,7.998206e-01,8.550781e-01,8.905839e-01,9.233953e-01,8.930275e-01,9.006752e-01,7.447987e-01,8.488333e-01,9.752239e-01,9.410000e-01,9.270000e-01,8.948485e-01,9.127755e-01,9.679476e-01,8.842105e-01,8.992747e-01,6.165046e-02,7.447987e-01,1.012061e+00
5.162000e+00,7.370900e-01,1.012061e+00,8.686431e-01,9.488350e-01,8.004484e-01,8.554688e-01,8.902190e-01,9.245116e-01,8.943119e-01,9.009968e-01,7.458389e-01,8.546667e-01,9.761194e-01,9.414706e-01,9.268750e-01,8.951515e-01,9.135918e-01,9.683406e-01,8.872632e-01,9.002674e-01,6.130334e-02,7.458389e-01,1.012061e+00
5.163000e+00,7.372800e-01,1.013282e+00,8.690560e-01,9.493204e-01,8.011211e-01,8.560156e-01,8.917518e-01,9.255349e-01,8.945872e-01,9.018006e-01,7.461242e-01,8.573333e-01,9.762687e-01,9.402353e-01,9.275000e-01,8.958586e-01,9.145714e-01,9.684279e-01,8.869474e-01,9.008743e-01,6.121272e-02,7.461242e-01,1.013282e+00
5.164000e+00,7.376900e-01,1.013588e+00,8.691740e-01,9.500971e-01,8.019283e-01,8.564844e-01,8.905839e-01,9.266977e-01,8.957798e-01,9.028296e-01,7.466946e-01,8.566667e-01,9.779104e-01,9.388824e-01,9.273750e-01,8.964646e-01,9.159184e-01,9.682096e-01,8.883158e-01,9.013111e-01,6.120851e-02,7.466946e-01,1.013588e+00
5.165000e+00,7.378500e-01,1.011832e+00,8.697050e-01,9.522330e-01,8.026009e-01,8.593750e-01,8.912409e-01,9.281395e-01,8.974312e-01,9.040354e-01,7.475168e-01,8.591667e-01,9.776119e-01,9.385882e-01,9.273750e-01,8.980808e-01,9.165306e-01,9.689083e-01,8.904211e-01,9.022662e-01,6.072985e-02,7.475168e-01,1.011832e+00
5.166000e+00,7.382000e-01,1.013053e+00,8.705900e-01,9.514563e-01,8.027803e-01,8.581250e-01,8.918248e-01,9.292558e-01,8.987156e-01,9.051608e-01,7.474664e-01,8.596667e-01,9.770149e-01,9.381176e-01,9.290625e-01,8.993434e-01,9.170612e-01,9.689083e-01,8.910526e-01,9.027031e-01,6.080960e-02,7.474664e-01,1.013053e+00
5.167000e+00,7.383900e-01,1.013588e+00,8.716814e-01,9.533981e-01,8.042152e-01,8.600781e-01,8.921168e-01,9.309767e-01,8.997248e-01,9.062379e-01,7.486074e-01,8.620000e-01,9.789552e-01,9.381176e-01,9.288125e-01,9.007071e-01,9.177551e-01,9.686026e-01,8.936842e-01,9.038477e-01,6.058093e-02,7.486074e-01,1.013588e+00
5.168000e+00,7.387100e-01,1.013282e+00,8.728614e-01,9.539806e-01,8.054260e-01,8.599219e-01,8.924818e-01,9.320000e-01,9.002752e-01,9.075563e-01,7.488423e-01,8.640000e-01,9.804478e-01,9.388824e-01,9.300000e-01,9.018182e-01,9.187755e-01,9.680786e-01,8.935789e-01,9.045672e-01,6.048698e-02,7.488423e-01,1.013282e+00
5.169000e+00,7.389500e-01,1.015420e+00,8.735988e-01,9.542718e-01,8.056502e-01,8.625000e-01,8.941606e-01,9.333488e-01,9.020183e-01,9.084566e-01,7.495302e-01,8.641667e-01,9.789552e-01,9.397059e-01,9.303125e-01,9.019697e-01,9.196327e-01,9.681223e-01,8.966316e-01,9.054695e-01,6.039293e-02,7.495302e-01,1.015420e+00
5.170000e+00,7.391000e-01,1.014733e+00,8.745723e-01,9.581553e-01,8.067265e-01,8.629687e-01,8.943796e-01,9.345116e-01,9.031193e-01,9.087781e-01,7.497483e-01,8.650000e-01,9.810448e-01,9.398235e-01,9.300625e-01,9.027778e-01,9.200408e-01,9.679913e-01,8.974737e-01,9.062171e-01,6.044935e-02,7.497483e-01,1.014733e+00
5.171000e+00,7.393000e-01,1.015649e+00,8.756047e-01,9.579612e-01,8.073991e-01,8.624219e-01,8.932847e-01,9.349302e-01,9.055963e-01,9.090514e-01,7.502517e-01,8.655000e-01,9.811940e-01,9.403529e-01,9.315000e-01,9.037374e-01,9.210612e-01,9.678603e-01,8.995789e-01,9.068297e-01,6.043629e-02,7.502517e-01,1.015649e+00
5.172000e+00,7.396000e-01,1.016641e+00,8.767552e-01,9.579612e-01,8.091928e-01,8.650781e-01,8.943066e-01,9.362326e-01,9.055046e-01,9.093248e-01,7.508221e-01,8.673333e-01,9.811940e-01,9.405882e-01,9.312500e-01,9.038889e-01,9.217143e-01,9.679913e-01,8.993684e-01,9.075082e-01,6.012286e-02,7.508221e-01,1.016641e+00
5.173000e+00,7.400000e-01,1.015954e+00,8.785546e-01,9.600971e-01,8.093722e-01,8.656250e-01,8.930657e-01,9.365116e-01,9.071560e-01,9.094373e-01,7.511242e-01,8.698333e-01,9.826866e-01,9.408235e-01,9.312500e-01,9.055051e-01,9.213469e-01,9.693013e-01,9.011579e-01,9.082668e-01,6.011450e-02,7.511242e-01,1.015954e+00
5.174000e+00,7.401000e-01,1.017863e+00,8.802065e-01,9.594175e-01,8.100897e-01,8.657812e-01,8.941606e-01,9.375349e-01,9.089908e-01,9.096141e-01,7.515604e-01,8.701667e-01,9.835821e-01,9.409412e-01,9.317500e-01,9.067172e-01,9.212245e-01,9.692576e-01,9.030526e-01,9.089950e-01,6.015006e-02,7.515604e-01,1.017863e+00
5.175000e+00,7.405700e-01,1.019389e+00,8.809145e-01,9.620388e-01,8.108520e-01,8.667969e-01,8.933577e-01,9.378605e-01,9.091743e-01,9.101447e-01,7.519463e-01,8.716667e-01,9.840299e-01,9.412353e-01,9.326250e-01,9.073232e-01,9.220000e-01,9.687773e-01,9.044211e-01,9.096974e-01,6.024234e-02,7.519463e-01,1.019389e+00
5.176000e+00,7.407200e-01,1.019389e+00,8.813569e-01,9.619417e-01,8.121076e-01,8.679688e-01,8.941606e-01,9.388372e-01,9.118349e-01,9.106270e-01,7.524497e-01,8.740000e-01,9.835821e-01,9.408824e-01,9.326875e-01,9.080808e-01,9.228163e-01,9.692140e-01,9.060000e-01,9.104409e-01,5.991094e-02,7.524497e-01,1.019389e+00
5.177000e+00,7.408700e-01,1.020534e+00,8.823304e-01,9.649515e-01,8.121973e-01,8.682031e-01,8.943066e-01,9.402326e-01,9.128440e-01,9.107235e-01,7.529530e-01,8.741667e-01,9.840299e-01,9.428824e-01,9.323125e-01,9.090404e-01,9.232245e-01,9.692140e-01,9.067368e-01,9.111602e-01,6.016652e-02,7.529530e-01,1.020534e+00
5.178000e+00,7.411900e-01,1.020916e+00,8.839528e-01,9.661165e-01,8.134529e-01,8.671094e-01,8.949635e-01,9.411628e-01,9.133945e-01,9.111576e-01,7.527852e-01,8.748333e-01,9.823881e-01,9.432941e-01,9.318125e-01,9.098990e-01,9.244082e-01,9.706987e-01,9.075789e-01,9.116624e-01,6.015094e-02,7.527852e-01,1.020916e+00
5.179000e+00,7.414100e-01,1.022366e+00,8.849853e-01,9.652427e-01,8.138565e-01,8.700000e-01,8.943796e-01,9.422791e-01,9.140367e-01,9.122186e-01,7.527852e-01,8.756667e-01,9.846269e-01,9.434706e-01,9.305000e-01,9.108586e-01,9.251837e-01,9.704367e-01,9.082105e-01,9.122835e-01,6.020917e-02,7.527852e-01,1.022366e+00
5.180000e+00,7.418000e-01,1.022137e+00,8.866667e-01,9.679612e-01,8.150673e-01,8.697656e-01,8.967883e-01,9.438140e-01,9.158716e-01,9.132958e-01,7.529530e-01,8.798333e-01,9.856716e-01,9.442941e-01,9.313125e-01,9.121212e-01,9.265714e-01,9.700437e-01,9.097895e-01,9.135532e-01,6.012046e-02,7.529530e-01,1.022137e+00
5.181000e+00,7.419900e-01,1.022519e+00,8.879056e-01,9.683495e-01,8.153812e-01,8.689062e-01,8.967883e-01,9.450698e-01,9.168807e-01,9.140836e-01,7.533893e-01,8.788333e-01,9.862687e-01,9.448235e-01,9.318125e-01,9.132828e-01,9.271429e-01,9.697817e-01,9.115789e-01,9.140443e-01,6.020958e-02,7.533893e-01,1.022519e+00
5.182000e+00,7.422500e-01,1.023664e+00,8.885841e-01,9.696117e-01,8.167713e-01,8.714844e-01,8.967153e-01,9.466047e-01,9.166055e-01,9.150161e-01,7.537919e-01,8.801667e-01,9.832836e-01,9.459412e-01,9.325625e-01,9.137374e-01,9.280408e-01,9.686900e-01,9.134737e-01,9.147080e-01,5.988474e-02,7.537919e-01,1.023664e+00
5.183000e+00,7.425700e-01,1.024733e+00,8.894690e-01,9.726214e-01,8.173991e-01,8.709375e-01,8.973723e-01,9.480000e-01,9.187156e-01,9.159968e-01,7.545134e-01,8.835000e-01,9.853731e-01,9.458824e-01,9.330000e-01,9.139394e-01,9.294286e-01,9.660262e-01,9.135789e-01,9.155826e-01,5.994558e-02,7.545134e-01,1.024733e+00
5.184000e+00,7.428300e-01,1.026336e+00,8.903540e-01,9.718447e-01,8.193274e-01,8.721875e-01,8.972993e-01,9.496744e-01,9.176147e-01,9.172669e-01,7.552013e-01,8.838333e-01,9.862687e-01,9.460000e-01,9.332500e-01,9.150000e-01,9.309388e-01,9.636681e-01,9.141053e-01,9.161206e-01,5.973519e-02,7.552013e-01,1.026336e+00
5.185000e+00,7.430100e-01,1.026183e+00,8.907080e-01,9.738835e-01,8.198206e-01,8.732813e-01,8.986861e-01,9.504651e-01,9.163303e-01,9.181511e-01,7.558389e-01,8.851667e-01,9.871642e-01,9.475882e-01,9.350625e-01,9.160606e-01,9.318367e-01,9.626638e-01,9.158947e-01,9.169325e-01,5.969306e-02,7.558389e-01,1.026183e+00
5.186000e+00,7.433000e-01,1.026718e+00,8.916519e-01,9.749515e-01,8.203139e-01,8.737500e-01,8.983212e-01,9.513023e-01,9.179817e-01,9.187138e-01,7.565772e-01,8.885000e-01,9.853731e-01,9.481765e-01,9.352500e-01,9.170202e-01,9.328571e-01,9.629694e-01,9.180000e-01,9.176904e-01,5.947537e-02,7.565772e-01,1.026718e+00
5.187000e+00,7.434500e-01,1.028779e+00,8.926844e-01,9.755340e-01,8.219731e-01,8.751562e-01,8.999270e-01,9.528837e-01,9.193578e-01,9.202090e-01,7.573154e-01,8.875000e-01,9.850746e-01,9.490000e-01,9.356250e-01,9.177778e-01,9.337143e-01,9.627511e-01,9.184211e-01,9.185380e-01,5.943950e-02,7.573154e-01,1.028779e+00
5.188000e+00,7.437100e-01,1.029237e+00,8.934808e-01,9.783495e-01,8.222870e-01,8.748437e-01,8.994891e-01,9.544651e-01,9.200917e-01,9.218971e-01,7.580872e-01,8.871667e-01,9.859701e-01,9.491176e-01,9.368125e-01,9.189899e-01,9.351837e-01,9.627948e-01,9.192632e-01,9.193070e-01,5.966146e-02,7.580872e-01,1.029237e+00
5.189000e+00,7.440900e-01,1.031145e+00,8.939823e-01,9.772816e-01,8.229596e-01,8.760938e-01,9.004380e-01,9.565116e-01,9.221101e-01,9.229100e-01,7.583054e-01,8.908333e-01,9.882090e-01,9.504118e-01,9.380000e-01,9.195455e-01,9.364898e-01,9.625328e-01,9.210526e-01,9.204896e-01,5.979583e-02,7.583054e-01,1.031145e+00
5.190000e+00,7.442700e-01,1.032061e+00,8.953097e-01,9.771845e-01,8.239910e-01,8.777344e-01,9.002190e-01,9.572558e-01,9.237615e-01,9.239228e-01,7.592450e-01,8.921667e-01,9.867164e-01,9.514706e-01,9.385000e-01,9.207576e-01,9.371429e-01,9.634934e-01,9.221053e-01,9.212799e-01,5.954082e-02,7.592450e-01,1.032061e+00
5.191000e+00,7.445400e-01,1.033130e+00,8.966667e-01,9.789320e-01,8.248430e-01,8.769531e-01,9.016788e-01,9.586047e-01,9.244037e-01,9.252412e-01,7.600168e-01,8.911667e-01,9.859701e-01,9.519412e-01,9.391875e-01,9.211616e-01,9.379184e-01,9.641485e-01,9.232632e-01,9.219570e-01,5.961737e-02,7.600168e-01,1.033130e+00
5.192000e+00,7.447500e-01,1.033664e+00,8.981121e-01,9.786408e-01,8.256054e-01,8.791406e-01,9.018248e-01,9.601395e-01,9.256881e-01,9.265113e-01,7.610067e-01,8.913333e-01,9.876119e-01,9.522941e-01,9.396250e-01,9.213131e-01,9.386939e-01,9.637118e-01,9.233684e-01,9.226825e-01,5.947794e-02,7.610067e-01,1.033664e+00
5.193000e+00,7.450300e-01,1.033588e+00,8.995575e-01,9.808738e-01,8.254709e-01,8.796875e-01,9.014599e-01,9.613023e-01,9.278899e-01,9.276849e-01,7.616946e-01,8.963333e-01,9.898507e-01,9.526471e-01,9.409375e-01,9.218687e-01,9.400000e-01,9.644978e-01,9.252632e-01,9.239226e-01,5.957992e-02,7.616946e-01,1.033588e+00
5.194000e+00,7.453400e-01,1.035420e+00,9.008555e-01,9.804854e-01,8.251570e-01,8.798437e-01,9.032117e-01,9.629767e-01,9.277982e-01,9.286495e-01,7.626846e-01,8.966667e-01,9.897015e-01,9.532941e-01,9.410000e-01,9.221212e-01,9.409388e-01,9.651965e-01,9.252632e-01,9.245147e-01,5.965913e-02,7.626846e-01,1.035420e+00
5.195000e+00,7.455900e-01,1.036260e+00,9.024484e-01,9.823301e-01,8.252018e-01,8.812500e-01,9.042336e-01,9.639535e-01,9.300000e-01,9.300322e-01,7.633557e-01,8.993333e-01,9.876119e-01,9.538824e-01,9.418750e-01,9.233838e-01,9.421224e-01,9.662009e-01,9.271579e-01,9.255907e-01,5.956567e-02,7.633557e-01,1.036260e+00
5.196000e+00,7.458200e-01,1.037252e+00,9.036578e-01,9.845631e-01,8.258296e-01,8.823437e-01,9.056934e-01,9.657674e-01,9.315596e-01,9.314148e-01,7.643121e-01,9.006667e-01,9.886567e-01,9.542941e-01,9.419375e-01,9.250505e-01,9.434286e-01,9.668122e-01,9.277895e-01,9.267239e-01,5.964202e-02,7.643121e-01,1.037252e+00
5.197000e+00,7.460100e-01,1.037405e+00,9.046903e-01,9.850485e-01,8.265471e-01,8.839063e-01,9.054015e-01,9.667907e-01,9.332110e-01,9.320579e-01,7.650336e-01,9.018333e-01,9.904478e-01,9.558824e-01,9.432500e-01,9.260606e-01,9.442857e-01,9.675109e-01,9.305263e-01,9.277716e-01,5.965234e-02,7.650336e-01,1.037405e+00
5.198000e+00,7.463100e-01,1.037099e+00,9.064602e-01,9.867961e-01,8.269507e-01,8.839844e-01,9.052555e-01,9.680465e-01,9.337615e-01,9.327492e-01,7.658221e-01,9.031667e-01,9.902985e-01,9.562941e-01,9.445000e-01,9.267172e-01,9.446939e-01,9.679476e-01,9.315789e-01,9.284512e-01,5.958480e-02,7.658221e-01,1.037099e+00
5.199000e+00,7.465700e-01,1.040382e+00,9.071681e-01,9.875728e-01,8.283408e-01,8.853906e-01,9.062774e-01,9.690698e-01,9.359633e-01,9.336977e-01,7.664094e-01,9.061667e-01,9.904478e-01,9.572353e-01,9.453125e-01,9.275253e-01,9.459184e-01,9.685590e-01,9.326316e-01,9.296704e-01,5.971899e-02,7.664094e-01,1.040382e+00
5.200000e+00,7.468500e-01,1.040534e+00,9.088791e-01,9.866019e-01,8.291480e-01,8.869531e-01,9.080292e-01,9.703721e-01,9.362385e-01,9.343408e-01,7.670805e-01,9.061667e-01,9.891045e-01,9.573529e-01,9.456875e-01,9.287374e-01,9.469388e-01,9.689520e-01,9.332632e-01,9.302434e-01,5.938388e-02,7.670805e-01,1.040534e+00
5.201000e+00,7.471600e-01,1.042061e+00,9.099410e-01,9.909709e-01,8.299103e-01,8.880469e-01,9.067153e-01,9.717209e-01,9.371560e-01,9.347588e-01,7.680201e-01,9.066667e-01,9.911940e-01,9.566471e-01,9.468750e-01,9.289899e-01,9.476327e-01,9.694760e-01,9.332632e-01,9.311137e-01,5.971797e-02,7.680201e-01,1.042061e+00
5.202000e+00,7.472500e-01,1.041756e+00,9.113569e-01,9.905825e-01,8.308969e-01,8.874219e-01,9.084672e-01,9.720930e-01,9.388991e-01,9.350000e-01,7.689597e-01,9.081667e-01,9.925373e-01,9.577059e-01,9.462500e-01,9.292929e-01,9.488163e-01,9.699563e-01,9.351579e-01,9.318509e-01,5.951210e-02,7.689597e-01,1.041756e+00
5.203000e+00,7.476000e-01,1.042748e+00,9.120059e-01,9.922330e-01,8.319283e-01,8.887500e-01,9.088321e-01,9.734419e-01,9.399083e-01,9.353698e-01,7.693960e-01,9.108333e-01,9.901493e-01,9.585882e-01,9.474375e-01,9.303030e-01,9.499592e-01,9.700000e-01,9.368421e-01,9.327070e-01,5.939718e-02,7.693960e-01,1.042748e+00
5.204000e+00,7.477300e-01,1.043206e+00,9.132448e-01,9.931068e-01,8.337220e-01,8.917969e-01,9.094891e-01,9.748837e-01,9.412844e-01,9.357395e-01,7.702517e-01,9.138333e-01,9.905970e-01,9.586471e-01,9.483125e-01,9.311111e-01,9.514286e-01,9.709170e-01,9.363158e-01,9.337715e-01,5.912823e-02,7.702517e-01,1.043206e+00
5.205000e+00,7.479600e-01,1.044046e+00,9.137168e-01,9.934951e-01,8.345740e-01,8.908594e-01,9.105839e-01,9.755814e-01,9.417431e-01,9.358199e-01,7.706208e-01,9.131667e-01,9.916418e-01,9.598824e-01,9.497500e-01,9.316667e-01,9.512653e-01,9.707424e-01,9.385263e-01,9.343157e-01,5.924898e-02,7.706208e-01,1.044046e+00
5.206000e+00,7.482100e-01,1.043588e+00,9.147493e-01,9.953398e-01,8.357848e-01,8.903906e-01,9.089781e-01,9.761395e-01,9.433945e-01,9.359164e-01,7.716946e-01,9.156667e-01,9.916418e-01,9.610000e-01,9.491875e-01,9.321717e-01,9.511429e-01,9.717467e-01,9.394737e-01,9.348892e-01,5.910610e-02,7.716946e-01,1.043588e+00
5.207000e+00,7.483400e-01,1.044427e+00,9.152212e-01,9.962136e-01,8.377578e-01,8.946094e-01,9.090511e-01,9.762791e-01,9.440367e-01,9.361576e-01,7.727013e-01,9.163333e-01,9.902985e-01,9.614706e-01,9.502500e-01,9.311111e-01,9.511429e-01,9.720524e-01,9.416842e-01,9.355999e-01,5.870250e-02,7.727013e-01,1.044427e+00
5.208000e+00,7.487900e-01,1.043588e+00,9.159882e-01,9.970874e-01,8.385202e-01,8.938281e-01,9.091971e-01,9.773953e-01,9.450459e-01,9.363987e-01,7.735906e-01,9.175000e-01,9.911940e-01,9.619412e-01,9.506875e-01,9.308081e-01,9.513878e-01,9.718341e-01,9.415789e-01,9.359762e-01,5.856386e-02,7.735906e-01,1.043588e+00
5.209000e+00,7.489900e-01,1.045344e+00,9.168142e-01,9.997087e-01,8.394170e-01,8.951562e-01,9.107299e-01,9.772558e-01,9.476147e-01,9.367042e-01,7.747315e-01,9.206667e-01,9.925373e-01,9.628235e-01,9.520625e-01,9.316162e-01,9.521224e-01,9.723144e-01,9.423158e-01,9.372186e-01,5.863401e-02,7.747315e-01,1.045344e+00
5.210000e+00,7.494800e-01,1.046031e+00,9.173451e-01,9.996117e-01,8.401345e-01,8.966406e-01,9.105839e-01,9.790698e-01,9.474312e-01,9.370579e-01,7.753691e-01,9.200000e-01,9.901493e-01,9.637647e-01,9.528125e-01,9.319192e-01,9.520816e-01,9.727511e-01,9.424211e-01,9.375097e-01,5.847286e-02,7.753691e-01,1.046031e+00
5.211000e+00,7.495600e-01,1.047634e+00,9.187611e-01,1.001456e+00,8.420179e-01,8.973437e-01,9.114599e-01,9.802326e-01,9.487156e-01,9.377170e-01,7.767114e-01,9.210000e-01,9.932836e-01,9.649412e-01,9.532500e-01,9.317677e-01,9.533061e-01,9.735808e-01,9.445263e-01,9.387614e-01,5.858217e-02,7.767114e-01,1.047634e+00
5.212000e+00,7.498000e-01,1.048092e+00,9.204720e-01,1.003010e+00,8.423767e-01,8.981250e-01,9.118248e-01,9.806047e-01,9.496330e-01,9.388424e-01,7.774832e-01,9.213333e-01,9.913433e-01,9.654118e-01,9.539375e-01,9.321212e-01,9.548980e-01,9.741485e-01,9.476842e-01,9.395189e-01,5.849844e-02,7.774832e-01,1.048092e+00
5.213000e+00,7.501100e-01,1.048321e+00,9.217404e-01,1.004369e+00,8.425561e-01,8.995313e-01,9.122628e-01,9.820930e-01,9.524771e-01,9.399518e-01,7.784060e-01,9.220000e-01,9.941791e-01,9.657647e-01,9.541250e-01,9.343939e-01,9.557551e-01,9.749782e-01,9.458947e-01,9.404888e-01,5.859888e-02,7.784060e-01,1.048321e+00
5.214000e+00,7.504100e-01,1.051069e+00,9.237168e-01,1.005631e+00,8.434978e-01,8.997656e-01,9.135036e-01,9.826047e-01,9.533945e-01,9.416077e-01,7.796477e-01,9.248333e-01,9.944776e-01,9.662353e-01,9.552500e-01,9.349495e-01,9.567347e-01,9.761135e-01,9.466316e-01,9.416480e-01,5.867800e-02,7.796477e-01,1.051069e+00
5.215000e+00,7.505500e-01,1.051527e+00,9.249263e-01,1.006893e+00,8.455605e-01,9.025781e-01,9.133577e-01,9.844651e-01,9.540367e-01,9.435048e-01,7.804027e-01,9.261667e-01,9.929851e-01,9.675294e-01,9.557500e-01,9.359091e-01,9.576735e-01,9.771616e-01,9.457895e-01,9.425676e-01,5.843161e-02,7.804027e-01,1.051527e+00
5.216000e+00,7.508600e-01,1.052824e+00,9.265192e-01,1.007282e+00,8.459641e-01,9.029687e-01,9.146715e-01,9.854884e-01,9.560550e-01,9.450161e-01,7.808557e-01,9.261667e-01,9.923881e-01,9.684706e-01,9.557500e-01,9.383838e-01,9.594286e-01,9.773362e-01,9.445263e-01,9.433386e-01,5.848121e-02,7.808557e-01,1.052824e+00
5.217000e+00,7.510300e-01,1.053588e+00,9.273156e-01,1.010000e+00,8.472197e-01,9.035937e-01,9.154745e-01,9.864651e-01,9.571560e-01,9.461897e-01,7.807886e-01,9.295000e-01,9.919403e-01,9.685882e-01,9.569375e-01,9.385354e-01,9.601224e-01,9.777293e-01,9.443158e-01,9.441922e-01,5.858666e-02,7.807886e-01,1.053588e+00
5.218000e+00,7.513400e-01,1.053969e+00,9.288791e-01,1.010583e+00,8.481166e-01,9.053906e-01,9.167883e-01,9.884651e-01,9.590826e-01,9.470740e-01,7.816779e-01,9.280000e-01,9.898507e-01,9.695882e-01,9.581250e-01,9.394444e-01,9.603673e-01,9.783406e-01,9.452632e-01,9.449448e-01,5.840877e-02,7.816779e-01,1.053969e+00
5.219000e+00,7.516200e-01,1.055573e+00,9.305015e-01,1.011456e+00,8.491928e-01,9.042969e-01,9.170073e-01,9.895814e-01,9.594495e-01,9.480064e-01,7.822483e-01,9.318333e-01,9.928358e-01,9.700000e-01,9.576875e-01,9.404545e-01,9.625714e-01,9.786463e-01,9.453684e-01,9.459284e-01,5.862282e-02,7.822483e-01,1.055573e+00
5.220000e+00,7.518400e-01,1.056718e+00,9.319469e-01,1.012427e+00,8.502242e-01,9.075000e-01,9.190511e-01,9.908372e-01,9.610092e-01,9.490997e-01,7.831544e-01,9.338333e-01,9.935821e-01,9.705882e-01,9.591875e-01,9.413636e-01,9.633469e-01,9.786463e-01,9.464211e-01,9.471631e-01,5.848480e-02,7.831544e-01,1.056718e+00
5.221000e+00,7.520500e-01,1.057176e+00,9.333333e-01,1.013592e+00,8.506726e-01,9.083594e-01,9.193431e-01,9.923721e-01,9.621101e-01,9.500643e-01,7.841443e-01,9.331667e-01,9.919403e-01,9.710000e-01,9.588750e-01,9.424242e-01,9.644898e-01,9.793013e-01,9.477895e-01,9.477863e-01,5.840612e-02,7.841443e-01,1.057176e+00
5.222000e+00,7.524000e-01,1.057634e+00,9.343953e-01,1.012816e+00,8.519283e-01,9.067187e-01,9.210219e-01,9.931163e-01,9.631193e-01,9.505627e-01,7.848490e-01,9.338333e-01,9.937313e-01,9.698235e-01,9.598750e-01,9.437374e-01,9.655510e-01,9.794760e-01,9.484211e-01,9.483672e-01,5.830014e-02,7.848490e-01,1.057634e+00
5.223000e+00,7.525200e-01,1.059160e+00,9.352507e-01,1.013883e+00,8.535874e-01,9.098437e-01,9.206569e-01,9.944186e-01,9.637615e-01,9.508360e-01,7.859732e-01,9.328333e-01,9.944776e-01,9.695882e-01,9.600625e-01,9.443434e-01,9.667347e-01,9.798690e-01,9.507368e-01,9.492232e-01,5.821570e-02,7.859732e-01,1.059160e+00
5.224000e+00,7.529200e-01,1.059466e+00,9.360472e-01,1.015631e+00,8.543498e-01,9.097656e-01,9.210949e-01,9.949767e-01,9.638532e-01,9.511254e-01,7.868289e-01,9.395000e-01,9.956716e-01,9.691765e-01,9.616875e-01,9.450000e-01,9.673878e-01,9.805677e-01,9.513684e-01,9.501943e-01,5.816281e-02,7.868289e-01,1.059466e+00
5.225000e+00,7.531000e-01,1.061374e+00,9.371681e-01,1.014757e+00,8.561435e-01,9.094531e-01,9.228467e-01,9.965581e-01,9.655046e-01,9.518006e-01,7.880537e-01,9.403333e-01,9.959701e-01,9.700588e-01,9.620000e-01,9.465152e-01,9.687755e-01,9.803930e-01,9.532632e-01,9.511649e-01,5.803175e-02,7.880537e-01,1.061374e+00
5.226000e+00,7.534100e-01,1.061069e+00,9.383186e-01,1.016311e+00,8.567713e-01,9.124219e-01,9.224088e-01,9.975814e-01,9.662385e-01,9.527170e-01,7.887416e-01,9.395000e-01,9.973134e-01,9.709412e-01,9.625000e-01,9.469697e-01,9.690204e-01,9.810480e-01,9.553684e-01,9.519578e-01,5.798108e-02,7.887416e-01,1.061069e+00
5.227000e+00,7.537500e-01,1.063130e+00,9.391445e-01,1.018058e+00,8.587892e-01,9.128906e-01,9.237956e-01,9.988372e-01,9.676147e-01,9.537460e-01,7.901007e-01,9.418333e-01,9.971642e-01,9.723529e-01,9.633750e-01,9.481313e-01,9.697551e-01,9.815721e-01,9.563158e-01,9.531448e-01,5.794182e-02,7.901007e-01,1.063130e+00
5.228000e+00,7.539600e-01,1.063893e+00,9.397050e-01,1.020000e+00,8.591031e-01,9.128125e-01,9.239416e-01,1.000233e+00,9.678899e-01,9.548714e-01,7.911577e-01,9.406667e-01,9.994030e-01,9.724706e-01,9.642500e-01,9.485859e-01,9.711020e-01,9.816157e-01,9.577895e-01,9.538606e-01,5.815439e-02,7.911577e-01,1.063893e+00
5.229000e+00,7.541400e-01,1.065344e+00,9.405015e-01,1.019903e+00,8.597309e-01,9.150000e-01,9.251095e-01,1.001116e+00,9.669725e-01,9.555145e-01,7.922315e-01,9.438333e-01,1.001194e+00,9.734706e-01,9.638750e-01,9.493939e-01,9.720408e-01,9.814410e-01,9.583158e-01,9.547215e-01,5.804254e-02,7.922315e-01,1.065344e+00
5.230000e+00,7.544500e-01,1.066489e+00,9.413274e-01,1.021650e+00,8.613453e-01,9.155469e-01,9.248905e-01,1.002186e+00,9.676147e-01,9.564469e-01,7.934732e-01,9.448333e-01,9.976119e-01,9.748235e-01,9.648125e-01,9.504545e-01,9.727755e-01,9.818777e-01,9.596842e-01,9.554357e-01,5.785897e-02,7.934732e-01,1.066489e+00
5.231000e+00,7.546500e-01,1.067405e+00,9.423894e-01,1.021553e+00,8.618386e-01,9.164062e-01,9.260584e-01,1.003395e+00,9.675229e-01,9.579100e-01,7.941443e-01,9.466667e-01,1.001642e+00,9.752941e-01,9.660000e-01,9.515657e-01,9.738367e-01,9.820087e-01,9.608421e-01,9.564711e-01,5.796565e-02,7.941443e-01,1.067405e+00
5.232000e+00,7.549500e-01,1.069389e+00,9.435103e-01,1.022816e+00,8.630942e-01,9.177344e-01,9.265693e-01,1.004000e+00,9.692661e-01,9.590997e-01,7.953356e-01,9.491667e-01,1.001791e+00,9.765882e-01,9.659375e-01,9.522222e-01,9.742857e-01,9.826201e-01,9.617895e-01,9.575120e-01,5.795487e-02,7.953356e-01,1.069389e+00
5.233000e+00,7.552100e-01,1.070611e+00,9.453982e-01,1.023981e+00,8.639910e-01,9.175781e-01,9.277372e-01,1.005209e+00,9.712844e-01,9.602733e-01,7.963423e-01,9.486667e-01,1.001940e+00,9.781765e-01,9.670000e-01,9.531313e-01,9.753878e-01,9.831004e-01,9.621053e-01,9.584396e-01,5.802290e-02,7.963423e-01,1.070611e+00
5.234000e+00,7.554500e-01,1.070840e+00,9.473156e-01,1.023883e+00,8.639462e-01,9.192969e-01,9.272263e-01,1.006465e+00,9.720183e-01,9.613023e-01,7.972483e-01,9.493333e-01,1.002985e+00,9.782941e-01,9.670625e-01,9.540909e-01,9.766939e-01,9.838865e-01,9.632632e-01,9.591751e-01,5.797820e-02,7.972483e-01,1.070840e+00
5.235000e+00,7.557200e-01,1.072061e+00,9.482301e-01,1.027282e+00,8.652466e-01,9.204687e-01,9.291241e-01,1.008186e+00,9.724771e-01,9.617363e-01,7.988087e-01,9.521667e-01,1.002537e+00,9.793529e-01,9.680625e-01,9.553535e-01,9.769796e-01,9.844978e-01,9.638947e-01,9.603592e-01,5.793372e-02,7.988087e-01,1.072061e+00
5.236000e+00,7.558900e-01,1.072977e+00,9.499410e-01,1.026117e+00,8.660987e-01,9.211719e-01,9.297810e-01,1.009023e+00,9.741284e-01,9.618971e-01,7.997483e-01,9.536667e-01,1.003134e+00,9.798235e-01,9.683125e-01,9.560606e-01,9.779184e-01,9.849782e-01,9.644211e-01,9.610666e-01,5.777547e-02,7.997483e-01,1.072977e+00
5.237000e+00,7.561000e-01,1.074122e+00,9.511209e-01,1.029417e+00,8.666816e-01,9.228125e-01,9.298540e-01,1.010558e+00,9.748624e-01,9.620418e-01,8.009060e-01,9.570000e-01,1.005075e+00,9.804118e-01,9.682500e-01,9.568182e-01,9.792245e-01,9.847162e-01,9.658947e-01,9.622093e-01,5.796382e-02,8.009060e-01,1.074122e+00
5.238000e+00,7.565900e-01,1.074580e+00,9.522714e-01,1.030194e+00,8.675336e-01,9.232031e-01,9.310949e-01,1.011116e+00,9.758716e-01,9.622186e-01,8.018456e-01,9.546667e-01,1.006567e+00,9.820588e-01,9.681250e-01,9.571212e-01,9.799592e-01,9.856332e-01,9.678947e-01,9.628864e-01,5.795748e-02,8.018456e-01,1.074580e+00
5.239000e+00,7.567000e-01,1.074275e+00,9.535693e-01,1.030097e+00,8.691031e-01,9.225000e-01,9.316058e-01,1.011070e+00,9.777982e-01,9.626045e-01,8.032215e-01,9.583333e-01,1.005224e+00,9.834706e-01,9.674375e-01,9.571717e-01,9.801633e-01,9.859389e-01,9.686316e-01,9.634564e-01,5.754254e-02,8.032215e-01,1.074275e+00
5.240000e+00,7.569900e-01,1.076870e+00,9.547198e-01,1.033204e+00,8.689238e-01,9.252344e-01,9.318248e-01,1.011395e+00,9.790826e-01,9.629904e-01,8.040436e-01,9.616667e-01,1.007015e+00,9.842941e-01,9.672500e-01,9.580808e-01,9.797959e-01,9.855895e-01,9.696842e-01,9.645369e-01,5.788364e-02,8.040436e-01,1.076870e+00
5.241000e+00,7.573000e-01,1.077099e+00,9.563717e-01,1.032233e+00,8.700897e-01,9.249219e-01,9.307299e-01,1.011302e+00,9.799083e-01,9.631994e-01,8.048322e-01,9.585000e-01,1.009701e+00,9.855294e-01,9.682500e-01,9.591414e-01,9.793878e-01,9.858952e-01,9.705263e-01,9.648677e-01,5.780879e-02,8.048322e-01,1.077099e+00
5.242000e+00,7.573500e-01,1.079160e+00,9.574926e-01,1.033204e+00,8.714350e-01,9.259375e-01,9.309489e-01,1.012977e+00,9.806422e-01,9.633441e-01,8.065940e-01,9.608333e-01,1.007761e+00,9.861765e-01,9.685000e-01,9.596465e-01,9.798367e-01,9.863755e-01,9.707368e-01,9.656445e-01,5.766756e-02,8.065940e-01,1.079160e+00
5.243000e+00,7.577300e-01,1.078473e+00,9.586726e-01,1.034660e+00,8.723767e-01,9.278125e-01,9.317518e-01,1.013302e+00,9.822018e-01,9.635691e-01,8.069966e-01,9.610000e-01,1.010000e+00,9.869412e-01,9.684375e-01,9.601010e-01,9.810204e-01,9.865066e-01,9.711579e-01,9.663879e-01,5.759677e-02,8.069966e-01,1.078473e+00
5.244000e+00,7.579500e-01,1.079695e+00,9.595575e-01,1.036505e+00,8.734529e-01,9.270312e-01,9.327737e-01,1.014233e+00,9.833945e-01,9.637621e-01,8.081544e-01,9.613333e-01,1.011493e+00,9.878235e-01,9.709375e-01,9.612121e-01,9.821633e-01,9.868559e-01,9.744211e-01,9.674888e-01,5.774358e-02,8.081544e-01,1.079695e+00
5.245000e+00,7.581100e-01,1.080458e+00,9.600590e-01,1.035922e+00,8.743498e-01,9.285937e-01,9.325547e-01,1.014884e+00,9.839450e-01,9.638103e-01,8.089933e-01,9.645000e-01,1.011194e+00,9.885882e-01,9.711875e-01,9.620707e-01,9.822041e-01,9.865066e-01,9.746316e-01,9.680251e-01,5.753805e-02,8.089933e-01,1.080458e+00
5.246000e+00,7.583500e-01,1.081603e+00,9.616224e-01,1.037767e+00,8.747534e-01,9.300000e-01,9.338686e-01,1.016047e+00,9.849541e-01,9.643891e-01,8.101678e-01,9.638333e-01,1.014030e+00,9.904118e-01,9.710000e-01,9.632323e-01,9.836327e-01,9.872926e-01,9.749474e-01,9.690862e-01,5.771161e-02,8.101678e-01,1.081603e+00
5.247000e+00,7.586200e-01,1.083359e+00,9.625074e-01,1.037670e+00,8.744395e-01,9.293750e-01,9.340146e-01,1.017349e+00,9.857798e-01,9.657556e-01,8.112248e-01,9.633333e-01,1.013582e+00,9.900588e-01,9.715000e-01,9.637374e-01,9.848571e-01,9.877293e-01,9.760000e-01,9.695707e-01,5.784876e-02,8.112248e-01,1.083359e+00
5.248000e+00,7.589100e-01,1.082061e+00,9.625959e-01,1.039515e+00,8.743498e-01,9.324219e-01,9.344526e-01,1.018140e+00,9.880734e-01,9.669614e-01,8.122483e-01,9.678333e-01,1.014179e+00,9.915882e-01,9.736875e-01,9.645960e-01,9.864490e-01,9.883843e-01,9.767368e-01,9.707929e-01,5.769476e-02,8.122483e-01,1.082061e+00
5.249000e+00,7.591900e-01,1.082290e+00,9.635103e-01,1.039806e+00,8.744395e-01,9.311719e-01,9.362044e-01,1.018744e+00,9.887156e-01,9.677974e-01,8.133893e-01,9.671667e-01,1.015970e+00,9.919412e-01,9.751250e-01,9.650505e-01,9.872653e-01,9.892576e-01,9.780000e-01,9.714358e-01,5.769313e-02,8.133893e-01,1.082290e+00
5.250000e+00,7.593800e-01,1.082748e+00,9.646018e-01,1.040777e+00,8.755605e-01,9.338281e-01,9.355474e-01,1.020605e+00,9.911009e-01,9.686495e-01,8.142282e-01,9.711667e-01,1.016418e+00,9.928235e-01,9.748125e-01,9.659596e-01,9.883265e-01,9.897817e-01,9.793684e-01,9.725724e-01,5.766271e-02,8.142282e-01,1.082748e+00
5.251000e+00,7.596500e-01,1.083893e+00,9.654277e-01,1.042330e+00,8.768610e-01,9.350781e-01,9.370073e-01,1.021116e+00,9.908257e-01,9.697428e-01,8.154698e-01,9.710000e-01,1.017015e+00,9.937647e-01,9.760000e-01,9.663636e-01,9.892245e-01,9.902620e-01,9.788421e-01,9.733458e-01,5.754977e-02,8.154698e-01,1.083893e+00
5.252000e+00,7.599000e-01,1.085496e+00,9.666667e-01,1.042913e+00,8.775336e-01,9.353125e-01,9.372993e-01,1.021953e+00,9.923853e-01,9.711254e-01,8.168624e-01,9.720000e-01,1.017910e+00,9.944118e-01,9.771875e-01,9.668182e-01,9.903673e-01,9.899563e-01,9.813684e-01,9.743093e-01,5.759396e-02,8.168624e-01,1.085496e+00
5.253000e+00,7.600800e-01,1.085573e+00,9.679646e-01,1.044078e+00,8.784305e-01,9.349219e-01,9.370803e-01,1.023581e+00,9.944954e-01,9.723312e-01,8.173826e-01,9.761667e-01,1.019851e+00,9.948824e-01,9.771875e-01,9.680303e-01,9.922449e-01,9.907860e-01,9.820000e-01,9.753881e-01,5.776506e-02,8.173826e-01,1.085573e+00
5.254000e+00,7.604300e-01,1.086565e+00,9.690855e-01,1.044466e+00,8.795067e-01,9.374219e-01,9.383942e-01,1.025023e+00,9.931193e-01,9.736495e-01,8.179195e-01,9.741667e-01,1.017910e+00,9.959412e-01,9.776875e-01,9.678283e-01,9.926531e-01,9.918777e-01,9.827368e-01,9.758862e-01,5.757433e-02,8.179195e-01,1.086565e+00
5.255000e+00,7.607200e-01,1.088092e+00,9.706490e-01,1.044466e+00,8.797309e-01,9.369531e-01,9.405109e-01,1.026791e+00,9.962385e-01,9.747267e-01,8.183221e-01,9.788333e-01,1.020299e+00,9.968824e-01,9.781875e-01,9.664141e-01,9.932245e-01,9.914847e-01,9.837895e-01,9.769775e-01,5.786426e-02,8.183221e-01,1.088092e+00
5.256000e+00,7.608700e-01,1.088397e+00,9.720649e-01,1.045437e+00,8.812108e-01,9.361719e-01,9.410219e-01,1.027814e+00,9.963303e-01,9.757074e-01,8.191275e-01,9.793333e-01,1.020597e+00,9.976471e-01,9.781875e-01,9.663131e-01,9.947755e-01,9.917904e-01,9.844211e-01,9.775749e-01,5.781542e-02,8.191275e-01,1.088397e+00
5.257000e+00,7.612400e-01,1.091374e+00,9.733038e-01,1.045631e+00,8.821525e-01,9.385938e-01,9.421898e-01,1.028744e+00,9.988073e-01,9.768810e-01,8.198993e-01,9.800000e-01,1.021493e+00,9.982353e-01,9.797500e-01,9.662121e-01,9.955510e-01,9.926201e-01,9.860000e-01,9.787465e-01,5.797485e-02,8.198993e-01,1.091374e+00
5.258000e+00,7.615000e-01,1.090992e+00,9.741888e-01,1.047379e+00,8.827803e-01,9.391406e-01,9.425547e-01,1.030512e+00,9.990826e-01,9.781029e-01,8.208557e-01,9.831667e-01,1.022985e+00,9.988235e-01,9.804375e-01,9.668687e-01,9.966122e-01,9.930568e-01,9.852632e-01,9.796001e-01,5.798386e-02,8.208557e-01,1.090992e+00
5.259000e+00,7.617000e-01,1.091298e+00,9.756047e-01,1.046699e+00,8.840807e-01,9.387500e-01,9.430657e-01,1.031116e+00,1.000183e+00,9.789871e-01,8.216946e-01,9.798333e-01,1.021791e+00,9.997647e-01,9.801875e-01,9.672222e-01,9.978776e-01,9.936245e-01,9.878947e-01,9.799819e-01,5.776935e-02,8.216946e-01,1.091298e+00
5.260000e+00,7.619800e-01,1.093282e+00,9.773156e-01,1.048835e+00,8.843946e-01,9.404687e-01,9.447445e-01,1.032651e+00,1.001835e+00,9.795820e-01,8.222483e-01,9.861667e-01,1.023134e+00,1.000824e+00,9.818125e-01,9.688384e-01,9.988163e-01,9.940175e-01,9.883158e-01,9.815157e-01,5.806966e-02,8.222483e-01,1.093282e+00
5.261000e+00,7.622400e-01,1.093511e+00,9.784956e-01,1.049126e+00,8.862332e-01,9.409375e-01,9.437956e-01,1.034372e+00,1.001376e+00,9.805305e-01,8.232550e-01,9.863333e-01,1.024776e+00,1.001118e+00,9.833125e-01,9.687374e-01,9.996327e-01,9.945852e-01,9.901053e-01,9.822352e-01,5.798279e-02,8.232550e-01,1.093511e+00
5.262000e+00,7.624600e-01,1.094656e+00,9.797050e-01,1.049515e+00,8.868161e-01,9.412500e-01,9.451825e-01,1.034698e+00,1.004404e+00,9.810450e-01,8.241946e-01,9.848333e-01,1.025672e+00,1.002471e+00,9.830000e-01,9.696970e-01,1.000245e+00,9.942358e-01,9.896842e-01,9.828502e-01,5.798885e-02,8.241946e-01,1.094656e+00
5.263000e+00,7.627600e-01,1.095496e+00,9.806785e-01,1.050388e+00,8.880717e-01,9.407813e-01,9.458394e-01,1.035953e+00,1.004587e+00,9.813666e-01,8.253523e-01,9.880000e-01,1.026418e+00,1.003412e+00,9.838750e-01,9.703535e-01,1.001265e+00,9.948035e-01,9.913684e-01,9.837784e-01,5.798550e-02,8.253523e-01,1.095496e+00
5.264000e+00,7.629200e-01,1.096870e+00,9.815634e-01,1.052427e+00,8.890583e-01,9.444531e-01,9.459124e-01,1.036605e+00,1.004404e+00,9.819132e-01,8.262584e-01,9.885000e-01,1.028358e+00,1.003706e+00,9.847500e-01,9.712121e-01,1.001878e+00,9.948035e-01,9.928421e-01,9.847508e-01,5.800932e-02,8.262584e-01,1.096870e+00
5.265000e+00,7.632600e-01,1.097099e+00,9.824484e-01,1.051650e+00,8.900448e-01,9.428906e-01,9.459124e-01,1.037256e+00,1.006422e+00,9.822186e-01,8.273490e-01,9.896667e-01,1.029104e+00,1.004529e+00,9.841250e-01,9.720707e-01,1.002571e+00,9.953275e-01,9.934737e-01,9.852311e-01,5.792057e-02,8.273490e-01,1.097099e+00
5.266000e+00,7.635700e-01,1.098244e+00,9.831563e-01,1.052816e+00,8.904933e-01,9.446875e-01,9.464234e-01,1.038930e+00,1.005229e+00,9.824598e-01,8.281376e-01,9.905000e-01,1.030597e+00,1.005529e+00,9.854375e-01,9.733333e-01,1.003102e+00,9.958515e-01,9.941053e-01,9.860574e-01,5.801181e-02,8.281376e-01,1.098244e+00
5.267000e+00,7.636900e-01,1.100000e+00,9.840413e-01,1.054466e+00,8.919731e-01,9.453906e-01,9.470073e-01,1.039209e+00,1.008624e+00,9.831190e-01,8.291946e-01,9.916667e-01,1.031940e+00,1.005882e+00,9.868750e-01,9.738384e-01,1.003347e+00,9.960262e-01,9.952632e-01,9.871036e-01,5.811352e-02,8.291946e-01,1.100000e+00
5.268000e+00,7.640900e-01,1.099924e+00,9.846313e-01,1.055728e+00,8.928251e-01,9.454687e-01,9.486861e-01,1.040465e+00,1.007248e+00,9.839068e-01,8.306208e-01,9.915000e-01,1.031791e+00,1.006294e+00,9.875000e-01,9.748485e-01,1.004367e+00,9.963755e-01,9.958947e-01,9.876708e-01,5.787071e-02,8.306208e-01,1.099924e+00
5.269000e+00,7.642500e-01,1.101603e+00,9.854277e-01,1.055437e+00,8.941704e-01,9.454687e-01,9.487591e-01,1.041070e+00,1.009174e+00,9.847749e-01,8.316107e-01,9.946667e-01,1.032985e+00,1.006882e+00,9.880000e-01,9.763131e-01,1.005429e+00,9.962445e-01,9.973684e-01,9.886325e-01,5.790751e-02,8.316107e-01,1.101603e+00
5.270000e+00,7.644100e-01,1.101985e+00,9.862832e-01,1.057184e+00,8.950673e-01,9.458594e-01,9.496350e-01,1.041535e+00,1.010092e+00,9.853698e-01,8.328356e-01,9.920000e-01,1.034776e+00,1.007765e+00,9.888750e-01,9.774747e-01,1.005918e+00,9.969869e-01,9.973684e-01,9.892783e-01,5.786454e-02,8.328356e-01,1.101985e+00
5.271000e+00,7.647900e-01,1.103282e+00,9.869027e-01,1.057670e+00,8.962780e-01,9.456250e-01,9.508759e-01,1.043256e+00,1.010642e+00,9.858521e-01,8.342785e-01,9.950000e-01,1.034030e+00,1.009000e+00,9.890625e-01,9.781818e-01,1.006653e+00,9.973362e-01,9.983158e-01,9.901245e-01,5.778275e-02,8.342785e-01,1.103282e+00
5.272000e+00,7.649500e-01,1.104504e+00,9.880236e-01,1.058155e+00,8.973543e-01,9.464844e-01,9.500730e-01,1.043302e+00,1.011376e+00,9.862701e-01,8.349329e-01,9.946667e-01,1.035224e+00,1.009647e+00,9.900625e-01,9.785859e-01,1.006449e+00,9.977293e-01,9.987368e-01,9.906432e-01,5.781746e-02,8.349329e-01,1.104504e+00
5.273000e+00,7.653000e-01,1.105573e+00,9.885546e-01,1.059515e+00,8.979821e-01,9.484375e-01,9.494891e-01,1.042884e+00,1.011468e+00,9.863023e-01,8.364430e-01,9.975000e-01,1.035821e+00,1.010765e+00,9.897500e-01,9.796970e-01,1.006286e+00,9.993450e-01,1.000000e+00,9.914339e-01,5.772876e-02,8.364430e-01,1.105573e+00
5.274000e+00,7.656900e-01,1.107328e+00,9.895575e-01,1.060680e+00,8.991031e-01,9.475000e-01,9.489781e-01,1.043163e+00,1.012385e+00,9.864791e-01,8.372148e-01,9.976667e-01,1.035970e+00,1.010941e+00,9.908750e-01,9.803030e-01,1.006041e+00,9.993450e-01,1.000737e+00,9.919037e-01,5.787734e-02,8.372148e-01,1.107328e+00
5.275000e+00,7.658800e-01,1.107710e+00,9.910914e-01,1.061553e+00,9.002242e-01,9.502344e-01,9.513869e-01,1.043395e+00,1.012385e+00,9.866720e-01,8.382886e-01,9.991667e-01,1.037313e+00,1.011765e+00,9.913125e-01,9.819192e-01,1.006612e+00,9.992140e-01,1.002000e+00,9.929025e-01,5.759283e-02,8.382886e-01,1.107710e+00
5.276000e+00,7.661200e-01,1.109389e+00,9.925959e-01,1.062524e+00,9.005830e-01,9.512500e-01,9.510219e-01,1.044698e+00,1.013486e+00,9.869775e-01,8.392450e-01,1.004000e+00,1.038060e+00,1.012647e+00,9.920000e-01,9.822727e-01,1.007633e+00,9.996070e-01,1.002632e+00,9.939234e-01,5.782361e-02,8.392450e-01,1.109389e+00
5.277000e+00,7.663100e-01,1.109771e+00,9.939233e-01,1.063010e+00,9.008072e-01,9.516406e-01,9.524088e-01,1.046047e+00,1.013211e+00,9.873473e-01,8.402685e-01,9.988333e-01,1.038806e+00,1.013647e+00,9.926875e-01,9.832828e-01,1.008367e+00,1.000087e+00,1.001474e+00,9.942010e-01,5.771674e-02,8.402685e-01,1.109771e+00
5.278000e+00,7.665000e-01,1.111603e+00,9.954572e-01,1.062427e+00,9.016592e-01,9.521094e-01,9.526277e-01,1.046884e+00,1.014312e+00,9.877010e-01,8.413255e-01,1.003667e+00,1.037612e+00,1.014000e+00,9.935000e-01,9.840909e-01,1.009061e+00,1.000437e+00,1.000105e+00,9.949210e-01,5.766320e-02,8.413255e-01,1.111603e+00
5.279000e+00,7.667600e-01,1.111221e+00,9.963422e-01,1.064078e+00,9.026457e-01,9.534375e-01,9.530657e-01,1.048419e+00,1.015780e+00,9.885370e-01,8.419966e-01,1.003833e+00,1.038209e+00,1.013412e+00,9.931250e-01,9.845960e-01,1.010000e+00,1.001092e+00,1.000421e+00,9.955672e-01,5.759765e-02,8.419966e-01,1.111221e+00
5.280000e+00,7.670500e-01,1.113435e+00,9.974926e-01,1.064854e+00,9.033632e-01,9.553125e-01,9.547445e-01,1.048698e+00,1.015138e+00,9.897910e-01,8.433725e-01,1.005833e+00,1.037612e+00,1.012824e+00,9.940625e-01,9.848990e-01,1.010898e+00,1.001223e+00,1.001368e+00,9.963845e-01,5.747650e-02,8.433725e-01,1.113435e+00
5.281000e+00,7.671600e-01,1.113435e+00,9.990855e-01,1.064563e+00,9.043049e-01,9.563281e-01,9.538686e-01,1.050419e+00,1.016972e+00,9.907556e-01,8.438423e-01,1.010667e+00,1.036567e+00,1.012588e+00,9.947500e-01,9.858586e-01,1.012531e+00,1.001266e+00,1.001368e+00,9.971761e-01,5.743805e-02,8.438423e-01,1.113435e+00
5.282000e+00,7.676700e-01,1.113969e+00,1.000501e+00,1.065922e+00,9.046637e-01,9.571094e-01,9.558394e-01,1.051070e+00,1.017890e+00,9.914309e-01,8.447483e-01,1.010000e+00,1.037612e+00,1.013529e+00,9.958125e-01,9.866667e-01,1.013510e+00,1.001747e+00,1.002211e+00,9.980129e-01,5.741221e-02,8.447483e-01,1.113969e+00
5.283000e+00,7.679200e-01,1.113817e+00,1.001829e+00,1.066699e+00,9.064574e-01,9.578906e-01,9.565693e-01,1.052372e+00,1.018899e+00,9.923633e-01,8.460235e-01,1.009500e+00,1.039104e+00,1.013588e+00,9.960000e-01,9.865657e-01,1.014776e+00,1.002969e+00,1.003579e+00,9.988335e-01,5.720290e-02,8.460235e-01,1.113817e+00
5.284000e+00,7.682100e-01,1.115038e+00,1.003097e+00,1.068447e+00,9.074888e-01,9.615625e-01,9.572993e-01,1.053395e+00,1.018899e+00,9.935209e-01,8.469966e-01,1.011667e+00,1.041940e+00,1.013294e+00,9.964375e-01,9.874242e-01,1.015714e+00,1.002489e+00,1.003789e+00,9.999167e-01,5.723136e-02,8.469966e-01,1.115038e+00
5.285000e+00,7.683200e-01,1.115649e+00,1.004307e+00,1.068932e+00,9.077130e-01,9.607813e-01,9.574453e-01,1.054837e+00,1.020459e+00,9.943730e-01,8.479698e-01,1.010333e+00,1.042537e+00,1.014647e+00,9.971875e-01,9.883838e-01,1.016612e+00,1.000349e+00,1.005263e+00,1.000432e+00,5.732717e-02,8.479698e-01,1.115649e+00
5.286000e+00,7.685000e-01,1.116412e+00,1.004749e+00,1.067864e+00,9.093274e-01,9.614844e-01,9.591971e-01,1.055814e+00,1.021651e+00,9.952894e-01,8.489430e-01,1.015833e+00,1.043881e+00,1.014882e+00,9.979375e-01,9.894444e-01,1.017592e+00,9.990393e-01,1.005158e+00,1.001361e+00,5.715047e-02,8.489430e-01,1.116412e+00
5.287000e+00,7.687500e-01,1.117252e+00,1.005664e+00,1.069417e+00,9.100897e-01,9.631250e-01,9.595620e-01,1.057256e+00,1.022294e+00,9.965113e-01,8.501510e-01,1.013333e+00,1.043881e+00,1.015706e+00,9.990000e-01,9.905051e-01,1.018898e+00,9.973362e-01,1.007053e+00,1.002057e+00,5.710553e-02,8.501510e-01,1.117252e+00
5.288000e+00,7.689300e-01,1.117710e+00,1.006696e+00,1.069806e+00,9.111211e-01,9.631250e-01,9.610949e-01,1.058186e+00,1.023119e+00,9.977492e-01,8.511242e-01,1.017167e+00,1.045970e+00,1.017647e+00,9.995625e-01,9.906566e-01,1.019837e+00,9.972052e-01,1.008632e+00,1.003134e+00,5.712620e-02,8.511242e-01,1.117710e+00
5.289000e+00,7.692400e-01,1.118550e+00,1.007286e+00,1.068835e+00,9.117489e-01,9.657031e-01,9.618248e-01,1.059767e+00,1.024220e+00,9.988907e-01,8.519128e-01,1.016833e+00,1.045821e+00,1.018647e+00,9.994375e-01,9.917172e-01,1.020245e+00,9.971179e-01,1.009684e+00,1.003791e+00,5.696482e-02,8.519128e-01,1.118550e+00
5.290000e+00,7.695100e-01,1.117939e+00,1.007581e+00,1.070777e+00,9.131390e-01,9.667187e-01,9.625547e-01,1.060930e+00,1.025780e+00,9.997749e-01,8.532886e-01,1.019167e+00,1.049104e+00,1.020118e+00,1.000563e+00,9.923232e-01,1.021796e+00,9.975983e-01,1.010316e+00,1.004970e+00,5.691980e-02,8.532886e-01,1.117939e+00
5.291000e+00,7.698900e-01,1.118244e+00,1.008673e+00,1.070485e+00,9.136771e-01,9.664844e-01,9.638686e-01,1.061581e+00,1.026972e+00,1.000884e+00,8.537919e-01,1.022667e+00,1.048806e+00,1.021000e+00,1.001000e+00,9.928788e-01,1.023224e+00,9.979476e-01,1.013053e+00,1.005847e+00,5.690639e-02,8.537919e-01,1.118244e+00
5.292000e+00,7.699500e-01,1.119618e+00,1.009292e+00,1.072039e+00,9.146637e-01,9.707812e-01,9.632847e-01,1.062698e+00,1.028532e+00,1.001977e+00,8.542450e-01,1.022167e+00,1.049104e+00,1.021471e+00,1.001125e+00,9.933838e-01,1.023306e+00,9.997817e-01,1.011789e+00,1.006625e+00,5.694185e-02,8.542450e-01,1.119618e+00
5.293000e+00,7.703300e-01,1.118550e+00,1.010177e+00,1.073107e+00,9.148879e-01,9.707031e-01,9.644526e-01,1.063674e+00,1.029817e+00,1.002846e+00,8.546309e-01,1.024500e+00,1.051045e+00,1.022588e+00,1.002188e+00,9.939394e-01,1.023959e+00,1.000524e+00,1.014526e+00,1.007562e+00,5.699198e-02,8.546309e-01,1.118550e+00
5.294000e+00,7.704500e-01,1.120840e+00,1.011062e+00,1.071748e+00,9.158296e-01,9.723437e-01,9.643796e-01,1.064512e+00,1.030550e+00,1.003569e+00,8.549497e-01,1.026667e+00,1.052985e+00,1.023529e+00,1.002438e+00,9.946465e-01,1.025020e+00,1.001834e+00,1.014632e+00,1.008419e+00,5.716089e-02,8.549497e-01,1.120840e+00
5.295000e+00,7.706600e-01,1.121069e+00,1.012153e+00,1.075049e+00,9.161883e-01,9.749219e-01,9.664964e-01,1.065907e+00,1.032569e+00,1.004534e+00,8.560067e-01,1.025667e+00,1.054179e+00,1.023765e+00,1.003250e+00,9.957071e-01,1.025020e+00,1.002183e+00,1.016737e+00,1.009522e+00,5.717380e-02,8.560067e-01,1.121069e+00
5.296000e+00,7.710400e-01,1.122977e+00,1.013628e+00,1.075049e+00,9.172646e-01,9.762500e-01,9.663504e-01,1.065767e+00,1.032018e+00,1.005643e+00,8.566946e-01,1.027333e+00,1.056119e+00,1.024353e+00,1.003250e+00,9.957576e-01,1.026449e+00,1.002314e+00,1.016842e+00,1.010226e+00,5.726461e-02,8.566946e-01,1.122977e+00
5.297000e+00,7.711600e-01,1.121679e+00,1.014631e+00,1.076796e+00,9.180717e-01,9.761719e-01,9.681752e-01,1.067907e+00,1.034404e+00,1.006415e+00,8.576678e-01,1.028667e+00,1.054776e+00,1.025588e+00,1.004812e+00,9.969697e-01,1.026939e+00,1.004323e+00,1.020105e+00,1.011339e+00,5.708116e-02,8.576678e-01,1.121679e+00
5.298000e+00,7.716400e-01,1.123740e+00,1.016195e+00,1.077379e+00,9.184305e-01,9.800000e-01,9.689781e-01,1.069349e+00,1.034771e+00,1.007203e+00,8.586577e-01,1.026667e+00,1.057015e+00,1.026765e+00,1.003625e+00,9.966667e-01,1.027673e+00,1.006114e+00,1.019579e+00,1.012156e+00,5.718115e-02,8.586577e-01,1.123740e+00
5.299000e+00,7.718500e-01,1.125038e+00,1.017581e+00,1.076214e+00,9.187444e-01,9.808594e-01,9.701460e-01,1.068837e+00,1.035872e+00,1.008039e+00,8.595470e-01,1.030667e+00,1.058657e+00,1.027765e+00,1.002563e+00,9.976768e-01,1.029143e+00,1.006463e+00,1.020737e+00,1.013030e+00,5.718294e-02,8.595470e-01,1.125038e+00
5.300000e+00,7.720000e-01,1.125725e+00,1.018289e+00,1.078155e+00,9.191480e-01,9.805469e-01,9.700000e-01,1.070791e+00,1.035963e+00,1.008601e+00,8.605705e-01,1.029333e+00,1.059701e+00,1.027412e+00,1.003125e+00,9.972727e-01,1.029796e+00,1.007555e+00,1.022526e+00,1.013584e+00,5.735295e-02,8.605705e-01,1.125725e+00
5.301000e+00,7.723600e-01,1.126641e+00,1.019823e+00,1.079709e+00,9.183408e-01,9.828906e-01,9.692701e-01,1.071953e+00,1.036147e+00,1.008810e+00,8.613591e-01,1.031500e+00,1.060000e+00,1.028529e+00,1.003000e+00,9.976263e-01,1.030735e+00,1.008166e+00,1.023895e+00,1.014355e+00,5.762247e-02,8.613591e-01,1.126641e+00
5.302000e+00,7.726300e-01,1.127405e+00,1.020649e+00,1.079612e+00,9.182511e-01,9.855469e-01,9.708029e-01,1.072419e+00,1.037431e+00,1.008971e+00,8.629027e-01,1.033333e+00,1.062090e+00,1.029471e+00,1.003375e+00,9.968687e-01,1.031510e+00,1.008515e+00,1.025579e+00,1.015263e+00,5.756383e-02,8.629027e-01,1.127405e+00
5.303000e+00,7.729400e-01,1.127710e+00,1.021829e+00,1.081068e+00,9.194619e-01,9.860156e-01,9.716058e-01,1.073628e+00,1.035413e+00,1.009373e+00,8.637416e-01,1.031833e+00,1.063284e+00,1.029941e+00,1.003000e+00,9.959596e-01,1.032776e+00,1.009913e+00,1.025579e+00,1.015674e+00,5.750388e-02,8.637416e-01,1.127710e+00
5.304000e+00,7.732300e-01,1.129847e+00,1.023451e+00,1.081650e+00,9.198206e-01,9.869531e-01,9.725547e-01,1.074279e+00,1.038807e+00,1.009711e+00,8.650168e-01,1.037667e+00,1.065970e+00,1.031176e+00,1.004687e+00,9.952020e-01,1.033837e+00,1.010742e+00,1.028316e+00,1.017205e+00,5.787399e-02,8.650168e-01,1.129847e+00
5.305000e+00,7.733000e-01,1.130305e+00,1.024336e+00,1.080583e+00,9.204036e-01,9.865625e-01,9.717518e-01,1.075395e+00,1.039450e+00,1.009743e+00,8.660235e-01,1.033333e+00,1.067463e+00,1.032471e+00,1.005250e+00,9.966162e-01,1.033347e+00,1.011441e+00,1.028632e+00,1.017395e+00,5.775269e-02,8.660235e-01,1.130305e+00
5.306000e+00,7.735600e-01,1.131145e+00,1.025339e+00,1.082427e+00,9.219283e-01,9.900781e-01,9.731387e-01,1.074884e+00,1.040275e+00,1.009952e+00,8.669799e-01,1.037500e+00,1.068806e+00,1.033118e+00,1.005062e+00,9.975758e-01,1.032816e+00,1.012576e+00,1.029368e+00,1.018498e+00,5.762935e-02,8.669799e-01,1.131145e+00
5.307000e+00,7.738600e-01,1.132901e+00,1.026165e+00,1.083398e+00,9.230045e-01,9.894531e-01,9.726277e-01,1.074605e+00,1.041376e+00,1.010225e+00,8.682383e-01,1.038667e+00,1.066269e+00,1.033412e+00,1.006625e+00,9.983838e-01,1.032898e+00,1.013319e+00,1.030000e+00,1.018976e+00,5.752412e-02,8.682383e-01,1.132901e+00
5.308000e+00,7.740200e-01,1.133053e+00,1.026873e+00,1.085243e+00,9.243946e-01,9.902344e-01,9.732847e-01,1.075070e+00,1.042294e+00,1.010482e+00,8.690772e-01,1.039500e+00,1.068806e+00,1.034765e+00,1.006750e+00,9.988889e-01,1.032612e+00,1.013712e+00,1.030316e+00,1.019742e+00,5.754078e-02,8.690772e-01,1.133053e+00
5.309000e+00,7.743600e-01,1.134656e+00,1.027552e+00,1.084272e+00,9.253363e-01,9.939844e-01,9.724818e-01,1.075814e+00,1.043670e+00,1.010852e+00,8.703188e-01,1.040667e+00,1.068955e+00,1.035471e+00,1.007188e+00,1.000202e+00,1.033469e+00,1.014498e+00,1.033474e+00,1.020714e+00,5.744410e-02,8.703188e-01,1.134656e+00
5.310000e+00,7.745900e-01,1.134733e+00,1.026903e+00,1.086408e+00,9.264574e-01,9.932031e-01,9.732117e-01,1.076279e+00,1.044037e+00,1.011125e+00,8.713255e-01,1.041333e+00,1.071493e+00,1.037118e+00,1.008875e+00,1.000606e+00,1.033429e+00,1.014891e+00,1.034632e+00,1.021448e+00,5.748862e-02,8.713255e-01,1.134733e+00
5.311000e+00,7.747900e-01,1.135802e+00,1.027434e+00,1.088252e+00,9.275785e-01,9.957812e-01,9.746715e-01,1.076791e+00,1.045138e+00,1.011350e+00,8.725503e-01,1.044000e+00,1.072687e+00,1.037882e+00,1.008750e+00,1.001313e+00,1.034367e+00,1.015459e+00,1.034632e+00,1.022469e+00,5.747402e-02,8.725503e-01,1.135802e+00
5.312000e+00,7.752200e-01,1.135420e+00,1.028732e+00,1.087087e+00,9.282511e-01,9.967187e-01,9.754015e-01,1.077953e+00,1.046422e+00,1.011527e+00,8.735738e-01,1.047833e+00,1.072836e+00,1.038353e+00,1.009813e+00,1.002424e+00,1.035061e+00,1.016114e+00,1.036105e+00,1.023313e+00,5.726954e-02,8.735738e-01,1.135420e+00
5.313000e+00,7.752600e-01,1.137328e+00,1.029823e+00,1.090097e+00,9.283857e-01,9.977344e-01,9.756934e-01,1.079442e+00,1.047339e+00,1.011945e+00,8.739765e-01,1.044000e+00,1.074328e+00,1.039353e+00,1.010938e+00,1.003434e+00,1.036163e+00,1.017293e+00,1.035684e+00,1.024053e+00,5.762622e-02,8.739765e-01,1.137328e+00
5.314000e+00,7.755800e-01,1.138626e+00,1.030560e+00,1.088641e+00,9.299103e-01,9.986719e-01,9.759124e-01,1.080047e+00,1.049174e+00,1.012990e+00,8.751678e-01,1.047833e+00,1.075672e+00,1.039529e+00,1.010813e+00,1.004899e+00,1.037306e+00,1.018821e+00,1.036105e+00,1.025038e+00,5.752464e-02,8.751678e-01,1.138626e+00
5.315000e+00,7.758600e-01,1.139237e+00,1.031032e+00,1.088641e+00,9.304036e-01,9.997656e-01,9.775182e-01,1.081395e+00,1.048165e+00,1.014598e+00,8.766443e-01,1.047167e+00,1.076866e+00,1.040412e+00,1.011500e+00,1.005303e+00,1.038122e+00,1.018865e+00,1.037895e+00,1.025752e+00,5.733241e-02,8.766443e-01,1.139237e+00
5.316000e+00,7.760700e-01,1.140534e+00,1.032153e+00,1.090194e+00,9.316592e-01,1.002734e+00,9.769343e-01,1.082977e+00,1.050275e+00,1.016190e+00,8.774161e-01,1.049500e+00,1.077761e+00,1.040353e+00,1.012250e+00,1.006111e+00,1.039551e+00,1.019956e+00,1.039158e+00,1.026984e+00,5.750981e-02,8.774161e-01,1.140534e+00
5.317000e+00,7.764000e-01,1.140000e+00,1.033451e+00,1.088447e+00,9.317040e-01,1.002500e+00,9.787591e-01,1.084047e+00,1.050092e+00,1.016897e+00,8.785906e-01,1.053333e+00,1.080149e+00,1.041412e+00,1.013688e+00,1.006970e+00,1.040041e+00,1.020830e+00,1.040632e+00,1.027863e+00,5.734640e-02,8.785906e-01,1.140000e+00
5.318000e+00,7.767500e-01,1.142061e+00,1.034513e+00,1.090388e+00,9.329148e-01,1.003281e+00,9.798540e-01,1.085070e+00,1.049266e+00,1.018055e+00,8.795805e-01,1.051000e+00,1.079104e+00,1.041824e+00,1.014125e+00,1.008081e+00,1.041347e+00,1.021790e+00,1.041579e+00,1.028546e+00,5.728492e-02,8.795805e-01,1.142061e+00
5.319000e+00,7.769200e-01,1.143359e+00,1.035752e+00,1.090000e+00,9.337220e-01,1.003516e+00,9.809489e-01,1.085721e+00,1.048991e+00,1.019871e+00,8.812416e-01,1.055167e+00,1.081791e+00,1.041706e+00,1.014750e+00,1.007828e+00,1.042653e+00,1.022620e+00,1.042526e+00,1.029565e+00,5.730145e-02,8.812416e-01,1.143359e+00
5.320000e+00,7.772400e-01,1.143817e+00,1.037168e+00,1.088641e+00,9.340807e-01,1.005234e+00,9.810219e-01,1.086233e+00,1.050367e+00,1.021222e+00,8.817450e-01,1.054333e+00,1.082985e+00,1.042353e+00,1.015437e+00,1.008384e+00,1.042776e+00,1.022751e+00,1.044421e+00,1.030165e+00,5.722533e-02,8.817450e-01,1.143817e+00
5.321000e+00,7.774100e-01,1.144122e+00,1.038171e+00,1.091553e+00,9.356951e-01,1.005312e+00,9.815328e-01,1.088651e+00,1.050092e+00,1.022154e+00,8.827685e-01,1.055500e+00,1.081045e+00,1.043471e+00,1.016625e+00,1.009091e+00,1.044122e+00,1.023406e+00,1.044737e+00,1.031003e+00,5.715917e-02,8.827685e-01,1.144122e+00
5.322000e+00,7.776900e-01,1.145115e+00,1.039056e+00,1.090291e+00,9.361435e-01,1.005312e+00,9.818248e-01,1.088791e+00,1.049541e+00,1.022878e+00,8.837248e-01,1.059167e+00,1.084179e+00,1.043471e+00,1.017813e+00,1.010606e+00,1.044653e+00,1.023624e+00,1.045579e+00,1.031765e+00,5.721660e-02,8.837248e-01,1.145115e+00
5.323000e+00,7.778900e-01,1.145878e+00,1.039794e+00,1.091553e+00,9.374888e-01,1.007500e+00,9.830657e-01,1.089488e+00,1.051284e+00,1.023907e+00,8.845470e-01,1.059500e+00,1.086269e+00,1.044353e+00,1.017813e+00,1.010354e+00,1.045714e+00,1.024585e+00,1.046211e+00,1.032739e+00,5.722584e-02,8.845470e-01,1.145878e+00
5.324000e+00,7.781500e-01,1.147328e+00,1.040796e+00,1.092718e+00,9.381614e-01,1.007344e+00,9.848905e-01,1.090837e+00,1.051560e+00,1.025209e+00,8.859060e-01,1.060833e+00,1.085075e+00,1.044059e+00,1.018500e+00,1.011768e+00,1.046490e+00,1.025109e+00,1.048316e+00,1.033606e+00,5.715190e-02,8.859060e-01,1.147328e+00
5.325000e+00,7.783500e-01,1.146412e+00,1.041829e+00,1.091650e+00,9.391031e-01,1.007578e+00,9.843066e-01,1.091163e+00,1.051835e+00,1.026318e+00,8.866107e-01,1.062333e+00,1.088060e+00,1.045706e+00,1.019562e+00,1.013182e+00,1.046980e+00,1.024498e+00,1.049368e+00,1.034250e+00,5.703826e-02,8.866107e-01,1.146412e+00
5.326000e+00,7.787700e-01,1.148473e+00,1.042714e+00,1.095437e+00,9.399103e-01,1.011328e+00,9.852555e-01,1.092930e+00,1.052018e+00,1.026768e+00,8.878859e-01,1.061167e+00,1.088657e+00,1.047118e+00,1.020250e+00,1.013990e+00,1.047918e+00,1.025284e+00,1.050421e+00,1.035418e+00,5.719683e-02,8.878859e-01,1.148473e+00
5.327000e+00,7.789700e-01,1.148015e+00,1.043805e+00,1.093592e+00,9.413901e-01,1.010781e+00,9.854015e-01,1.093116e+00,1.053945e+00,1.026833e+00,8.890101e-01,1.062333e+00,1.088358e+00,1.047235e+00,1.020312e+00,1.014949e+00,1.048204e+00,1.026070e+00,1.051789e+00,1.035841e+00,5.681035e-02,8.890101e-01,1.148015e+00
5.328000e+00,7.791700e-01,1.149313e+00,1.044720e+00,1.094854e+00,9.418386e-01,1.011797e+00,9.874453e-01,1.094977e+00,1.054771e+00,1.027154e+00,8.901342e-01,1.062833e+00,1.090896e+00,1.047765e+00,1.020812e+00,1.015556e+00,1.049592e+00,1.026288e+00,1.052211e+00,1.036831e+00,5.697226e-02,8.901342e-01,1.149313e+00
5.329000e+00,7.794000e-01,1.150305e+00,1.045221e+00,1.096602e+00,9.433632e-01,1.013203e+00,9.864964e-01,1.096000e+00,1.055046e+00,1.027846e+00,8.911745e-01,1.063667e+00,1.090896e+00,1.047941e+00,1.022063e+00,1.016010e+00,1.050327e+00,1.027424e+00,1.053895e+00,1.037638e+00,5.698198e-02,8.911745e-01,1.150305e+00
5.330000e+00,7.795200e-01,1.149924e+00,1.045310e+00,1.096019e+00,9.437668e-01,1.015156e+00,9.870803e-01,1.096279e+00,1.056697e+00,1.028569e+00,8.912752e-01,1.066167e+00,1.090746e+00,1.049706e+00,1.022188e+00,1.016768e+00,1.050571e+00,1.027904e+00,1.055474e+00,1.038311e+00,5.690209e-02,8.912752e-01,1.149924e+00
5.331000e+00,7.798700e-01,1.151298e+00,1.045221e+00,1.097961e+00,9.453812e-01,1.016328e+00,9.878102e-01,1.097209e+00,1.056330e+00,1.029164e+00,8.920470e-01,1.064167e+00,1.092836e+00,1.050588e+00,1.022250e+00,1.017273e+00,1.051837e+00,1.029869e+00,1.055895e+00,1.039081e+00,5.693927e-02,8.920470e-01,1.151298e+00
5.332000e+00,7.800900e-01,1.151145e+00,1.045723e+00,1.098641e+00,9.453363e-01,1.018047e+00,9.884672e-01,1.098186e+00,1.058440e+00,1.029871e+00,8.923993e-01,1.066833e+00,1.095224e+00,1.050824e+00,1.023625e+00,1.018182e+00,1.052367e+00,1.030306e+00,1.057789e+00,1.040078e+00,5.712171e-02,8.923993e-01,1.151145e+00
5.333000e+00,7.803600e-01,1.150840e+00,1.046047e+00,1.098447e+00,9.459641e-01,1.019687e+00,9.895620e-01,1.099116e+00,1.057890e+00,1.030868e+00,8.931544e-01,1.067833e+00,1.094627e+00,1.051294e+00,1.023562e+00,1.018788e+00,1.053020e+00,1.031266e+00,1.057684e+00,1.040536e+00,5.684238e-02,8.931544e-01,1.150840e+00
5.334000e+00,7.806600e-01,1.151756e+00,1.047021e+00,1.100194e+00,9.460987e-01,1.019062e+00,9.900000e-01,1.100140e+00,1.061009e+00,1.032010e+00,8.943121e-01,1.068333e+00,1.097164e+00,1.052588e+00,1.024687e+00,1.019394e+00,1.053592e+00,1.032620e+00,1.059263e+00,1.041625e+00,5.711373e-02,8.943121e-01,1.151756e+00
5.335000e+00,7.809000e-01,1.151679e+00,1.047906e+00,1.100583e+00,9.472197e-01,1.021719e+00,9.909489e-01,1.100605e+00,1.060917e+00,1.033215e+00,8.949497e-01,1.072167e+00,1.097612e+00,1.052882e+00,1.025313e+00,1.019091e+00,1.054449e+00,1.033013e+00,1.059895e+00,1.042454e+00,5.699281e-02,8.949497e-01,1.151679e+00
5.336000e+00,7.810700e-01,1.153282e+00,1.048437e+00,1.101068e+00,9.470852e-01,1.022109e+00,9.916788e-01,1.102093e+00,1.063670e+00,1.034180e+00,8.962584e-01,1.070500e+00,1.099254e+00,1.053294e+00,1.025813e+00,1.020101e+00,1.054776e+00,1.034148e+00,1.061368e+00,1.043284e+00,5.713684e-02,8.962584e-01,1.153282e+00
5.337000e+00,7.814600e-01,1.153435e+00,1.049322e+00,1.101650e+00,9.481166e-01,1.023906e+00,9.933577e-01,1.102326e+00,1.063578e+00,1.034678e+00,8.970470e-01,1.072333e+00,1.099552e+00,1.052706e+00,1.026875e+00,1.020354e+00,1.054980e+00,1.034236e+00,1.060632e+00,1.043838e+00,5.689478e-02,8.970470e-01,1.153435e+00
5.338000e+00,7.816400e-01,1.155191e+00,1.050088e+00,1.101650e+00,9.489686e-01,1.023906e+00,9.929197e-01,1.103488e+00,1.065138e+00,1.034678e+00,8.983725e-01,1.074667e+00,1.099701e+00,1.052471e+00,1.027313e+00,1.020808e+00,1.055673e+00,1.034891e+00,1.062316e+00,1.044569e+00,5.702240e-02,8.983725e-01,1.155191e+00
5.339000e+00,7.819100e-01,1.155725e+00,1.051327e+00,1.103010e+00,9.492377e-01,1.025000e+00,9.927007e-01,1.103163e+00,1.065596e+00,1.034678e+00,8.995805e-01,1.076000e+00,1.098358e+00,1.052176e+00,1.027187e+00,1.021465e+00,1.056449e+00,1.035764e+00,1.060211e+00,1.044868e+00,5.686708e-02,8.995805e-01,1.155725e+00
5.340000e+00,7.822000e-01,1.156031e+00,1.052212e+00,1.103107e+00,9.507175e-01,1.025547e+00,9.930657e-01,1.103628e+00,1.066239e+00,1.034678e+00,9.003691e-01,1.076833e+00,1.100597e+00,1.051588e+00,1.027687e+00,1.022121e+00,1.055796e+00,1.035983e+00,1.059579e+00,1.045321e+00,5.677119e-02,9.003691e-01,1.156031e+00
5.341000e+00,7.824000e-01,1.156947e+00,1.053038e+00,1.104563e+00,9.512556e-01,1.027188e+00,9.923358e-01,1.103209e+00,1.066422e+00,1.034678e+00,9.014597e-01,1.076167e+00,1.098657e+00,1.052118e+00,1.029625e+00,1.022727e+00,1.055796e+00,1.036463e+00,1.058632e+00,1.045627e+00,5.655996e-02,9.014597e-01,1.156947e+00
5.342000e+00,7.827000e-01,1.157176e+00,1.054425e+00,1.106893e+00,9.520179e-01,1.027109e+00,9.929197e-01,1.103907e+00,1.066972e+00,1.034678e+00,9.024832e-01,1.078833e+00,1.099552e+00,1.052765e+00,1.029313e+00,1.023535e+00,1.055837e+00,1.036900e+00,1.058947e+00,1.046348e+00,5.665886e-02,9.024832e-01,1.157176e+00
5.343000e+00,7.828400e-01,1.158931e+00,1.055487e+00,1.106117e+00,9.531390e-01,1.028984e+00,9.930657e-01,1.104140e+00,1.067982e+00,1.034678e+00,9.036745e-01,1.081833e+00,1.101045e+00,1.053412e+00,1.029750e+00,1.024343e+00,1.056204e+00,1.037904e+00,1.058947e+00,1.047202e+00,5.668313e-02,9.036745e-01,1.158931e+00
5.344000e+00,7.830400e-01,1.157939e+00,1.055959e+00,1.107864e+00,9.533184e-01,1.029609e+00,9.937226e-01,1.105163e+00,1.068349e+00,1.034678e+00,9.044463e-01,1.078833e+00,1.102239e+00,1.054176e+00,1.030750e+00,1.025253e+00,1.058000e+00,1.039127e+00,1.060632e+00,1.047781e+00,5.653533e-02,9.044463e-01,1.157939e+00
5.345000e+00,7.834800e-01,1.159313e+00,1.056814e+00,1.107184e+00,9.543946e-01,1.030703e+00,9.943066e-01,1.106233e+00,1.068899e+00,1.034904e+00,9.056879e-01,1.082833e+00,1.101343e+00,1.054294e+00,1.032312e+00,1.026061e+00,1.058000e+00,1.039607e+00,1.062211e+00,1.048617e+00,5.644993e-02,9.056879e-01,1.159313e+00
5.346000e+00,7.837400e-01,1.160916e+00,1.057375e+00,1.108155e+00,9.556502e-01,1.031719e+00,9.958394e-01,1.107302e+00,1.069083e+00,1.035322e+00,9.068960e-01,1.082167e+00,1.104478e+00,1.055353e+00,1.031937e+00,1.027374e+00,1.058449e+00,1.039782e+00,1.064316e+00,1.049562e+00,5.651785e-02,9.068960e-01,1.160916e+00
5.347000e+00,7.840200e-01,1.161221e+00,1.058171e+00,1.110680e+00,9.567265e-01,1.032266e+00,9.951095e-01,1.108465e+00,1.069266e+00,1.035338e+00,9.075839e-01,1.082333e+00,1.105672e+00,1.056529e+00,1.033250e+00,1.027778e+00,1.059796e+00,1.040393e+00,1.065684e+00,1.050348e+00,5.667988e-02,9.075839e-01,1.161221e+00
5.348000e+00,7.842900e-01,1.162595e+00,1.058702e+00,1.109126e+00,9.573991e-01,1.033750e+00,9.964234e-01,1.109209e+00,1.070275e+00,1.035338e+00,9.089597e-01,1.085333e+00,1.106119e+00,1.057588e+00,1.033750e+00,1.027576e+00,1.060694e+00,1.040087e+00,1.068211e+00,1.051174e+00,5.662975e-02,9.089597e-01,1.162595e+00
5.349000e+00,7.844800e-01,1.163588e+00,1.059528e+00,1.110000e+00,9.579821e-01,1.032656e+00,9.965693e-01,1.110186e+00,1.071376e+00,1.035338e+00,9.102181e-01,1.086667e+00,1.107164e+00,1.058824e+00,1.034312e+00,1.026717e+00,1.060857e+00,1.040131e+00,1.067895e+00,1.051667e+00,5.677092e-02,9.102181e-01,1.163588e+00
5.350000e+00,7.846900e-01,1.163282e+00,1.060147e+00,1.110000e+00,9.585202e-01,1.034141e+00,9.978832e-01,1.111070e+00,1.072110e+00,1.035338e+00,9.112081e-01,1.091333e+00,1.109104e+00,1.058824e+00,1.034312e+00,1.026313e+00,1.061510e+00,1.041092e+00,1.070737e+00,1.052607e+00,5.685020e-02,9.112081e-01,1.163282e+00
5.351000e+00,7.849000e-01,1.165115e+00,1.059941e+00,1.108641e+00,9.594619e-01,1.034922e+00,9.979562e-01,1.110791e+00,1.073028e+00,1.035338e+00,9.124664e-01,1.090333e+00,1.108657e+00,1.060647e+00,1.035187e+00,1.025202e+00,1.062245e+00,1.042096e+00,1.070737e+00,1.052931e+00,5.665739e-02,9.124664e-01,1.165115e+00
5.352000e+00,7.851800e-01,1.165420e+00,1.059410e+00,1.110388e+00,9.601794e-01,1.035703e+00,9.988321e-01,1.112698e+00,1.074679e+00,1.035981e+00,9.131544e-01,1.090167e+00,1.110896e+00,1.060824e+00,1.035312e+00,1.025354e+00,1.063796e+00,1.042882e+00,1.071895e+00,1.053754e+00,5.683276e-02,9.131544e-01,1.165420e+00
5.353000e+00,7.855500e-01,1.165496e+00,1.059705e+00,1.110388e+00,9.588341e-01,1.036875e+00,9.991971e-01,1.113302e+00,1.074679e+00,1.036608e+00,9.145302e-01,1.093167e+00,1.113731e+00,1.061118e+00,1.035875e+00,1.025758e+00,1.065143e+00,1.043886e+00,1.073263e+00,1.054531e+00,5.704121e-02,9.145302e-01,1.165496e+00
5.354000e+00,7.857300e-01,1.167405e+00,1.059971e+00,1.111456e+00,9.582960e-01,1.038203e+00,9.993431e-01,1.114326e+00,1.075505e+00,1.037781e+00,9.156208e-01,1.092833e+00,1.113284e+00,1.062529e+00,1.036563e+00,1.025960e+00,1.065429e+00,1.045633e+00,1.075053e+00,1.055288e+00,5.720661e-02,9.156208e-01,1.167405e+00
5.355000e+00,7.860000e-01,1.168168e+00,1.060826e+00,1.112524e+00,9.579821e-01,1.038516e+00,1.000949e+00,1.115721e+00,1.077064e+00,1.040354e+00,9.166611e-01,1.094667e+00,1.114925e+00,1.062824e+00,1.036750e+00,1.027020e+00,1.065837e+00,1.046376e+00,1.075579e+00,1.056263e+00,5.735365e-02,9.166611e-01,1.168168e+00
5.356000e+00,7.863500e-01,1.169847e+00,1.061504e+00,1.112330e+00,9.592825e-01,1.040703e+00,1.001314e+00,1.116651e+00,1.077890e+00,1.043344e+00,9.180705e-01,1.095500e+00,1.118209e+00,1.064176e+00,1.037188e+00,1.028030e+00,1.067102e+00,1.047031e+00,1.077895e+00,1.057559e+00,5.742555e-02,9.180705e-01,1.169847e+00
5.357000e+00,7.865400e-01,1.169695e+00,1.061947e+00,1.114369e+00,9.594170e-01,1.042500e+00,1.001606e+00,1.116698e+00,1.079174e+00,1.045868e+00,9.187081e-01,1.096500e+00,1.116418e+00,1.065000e+00,1.037438e+00,1.029040e+00,1.068000e+00,1.047031e+00,1.078632e+00,1.058224e+00,5.730112e-02,9.187081e-01,1.169695e+00
5.358000e+00,7.867600e-01,1.171450e+00,1.063127e+00,1.115243e+00,9.602691e-01,1.041250e+00,1.002190e+00,1.118233e+00,1.079266e+00,1.047910e+00,9.202349e-01,1.100333e+00,1.119104e+00,1.065529e+00,1.037125e+00,1.029495e+00,1.068000e+00,1.046288e+00,1.080000e+00,1.059169e+00,5.764322e-02,9.202349e-01,1.171450e+00
5.359000e+00,7.870400e-01,1.172214e+00,1.063274e+00,1.115922e+00,9.604484e-01,1.041094e+00,1.003139e+00,1.120093e+00,1.079633e+00,1.049598e+00,9.210403e-01,1.097667e+00,1.120299e+00,1.066706e+00,1.035937e+00,1.030556e+00,1.069551e+00,1.047031e+00,1.080526e+00,1.059707e+00,5.767274e-02,9.210403e-01,1.172214e+00
5.360000e+00,7.872100e-01,1.172595e+00,1.064130e+00,1.117476e+00,9.617040e-01,1.044922e+00,1.003942e+00,1.120884e+00,1.080734e+00,1.050981e+00,9.219128e-01,1.098667e+00,1.121343e+00,1.067294e+00,1.036125e+00,1.031061e+00,1.070082e+00,1.046288e+00,1.081579e+00,1.060651e+00,5.763047e-02,9.219128e-01,1.172595e+00
5.361000e+00,7.876300e-01,1.173664e+00,1.065162e+00,1.118252e+00,9.620628e-01,1.043984e+00,1.005912e+00,1.121767e+00,1.079541e+00,1.051592e+00,9.230201e-01,1.098833e+00,1.123284e+00,1.067647e+00,1.036750e+00,1.032071e+00,1.070816e+00,1.047162e+00,1.082737e+00,1.061348e+00,5.763991e-02,9.230201e-01,1.173664e+00
5.362000e+00,7.878900e-01,1.173282e+00,1.066077e+00,1.117379e+00,9.627803e-01,1.045859e+00,1.006131e+00,1.121953e+00,1.079908e+00,1.051833e+00,9.237416e-01,1.100500e+00,1.123433e+00,1.068176e+00,1.036312e+00,1.032374e+00,1.070571e+00,1.047467e+00,1.084000e+00,1.061766e+00,5.745872e-02,9.237416e-01,1.173282e+00
5.363000e+00,7.882400e-01,1.175267e+00,1.067021e+00,1.118835e+00,9.645291e-01,1.046016e+00,1.005401e+00,1.123488e+00,1.077982e+00,1.052524e+00,9.248322e-01,1.104500e+00,1.122985e+00,1.068882e+00,1.036312e+00,1.033434e+00,1.069143e+00,1.047686e+00,1.083789e+00,1.062368e+00,5.762053e-02,9.248322e-01,1.175267e+00
5.364000e+00,7.884800e-01,1.175496e+00,1.067935e+00,1.120194e+00,9.650673e-01,1.047109e+00,1.008029e+00,1.123860e+00,1.078165e+00,1.053167e+00,9.260403e-01,1.103500e+00,1.125821e+00,1.069824e+00,1.037750e+00,1.033990e+00,1.068939e+00,1.048428e+00,1.086421e+00,1.063319e+00,5.749948e-02,9.260403e-01,1.175496e+00
5.365000e+00,7.886000e-01,1.175496e+00,1.068466e+00,1.121942e+00,9.658744e-01,1.047734e+00,1.007737e+00,1.124791e+00,1.078991e+00,1.053376e+00,9.267282e-01,1.104333e+00,1.126567e+00,1.070529e+00,1.038625e+00,1.035505e+00,1.068653e+00,1.048952e+00,1.087368e+00,1.063982e+00,5.753164e-02,9.267282e-01,1.175496e+00
5.366000e+00,7.889700e-01,1.176336e+00,1.068378e+00,1.120097e+00,9.664126e-01,1.049531e+00,1.008832e+00,1.125628e+00,1.078440e+00,1.054003e+00,9.281040e-01,1.108000e+00,1.127463e+00,1.070294e+00,1.039937e+00,1.036313e+00,1.068694e+00,1.050611e+00,1.088632e+00,1.064761e+00,5.738853e-02,9.281040e-01,1.176336e+00
5.367000e+00,7.890800e-01,1.176489e+00,1.068702e+00,1.121845e+00,9.670852e-01,1.051328e+00,1.008613e+00,1.126093e+00,1.079083e+00,1.054711e+00,9.287081e-01,1.106667e+00,1.128806e+00,1.071471e+00,1.040312e+00,1.037020e+00,1.069102e+00,1.051834e+00,1.089263e+00,1.065396e+00,5.737694e-02,9.287081e-01,1.176489e+00
5.368000e+00,7.893600e-01,1.177557e+00,1.068555e+00,1.123689e+00,9.685650e-01,1.050234e+00,1.010292e+00,1.127163e+00,1.078807e+00,1.055338e+00,9.293121e-01,1.110667e+00,1.128657e+00,1.071765e+00,1.041688e+00,1.037374e+00,1.069755e+00,1.051616e+00,1.091368e+00,1.066244e+00,5.752080e-02,9.293121e-01,1.177557e+00
5.369000e+00,7.896300e-01,1.177939e+00,1.068968e+00,1.122621e+00,9.694619e-01,1.052266e+00,1.009854e+00,1.128093e+00,1.082110e+00,1.055900e+00,9.296141e-01,1.110333e+00,1.132985e+00,1.073059e+00,1.041937e+00,1.038182e+00,1.070571e+00,1.051354e+00,1.092842e+00,1.067116e+00,5.774106e-02,9.296141e-01,1.177939e+00
5.370000e+00,7.898400e-01,1.177863e+00,1.069499e+00,1.124660e+00,9.702242e-01,1.055313e+00,1.011752e+00,1.128000e+00,1.080550e+00,1.056334e+00,9.303859e-01,1.111833e+00,1.131940e+00,1.073765e+00,1.042312e+00,1.039040e+00,1.071469e+00,1.051528e+00,1.093474e+00,1.067775e+00,5.748014e-02,9.303859e-01,1.177863e+00
5.371000e+00,7.899000e-01,1.179618e+00,1.070088e+00,1.125631e+00,9.707623e-01,1.055703e+00,1.011533e+00,1.129860e+00,1.083028e+00,1.056688e+00,9.317282e-01,1.115667e+00,1.132239e+00,1.074294e+00,1.043500e+00,1.040354e+00,1.072490e+00,1.051485e+00,1.094000e+00,1.068815e+00,5.777815e-02,9.317282e-01,1.179618e+00
5.372000e+00,7.902800e-01,1.177405e+00,1.070059e+00,1.126214e+00,9.714798e-01,1.055703e+00,1.010803e+00,1.129349e+00,1.083578e+00,1.056833e+00,9.325000e-01,1.111500e+00,1.136567e+00,1.074706e+00,1.043562e+00,1.040202e+00,1.072694e+00,1.052271e+00,1.095684e+00,1.068951e+00,5.755229e-02,9.325000e-01,1.177405e+00
5.373000e+00,7.905000e-01,1.179313e+00,1.069558e+00,1.128252e+00,9.726906e-01,1.057422e+00,1.010146e+00,1.129628e+00,1.085321e+00,1.056929e+00,9.335403e-01,1.114500e+00,1.135821e+00,1.075765e+00,1.044438e+00,1.041061e+00,1.072694e+00,1.052926e+00,1.096737e+00,1.069819e+00,5.772775e-02,9.335403e-01,1.179313e+00
5.374000e+00,7.907100e-01,1.177939e+00,1.070059e+00,1.127087e+00,9.730942e-01,1.058750e+00,1.011022e+00,1.129349e+00,1.086789e+00,1.057106e+00,9.345302e-01,1.113667e+00,1.134776e+00,1.076706e+00,1.045063e+00,1.041465e+00,1.072735e+00,1.054236e+00,1.098842e+00,1.070179e+00,5.720290e-02,9.345302e-01,1.177939e+00
5.375000e+00,7.910600e-01,1.178550e+00,1.070206e+00,1.128058e+00,9.740807e-01,1.059375e+00,1.011606e+00,1.129814e+00,1.086697e+00,1.057444e+00,9.352685e-01,1.112667e+00,1.139254e+00,1.076941e+00,1.045875e+00,1.042273e+00,1.073837e+00,1.055066e+00,1.099474e+00,1.070916e+00,5.732497e-02,9.352685e-01,1.178550e+00
5.376000e+00,7.912500e-01,1.178397e+00,1.070796e+00,1.129903e+00,9.747534e-01,1.062812e+00,1.011825e+00,1.130326e+00,1.088899e+00,1.057814e+00,9.367953e-01,1.119667e+00,1.138358e+00,1.078000e+00,1.046250e+00,1.043535e+00,1.074816e+00,1.055983e+00,1.100211e+00,1.072174e+00,5.737329e-02,9.367953e-01,1.178397e+00
5.377000e+00,7.915900e-01,1.179542e+00,1.071475e+00,1.128932e+00,9.752466e-01,1.061875e+00,1.012336e+00,1.131302e+00,1.089083e+00,1.058280e+00,9.375839e-01,1.118667e+00,1.138806e+00,1.078706e+00,1.045875e+00,1.043990e+00,1.075592e+00,1.057249e+00,1.100000e+00,1.072474e+00,5.728010e-02,9.375839e-01,1.179542e+00
5.378000e+00,7.917600e-01,1.180840e+00,1.072094e+00,1.130194e+00,9.758296e-01,1.062500e+00,1.013285e+00,1.131535e+00,1.089817e+00,1.059309e+00,9.390101e-01,1.119500e+00,1.140299e+00,1.079471e+00,1.047562e+00,1.044343e+00,1.075306e+00,1.057555e+00,1.101895e+00,1.073352e+00,5.732343e-02,9.390101e-01,1.180840e+00
5.379000e+00,7.920000e-01,1.182061e+00,1.073156e+00,1.131748e+00,9.758296e-01,1.064609e+00,1.013796e+00,1.131814e+00,1.090734e+00,1.060675e+00,9.399832e-01,1.122500e+00,1.142388e+00,1.078941e+00,1.047312e+00,1.043990e+00,1.076653e+00,1.058777e+00,1.103789e+00,1.074375e+00,5.769337e-02,9.399832e-01,1.182061e+00
5.380000e+00,7.922800e-01,1.181298e+00,1.073835e+00,1.132039e+00,9.776682e-01,1.065000e+00,1.014088e+00,1.132930e+00,1.090917e+00,1.061833e+00,9.409396e-01,1.121000e+00,1.144179e+00,1.079353e+00,1.048625e+00,1.045101e+00,1.077755e+00,1.059039e+00,1.104316e+00,1.074995e+00,5.736079e-02,9.409396e-01,1.181298e+00
5.381000e+00,7.925300e-01,1.183359e+00,1.074366e+00,1.132718e+00,9.776682e-01,1.065469e+00,1.015474e+00,1.133442e+00,1.092294e+00,1.062717e+00,9.414597e-01,1.125167e+00,1.144627e+00,1.080353e+00,1.048625e+00,1.046212e+00,1.078857e+00,1.058952e+00,1.104737e+00,1.075916e+00,5.770551e-02,9.414597e-01,1.183359e+00
5.382000e+00,7.927900e-01,1.182366e+00,1.074838e+00,1.130777e+00,9.791480e-01,1.065156e+00,1.015985e+00,1.134186e+00,1.092018e+00,1.063376e+00,9.426174e-01,1.122167e+00,1.144925e+00,1.081118e+00,1.049500e+00,1.046717e+00,1.080449e+00,1.059694e+00,1.105474e+00,1.076140e+00,5.707197e-02,9.426174e-01,1.182366e+00
5.383000e+00,7.930700e-01,1.184351e+00,1.074572e+00,1.131845e+00,9.795067e-01,1.065313e+00,1.018394e+00,1.135674e+00,1.093486e+00,1.064228e+00,9.435738e-01,1.124333e+00,1.147164e+00,1.081588e+00,1.049750e+00,1.046566e+00,1.080571e+00,1.059825e+00,1.104947e+00,1.076983e+00,5.736652e-02,9.435738e-01,1.184351e+00
5.384000e+00,7.934500e-01,1.184733e+00,1.075369e+00,1.131748e+00,9.811659e-01,1.066875e+00,1.017518e+00,1.135814e+00,1.093119e+00,1.065113e+00,9.444799e-01,1.125667e+00,1.148806e+00,1.081353e+00,1.051438e+00,1.047626e+00,1.082531e+00,1.060131e+00,1.105684e+00,1.077732e+00,5.727174e-02,9.444799e-01,1.184733e+00
5.385000e+00,7.934800e-01,1.185573e+00,1.075929e+00,1.132039e+00,9.815247e-01,1.069141e+00,1.018321e+00,1.137442e+00,1.094037e+00,1.065595e+00,9.452349e-01,1.127500e+00,1.147910e+00,1.082706e+00,1.051312e+00,1.048535e+00,1.083633e+00,1.061092e+00,1.106000e+00,1.078529e+00,5.727695e-02,9.452349e-01,1.185573e+00
5.386000e+00,7.938100e-01,1.185802e+00,1.076549e+00,1.134951e+00,9.822870e-01,1.067266e+00,1.020219e+00,1.138744e+00,1.094862e+00,1.066511e+00,9.461745e-01,1.129500e+00,1.149403e+00,1.083529e+00,1.052312e+00,1.049545e+00,1.085061e+00,1.061747e+00,1.106842e+00,1.079517e+00,5.740738e-02,9.461745e-01,1.185802e+00
5.387000e+00,7.940500e-01,1.185573e+00,1.077080e+00,1.134757e+00,9.834081e-01,1.069375e+00,1.019708e+00,1.139953e+00,1.094862e+00,1.067556e+00,9.470302e-01,1.125000e+00,1.150896e+00,1.083647e+00,1.053250e+00,1.049394e+00,1.086041e+00,1.061397e+00,1.107263e+00,1.079788e+00,5.711751e-02,9.470302e-01,1.185573e+00
5.388000e+00,7.942200e-01,1.186260e+00,1.077345e+00,1.135340e+00,9.842601e-01,1.070859e+00,1.020876e+00,1.140419e+00,1.095138e+00,1.068376e+00,9.481040e-01,1.127333e+00,1.151343e+00,1.083059e+00,1.054062e+00,1.049949e+00,1.086653e+00,1.058515e+00,1.108421e+00,1.080351e+00,5.712756e-02,9.481040e-01,1.186260e+00
5.389000e+00,7.946400e-01,1.187710e+00,1.078053e+00,1.137379e+00,9.847534e-01,1.071172e+00,1.020803e+00,1.141535e+00,1.096055e+00,1.068955e+00,9.492450e-01,1.129333e+00,1.150597e+00,1.084529e+00,1.053500e+00,1.050909e+00,1.087469e+00,1.056681e+00,1.110105e+00,1.081044e+00,5.739139e-02,9.492450e-01,1.187710e+00
5.390000e+00,7.948700e-01,1.190382e+00,1.078053e+00,1.137476e+00,9.852915e-01,1.072812e+00,1.023358e+00,1.141721e+00,1.096514e+00,1.069759e+00,9.503356e-01,1.128167e+00,1.152687e+00,1.084647e+00,1.054812e+00,1.052273e+00,1.087429e+00,1.056812e+00,1.110316e+00,1.081825e+00,5.734939e-02,9.503356e-01,1.190382e+00
5.391000e+00,7.950900e-01,1.188779e+00,1.078319e+00,1.137282e+00,9.859641e-01,1.073594e+00,1.022774e+00,1.142791e+00,1.098073e+00,1.071318e+00,9.512919e-01,1.134500e+00,1.153881e+00,1.085529e+00,1.055250e+00,1.053081e+00,1.088898e+00,1.056987e+00,1.112000e+00,1.082795e+00,5.748160e-02,9.512919e-01,1.188779e+00
5.392000e+00,7.954700e-01,1.190153e+00,1.078850e+00,1.138350e+00,9.870852e-01,1.074219e+00,1.023942e+00,1.143860e+00,1.099725e+00,1.072765e+00,9.521477e-01,1.132667e+00,1.156269e+00,1.085706e+00,1.056000e+00,1.053030e+00,1.089714e+00,1.056725e+00,1.113158e+00,1.083576e+00,5.756471e-02,9.521477e-01,1.190153e+00
5.393000e+00,7.956400e-01,1.190916e+00,1.078702e+00,1.137864e+00,9.863677e-01,1.077813e+00,1.023650e+00,1.144419e+00,1.100459e+00,1.074003e+00,9.534732e-01,1.134833e+00,1.156866e+00,1.086059e+00,1.056063e+00,1.053687e+00,1.090367e+00,1.058122e+00,1.116211e+00,1.084437e+00,5.772193e-02,9.534732e-01,1.190916e+00
5.394000e+00,7.959200e-01,1.191145e+00,1.078643e+00,1.140291e+00,9.872646e-01,1.077656e+00,1.023723e+00,1.144930e+00,1.100917e+00,1.075048e+00,9.543456e-01,1.138000e+00,1.157761e+00,1.086824e+00,1.056750e+00,1.054394e+00,1.091510e+00,1.058646e+00,1.115895e+00,1.085208e+00,5.786569e-02,9.543456e-01,1.191145e+00
5.395000e+00,7.960100e-01,1.191908e+00,1.078997e+00,1.140291e+00,9.879372e-01,1.077813e+00,1.026277e+00,1.145953e+00,1.102018e+00,1.076383e+00,9.556040e-01,1.136333e+00,1.157612e+00,1.086588e+00,1.057438e+00,1.054848e+00,1.091633e+00,1.059651e+00,1.116737e+00,1.085779e+00,5.750754e-02,9.556040e-01,1.191908e+00
5.396000e+00,7.963800e-01,1.193359e+00,1.079115e+00,1.141262e+00,9.884305e-01,1.078672e+00,1.026131e+00,1.146465e+00,1.101284e+00,1.077894e+00,9.570302e-01,1.137000e+00,1.158507e+00,1.085059e+00,1.058000e+00,1.054141e+00,1.092367e+00,1.060044e+00,1.116842e+00,1.086200e+00,5.758883e-02,9.570302e-01,1.193359e+00
5.397000e+00,7.966000e-01,1.193969e+00,1.079292e+00,1.142816e+00,9.885202e-01,1.080078e+00,1.027153e+00,1.147256e+00,1.102477e+00,1.079212e+00,9.579195e-01,1.138500e+00,1.157313e+00,1.085235e+00,1.058750e+00,1.053687e+00,1.093510e+00,1.062183e+00,1.118737e+00,1.087034e+00,5.759554e-02,9.579195e-01,1.193969e+00
5.398000e+00,7.968800e-01,1.194733e+00,1.079056e+00,1.143010e+00,9.897309e-01,1.081406e+00,1.027737e+00,1.148047e+00,1.102018e+00,1.080402e+00,9.591107e-01,1.141500e+00,1.161791e+00,1.085118e+00,1.059125e+00,1.052323e+00,1.094082e+00,1.063450e+00,1.119684e+00,1.087907e+00,5.791172e-02,9.591107e-01,1.194733e+00
5.399000e+00,7.971100e-01,1.195878e+00,1.080236e+00,1.143981e+00,9.904036e-01,1.082656e+00,1.028467e+00,1.148465e+00,1.104037e+00,1.080868e+00,9.598490e-01,1.143333e+00,1.162388e+00,1.085412e+00,1.059187e+00,1.052626e+00,1.094531e+00,1.064716e+00,1.119895e+00,1.088718e+00,5.801942e-02,9.598490e-01,1.195878e+00
5.400000e+00,7.974600e-01,1.196489e+00,1.081091e+00,1.145631e+00,9.913453e-01,1.080703e+00,1.028978e+00,1.149023e+00,1.104128e+00,1.081125e+00,9.608389e-01,1.144333e+00,1.161493e+00,1.085176e+00,1.059750e+00,1.052879e+00,1.095184e+00,1.065502e+00,1.120947e+00,1.089145e+00,5.795245e-02,9.608389e-01,1.196489e+00
5.401000e+00,7.977400e-01,1.197710e+00,1.081622e+00,1.146311e+00,9.918386e-01,1.083438e+00,1.031022e+00,1.150279e+00,1.104679e+00,1.081383e+00,9.617450e-01,1.145333e+00,1.162985e+00,1.086176e+00,1.060688e+00,1.053283e+00,1.096327e+00,1.066332e+00,1.120211e+00,1.090076e+00,5.797302e-02,9.617450e-01,1.197710e+00
5.402000e+00,7.979500e-01,1.198321e+00,1.082655e+00,1.148447e+00,9.927354e-01,1.084297e+00,1.030657e+00,1.150512e+00,1.104954e+00,1.081656e+00,9.623993e-01,1.145167e+00,1.162239e+00,1.086471e+00,1.061063e+00,1.052980e+00,1.096286e+00,1.067773e+00,1.118000e+00,1.090367e+00,5.785611e-02,9.623993e-01,1.198321e+00
5.403000e+00,7.982300e-01,1.198779e+00,1.082891e+00,1.147087e+00,9.934529e-01,1.084609e+00,1.031387e+00,1.151488e+00,1.104587e+00,1.082251e+00,9.634060e-01,1.144167e+00,1.162388e+00,1.087941e+00,1.061562e+00,1.053232e+00,1.097184e+00,1.068646e+00,1.118526e+00,1.090755e+00,5.757016e-02,9.634060e-01,1.198779e+00
5.404000e+00,7.984000e-01,1.198321e+00,1.083363e+00,1.148544e+00,9.949327e-01,1.085859e+00,1.032555e+00,1.151721e+00,1.105688e+00,1.082717e+00,9.640436e-01,1.149667e+00,1.162388e+00,1.087353e+00,1.061813e+00,1.053838e+00,1.097429e+00,1.069301e+00,1.118421e+00,1.091553e+00,5.758598e-02,9.640436e-01,1.198321e+00
5.405000e+00,7.987300e-01,1.199466e+00,1.084100e+00,1.149903e+00,9.960090e-01,1.087109e+00,1.031533e+00,1.152279e+00,1.106147e+00,1.083087e+00,9.649664e-01,1.149833e+00,1.162687e+00,1.088118e+00,1.062625e+00,1.055505e+00,1.097633e+00,1.069389e+00,1.120211e+00,1.092255e+00,5.763773e-02,9.649664e-01,1.199466e+00
5.406000e+00,7.990800e-01,1.200305e+00,1.083746e+00,1.149612e+00,9.959193e-01,1.087969e+00,1.031314e+00,1.151395e+00,1.105780e+00,1.083553e+00,9.655369e-01,1.151000e+00,1.163881e+00,1.089000e+00,1.062875e+00,1.056414e+00,1.096286e+00,1.070306e+00,1.121158e+00,1.092558e+00,5.770365e-02,9.655369e-01,1.200305e+00
5.407000e+00,7.992600e-01,1.200840e+00,1.084631e+00,1.151165e+00,9.956951e-01,1.089141e+00,1.030000e+00,1.151302e+00,1.104312e+00,1.083778e+00,9.658389e-01,1.151000e+00,1.165075e+00,1.090235e+00,1.062750e+00,1.057576e+00,1.095551e+00,1.071310e+00,1.123368e+00,1.092976e+00,5.795227e-02,9.658389e-01,1.200840e+00
5.408000e+00,7.995600e-01,1.201908e+00,1.085192e+00,1.152039e+00,9.960090e-01,1.089375e+00,1.031752e+00,1.151209e+00,1.105413e+00,1.084148e+00,9.666611e-01,1.152000e+00,1.168358e+00,1.091059e+00,1.064125e+00,1.058283e+00,1.095551e+00,1.072096e+00,1.125263e+00,1.093913e+00,5.813474e-02,9.666611e-01,1.201908e+00
5.409000e+00,7.996700e-01,1.201450e+00,1.085959e+00,1.151650e+00,9.951121e-01,1.091719e+00,1.032044e+00,1.151395e+00,1.105413e+00,1.084534e+00,9.675336e-01,1.155000e+00,1.167910e+00,1.091647e+00,1.064500e+00,1.059444e+00,1.096122e+00,1.072751e+00,1.126211e+00,1.094466e+00,5.812224e-02,9.675336e-01,1.201450e+00
5.410000e+00,8.000100e-01,1.203817e+00,1.086283e+00,1.153592e+00,9.959641e-01,1.094141e+00,1.032409e+00,1.152093e+00,1.107156e+00,1.084646e+00,9.686074e-01,1.155833e+00,1.169851e+00,1.092647e+00,1.065000e+00,1.060859e+00,1.096490e+00,1.073886e+00,1.128211e+00,1.095638e+00,5.844486e-02,9.686074e-01,1.203817e+00
5.411000e+00,8.001800e-01,1.203282e+00,1.086431e+00,1.153786e+00,9.959193e-01,1.092656e+00,1.032628e+00,1.152698e+00,1.107064e+00,1.084871e+00,9.698490e-01,1.155167e+00,1.171642e+00,1.093118e+00,1.065250e+00,1.061364e+00,1.096939e+00,1.074105e+00,1.129053e+00,1.095879e+00,5.836053e-02,9.698490e-01,1.203282e+00
5.412000e+00,8.003700e-01,1.204427e+00,1.087139e+00,1.154175e+00,9.961883e-01,1.093438e+00,1.033431e+00,1.153535e+00,1.107339e+00,1.085032e+00,9.704698e-01,1.155833e+00,1.170746e+00,1.093059e+00,1.066125e+00,1.062626e+00,1.097796e+00,1.074585e+00,1.129895e+00,1.096436e+00,5.831401e-02,9.704698e-01,1.204427e+00
5.413000e+00,8.005800e-01,1.204733e+00,1.086932e+00,1.154175e+00,9.965919e-01,1.095469e+00,1.034088e+00,1.154372e+00,1.107982e+00,1.086399e+00,9.716443e-01,1.156667e+00,1.172687e+00,1.094176e+00,1.066437e+00,1.063636e+00,1.097755e+00,1.075895e+00,1.132737e+00,1.097354e+00,5.836759e-02,9.716443e-01,1.204733e+00
5.414000e+00,8.008600e-01,1.203588e+00,1.086254e+00,1.153301e+00,9.971300e-01,1.095156e+00,1.033650e+00,1.155767e+00,1.108349e+00,1.088199e+00,9.727685e-01,1.159667e+00,1.174328e+00,1.095235e+00,1.066875e+00,1.065404e+00,1.098531e+00,1.077249e+00,1.133684e+00,1.098063e+00,5.833991e-02,9.727685e-01,1.203588e+00
5.415000e+00,8.010400e-01,1.203435e+00,1.086283e+00,1.156990e+00,9.982960e-01,1.096250e+00,1.036204e+00,1.156233e+00,1.110459e+00,1.089759e+00,9.736074e-01,1.159000e+00,1.174030e+00,1.095353e+00,1.067500e+00,1.064899e+00,1.099061e+00,1.079127e+00,1.135368e+00,1.098992e+00,5.814471e-02,9.736074e-01,1.203435e+00
5.416000e+00,8.013200e-01,1.203664e+00,1.087168e+00,1.155049e+00,9.987892e-01,1.096641e+00,1.034964e+00,1.156651e+00,1.110734e+00,1.091431e+00,9.749832e-01,1.160167e+00,1.176716e+00,1.095176e+00,1.067313e+00,1.065758e+00,1.100204e+00,1.079738e+00,1.135789e+00,1.099496e+00,5.817107e-02,9.749832e-01,1.203664e+00
5.417000e+00,8.016800e-01,1.203893e+00,1.087670e+00,1.156893e+00,9.994619e-01,1.098359e+00,1.036715e+00,1.157488e+00,1.111468e+00,1.092797e+00,9.756711e-01,1.159667e+00,1.178507e+00,1.096059e+00,1.068437e+00,1.066263e+00,1.100245e+00,1.080742e+00,1.137474e+00,1.100434e+00,5.816139e-02,9.756711e-01,1.203893e+00
5.418000e+00,8.018000e-01,1.204962e+00,1.088142e+00,1.158738e+00,1.000000e+00,1.099453e+00,1.036861e+00,1.158233e+00,1.112110e+00,1.093971e+00,9.767785e-01,1.161167e+00,1.176716e+00,1.096941e+00,1.068563e+00,1.066970e+00,1.100612e+00,1.081790e+00,1.138632e+00,1.101147e+00,5.815126e-02,9.767785e-01,1.204962e+00
5.419000e+00,8.022100e-01,1.202443e+00,1.088909e+00,1.158932e+00,1.001300e+00,1.099063e+00,1.037956e+00,1.158884e+00,1.113394e+00,1.095563e+00,9.775336e-01,1.163833e+00,1.178507e+00,1.097353e+00,1.067688e+00,1.066970e+00,1.101184e+00,1.082271e+00,1.140421e+00,1.101789e+00,5.803211e-02,9.775336e-01,1.202443e+00
5.420000e+00,8.024800e-01,1.203588e+00,1.089115e+00,1.158932e+00,1.002287e+00,1.101328e+00,1.037445e+00,1.159302e+00,1.114771e+00,1.097074e+00,9.784228e-01,1.165667e+00,1.181194e+00,1.097471e+00,1.066562e+00,1.067323e+00,1.102531e+00,1.083275e+00,1.141684e+00,1.102665e+00,5.835798e-02,9.784228e-01,1.203588e+00
5.421000e+00,8.027100e-01,1.205802e+00,1.089086e+00,1.160291e+00,1.002780e+00,1.103047e+00,1.039270e+00,1.160419e+00,1.115138e+00,1.098232e+00,9.794631e-01,1.164500e+00,1.180299e+00,1.098824e+00,1.065813e+00,1.067677e+00,1.102041e+00,1.084803e+00,1.143474e+00,1.103386e+00,5.833368e-02,9.794631e-01,1.205802e+00
5.422000e+00,8.029200e-01,1.207634e+00,1.090383e+00,1.161068e+00,1.003453e+00,1.103203e+00,1.039051e+00,1.160605e+00,1.116881e+00,1.099341e+00,9.801846e-01,1.167500e+00,1.180448e+00,1.099588e+00,1.065875e+00,1.068737e+00,1.102857e+00,1.085895e+00,1.145053e+00,1.104320e+00,5.861279e-02,9.801846e-01,1.207634e+00
5.423000e+00,8.031000e-01,1.209237e+00,1.091091e+00,1.162524e+00,1.004170e+00,1.103438e+00,1.039781e+00,1.161767e+00,1.116330e+00,1.100370e+00,9.812416e-01,1.167000e+00,1.183134e+00,1.100235e+00,1.066562e+00,1.069343e+00,1.103224e+00,1.087205e+00,1.146737e+00,1.105188e+00,5.881254e-02,9.812416e-01,1.209237e+00
5.424000e+00,8.034100e-01,1.208550e+00,1.091858e+00,1.162039e+00,1.005291e+00,1.105703e+00,1.040949e+00,1.162000e+00,1.116697e+00,1.101206e+00,9.821141e-01,1.169833e+00,1.184030e+00,1.101412e+00,1.067375e+00,1.069848e+00,1.104408e+00,1.087948e+00,1.146526e+00,1.105988e+00,5.859743e-02,9.821141e-01,1.208550e+00
5.425000e+00,8.037100e-01,1.208626e+00,1.092330e+00,1.163398e+00,1.006054e+00,1.106250e+00,1.041241e+00,1.162651e+00,1.118349e+00,1.101785e+00,9.829362e-01,1.170167e+00,1.184627e+00,1.101647e+00,1.068500e+00,1.070455e+00,1.104367e+00,1.088559e+00,1.148526e+00,1.106693e+00,5.860212e-02,9.829362e-01,1.208626e+00
5.426000e+00,8.038900e-01,1.209695e+00,1.092478e+00,1.166602e+00,1.006861e+00,1.107813e+00,1.043139e+00,1.164047e+00,1.118257e+00,1.102219e+00,9.839430e-01,1.170667e+00,1.186716e+00,1.101882e+00,1.068688e+00,1.070909e+00,1.104776e+00,1.087991e+00,1.148316e+00,1.107500e+00,5.880130e-02,9.839430e-01,1.209695e+00
5.427000e+00,8.041400e-01,1.211069e+00,1.092920e+00,1.166505e+00,1.007489e+00,1.107734e+00,1.042555e+00,1.165023e+00,1.119358e+00,1.102878e+00,9.839262e-01,1.170333e+00,1.187015e+00,1.102588e+00,1.069750e+00,1.072121e+00,1.105469e+00,1.088690e+00,1.150947e+00,1.108132e+00,5.896897e-02,9.839262e-01,1.211069e+00
5.428000e+00,8.045100e-01,1.210687e+00,1.092773e+00,1.167670e+00,1.009327e+00,1.107813e+00,1.043577e+00,1.166233e+00,1.120183e+00,1.103762e+00,9.844128e-01,1.172667e+00,1.188955e+00,1.103118e+00,1.070375e+00,1.072828e+00,1.105633e+00,1.088646e+00,1.151684e+00,1.108908e+00,5.903888e-02,9.844128e-01,1.210687e+00
5.429000e+00,8.047100e-01,1.212443e+00,1.093540e+00,1.168544e+00,1.010045e+00,1.109453e+00,1.043577e+00,1.166279e+00,1.121101e+00,1.104469e+00,9.853859e-01,1.175500e+00,1.189403e+00,1.104059e+00,1.071187e+00,1.073535e+00,1.106939e+00,1.088865e+00,1.152947e+00,1.109848e+00,5.926055e-02,9.853859e-01,1.212443e+00
5.430000e+00,8.050400e-01,1.213969e+00,1.093687e+00,1.167961e+00,1.011300e+00,1.109687e+00,1.044745e+00,1.167070e+00,1.120092e+00,1.105048e+00,9.860403e-01,1.176500e+00,1.189701e+00,1.104471e+00,1.071562e+00,1.074596e+00,1.107551e+00,1.089301e+00,1.155684e+00,1.110498e+00,5.927226e-02,9.860403e-01,1.213969e+00
5.431000e+00,8.052500e-01,1.215954e+00,1.094661e+00,1.170000e+00,1.012018e+00,1.111953e+00,1.044599e+00,1.167767e+00,1.121743e+00,1.105836e+00,9.872483e-01,1.176000e+00,1.193433e+00,1.105353e+00,1.071187e+00,1.075808e+00,1.107878e+00,1.089825e+00,1.156842e+00,1.111561e+00,5.966549e-02,9.872483e-01,1.215954e+00
5.432000e+00,8.054400e-01,1.216489e+00,1.095339e+00,1.171359e+00,1.012511e+00,1.112031e+00,1.045328e+00,1.168140e+00,1.122294e+00,1.107154e+00,9.879866e-01,1.179667e+00,1.192836e+00,1.105647e+00,1.072313e+00,1.075960e+00,1.108286e+00,1.091135e+00,1.158211e+00,1.112371e+00,5.978300e-02,9.879866e-01,1.216489e+00
5.433000e+00,8.058000e-01,1.216565e+00,1.095841e+00,1.171748e+00,1.012556e+00,1.112187e+00,1.045036e+00,1.169163e+00,1.122385e+00,1.108344e+00,9.885570e-01,1.177500e+00,1.194179e+00,1.107000e+00,1.072688e+00,1.076667e+00,1.108408e+00,1.092140e+00,1.158842e+00,1.112767e+00,5.973014e-02,9.885570e-01,1.216565e+00
5.434000e+00,8.060900e-01,1.215649e+00,1.095959e+00,1.172621e+00,1.013318e+00,1.115547e+00,1.045109e+00,1.169488e+00,1.124587e+00,1.109293e+00,9.897651e-01,1.180000e+00,1.194478e+00,1.107059e+00,1.073562e+00,1.077323e+00,1.108122e+00,1.093275e+00,1.160737e+00,1.113661e+00,5.969114e-02,9.897651e-01,1.215649e+00
5.435000e+00,8.064300e-01,1.214962e+00,1.095575e+00,1.173495e+00,1.013767e+00,1.115625e+00,1.048248e+00,1.170279e+00,1.124495e+00,1.110498e+00,9.907047e-01,1.181167e+00,1.194328e+00,1.107471e+00,1.073625e+00,1.077828e+00,1.108816e+00,1.094192e+00,1.160842e+00,1.114218e+00,5.939242e-02,9.907047e-01,1.214962e+00
5.436000e+00,8.066200e-01,1.216947e+00,1.095103e+00,1.176311e+00,1.014933e+00,1.114766e+00,1.047153e+00,1.170372e+00,1.124404e+00,1.111415e+00,9.916107e-01,1.181833e+00,1.198657e+00,1.108706e+00,1.075562e+00,1.078283e+00,1.109673e+00,1.095677e+00,1.161579e+00,1.115166e+00,5.987766e-02,9.916107e-01,1.216947e+00
5.437000e+00,8.068300e-01,1.218779e+00,1.095900e+00,1.176311e+00,1.015202e+00,1.117656e+00,1.049270e+00,1.170837e+00,1.126606e+00,1.111752e+00,9.927685e-01,1.184500e+00,1.196866e+00,1.108941e+00,1.075813e+00,1.078788e+00,1.109510e+00,1.096681e+00,1.162842e+00,1.116057e+00,5.983077e-02,9.927685e-01,1.218779e+00
5.438000e+00,8.071900e-01,1.220687e+00,1.096342e+00,1.177184e+00,1.016502e+00,1.118594e+00,1.047518e+00,1.171442e+00,1.127248e+00,1.111977e+00,9.941443e-01,1.184333e+00,1.197463e+00,1.108882e+00,1.076688e+00,1.079343e+00,1.109510e+00,1.097904e+00,1.163158e+00,1.116607e+00,5.989955e-02,9.941443e-01,1.220687e+00
5.439000e+00,8.072700e-01,1.221603e+00,1.097168e+00,1.177961e+00,1.017892e+00,1.117969e+00,1.048613e+00,1.170512e+00,1.128624e+00,1.112251e+00,9.952517e-01,1.184167e+00,1.199403e+00,1.109000e+00,1.076500e+00,1.079394e+00,1.108367e+00,1.097991e+00,1.164842e+00,1.117084e+00,5.987945e-02,9.952517e-01,1.221603e+00
5.440000e+00,8.076100e-01,1.221450e+00,1.097758e+00,1.178155e+00,1.018700e+00,1.118906e+00,1.047810e+00,1.170744e+00,1.128716e+00,1.112621e+00,9.964094e-01,1.186667e+00,1.202388e+00,1.109471e+00,1.078125e+00,1.080202e+00,1.107224e+00,1.097511e+00,1.165579e+00,1.117691e+00,6.007136e-02,9.964094e-01,1.221450e+00
5.441000e+00,8.078400e-01,1.221679e+00,1.098437e+00,1.179223e+00,1.017265e+00,1.118594e+00,1.048613e+00,1.169535e+00,1.129725e+00,1.113006e+00,9.974832e-01,1.184833e+00,1.201343e+00,1.109941e+00,1.077000e+00,1.080202e+00,1.106776e+00,1.098035e+00,1.166526e+00,1.117679e+00,5.993073e-02,9.974832e-01,1.221679e+00
5.442000e+00,8.079700e-01,1.221603e+00,1.098850e+00,1.180777e+00,1.016592e+00,1.120781e+00,1.047664e+00,1.170326e+00,1.129266e+00,1.113344e+00,9.988591e-01,1.188000e+00,1.199851e+00,1.110647e+00,1.078313e+00,1.081364e+00,1.107388e+00,1.098122e+00,1.166211e+00,1.118220e+00,5.998282e-02,9.988591e-01,1.221603e+00
5.443000e+00,8.082400e-01,1.222672e+00,1.099469e+00,1.180388e+00,1.017040e+00,1.121719e+00,1.049562e+00,1.170884e+00,1.130734e+00,1.113569e+00,9.998154e-01,1.187167e+00,1.202687e+00,1.111412e+00,1.078750e+00,1.081818e+00,1.108082e+00,1.098690e+00,1.168632e+00,1.119060e+00,6.004252e-02,9.998154e-01,1.222672e+00
5.444000e+00,8.086600e-01,1.224122e+00,1.100000e+00,1.181650e+00,1.020628e+00,1.120937e+00,1.048832e+00,1.170930e+00,1.131193e+00,1.113939e+00,1.000201e+00,1.186667e+00,1.203284e+00,1.111176e+00,1.079063e+00,1.081010e+00,1.108122e+00,1.099127e+00,1.167053e+00,1.119330e+00,5.987375e-02,1.000201e+00,1.224122e+00
5.445000e+00,8.089400e-01,1.226031e+00,1.100472e+00,1.180777e+00,1.023363e+00,1.120469e+00,1.050511e+00,1.171442e+00,1.131835e+00,1.114662e+00,1.000705e+00,1.190167e+00,1.204179e+00,1.112471e+00,1.079063e+00,1.079646e+00,1.108939e+00,1.100437e+00,1.170526e+00,1.120316e+00,6.007314e-02,1.000705e+00,1.226031e+00
5.446000e+00,8.090400e-01,1.225573e+00,1.101062e+00,1.181553e+00,1.023318e+00,1.121719e+00,1.051460e+00,1.172744e+00,1.131651e+00,1.115289e+00,1.001393e+00,1.189333e+00,1.206269e+00,1.112471e+00,1.080062e+00,1.079545e+00,1.108735e+00,1.100524e+00,1.170526e+00,1.120735e+00,6.006281e-02,1.001393e+00,1.225573e+00
5.447000e+00,8.093000e-01,1.226107e+00,1.102124e+00,1.181165e+00,1.021435e+00,1.122266e+00,1.050365e+00,1.172744e+00,1.130917e+00,1.116190e+00,1.002064e+00,1.193000e+00,1.206567e+00,1.113059e+00,1.080625e+00,1.079242e+00,1.109673e+00,1.101616e+00,1.172737e+00,1.121216e+00,6.055072e-02,1.002064e+00,1.226107e+00
5.448000e+00,8.096000e-01,1.224198e+00,1.102920e+00,1.182427e+00,1.021166e+00,1.122422e+00,1.051971e+00,1.173953e+00,1.133394e+00,1.117524e+00,1.003020e+00,1.192167e+00,1.207164e+00,1.113176e+00,1.081812e+00,1.079697e+00,1.110612e+00,1.102227e+00,1.173895e+00,1.121875e+00,6.028137e-02,1.003020e+00,1.224198e+00
5.449000e+00,8.099100e-01,1.224962e+00,1.103304e+00,1.183689e+00,1.023274e+00,1.123125e+00,1.052409e+00,1.174837e+00,1.133028e+00,1.118746e+00,1.004295e+00,1.193000e+00,1.209701e+00,1.114353e+00,1.082187e+00,1.080606e+00,1.110898e+00,1.101485e+00,1.175158e+00,1.122725e+00,6.035804e-02,1.004295e+00,1.224962e+00
5.450000e+00,8.101600e-01,1.226031e+00,1.103304e+00,1.184272e+00,1.025561e+00,1.125234e+00,1.053285e+00,1.175907e+00,1.132294e+00,1.119952e+00,1.005185e+00,1.196000e+00,1.209254e+00,1.115118e+00,1.083187e+00,1.081869e+00,1.111714e+00,1.102183e+00,1.174947e+00,1.123628e+00,6.020900e-02,1.005185e+00,1.226031e+00
5.451000e+00,8.103200e-01,1.225344e+00,1.103746e+00,1.185437e+00,1.025695e+00,1.125078e+00,1.053796e+00,1.176279e+00,1.130734e+00,1.120997e+00,1.006208e+00,1.194833e+00,1.210896e+00,1.115647e+00,1.082688e+00,1.082677e+00,1.112204e+00,1.102402e+00,1.176211e+00,1.123937e+00,6.013646e-02,1.006208e+00,1.225344e+00
5.452000e+00,8.106200e-01,1.226718e+00,1.104484e+00,1.186796e+00,1.024753e+00,1.124766e+00,1.054818e+00,1.176465e+00,1.131927e+00,1.121945e+00,1.007131e+00,1.201000e+00,1.211493e+00,1.116353e+00,1.083187e+00,1.083687e+00,1.113102e+00,1.102751e+00,1.176526e+00,1.124883e+00,6.066224e-02,1.007131e+00,1.226718e+00
5.453000e+00,8.108000e-01,1.227710e+00,1.105251e+00,1.187864e+00,1.026816e+00,1.126875e+00,1.055912e+00,1.177535e+00,1.130917e+00,1.123135e+00,1.007886e+00,1.198333e+00,1.212687e+00,1.115353e+00,1.084188e+00,1.084141e+00,1.113837e+00,1.103668e+00,1.176947e+00,1.125503e+00,6.036489e-02,1.007886e+00,1.227710e+00
5.454000e+00,8.110700e-01,1.229237e+00,1.105310e+00,1.188738e+00,1.030000e+00,1.127734e+00,1.055839e+00,1.179070e+00,1.132661e+00,1.124341e+00,1.009010e+00,1.198333e+00,1.213582e+00,1.114294e+00,1.084875e+00,1.085152e+00,1.113959e+00,1.104716e+00,1.177158e+00,1.126334e+00,6.024318e-02,1.009010e+00,1.229237e+00
5.455000e+00,8.113100e-01,1.228321e+00,1.105575e+00,1.190097e+00,1.028969e+00,1.129531e+00,1.057226e+00,1.179581e+00,1.133394e+00,1.125707e+00,1.010319e+00,1.202833e+00,1.214030e+00,1.113000e+00,1.083813e+00,1.086061e+00,1.114980e+00,1.105415e+00,1.178421e+00,1.127071e+00,6.052064e-02,1.010319e+00,1.228321e+00
5.456000e+00,8.116000e-01,1.227023e+00,1.105192e+00,1.190388e+00,1.027534e+00,1.130313e+00,1.057226e+00,1.180465e+00,1.133119e+00,1.127444e+00,1.011074e+00,1.203667e+00,1.214328e+00,1.113176e+00,1.085125e+00,1.086364e+00,1.115061e+00,1.105852e+00,1.179684e+00,1.127391e+00,6.058457e-02,1.011074e+00,1.227023e+00
5.457000e+00,8.118300e-01,1.226565e+00,1.105575e+00,1.192913e+00,1.027534e+00,1.129922e+00,1.058248e+00,1.180372e+00,1.134862e+00,1.128875e+00,1.012215e+00,1.204167e+00,1.217463e+00,1.113529e+00,1.085500e+00,1.086970e+00,1.115918e+00,1.107074e+00,1.181895e+00,1.128311e+00,6.081931e-02,1.012215e+00,1.226565e+00
5.458000e+00,8.121300e-01,1.227786e+00,1.105634e+00,1.192621e+00,1.029148e+00,1.131328e+00,1.058905e+00,1.181814e+00,1.135872e+00,1.129743e+00,1.013188e+00,1.206000e+00,1.216418e+00,1.114353e+00,1.086188e+00,1.087980e+00,1.116082e+00,1.107773e+00,1.182316e+00,1.129064e+00,6.066849e-02,1.013188e+00,1.227786e+00
5.459000e+00,8.122900e-01,1.228626e+00,1.106047e+00,1.194078e+00,1.030942e+00,1.133437e+00,1.060292e+00,1.181628e+00,1.136972e+00,1.130820e+00,1.014463e+00,1.205667e+00,1.217015e+00,1.114588e+00,1.086250e+00,1.088838e+00,1.116286e+00,1.108734e+00,1.183263e+00,1.129886e+00,6.044916e-02,1.014463e+00,1.228626e+00
5.460000e+00,8.125100e-01,1.228931e+00,1.106932e+00,1.195049e+00,1.032960e+00,1.133437e+00,1.059197e+00,1.181674e+00,1.138440e+00,1.132074e+00,1.015419e+00,1.209833e+00,1.218806e+00,1.114824e+00,1.086875e+00,1.089545e+00,1.116694e+00,1.108428e+00,1.183579e+00,1.130705e+00,6.071688e-02,1.015419e+00,1.228931e+00
5.461000e+00,8.127500e-01,1.229847e+00,1.108348e+00,1.196117e+00,1.031345e+00,1.134531e+00,1.060365e+00,1.182651e+00,1.139083e+00,1.133071e+00,1.016443e+00,1.209167e+00,1.219104e+00,1.115882e+00,1.086938e+00,1.089444e+00,1.116082e+00,1.109258e+00,1.185368e+00,1.131280e+00,6.089007e-02,1.016443e+00,1.229847e+00
5.462000e+00,8.129800e-01,1.231069e+00,1.108761e+00,1.197476e+00,1.029641e+00,1.135312e+00,1.060511e+00,1.183721e+00,1.139817e+00,1.134019e+00,1.017517e+00,1.210333e+00,1.219254e+00,1.116647e+00,1.087125e+00,1.090000e+00,1.117102e+00,1.110917e+00,1.185368e+00,1.131922e+00,6.117582e-02,1.017517e+00,1.231069e+00
5.463000e+00,8.133900e-01,1.230534e+00,1.110000e+00,1.197379e+00,1.027892e+00,1.136328e+00,1.062044e+00,1.184000e+00,1.140550e+00,1.135305e+00,1.018423e+00,1.211000e+00,1.217910e+00,1.116882e+00,1.087500e+00,1.090808e+00,1.118245e+00,1.111441e+00,1.183368e+00,1.132201e+00,6.086562e-02,1.018423e+00,1.230534e+00
5.464000e+00,8.137300e-01,1.231069e+00,1.110619e+00,1.198738e+00,1.029193e+00,1.137969e+00,1.062774e+00,1.184605e+00,1.141376e+00,1.136704e+00,1.019581e+00,1.211333e+00,1.215821e+00,1.116824e+00,1.088500e+00,1.091717e+00,1.118327e+00,1.111485e+00,1.182632e+00,1.132737e+00,6.049102e-02,1.019581e+00,1.231069e+00
5.465000e+00,8.138600e-01,1.231603e+00,1.111150e+00,1.200097e+00,1.029686e+00,1.139531e+00,1.061679e+00,1.185442e+00,1.141376e+00,1.137395e+00,1.020352e+00,1.214833e+00,1.217164e+00,1.117765e+00,1.089625e+00,1.092172e+00,1.119061e+00,1.111528e+00,1.183474e+00,1.133552e+00,6.091543e-02,1.020352e+00,1.231603e+00
5.466000e+00,8.141000e-01,1.232672e+00,1.111416e+00,1.200291e+00,1.031300e+00,1.141016e+00,1.063723e+00,1.186140e+00,1.141284e+00,1.137476e+00,1.020906e+00,1.213000e+00,1.218657e+00,1.118706e+00,1.089687e+00,1.093889e+00,1.118776e+00,1.112402e+00,1.184421e+00,1.134209e+00,6.064646e-02,1.020906e+00,1.232672e+00
5.467000e+00,8.143300e-01,1.233206e+00,1.111917e+00,1.200971e+00,1.033049e+00,1.140547e+00,1.063723e+00,1.186698e+00,1.142661e+00,1.137669e+00,1.022198e+00,1.212833e+00,1.216716e+00,1.119706e+00,1.090188e+00,1.094899e+00,1.120041e+00,1.113231e+00,1.185474e+00,1.134763e+00,6.024363e-02,1.022198e+00,1.233206e+00
5.468000e+00,8.146500e-01,1.233969e+00,1.113245e+00,1.203398e+00,1.033453e+00,1.140547e+00,1.064599e+00,1.187395e+00,1.143945e+00,1.137846e+00,1.023087e+00,1.215333e+00,1.221045e+00,1.120647e+00,1.089812e+00,1.094697e+00,1.120571e+00,1.112707e+00,1.186947e+00,1.135736e+00,6.088544e-02,1.023087e+00,1.233969e+00
5.469000e+00,8.147900e-01,1.234809e+00,1.114189e+00,1.203107e+00,1.033453e+00,1.143125e+00,1.064453e+00,1.188093e+00,1.143670e+00,1.138135e+00,1.024077e+00,1.213167e+00,1.221940e+00,1.121176e+00,1.091250e+00,1.095758e+00,1.120980e+00,1.113057e+00,1.188421e+00,1.136270e+00,6.074200e-02,1.024077e+00,1.234809e+00
5.470000e+00,8.150700e-01,1.235115e+00,1.114661e+00,1.204078e+00,1.032960e+00,1.143437e+00,1.064964e+00,1.188744e+00,1.144312e+00,1.138457e+00,1.025185e+00,1.215167e+00,1.221493e+00,1.121588e+00,1.091562e+00,1.097525e+00,1.121143e+00,1.113624e+00,1.188947e+00,1.136831e+00,6.079153e-02,1.025185e+00,1.235115e+00
5.471000e+00,8.154600e-01,1.237023e+00,1.115133e+00,1.205146e+00,1.032556e+00,1.145078e+00,1.065182e+00,1.189349e+00,1.145596e+00,1.138633e+00,1.026007e+00,1.215500e+00,1.221343e+00,1.123059e+00,1.091938e+00,1.097576e+00,1.121143e+00,1.113974e+00,1.190737e+00,1.137498e+00,6.106223e-02,1.026007e+00,1.237023e+00
5.472000e+00,8.157500e-01,1.236718e+00,1.116077e+00,1.205534e+00,1.034888e+00,1.146016e+00,1.066277e+00,1.189256e+00,1.146789e+00,1.139244e+00,1.026997e+00,1.216667e+00,1.224776e+00,1.123529e+00,1.092125e+00,1.098232e+00,1.120612e+00,1.114061e+00,1.191263e+00,1.138281e+00,6.100077e-02,1.026997e+00,1.236718e+00
5.473000e+00,8.159500e-01,1.237786e+00,1.116726e+00,1.206796e+00,1.036682e+00,1.146953e+00,1.064453e+00,1.187907e+00,1.147890e+00,1.139871e+00,1.027819e+00,1.222000e+00,1.224478e+00,1.124059e+00,1.092937e+00,1.099091e+00,1.119265e+00,1.114629e+00,1.193053e+00,1.139022e+00,6.137860e-02,1.027819e+00,1.237786e+00
5.474000e+00,8.162400e-01,1.238855e+00,1.116431e+00,1.208058e+00,1.038027e+00,1.148516e+00,1.064453e+00,1.188279e+00,1.149083e+00,1.140080e+00,1.028490e+00,1.217667e+00,1.226119e+00,1.125118e+00,1.093187e+00,1.099495e+00,1.118980e+00,1.115066e+00,1.194632e+00,1.139474e+00,6.125152e-02,1.028490e+00,1.238855e+00
5.475000e+00,8.164700e-01,1.238626e+00,1.116903e+00,1.209417e+00,1.038834e+00,1.149531e+00,1.064818e+00,1.187721e+00,1.150459e+00,1.140273e+00,1.029950e+00,1.221167e+00,1.228358e+00,1.125412e+00,1.093500e+00,1.099747e+00,1.118490e+00,1.116026e+00,1.195053e+00,1.140238e+00,6.146937e-02,1.029950e+00,1.238626e+00
5.476000e+00,8.165700e-01,1.239237e+00,1.116991e+00,1.209515e+00,1.039596e+00,1.147734e+00,1.065839e+00,1.188791e+00,1.150826e+00,1.141109e+00,1.030503e+00,1.221333e+00,1.227015e+00,1.124647e+00,1.094625e+00,1.100152e+00,1.118980e+00,1.116681e+00,1.196842e+00,1.140579e+00,6.129092e-02,1.030503e+00,1.239237e+00
5.477000e+00,8.169900e-01,1.240763e+00,1.117227e+00,1.209029e+00,1.039417e+00,1.149844e+00,1.066423e+00,1.188744e+00,1.151651e+00,1.143006e+00,1.031258e+00,1.222500e+00,1.228060e+00,1.125647e+00,1.095125e+00,1.100051e+00,1.119551e+00,1.117642e+00,1.198000e+00,1.141330e+00,6.148011e-02,1.031258e+00,1.240763e+00
5.478000e+00,8.171600e-01,1.241145e+00,1.117670e+00,1.210000e+00,1.040090e+00,1.151172e+00,1.066204e+00,1.189349e+00,1.153945e+00,1.145064e+00,1.032416e+00,1.225333e+00,1.227164e+00,1.126588e+00,1.095125e+00,1.100556e+00,1.120204e+00,1.118297e+00,1.200526e+00,1.142269e+00,6.167742e-02,1.032416e+00,1.241145e+00
5.479000e+00,8.176100e-01,1.241527e+00,1.118761e+00,1.209515e+00,1.040538e+00,1.151328e+00,1.067007e+00,1.189953e+00,1.152936e+00,1.146929e+00,1.033037e+00,1.224833e+00,1.231791e+00,1.127176e+00,1.093437e+00,1.101414e+00,1.120898e+00,1.119214e+00,1.201053e+00,1.142853e+00,6.187502e-02,1.033037e+00,1.241527e+00
5.480000e+00,8.177600e-01,1.241985e+00,1.118850e+00,1.210485e+00,1.042018e+00,1.152969e+00,1.068029e+00,1.189907e+00,1.154771e+00,1.148553e+00,1.033792e+00,1.227000e+00,1.233881e+00,1.128235e+00,1.092750e+00,1.101616e+00,1.121592e+00,1.120437e+00,1.203474e+00,1.143908e+00,6.215104e-02,1.033792e+00,1.241985e+00
5.481000e+00,8.179500e-01,1.243130e+00,1.119646e+00,1.211845e+00,1.043049e+00,1.153203e+00,1.068832e+00,1.190372e+00,1.155872e+00,1.149711e+00,1.034430e+00,1.227500e+00,1.232090e+00,1.128706e+00,1.092313e+00,1.101616e+00,1.122449e+00,1.121223e+00,1.204105e+00,1.144449e+00,6.205036e-02,1.034430e+00,1.243130e+00
5.482000e+00,8.182400e-01,1.244046e+00,1.120590e+00,1.211553e+00,1.044439e+00,1.153984e+00,1.069124e+00,1.191535e+00,1.156606e+00,1.150707e+00,1.035000e+00,1.228000e+00,1.234030e+00,1.129353e+00,1.092562e+00,1.101970e+00,1.123306e+00,1.123013e+00,1.205684e+00,1.145306e+00,6.214441e-02,1.035000e+00,1.244046e+00
5.483000e+00,8.184000e-01,1.243588e+00,1.121593e+00,1.212718e+00,1.045650e+00,1.157266e+00,1.070292e+00,1.192233e+00,1.156422e+00,1.151576e+00,1.035117e+00,1.231333e+00,1.235075e+00,1.129882e+00,1.093062e+00,1.103131e+00,1.124000e+00,1.122707e+00,1.207263e+00,1.146273e+00,6.234561e-02,1.035117e+00,1.243588e+00
5.484000e+00,8.186600e-01,1.244580e+00,1.122979e+00,1.214369e+00,1.044888e+00,1.156562e+00,1.071168e+00,1.193116e+00,1.156606e+00,1.152572e+00,1.035772e+00,1.232333e+00,1.238507e+00,1.130471e+00,1.092625e+00,1.103081e+00,1.125020e+00,1.122882e+00,1.208632e+00,1.147009e+00,6.289559e-02,1.035772e+00,1.244580e+00
5.485000e+00,8.189900e-01,1.244885e+00,1.123687e+00,1.214854e+00,1.043812e+00,1.156094e+00,1.071168e+00,1.193721e+00,1.156789e+00,1.153199e+00,1.036594e+00,1.230500e+00,1.237910e+00,1.131294e+00,1.094000e+00,1.104091e+00,1.125551e+00,1.123231e+00,1.208842e+00,1.147235e+00,6.267162e-02,1.036594e+00,1.244885e+00
5.486000e+00,8.191500e-01,1.246718e+00,1.124779e+00,1.217282e+00,1.045247e+00,1.158828e+00,1.072555e+00,1.194791e+00,1.157248e+00,1.153312e+00,1.037315e+00,1.233167e+00,1.238358e+00,1.132000e+00,1.094375e+00,1.104545e+00,1.125755e+00,1.122838e+00,1.210211e+00,1.148296e+00,6.299930e-02,1.037315e+00,1.246718e+00
5.487000e+00,8.193600e-01,1.247786e+00,1.125546e+00,1.216408e+00,1.046996e+00,1.158438e+00,1.072920e+00,1.196140e+00,1.158073e+00,1.153424e+00,1.038003e+00,1.233833e+00,1.240448e+00,1.132000e+00,1.095500e+00,1.105505e+00,1.126163e+00,1.123406e+00,1.212947e+00,1.149085e+00,6.309044e-02,1.038003e+00,1.247786e+00
5.488000e+00,8.197900e-01,1.249160e+00,1.125988e+00,1.218350e+00,1.049641e+00,1.159609e+00,1.073869e+00,1.196326e+00,1.158440e+00,1.153537e+00,1.039128e+00,1.234833e+00,1.240000e+00,1.131941e+00,1.096250e+00,1.106263e+00,1.126694e+00,1.122838e+00,1.212105e+00,1.149721e+00,6.286013e-02,1.039128e+00,1.249160e+00
5.489000e+00,8.199900e-01,1.248855e+00,1.126431e+00,1.219612e+00,1.049193e+00,1.161250e+00,1.074745e+00,1.196605e+00,1.159541e+00,1.153633e+00,1.040000e+00,1.234167e+00,1.243134e+00,1.133824e+00,1.096187e+00,1.107374e+00,1.127184e+00,1.122969e+00,1.214421e+00,1.150507e+00,6.308330e-02,1.040000e+00,1.248855e+00
5.490000e+00,8.201900e-01,1.248779e+00,1.127109e+00,1.220388e+00,1.049238e+00,1.161406e+00,1.075182e+00,1.198419e+00,1.160917e+00,1.153907e+00,1.041258e+00,1.237500e+00,1.243582e+00,1.134412e+00,1.096875e+00,1.106919e+00,1.128408e+00,1.121528e+00,1.214632e+00,1.151137e+00,6.332719e-02,1.041258e+00,1.248779e+00
5.491000e+00,8.205600e-01,1.249160e+00,1.127493e+00,1.223204e+00,1.050000e+00,1.162891e+00,1.075693e+00,1.197907e+00,1.161560e+00,1.155177e+00,1.042181e+00,1.239833e+00,1.243582e+00,1.134471e+00,1.097375e+00,1.107980e+00,1.128980e+00,1.118079e+00,1.215368e+00,1.151718e+00,6.357444e-02,1.042181e+00,1.249160e+00
5.492000e+00,8.207500e-01,1.250305e+00,1.128584e+00,1.223107e+00,1.051031e+00,1.164375e+00,1.074745e+00,1.199395e+00,1.163119e+00,1.157106e+00,1.042383e+00,1.239167e+00,1.244925e+00,1.135059e+00,1.097813e+00,1.107778e+00,1.129102e+00,1.116594e+00,1.216842e+00,1.152302e+00,6.385290e-02,1.042383e+00,1.250305e+00
5.493000e+00,8.211000e-01,1.251298e+00,1.129322e+00,1.223495e+00,1.051525e+00,1.165625e+00,1.076350e+00,1.199814e+00,1.163303e+00,1.158280e+00,1.043641e+00,1.241500e+00,1.246119e+00,1.135000e+00,1.098812e+00,1.107222e+00,1.129673e+00,1.117031e+00,1.215895e+00,1.152995e+00,6.388466e-02,1.043641e+00,1.251298e+00
5.494000e+00,8.213400e-01,1.251679e+00,1.130324e+00,1.225437e+00,1.053004e+00,1.167109e+00,1.076350e+00,1.200512e+00,1.165321e+00,1.159534e+00,1.044262e+00,1.242333e+00,1.246269e+00,1.136118e+00,1.099625e+00,1.106414e+00,1.130000e+00,1.117118e+00,1.216105e+00,1.153751e+00,6.395328e-02,1.044262e+00,1.251679e+00
5.495000e+00,8.214000e-01,1.253130e+00,1.130649e+00,1.226019e+00,1.053722e+00,1.166250e+00,1.076788e+00,1.200837e+00,1.163119e+00,1.161688e+00,1.045487e+00,1.243667e+00,1.247761e+00,1.136647e+00,1.100250e+00,1.105455e+00,1.130857e+00,1.118996e+00,1.216211e+00,1.154307e+00,6.405067e-02,1.045487e+00,1.253130e+00
5.496000e+00,8.216500e-01,1.253130e+00,1.131357e+00,1.227476e+00,1.055022e+00,1.168125e+00,1.077956e+00,1.200698e+00,1.163578e+00,1.164132e+00,1.046930e+00,1.245667e+00,1.247761e+00,1.137765e+00,1.101625e+00,1.104596e+00,1.131265e+00,1.119825e+00,1.216842e+00,1.155208e+00,6.394661e-02,1.046930e+00,1.253130e+00
5.497000e+00,8.217800e-01,1.251908e+00,1.131032e+00,1.229417e+00,1.055964e+00,1.168750e+00,1.079124e+00,1.202047e+00,1.164128e+00,1.166640e+00,1.047701e+00,1.244500e+00,1.250597e+00,1.138824e+00,1.101438e+00,1.105758e+00,1.132163e+00,1.121092e+00,1.218105e+00,1.156066e+00,6.391867e-02,1.047701e+00,1.251908e+00
5.498000e+00,8.221900e-01,1.252824e+00,1.131003e+00,1.227476e+00,1.056457e+00,1.170391e+00,1.080365e+00,1.202326e+00,1.164679e+00,1.168167e+00,1.048809e+00,1.245833e+00,1.251045e+00,1.138471e+00,1.102250e+00,1.105707e+00,1.132449e+00,1.121703e+00,1.218737e+00,1.156594e+00,6.381145e-02,1.048809e+00,1.252824e+00
5.499000e+00,8.223600e-01,1.251756e+00,1.131534e+00,1.229709e+00,1.056906e+00,1.170938e+00,1.081095e+00,1.202791e+00,1.164862e+00,1.168280e+00,1.049883e+00,1.246500e+00,1.252239e+00,1.138706e+00,1.103000e+00,1.106515e+00,1.132735e+00,1.122926e+00,1.219789e+00,1.157231e+00,6.377908e-02,1.049883e+00,1.252239e+00
5.500000e+00,8.227200e-01,1.252443e+00,1.131917e+00,1.230680e+00,1.057175e+00,1.172813e+00,1.080219e+00,1.203628e+00,1.166147e+00,1.168280e+00,1.050805e+00,1.247500e+00,1.250746e+00,1.139294e+00,1.103875e+00,1.107273e+00,1.132939e+00,1.123319e+00,1.221053e+00,1.157784e+00,6.382796e-02,1.050805e+00,1.252443e+00
5.501000e+00,8.229600e-01,1.253130e+00,1.133156e+00,1.232039e+00,1.057892e+00,1.173750e+00,1.081752e+00,1.203721e+00,1.168073e+00,1.168794e+00,1.052097e+00,1.249167e+00,1.254328e+00,1.139294e+00,1.103750e+00,1.107626e+00,1.134531e+00,1.123450e+00,1.222737e+00,1.158849e+00,6.416090e-02,1.052097e+00,1.254328e+00
5.502000e+00,8.232300e-01,1.252672e+00,1.134277e+00,1.233204e+00,1.058834e+00,1.173281e+00,1.082555e+00,1.204605e+00,1.167064e+00,1.169453e+00,1.053020e+00,1.246167e+00,1.254328e+00,1.140000e+00,1.104375e+00,1.107879e+00,1.134776e+00,1.125022e+00,1.223579e+00,1.159172e+00,6.368923e-02,1.053020e+00,1.254328e+00
5.503000e+00,8.233700e-01,1.254046e+00,1.135398e+00,1.234175e+00,1.058969e+00,1.174297e+00,1.082847e+00,1.204884e+00,1.168716e+00,1.169952e+00,1.054295e+00,1.248000e+00,1.256269e+00,1.140647e+00,1.104687e+00,1.108889e+00,1.135306e+00,1.126507e+00,1.224632e+00,1.160140e+00,6.396425e-02,1.054295e+00,1.256269e+00
5.504000e+00,8.237800e-01,1.254733e+00,1.136224e+00,1.235146e+00,1.059507e+00,1.176250e+00,1.083066e+00,1.205907e+00,1.167982e+00,1.170482e+00,1.055570e+00,1.249667e+00,1.255224e+00,1.141235e+00,1.105125e+00,1.110505e+00,1.135959e+00,1.127511e+00,1.225789e+00,1.160882e+00,6.391116e-02,1.055570e+00,1.255224e+00
5.505000e+00,8.241000e-01,1.254809e+00,1.136667e+00,1.235534e+00,1.059776e+00,1.176641e+00,1.082993e+00,1.205442e+00,1.168991e+00,1.171367e+00,1.056493e+00,1.251333e+00,1.256418e+00,1.141941e+00,1.105625e+00,1.111313e+00,1.135878e+00,1.128908e+00,1.225684e+00,1.161434e+00,6.394291e-02,1.056493e+00,1.256418e+00
5.506000e+00,8.242600e-01,1.256412e+00,1.137316e+00,1.237282e+00,1.059372e+00,1.178047e+00,1.083358e+00,1.206419e+00,1.169266e+00,1.172106e+00,1.057198e+00,1.252667e+00,1.258060e+00,1.142000e+00,1.105938e+00,1.112626e+00,1.134653e+00,1.129563e+00,1.226421e+00,1.162150e+00,6.440093e-02,1.057198e+00,1.258060e+00
5.507000e+00,8.245600e-01,1.257481e+00,1.138112e+00,1.238447e+00,1.059776e+00,1.177422e+00,1.082555e+00,1.205116e+00,1.170550e+00,1.172637e+00,1.058322e+00,1.253333e+00,1.260597e+00,1.143118e+00,1.107312e+00,1.114141e+00,1.134082e+00,1.130087e+00,1.227368e+00,1.162803e+00,6.458628e-02,1.058322e+00,1.260597e+00
5.508000e+00,8.248100e-01,1.260076e+00,1.139263e+00,1.237767e+00,1.061031e+00,1.178281e+00,1.082774e+00,1.206279e+00,1.171468e+00,1.172958e+00,1.059379e+00,1.254500e+00,1.259701e+00,1.143765e+00,1.107687e+00,1.114646e+00,1.134163e+00,1.129738e+00,1.228316e+00,1.163433e+00,6.460032e-02,1.059379e+00,1.260076e+00
5.509000e+00,8.250800e-01,1.259542e+00,1.140147e+00,1.237476e+00,1.062152e+00,1.177812e+00,1.083358e+00,1.206326e+00,1.171376e+00,1.173135e+00,1.060168e+00,1.256333e+00,1.260597e+00,1.144118e+00,1.107750e+00,1.115556e+00,1.134286e+00,1.130568e+00,1.229789e+00,1.163916e+00,6.453452e-02,1.060168e+00,1.260597e+00
5.510000e+00,8.252700e-01,1.259924e+00,1.140678e+00,1.239612e+00,1.063677e+00,1.178984e+00,1.084307e+00,1.207209e+00,1.172569e+00,1.173392e+00,1.060705e+00,1.256667e+00,1.263582e+00,1.143882e+00,1.108375e+00,1.116919e+00,1.134776e+00,1.131572e+00,1.231684e+00,1.164917e+00,6.476111e-02,1.060705e+00,1.263582e+00
5.511000e+00,8.255300e-01,1.261832e+00,1.141416e+00,1.237767e+00,1.064305e+00,1.180625e+00,1.084599e+00,1.207628e+00,1.173211e+00,1.173505e+00,1.061678e+00,1.258667e+00,1.262090e+00,1.142529e+00,1.108500e+00,1.118182e+00,1.135796e+00,1.131616e+00,1.231895e+00,1.165324e+00,6.465181e-02,1.061678e+00,1.262090e+00
5.512000e+00,8.258900e-01,1.263053e+00,1.141357e+00,1.240000e+00,1.064709e+00,1.180469e+00,1.085839e+00,1.207907e+00,1.175138e+00,1.173601e+00,1.061862e+00,1.259167e+00,1.262836e+00,1.142059e+00,1.110250e+00,1.119293e+00,1.136449e+00,1.132620e+00,1.232211e+00,1.166046e+00,6.473496e-02,1.061862e+00,1.263053e+00
5.513000e+00,8.260300e-01,1.263053e+00,1.142065e+00,1.240971e+00,1.064529e+00,1.181563e+00,1.086131e+00,1.208977e+00,1.176972e+00,1.173891e+00,1.062601e+00,1.257333e+00,1.265075e+00,1.142118e+00,1.110062e+00,1.120000e+00,1.137265e+00,1.133668e+00,1.233368e+00,1.166647e+00,6.481873e-02,1.062601e+00,1.265075e+00
5.514000e+00,8.262200e-01,1.263282e+00,1.142979e+00,1.241165e+00,1.063094e+00,1.183516e+00,1.084964e+00,1.209674e+00,1.176789e+00,1.174678e+00,1.063138e+00,1.261333e+00,1.264478e+00,1.142176e+00,1.110625e+00,1.120101e+00,1.137102e+00,1.134629e+00,1.232842e+00,1.167031e+00,6.522682e-02,1.063094e+00,1.264478e+00
5.515000e+00,8.265100e-01,1.263740e+00,1.143540e+00,1.242524e+00,1.063722e+00,1.183047e+00,1.087372e+00,1.210047e+00,1.179083e+00,1.176367e+00,1.064497e+00,1.261167e+00,1.266269e+00,1.142000e+00,1.111438e+00,1.120707e+00,1.138327e+00,1.136070e+00,1.234211e+00,1.168007e+00,6.511776e-02,1.063722e+00,1.266269e+00
5.516000e+00,8.269400e-01,1.264504e+00,1.144395e+00,1.244757e+00,1.064843e+00,1.184609e+00,1.086934e+00,1.211023e+00,1.179266e+00,1.178746e+00,1.065419e+00,1.264833e+00,1.265522e+00,1.142824e+00,1.111938e+00,1.120808e+00,1.139388e+00,1.137555e+00,1.233368e+00,1.168930e+00,6.530322e-02,1.064843e+00,1.265522e+00
5.517000e+00,8.270100e-01,1.264656e+00,1.144631e+00,1.245146e+00,1.065650e+00,1.185312e+00,1.087956e+00,1.210930e+00,1.181284e+00,1.180627e+00,1.066762e+00,1.262167e+00,1.267612e+00,1.143824e+00,1.111812e+00,1.121364e+00,1.139551e+00,1.138821e+00,1.234105e+00,1.169567e+00,6.503981e-02,1.065650e+00,1.267612e+00
5.518000e+00,8.273200e-01,1.265267e+00,1.144189e+00,1.246990e+00,1.065650e+00,1.186094e+00,1.088029e+00,1.213256e+00,1.181927e+00,1.182074e+00,1.067534e+00,1.265167e+00,1.268657e+00,1.144235e+00,1.112500e+00,1.122576e+00,1.139878e+00,1.139476e+00,1.234105e+00,1.170422e+00,6.546816e-02,1.065650e+00,1.268657e+00
5.519000e+00,8.276300e-01,1.265802e+00,1.144513e+00,1.247670e+00,1.065874e+00,1.188281e+00,1.090292e+00,1.212837e+00,1.184128e+00,1.183907e+00,1.068993e+00,1.267500e+00,1.269104e+00,1.145529e+00,1.113250e+00,1.122374e+00,1.140735e+00,1.140437e+00,1.235263e+00,1.171472e+00,6.548390e-02,1.065874e+00,1.269104e+00
5.520000e+00,8.277600e-01,1.267023e+00,1.145015e+00,1.249223e+00,1.066816e+00,1.188828e+00,1.090511e+00,1.214279e+00,1.184404e+00,1.185756e+00,1.069128e+00,1.269333e+00,1.269701e+00,1.145471e+00,1.114375e+00,1.122828e+00,1.141469e+00,1.141004e+00,1.235789e+00,1.172275e+00,6.576214e-02,1.066816e+00,1.269701e+00
5.521000e+00,8.281600e-01,1.267863e+00,1.144897e+00,1.250000e+00,1.067399e+00,1.187500e+00,1.090365e+00,1.214651e+00,1.185229e+00,1.186881e+00,1.068993e+00,1.269167e+00,1.269701e+00,1.146353e+00,1.113875e+00,1.123535e+00,1.143306e+00,1.142140e+00,1.237263e+00,1.172729e+00,6.583515e-02,1.067399e+00,1.269701e+00
5.522000e+00,8.282700e-01,1.267863e+00,1.145959e+00,1.251068e+00,1.068610e+00,1.190234e+00,1.091241e+00,1.215488e+00,1.186881e+00,1.187170e+00,1.069648e+00,1.268833e+00,1.271045e+00,1.147412e+00,1.114563e+00,1.123939e+00,1.143510e+00,1.143100e+00,1.238316e+00,1.173604e+00,6.577771e-02,1.068610e+00,1.271045e+00
5.523000e+00,8.286700e-01,1.269542e+00,1.147198e+00,1.251359e+00,1.069103e+00,1.191172e+00,1.092847e+00,1.215767e+00,1.187523e+00,1.187283e+00,1.070017e+00,1.272000e+00,1.270149e+00,1.147647e+00,1.114937e+00,1.124444e+00,1.144122e+00,1.144279e+00,1.239789e+00,1.174399e+00,6.592090e-02,1.069103e+00,1.272000e+00
5.524000e+00,8.288800e-01,1.270229e+00,1.148201e+00,1.252039e+00,1.069865e+00,1.191172e+00,1.093212e+00,1.216651e+00,1.187339e+00,1.187653e+00,1.070940e+00,1.272000e+00,1.272239e+00,1.148000e+00,1.115375e+00,1.125303e+00,1.145102e+00,1.144541e+00,1.238632e+00,1.174916e+00,6.586619e-02,1.069865e+00,1.272239e+00
5.525000e+00,8.291000e-01,1.271832e+00,1.149617e+00,1.252816e+00,1.070135e+00,1.191797e+00,1.092555e+00,1.216977e+00,1.187431e+00,1.188232e+00,1.071493e+00,1.271667e+00,1.270746e+00,1.148941e+00,1.116125e+00,1.126212e+00,1.145755e+00,1.145328e+00,1.237263e+00,1.175273e+00,6.566155e-02,1.070135e+00,1.271832e+00
5.526000e+00,8.293900e-01,1.272748e+00,1.150501e+00,1.254951e+00,1.070942e+00,1.192500e+00,1.095255e+00,1.219256e+00,1.188899e+00,1.189228e+00,1.071762e+00,1.273667e+00,1.270299e+00,1.149471e+00,1.116250e+00,1.127121e+00,1.146898e+00,1.146245e+00,1.235789e+00,1.176210e+00,6.563841e-02,1.070942e+00,1.273667e+00
5.527000e+00,8.296400e-01,1.274580e+00,1.151416e+00,1.254854e+00,1.071928e+00,1.192109e+00,1.095401e+00,1.219349e+00,1.189633e+00,1.190177e+00,1.072500e+00,1.275000e+00,1.269403e+00,1.150059e+00,1.116500e+00,1.128384e+00,1.147265e+00,1.146550e+00,1.237053e+00,1.176787e+00,6.562523e-02,1.071928e+00,1.275000e+00
5.528000e+00,8.299500e-01,1.275725e+00,1.151799e+00,1.257864e+00,1.072556e+00,1.194453e+00,1.096569e+00,1.220140e+00,1.191009e+00,1.190547e+00,1.073272e+00,1.275667e+00,1.269104e+00,1.151412e+00,1.116812e+00,1.128586e+00,1.147714e+00,1.146987e+00,1.238421e+00,1.177702e+00,6.581328e-02,1.072556e+00,1.275725e+00
5.529000e+00,8.301400e-01,1.276412e+00,1.152920e+00,1.257087e+00,1.072646e+00,1.192969e+00,1.096131e+00,1.220977e+00,1.191560e+00,1.191045e+00,1.074111e+00,1.277500e+00,1.271045e+00,1.151706e+00,1.117750e+00,1.130051e+00,1.147878e+00,1.146725e+00,1.238842e+00,1.178186e+00,6.597712e-02,1.072646e+00,1.277500e+00
5.530000e+00,8.303200e-01,1.276718e+00,1.153451e+00,1.257961e+00,1.074439e+00,1.193437e+00,1.097007e+00,1.222140e+00,1.192202e+00,1.192074e+00,1.075201e+00,1.273667e+00,1.271045e+00,1.153000e+00,1.117875e+00,1.130909e+00,1.148408e+00,1.147118e+00,1.239895e+00,1.178697e+00,6.544664e-02,1.074439e+00,1.276718e+00
5.531000e+00,8.306400e-01,1.277252e+00,1.153982e+00,1.260000e+00,1.075695e+00,1.195156e+00,1.096277e+00,1.222372e+00,1.192752e+00,1.193505e+00,1.075940e+00,1.278000e+00,1.272090e+00,1.153176e+00,1.118188e+00,1.131869e+00,1.149306e+00,1.147598e+00,1.242105e+00,1.179737e+00,6.600157e-02,1.075695e+00,1.278000e+00
5.532000e+00,8.308700e-01,1.278015e+00,1.154395e+00,1.260485e+00,1.076996e+00,1.196328e+00,1.098248e+00,1.223628e+00,1.192294e+00,1.195080e+00,1.077198e+00,1.279667e+00,1.272985e+00,1.153765e+00,1.119000e+00,1.131465e+00,1.149918e+00,1.148559e+00,1.242842e+00,1.180604e+00,6.596769e-02,1.076996e+00,1.279667e+00
5.533000e+00,8.311400e-01,1.279084e+00,1.155546e+00,1.261553e+00,1.076906e+00,1.195469e+00,1.098467e+00,1.223953e+00,1.194954e+00,1.196495e+00,1.078289e+00,1.279167e+00,1.274776e+00,1.153765e+00,1.120000e+00,1.132323e+00,1.150776e+00,1.149083e+00,1.243158e+00,1.181320e+00,6.603876e-02,1.076906e+00,1.279167e+00
5.534000e+00,8.313900e-01,1.279389e+00,1.156077e+00,1.261942e+00,1.077713e+00,1.196797e+00,1.097664e+00,1.225256e+00,1.195780e+00,1.197926e+00,1.079379e+00,1.280000e+00,1.275672e+00,1.154235e+00,1.120250e+00,1.131869e+00,1.151184e+00,1.149258e+00,1.244947e+00,1.181963e+00,6.627374e-02,1.077713e+00,1.280000e+00
5.535000e+00,8.317800e-01,1.279771e+00,1.156018e+00,1.263301e+00,1.079238e+00,1.198906e+00,1.098613e+00,1.225023e+00,1.196422e+00,1.199550e+00,1.080638e+00,1.282667e+00,1.276269e+00,1.155353e+00,1.120562e+00,1.132374e+00,1.151592e+00,1.150087e+00,1.245474e+00,1.182881e+00,6.633689e-02,1.079238e+00,1.282667e+00
5.536000e+00,8.318600e-01,1.279237e+00,1.156608e+00,1.264369e+00,1.079776e+00,1.197891e+00,1.098613e+00,1.226837e+00,1.197615e+00,1.200370e+00,1.081544e+00,1.282500e+00,1.278209e+00,1.156000e+00,1.121687e+00,1.132879e+00,1.152449e+00,1.150437e+00,1.247579e+00,1.183589e+00,6.642905e-02,1.079776e+00,1.282500e+00
5.537000e+00,8.321000e-01,1.279466e+00,1.156490e+00,1.265437e+00,1.081749e+00,1.199609e+00,1.099635e+00,1.226791e+00,1.197890e+00,1.200563e+00,1.082668e+00,1.285000e+00,1.278955e+00,1.156294e+00,1.123063e+00,1.133131e+00,1.152449e+00,1.151528e+00,1.248526e+00,1.184402e+00,6.640871e-02,1.081749e+00,1.285000e+00
5.538000e+00,8.323600e-01,1.280611e+00,1.156903e+00,1.266311e+00,1.082377e+00,1.201172e+00,1.099854e+00,1.228047e+00,1.199358e+00,1.200740e+00,1.084111e+00,1.284000e+00,1.279403e+00,1.156824e+00,1.123188e+00,1.134091e+00,1.153020e+00,1.152664e+00,1.250316e+00,1.185166e+00,6.638443e-02,1.082377e+00,1.284000e+00
5.539000e+00,8.325500e-01,1.279542e+00,1.156785e+00,1.267087e+00,1.083363e+00,1.199688e+00,1.099270e+00,1.226372e+00,1.200000e+00,1.200788e+00,1.084815e+00,1.287333e+00,1.281642e+00,1.158000e+00,1.123125e+00,1.133636e+00,1.152163e+00,1.152751e+00,1.251579e+00,1.185441e+00,6.672741e-02,1.083363e+00,1.287333e+00
5.540000e+00,8.329400e-01,1.278931e+00,1.157316e+00,1.266796e+00,1.084305e+00,1.200391e+00,1.099343e+00,1.225953e+00,1.200000e+00,1.200852e+00,1.085772e+00,1.285833e+00,1.283134e+00,1.158412e+00,1.121750e+00,1.132525e+00,1.151592e+00,1.153362e+00,1.251579e+00,1.185436e+00,6.658265e-02,1.084305e+00,1.285833e+00
5.541000e+00,8.329500e-01,1.278626e+00,1.158230e+00,1.266699e+00,1.084664e+00,1.200859e+00,1.098978e+00,1.226326e+00,1.198716e+00,1.201125e+00,1.086493e+00,1.288500e+00,1.281343e+00,1.159059e+00,1.121188e+00,1.131162e+00,1.151714e+00,1.154367e+00,1.251789e+00,1.185547e+00,6.661456e-02,1.084664e+00,1.288500e+00
5.542000e+00,8.334200e-01,1.279466e+00,1.158791e+00,1.267670e+00,1.085157e+00,1.202656e+00,1.099781e+00,1.226651e+00,1.200734e+00,1.201431e+00,1.087064e+00,1.289000e+00,1.283433e+00,1.159882e+00,1.120187e+00,1.130758e+00,1.152000e+00,1.155415e+00,1.252947e+00,1.186279e+00,6.694194e-02,1.085157e+00,1.289000e+00
5.543000e+00,8.335700e-01,1.280534e+00,1.159351e+00,1.268350e+00,1.085919e+00,1.204219e+00,1.100219e+00,1.227256e+00,1.199725e+00,1.201833e+00,1.088121e+00,1.287667e+00,1.284179e+00,1.159176e+00,1.120688e+00,1.131263e+00,1.152980e+00,1.156114e+00,1.255474e+00,1.186837e+00,6.692052e-02,1.085919e+00,1.287667e+00
5.544000e+00,8.339400e-01,1.279771e+00,1.160059e+00,1.269417e+00,1.085919e+00,1.203906e+00,1.101095e+00,1.228047e+00,1.200275e+00,1.202363e+00,1.088641e+00,1.292000e+00,1.285373e+00,1.159588e+00,1.121625e+00,1.131768e+00,1.153551e+00,1.156376e+00,1.256737e+00,1.187584e+00,6.727691e-02,1.085919e+00,1.292000e+00
5.545000e+00,8.342100e-01,1.281450e+00,1.161091e+00,1.268738e+00,1.087175e+00,1.203516e+00,1.100657e+00,1.228000e+00,1.201193e+00,1.202781e+00,1.089195e+00,1.291833e+00,1.286866e+00,1.160588e+00,1.121687e+00,1.132172e+00,1.154122e+00,1.156507e+00,1.256526e+00,1.188005e+00,6.725682e-02,1.087175e+00,1.291833e+00
5.546000e+00,8.345500e-01,1.282519e+00,1.161622e+00,1.270777e+00,1.087578e+00,1.206094e+00,1.101533e+00,1.230279e+00,1.200917e+00,1.203248e+00,1.090050e+00,1.293667e+00,1.287015e+00,1.160882e+00,1.122062e+00,1.133586e+00,1.154776e+00,1.157773e+00,1.259158e+00,1.189085e+00,6.758709e-02,1.087578e+00,1.293667e+00
5.547000e+00,8.345600e-01,1.284275e+00,1.162861e+00,1.271456e+00,1.087937e+00,1.207187e+00,1.101606e+00,1.230791e+00,1.202018e+00,1.203521e+00,1.090839e+00,1.294833e+00,1.287612e+00,1.161412e+00,1.123812e+00,1.135101e+00,1.155347e+00,1.158734e+00,1.260421e+00,1.189987e+00,6.769081e-02,1.087937e+00,1.294833e+00
5.548000e+00,8.348000e-01,1.285038e+00,1.163628e+00,1.272718e+00,1.088700e+00,1.207031e+00,1.102774e+00,1.231814e+00,1.202661e+00,1.203762e+00,1.091846e+00,1.295833e+00,1.288806e+00,1.161765e+00,1.123563e+00,1.136111e+00,1.155959e+00,1.158079e+00,1.261263e+00,1.190631e+00,6.781930e-02,1.088700e+00,1.295833e+00
5.549000e+00,8.351900e-01,1.284504e+00,1.164543e+00,1.273689e+00,1.088834e+00,1.208516e+00,1.103212e+00,1.232977e+00,1.204679e+00,1.204711e+00,1.092550e+00,1.299000e+00,1.288209e+00,1.161941e+00,1.124750e+00,1.137374e+00,1.157184e+00,1.158210e+00,1.263158e+00,1.191558e+00,6.798863e-02,1.088834e+00,1.299000e+00
5.550000e+00,8.353400e-01,1.286107e+00,1.164749e+00,1.273301e+00,1.089776e+00,1.208125e+00,1.103869e+00,1.233349e+00,1.204771e+00,1.206029e+00,1.093557e+00,1.297000e+00,1.290746e+00,1.163353e+00,1.125250e+00,1.138586e+00,1.157551e+00,1.157991e+00,1.264737e+00,1.192158e+00,6.789894e-02,1.089776e+00,1.297000e+00
5.551000e+00,8.356600e-01,1.287710e+00,1.165811e+00,1.274175e+00,1.090717e+00,1.209297e+00,1.105036e+00,1.234465e+00,1.206055e+00,1.207508e+00,1.094648e+00,1.298333e+00,1.291493e+00,1.164353e+00,1.126500e+00,1.139242e+00,1.158939e+00,1.158297e+00,1.265158e+00,1.193208e+00,6.791989e-02,1.090717e+00,1.298333e+00
5.552000e+00,8.360000e-01,1.289695e+00,1.166047e+00,1.275631e+00,1.091256e+00,1.210000e+00,1.104453e+00,1.235535e+00,1.206055e+00,1.209309e+00,1.095352e+00,1.301500e+00,1.292090e+00,1.163941e+00,1.126937e+00,1.140303e+00,1.159714e+00,1.158690e+00,1.265263e+00,1.193987e+00,6.840753e-02,1.091256e+00,1.301500e+00
5.553000e+00,8.361900e-01,1.288626e+00,1.166431e+00,1.276893e+00,1.092197e+00,1.212734e+00,1.105401e+00,1.236930e+00,1.205963e+00,1.211736e+00,1.095789e+00,1.299667e+00,1.293582e+00,1.165176e+00,1.127750e+00,1.141212e+00,1.160571e+00,1.158908e+00,1.265684e+00,1.194736e+00,6.817555e-02,1.092197e+00,1.299667e+00
5.554000e+00,8.364600e-01,1.288244e+00,1.167463e+00,1.278447e+00,1.093318e+00,1.213125e+00,1.107080e+00,1.237860e+00,1.209174e+00,1.213907e+00,1.097232e+00,1.301500e+00,1.295373e+00,1.165824e+00,1.128688e+00,1.141566e+00,1.161306e+00,1.159956e+00,1.267053e+00,1.195951e+00,6.824271e-02,1.093318e+00,1.301500e+00
5.555000e+00,8.366500e-01,1.290076e+00,1.168466e+00,1.281456e+00,1.093722e+00,1.213984e+00,1.107737e+00,1.238465e+00,1.209817e+00,1.215707e+00,1.097869e+00,1.301667e+00,1.297313e+00,1.166588e+00,1.129500e+00,1.142121e+00,1.161510e+00,1.161266e+00,1.268211e+00,1.196971e+00,6.860170e-02,1.093722e+00,1.301667e+00
5.556000e+00,8.369400e-01,1.291603e+00,1.168673e+00,1.280388e+00,1.094126e+00,1.215469e+00,1.107299e+00,1.239628e+00,1.211101e+00,1.217765e+00,1.098926e+00,1.301667e+00,1.298209e+00,1.167235e+00,1.129938e+00,1.142727e+00,1.162571e+00,1.161834e+00,1.270105e+00,1.197737e+00,6.872881e-02,1.094126e+00,1.301667e+00
5.557000e+00,8.371900e-01,1.292137e+00,1.169115e+00,1.282330e+00,1.094843e+00,1.216250e+00,1.108321e+00,1.240186e+00,1.212844e+00,1.219035e+00,1.099430e+00,1.304667e+00,1.297164e+00,1.167529e+00,1.131750e+00,1.143434e+00,1.163143e+00,1.163057e+00,1.270526e+00,1.198653e+00,6.879025e-02,1.094843e+00,1.304667e+00
5.558000e+00,8.374000e-01,1.291756e+00,1.169646e+00,1.284272e+00,1.095740e+00,1.216484e+00,1.109051e+00,1.241674e+00,1.213670e+00,1.219678e+00,1.099463e+00,1.302000e+00,1.297910e+00,1.168706e+00,1.131375e+00,1.144091e+00,1.163265e+00,1.163581e+00,1.271158e+00,1.199084e+00,6.863895e-02,1.095740e+00,1.302000e+00
5.559000e+00,8.376500e-01,1.290534e+00,1.169823e+00,1.283689e+00,1.096547e+00,1.217500e+00,1.109416e+00,1.241721e+00,1.216147e+00,1.220466e+00,1.099547e+00,1.306000e+00,1.300448e+00,1.168176e+00,1.131812e+00,1.144798e+00,1.164571e+00,1.163843e+00,1.273368e+00,1.199912e+00,6.904783e-02,1.096547e+00,1.306000e+00
5.560000e+00,8.380400e-01,1.293511e+00,1.169646e+00,1.285728e+00,1.097534e+00,1.220078e+00,1.110657e+00,1.243070e+00,1.217156e+00,1.221511e+00,1.099430e+00,1.303833e+00,1.300299e+00,1.168529e+00,1.132250e+00,1.145606e+00,1.165184e+00,1.164017e+00,1.275158e+00,1.200733e+00,6.918273e-02,1.097534e+00,1.303833e+00
5.561000e+00,8.382400e-01,1.294504e+00,1.170118e+00,1.283592e+00,1.097803e+00,1.218281e+00,1.110730e+00,1.243256e+00,1.219083e+00,1.222299e+00,1.099832e+00,1.306500e+00,1.301194e+00,1.169882e+00,1.132938e+00,1.146515e+00,1.165837e+00,1.164585e+00,1.275684e+00,1.201257e+00,6.923944e-02,1.097803e+00,1.306500e+00
5.562000e+00,8.384800e-01,1.295496e+00,1.170501e+00,1.285631e+00,1.098924e+00,1.220547e+00,1.113212e+00,1.244558e+00,1.218991e+00,1.222846e+00,1.100638e+00,1.310167e+00,1.301194e+00,1.170000e+00,1.133063e+00,1.146869e+00,1.166735e+00,1.166376e+00,1.276000e+00,1.202319e+00,6.941458e-02,1.098924e+00,1.310167e+00
5.563000e+00,8.387600e-01,1.294885e+00,1.171386e+00,1.287573e+00,1.099552e+00,1.221641e+00,1.113650e+00,1.245023e+00,1.221284e+00,1.223762e+00,1.101376e+00,1.307333e+00,1.300597e+00,1.170176e+00,1.133438e+00,1.147374e+00,1.167469e+00,1.166725e+00,1.277053e+00,1.202794e+00,6.910895e-02,1.099552e+00,1.307333e+00
5.564000e+00,8.388900e-01,1.295802e+00,1.172507e+00,1.286796e+00,1.100717e+00,1.221172e+00,1.115328e+00,1.245953e+00,1.220826e+00,1.224695e+00,1.102466e+00,1.309167e+00,1.303433e+00,1.170235e+00,1.134313e+00,1.148586e+00,1.168327e+00,1.166638e+00,1.277368e+00,1.203574e+00,6.909819e-02,1.100717e+00,1.309167e+00
5.565000e+00,8.392900e-01,1.296870e+00,1.173599e+00,1.289223e+00,1.100179e+00,1.223672e+00,1.114380e+00,1.246605e+00,1.222477e+00,1.225386e+00,1.103087e+00,1.310000e+00,1.304925e+00,1.170706e+00,1.134750e+00,1.148737e+00,1.168163e+00,1.167293e+00,1.277368e+00,1.204301e+00,6.960200e-02,1.100179e+00,1.310000e+00
5.566000e+00,8.394600e-01,1.297405e+00,1.174454e+00,1.289417e+00,1.099193e+00,1.222891e+00,1.115401e+00,1.247860e+00,1.223578e+00,1.226206e+00,1.104279e+00,1.310000e+00,1.301642e+00,1.171294e+00,1.135562e+00,1.148788e+00,1.169265e+00,1.167991e+00,1.277789e+00,1.204612e+00,6.925880e-02,1.099193e+00,1.310000e+00
5.567000e+00,8.399000e-01,1.300382e+00,1.175428e+00,1.289223e+00,1.097758e+00,1.224297e+00,1.115985e+00,1.248977e+00,1.224037e+00,1.227299e+00,1.105252e+00,1.315000e+00,1.305075e+00,1.172588e+00,1.136688e+00,1.150000e+00,1.169714e+00,1.168646e+00,1.278947e+00,1.205850e+00,7.011295e-02,1.097758e+00,1.315000e+00
5.568000e+00,8.400800e-01,1.299313e+00,1.176224e+00,1.291942e+00,1.098251e+00,1.225937e+00,1.117080e+00,1.249535e+00,1.224404e+00,1.228071e+00,1.106040e+00,1.313333e+00,1.305970e+00,1.171059e+00,1.136750e+00,1.151212e+00,1.170653e+00,1.169127e+00,1.281474e+00,1.206465e+00,7.009559e-02,1.098251e+00,1.313333e+00
5.569000e+00,8.402800e-01,1.300153e+00,1.176726e+00,1.292136e+00,1.098565e+00,1.223906e+00,1.116715e+00,1.251302e+00,1.224495e+00,1.228360e+00,1.106862e+00,1.315333e+00,1.305075e+00,1.170412e+00,1.137438e+00,1.152172e+00,1.171306e+00,1.169039e+00,1.280211e+00,1.206678e+00,7.007990e-02,1.098565e+00,1.315333e+00
5.570000e+00,8.405000e-01,1.302366e+00,1.177493e+00,1.292621e+00,1.098072e+00,1.226016e+00,1.116496e+00,1.252419e+00,1.226789e+00,1.228585e+00,1.108138e+00,1.318167e+00,1.306866e+00,1.169647e+00,1.138313e+00,1.153283e+00,1.171633e+00,1.169345e+00,1.280947e+00,1.207622e+00,7.065896e-02,1.098072e+00,1.318167e+00
5.571000e+00,8.408000e-01,1.302443e+00,1.178142e+00,1.293204e+00,1.098341e+00,1.227578e+00,1.117883e+00,1.252744e+00,1.227523e+00,1.229035e+00,1.108977e+00,1.316500e+00,1.308657e+00,1.169059e+00,1.139375e+00,1.154242e+00,1.172245e+00,1.168559e+00,1.282947e+00,1.208192e+00,7.059337e-02,1.098341e+00,1.316500e+00
5.572000e+00,8.410600e-01,1.304580e+00,1.179056e+00,1.291262e+00,1.099462e+00,1.226250e+00,1.116715e+00,1.252279e+00,1.227431e+00,1.229598e+00,1.109832e+00,1.318500e+00,1.307015e+00,1.169176e+00,1.139500e+00,1.153889e+00,1.171224e+00,1.168253e+00,1.283789e+00,1.208212e+00,7.063338e-02,1.099462e+00,1.318500e+00
5.573000e+00,8.413100e-01,1.303130e+00,1.179469e+00,1.293204e+00,1.101121e+00,1.226016e+00,1.116423e+00,1.251349e+00,1.228991e+00,1.229984e+00,1.110436e+00,1.320333e+00,1.308209e+00,1.170176e+00,1.140625e+00,1.154545e+00,1.170898e+00,1.169651e+00,1.284737e+00,1.208850e+00,7.062807e-02,1.101121e+00,1.320333e+00
5.574000e+00,8.415700e-01,1.303969e+00,1.180029e+00,1.293204e+00,1.101659e+00,1.227422e+00,1.116715e+00,1.252140e+00,1.229817e+00,1.230161e+00,1.111242e+00,1.320333e+00,1.309851e+00,1.170882e+00,1.141625e+00,1.155707e+00,1.171102e+00,1.170393e+00,1.286421e+00,1.209593e+00,7.068647e-02,1.101659e+00,1.320333e+00
5.575000e+00,8.417800e-01,1.305267e+00,1.180442e+00,1.293010e+00,1.103139e+00,1.228437e+00,1.118029e+00,1.252000e+00,1.230459e+00,1.230498e+00,1.112131e+00,1.321833e+00,1.309254e+00,1.170765e+00,1.142125e+00,1.155354e+00,1.170408e+00,1.171223e+00,1.287368e+00,1.210097e+00,7.062680e-02,1.103139e+00,1.321833e+00
5.576000e+00,8.420900e-01,1.306565e+00,1.180796e+00,1.295340e+00,1.103587e+00,1.229141e+00,1.117299e+00,1.252930e+00,1.231927e+00,1.230820e+00,1.112701e+00,1.322667e+00,1.311045e+00,1.171412e+00,1.142750e+00,1.156313e+00,1.171224e+00,1.172183e+00,1.288105e+00,1.210934e+00,7.101811e-02,1.103587e+00,1.322667e+00
5.577000e+00,8.422400e-01,1.306947e+00,1.181032e+00,1.295146e+00,1.104978e+00,1.230156e+00,1.118029e+00,1.253628e+00,1.234220e+00,1.231141e+00,1.113456e+00,1.324167e+00,1.312537e+00,1.173294e+00,1.144188e+00,1.156768e+00,1.171469e+00,1.171834e+00,1.288737e+00,1.211763e+00,7.101832e-02,1.104978e+00,1.324167e+00
5.578000e+00,8.424000e-01,1.306336e+00,1.181239e+00,1.296019e+00,1.105830e+00,1.231328e+00,1.118613e+00,1.254884e+00,1.234312e+00,1.232203e+00,1.114715e+00,1.324333e+00,1.312687e+00,1.174118e+00,1.144000e+00,1.157626e+00,1.172735e+00,1.173537e+00,1.288211e+00,1.212374e+00,7.074203e-02,1.105830e+00,1.324333e+00
5.579000e+00,8.427000e-01,1.306870e+00,1.182124e+00,1.298058e+00,1.106682e+00,1.231406e+00,1.119343e+00,1.255674e+00,1.237431e+00,1.233553e+00,1.115621e+00,1.327333e+00,1.314776e+00,1.174176e+00,1.143375e+00,1.158434e+00,1.173796e+00,1.174323e+00,1.289053e+00,1.213446e+00,7.122464e-02,1.106682e+00,1.327333e+00
5.580000e+00,8.429900e-01,1.308397e+00,1.182950e+00,1.298641e+00,1.108027e+00,1.233672e+00,1.120584e+00,1.255767e+00,1.236330e+00,1.234871e+00,1.116695e+00,1.328500e+00,1.314179e+00,1.174588e+00,1.145000e+00,1.158737e+00,1.173837e+00,1.173624e+00,1.290421e+00,1.214157e+00,7.115213e-02,1.108027e+00,1.328500e+00
5.581000e+00,8.432900e-01,1.307863e+00,1.183304e+00,1.299029e+00,1.108744e+00,1.234688e+00,1.120730e+00,1.256884e+00,1.238716e+00,1.236190e+00,1.117735e+00,1.327333e+00,1.314627e+00,1.175882e+00,1.145250e+00,1.159141e+00,1.175755e+00,1.173974e+00,1.291158e+00,1.214833e+00,7.093128e-02,1.108744e+00,1.327333e+00
5.582000e+00,8.436300e-01,1.306336e+00,1.183363e+00,1.299515e+00,1.110448e+00,1.235625e+00,1.121825e+00,1.258047e+00,1.237523e+00,1.237058e+00,1.118440e+00,1.329333e+00,1.317164e+00,1.176647e+00,1.145687e+00,1.159747e+00,1.175755e+00,1.174279e+00,1.291263e+00,1.215448e+00,7.092370e-02,1.110448e+00,1.329333e+00
5.583000e+00,8.436900e-01,1.307328e+00,1.184661e+00,1.300388e+00,1.110942e+00,1.236172e+00,1.122336e+00,1.259209e+00,1.239450e+00,1.238103e+00,1.119396e+00,1.327833e+00,1.317612e+00,1.176882e+00,1.145312e+00,1.159798e+00,1.176694e+00,1.175502e+00,1.291263e+00,1.216049e+00,7.081515e-02,1.110942e+00,1.327833e+00
5.584000e+00,8.438600e-01,1.308168e+00,1.185634e+00,1.302913e+00,1.111435e+00,1.237344e+00,1.122920e+00,1.259767e+00,1.238165e+00,1.239791e+00,1.120000e+00,1.330500e+00,1.316269e+00,1.177235e+00,1.146062e+00,1.160303e+00,1.177755e+00,1.176114e+00,1.293579e+00,1.216886e+00,7.107553e-02,1.111435e+00,1.330500e+00
5.585000e+00,8.441900e-01,1.308168e+00,1.186608e+00,1.302136e+00,1.111973e+00,1.239297e+00,1.123431e+00,1.261116e+00,1.237523e+00,1.241479e+00,1.120487e+00,1.330500e+00,1.319254e+00,1.178353e+00,1.146437e+00,1.161566e+00,1.177918e+00,1.176070e+00,1.294105e+00,1.217579e+00,7.113113e-02,1.111973e+00,1.330500e+00
5.586000e+00,8.444200e-01,1.307939e+00,1.186962e+00,1.301942e+00,1.112870e+00,1.238984e+00,1.124088e+00,1.263070e+00,1.238716e+00,1.242830e+00,1.121376e+00,1.328833e+00,1.319403e+00,1.179176e+00,1.147437e+00,1.162323e+00,1.178367e+00,1.176245e+00,1.293579e+00,1.218008e+00,7.071195e-02,1.112870e+00,1.328833e+00
5.587000e+00,8.446200e-01,1.310916e+00,1.188289e+00,1.304660e+00,1.113318e+00,1.240781e+00,1.124964e+00,1.264419e+00,1.238440e+00,1.244035e+00,1.122550e+00,1.335000e+00,1.317761e+00,1.179059e+00,1.147437e+00,1.162424e+00,1.179592e+00,1.176812e+00,1.292632e+00,1.219061e+00,7.128456e-02,1.113318e+00,1.335000e+00
5.588000e+00,8.450800e-01,1.310611e+00,1.189204e+00,1.303592e+00,1.113901e+00,1.241484e+00,1.125693e+00,1.265349e+00,1.239450e+00,1.245000e+00,1.123289e+00,1.332833e+00,1.316866e+00,1.179824e+00,1.148625e+00,1.160253e+00,1.180980e+00,1.178079e+00,1.292000e+00,1.219279e+00,7.071806e-02,1.113901e+00,1.332833e+00
5.589000e+00,8.452400e-01,1.310992e+00,1.190708e+00,1.305243e+00,1.114036e+00,1.242656e+00,1.126569e+00,1.266744e+00,1.240917e+00,1.245772e+00,1.124077e+00,1.336333e+00,1.317015e+00,1.180706e+00,1.150375e+00,1.159899e+00,1.181184e+00,1.178646e+00,1.291684e+00,1.220198e+00,7.097213e-02,1.114036e+00,1.336333e+00
5.590000e+00,8.455500e-01,1.312137e+00,1.191416e+00,1.306019e+00,1.114843e+00,1.243281e+00,1.126642e+00,1.267581e+00,1.240183e+00,1.246624e+00,1.124513e+00,1.337667e+00,1.317015e+00,1.181471e+00,1.149938e+00,1.159596e+00,1.182163e+00,1.179083e+00,1.292105e+00,1.220682e+00,7.114738e-02,1.114843e+00,1.337667e+00
5.591000e+00,8.458000e-01,1.313130e+00,1.191829e+00,1.307476e+00,1.115291e+00,1.244687e+00,1.127956e+00,1.268651e+00,1.241651e+00,1.247669e+00,1.125554e+00,1.335000e+00,1.317612e+00,1.182412e+00,1.150875e+00,1.161010e+00,1.183429e+00,1.178646e+00,1.293263e+00,1.221452e+00,7.090162e-02,1.115291e+00,1.335000e+00
5.592000e+00,8.460500e-01,1.313588e+00,1.192271e+00,1.308835e+00,1.116726e+00,1.245078e+00,1.126496e+00,1.269628e+00,1.241009e+00,1.248810e+00,1.126225e+00,1.338500e+00,1.317164e+00,1.183235e+00,1.152125e+00,1.161010e+00,1.184612e+00,1.176332e+00,1.293895e+00,1.221974e+00,7.128022e-02,1.116726e+00,1.338500e+00
5.593000e+00,8.463500e-01,1.314351e+00,1.192861e+00,1.307573e+00,1.117578e+00,1.247656e+00,1.128248e+00,1.271442e+00,1.244404e+00,1.249614e+00,1.126560e+00,1.338333e+00,1.319403e+00,1.183588e+00,1.152688e+00,1.161717e+00,1.184898e+00,1.173450e+00,1.293368e+00,1.222652e+00,7.134566e-02,1.117578e+00,1.338333e+00
5.594000e+00,8.464100e-01,1.315649e+00,1.192920e+00,1.309417e+00,1.118430e+00,1.248047e+00,1.128759e+00,1.271442e+00,1.243578e+00,1.250370e+00,1.127735e+00,1.340667e+00,1.318955e+00,1.184471e+00,1.153125e+00,1.162626e+00,1.185143e+00,1.170393e+00,1.294842e+00,1.223143e+00,7.165547e-02,1.118430e+00,1.340667e+00
5.595000e+00,8.467800e-01,1.317099e+00,1.193982e+00,1.309806e+00,1.118789e+00,1.247344e+00,1.129854e+00,1.273442e+00,1.246330e+00,1.250965e+00,1.128490e+00,1.343667e+00,1.322388e+00,1.184882e+00,1.153875e+00,1.163030e+00,1.185796e+00,1.170393e+00,1.295579e+00,1.224206e+00,7.219674e-02,1.118789e+00,1.343667e+00
5.596000e+00,8.469900e-01,1.316718e+00,1.194366e+00,1.309806e+00,1.120583e+00,1.248594e+00,1.129781e+00,1.273860e+00,1.247339e+00,1.251238e+00,1.128876e+00,1.340833e+00,1.321493e+00,1.185588e+00,1.155062e+00,1.164040e+00,1.186571e+00,1.170218e+00,1.296526e+00,1.224527e+00,7.163258e-02,1.120583e+00,1.340833e+00
5.597000e+00,8.472400e-01,1.318550e+00,1.194867e+00,1.311748e+00,1.121300e+00,1.251641e+00,1.130876e+00,1.274140e+00,1.248440e+00,1.251768e+00,1.129178e+00,1.344500e+00,1.322239e+00,1.187000e+00,1.154687e+00,1.165606e+00,1.187102e+00,1.169651e+00,1.297789e+00,1.225616e+00,7.219276e-02,1.121300e+00,1.344500e+00
5.598000e+00,8.474900e-01,1.319313e+00,1.196136e+00,1.312039e+00,1.121794e+00,1.250703e+00,1.130365e+00,1.275860e+00,1.249541e+00,1.252701e+00,1.129211e+00,1.345000e+00,1.321940e+00,1.187412e+00,1.155500e+00,1.166869e+00,1.187429e+00,1.171266e+00,1.298947e+00,1.226224e+00,7.221251e-02,1.121794e+00,1.345000e+00
5.599000e+00,8.479000e-01,1.320534e+00,1.197286e+00,1.311845e+00,1.122422e+00,1.252969e+00,1.132044e+00,1.276233e+00,1.250550e+00,1.253794e+00,1.129983e+00,1.345167e+00,1.324478e+00,1.187882e+00,1.157063e+00,1.167273e+00,1.188653e+00,1.172664e+00,1.299789e+00,1.227257e+00,7.216518e-02,1.122422e+00,1.345167e+00
5.600000e+00,8.480400e-01,1.320916e+00,1.198083e+00,1.314272e+00,1.123767e+00,1.254141e+00,1.132190e+00,1.276977e+00,1.253211e+00,1.254936e+00,1.130319e+00,1.348167e+00,1.325672e+00,1.188176e+00,1.156625e+00,1.168687e+00,1.188490e+00,1.173493e+00,1.302000e+00,1.228340e+00,7.271875e-02,1.123767e+00,1.348167e+00
5.601000e+00,8.482400e-01,1.321298e+00,1.197935e+00,1.313398e+00,1.124933e+00,1.253906e+00,1.131387e+00,1.278372e+00,1.253853e+00,1.256270e+00,1.131208e+00,1.348833e+00,1.325373e+00,1.189294e+00,1.154750e+00,1.168889e+00,1.189224e+00,1.175328e+00,1.302000e+00,1.228681e+00,7.268216e-02,1.124933e+00,1.348833e+00
5.602000e+00,8.485200e-01,1.321832e+00,1.197670e+00,1.313689e+00,1.125740e+00,1.255937e+00,1.133212e+00,1.279349e+00,1.255872e+00,1.257508e+00,1.131644e+00,1.348167e+00,1.327313e+00,1.189647e+00,1.154125e+00,1.169596e+00,1.189755e+00,1.176812e+00,1.302105e+00,1.229443e+00,7.266278e-02,1.125740e+00,1.348167e+00
5.603000e+00,8.488100e-01,1.323588e+00,1.198791e+00,1.313301e+00,1.127085e+00,1.254609e+00,1.134088e+00,1.279488e+00,1.256239e+00,1.258215e+00,1.132299e+00,1.350667e+00,1.328209e+00,1.190706e+00,1.154062e+00,1.169091e+00,1.190245e+00,1.178035e+00,1.303895e+00,1.230145e+00,7.284459e-02,1.127085e+00,1.350667e+00
5.604000e+00,8.491100e-01,1.323664e+00,1.199469e+00,1.312427e+00,1.127354e+00,1.254531e+00,1.134380e+00,1.280372e+00,1.258165e+00,1.258505e+00,1.133037e+00,1.350167e+00,1.328358e+00,1.190176e+00,1.154500e+00,1.170051e+00,1.190980e+00,1.178690e+00,1.306000e+00,1.230601e+00,7.274186e-02,1.127354e+00,1.350167e+00
5.605000e+00,8.492800e-01,1.324275e+00,1.200472e+00,1.312816e+00,1.127623e+00,1.257266e+00,1.134088e+00,1.280977e+00,1.259083e+00,1.258714e+00,1.134010e+00,1.353167e+00,1.329851e+00,1.191059e+00,1.154625e+00,1.171566e+00,1.191143e+00,1.179563e+00,1.306316e+00,1.231478e+00,7.307367e-02,1.127623e+00,1.353167e+00
5.606000e+00,8.496100e-01,1.325115e+00,1.201888e+00,1.313495e+00,1.128879e+00,1.256250e+00,1.134234e+00,1.281023e+00,1.259450e+00,1.258875e+00,1.134782e+00,1.354167e+00,1.329701e+00,1.190941e+00,1.155563e+00,1.172222e+00,1.189551e+00,1.180393e+00,1.308316e+00,1.231936e+00,7.310212e-02,1.128879e+00,1.354167e+00
5.607000e+00,8.498000e-01,1.326641e+00,1.202566e+00,1.313689e+00,1.129013e+00,1.256719e+00,1.133577e+00,1.281628e+00,1.260917e+00,1.259084e+00,1.135872e+00,1.354500e+00,1.331791e+00,1.192588e+00,1.156438e+00,1.173586e+00,1.190408e+00,1.181485e+00,1.309579e+00,1.232782e+00,7.325862e-02,1.129013e+00,1.354500e+00
5.608000e+00,8.500800e-01,1.327939e+00,1.203038e+00,1.313786e+00,1.129148e+00,1.257891e+00,1.133723e+00,1.282047e+00,1.261376e+00,1.259453e+00,1.136913e+00,1.353833e+00,1.333284e+00,1.192059e+00,1.156750e+00,1.173990e+00,1.189959e+00,1.182445e+00,1.312526e+00,1.233342e+00,7.348551e-02,1.129148e+00,1.353833e+00
5.609000e+00,8.504000e-01,1.328473e+00,1.204307e+00,1.314272e+00,1.129596e+00,1.259219e+00,1.135109e+00,1.282930e+00,1.262018e+00,1.259904e+00,1.137634e+00,1.352167e+00,1.332985e+00,1.192824e+00,1.158062e+00,1.175606e+00,1.190245e+00,1.183057e+00,1.311684e+00,1.233894e+00,7.298404e-02,1.129596e+00,1.352167e+00
5.610000e+00,8.506600e-01,1.328092e+00,1.204572e+00,1.315437e+00,1.129955e+00,1.260391e+00,1.133650e+00,1.284326e+00,1.263211e+00,1.260257e+00,1.138775e+00,1.355167e+00,1.334179e+00,1.193471e+00,1.159188e+00,1.175909e+00,1.191102e+00,1.183188e+00,1.313053e+00,1.234662e+00,7.343977e-02,1.129955e+00,1.355167e+00
5.611000e+00,8.507500e-01,1.330458e+00,1.205369e+00,1.316408e+00,1.131659e+00,1.261328e+00,1.134745e+00,1.284930e+00,1.264404e+00,1.260579e+00,1.139413e+00,1.353500e+00,1.335373e+00,1.195118e+00,1.158813e+00,1.177172e+00,1.191755e+00,1.183799e+00,1.314526e+00,1.235519e+00,7.335508e-02,1.131659e+00,1.353500e+00
5.612000e+00,8.511600e-01,1.330382e+00,1.206165e+00,1.317864e+00,1.132377e+00,1.260625e+00,1.135036e+00,1.286419e+00,1.265229e+00,1.260852e+00,1.140067e+00,1.356167e+00,1.336567e+00,1.194824e+00,1.159875e+00,1.177374e+00,1.192816e+00,1.183974e+00,1.316105e+00,1.236262e+00,7.368220e-02,1.132377e+00,1.356167e+00
5.613000e+00,8.514900e-01,1.331603e+00,1.207198e+00,1.318058e+00,1.132063e+00,1.262266e+00,1.135912e+00,1.287581e+00,1.265596e+00,1.261125e+00,1.141242e+00,1.358333e+00,1.336418e+00,1.196059e+00,1.160688e+00,1.177929e+00,1.193633e+00,1.184847e+00,1.316632e+00,1.237066e+00,7.376454e-02,1.132063e+00,1.358333e+00
5.614000e+00,8.516000e-01,1.332290e+00,1.207611e+00,1.317767e+00,1.133049e+00,1.263359e+00,1.135985e+00,1.289023e+00,1.267523e+00,1.261897e+00,1.141997e+00,1.357833e+00,1.338060e+00,1.196412e+00,1.162438e+00,1.178030e+00,1.193673e+00,1.184585e+00,1.316947e+00,1.237693e+00,7.377176e-02,1.133049e+00,1.357833e+00
5.615000e+00,8.518500e-01,1.332672e+00,1.209027e+00,1.319612e+00,1.134081e+00,1.264609e+00,1.136058e+00,1.289767e+00,1.268807e+00,1.263103e+00,1.143121e+00,1.360000e+00,1.339254e+00,1.196706e+00,1.162875e+00,1.178434e+00,1.195429e+00,1.185808e+00,1.318316e+00,1.238760e+00,7.402445e-02,1.134081e+00,1.360000e+00
5.616000e+00,8.521600e-01,1.333893e+00,1.209941e+00,1.319903e+00,1.135112e+00,1.265781e+00,1.137518e+00,1.291302e+00,1.269450e+00,1.264084e+00,1.144010e+00,1.359667e+00,1.340000e+00,1.197176e+00,1.163188e+00,1.179192e+00,1.196041e+00,1.186681e+00,1.318211e+00,1.239508e+00,7.386379e-02,1.135112e+00,1.359667e+00
5.617000e+00,8.524000e-01,1.334733e+00,1.209823e+00,1.320388e+00,1.135919e+00,1.266797e+00,1.138467e+00,1.291581e+00,1.269817e+00,1.264807e+00,1.144379e+00,1.361000e+00,1.342537e+00,1.197176e+00,1.164500e+00,1.180101e+00,1.197020e+00,1.186987e+00,1.319579e+00,1.240312e+00,7.407992e-02,1.135919e+00,1.361000e+00
5.618000e+00,8.527900e-01,1.334885e+00,1.210206e+00,1.322427e+00,1.137040e+00,1.266406e+00,1.139124e+00,1.292884e+00,1.272477e+00,1.266447e+00,1.145302e+00,1.362833e+00,1.338806e+00,1.197588e+00,1.165250e+00,1.180758e+00,1.197592e+00,1.187904e+00,1.319474e+00,1.240967e+00,7.387527e-02,1.137040e+00,1.362833e+00
5.619000e+00,8.528400e-01,1.335954e+00,1.211475e+00,1.324272e+00,1.137220e+00,1.268828e+00,1.139708e+00,1.293814e+00,1.272385e+00,1.268601e+00,1.146510e+00,1.362333e+00,1.341493e+00,1.198353e+00,1.165625e+00,1.181212e+00,1.198531e+00,1.188952e+00,1.320632e+00,1.241994e+00,7.409562e-02,1.137220e+00,1.362333e+00
5.620000e+00,8.531800e-01,1.336947e+00,1.212537e+00,1.322136e+00,1.136278e+00,1.270078e+00,1.142044e+00,1.294000e+00,1.273578e+00,1.270595e+00,1.147131e+00,1.365333e+00,1.342537e+00,1.199176e+00,1.166000e+00,1.181667e+00,1.199429e+00,1.189258e+00,1.321895e+00,1.242812e+00,7.427974e-02,1.136278e+00,1.365333e+00
5.621000e+00,8.533500e-01,1.337176e+00,1.213097e+00,1.325340e+00,1.136278e+00,1.270000e+00,1.141387e+00,1.295860e+00,1.276239e+00,1.272235e+00,1.148305e+00,1.365000e+00,1.343134e+00,1.199941e+00,1.167000e+00,1.182323e+00,1.200408e+00,1.190480e+00,1.322737e+00,1.243719e+00,7.448016e-02,1.136278e+00,1.365000e+00
5.622000e+00,8.534900e-01,1.336489e+00,1.213422e+00,1.324757e+00,1.136099e+00,1.271875e+00,1.142993e+00,1.297721e+00,1.277156e+00,1.273923e+00,1.148641e+00,1.364167e+00,1.343284e+00,1.200647e+00,1.166875e+00,1.183434e+00,1.201469e+00,1.191616e+00,1.322421e+00,1.244277e+00,7.420007e-02,1.136099e+00,1.364167e+00
5.623000e+00,8.537900e-01,1.336641e+00,1.214041e+00,1.325146e+00,1.136682e+00,1.272813e+00,1.143504e+00,1.298465e+00,1.278440e+00,1.275997e+00,1.148725e+00,1.367167e+00,1.346119e+00,1.200941e+00,1.168562e+00,1.183485e+00,1.201592e+00,1.193057e+00,1.324842e+00,1.245345e+00,7.470946e-02,1.136682e+00,1.367167e+00
5.624000e+00,8.540400e-01,1.335573e+00,1.214484e+00,1.326796e+00,1.137309e+00,1.273750e+00,1.144307e+00,1.299767e+00,1.278440e+00,1.277492e+00,1.150084e+00,1.368000e+00,1.345672e+00,1.201118e+00,1.169437e+00,1.183788e+00,1.202939e+00,1.193231e+00,1.325158e+00,1.245964e+00,7.456336e-02,1.137309e+00,1.368000e+00
5.625000e+00,8.542500e-01,1.335496e+00,1.215044e+00,1.326796e+00,1.137534e+00,1.273828e+00,1.144234e+00,1.301488e+00,1.280459e+00,1.278424e+00,1.150923e+00,1.369000e+00,1.345970e+00,1.201471e+00,1.169937e+00,1.184141e+00,1.203102e+00,1.193406e+00,1.326526e+00,1.246543e+00,7.474118e-02,1.137534e+00,1.369000e+00
5.626000e+00,8.545400e-01,1.337252e+00,1.215487e+00,1.327282e+00,1.137982e+00,1.275000e+00,1.144234e+00,1.302558e+00,1.280367e+00,1.279341e+00,1.151946e+00,1.369167e+00,1.347761e+00,1.201294e+00,1.170562e+00,1.184747e+00,1.203469e+00,1.193493e+00,1.326526e+00,1.247137e+00,7.493005e-02,1.137982e+00,1.369167e+00
5.627000e+00,8.549100e-01,1.337405e+00,1.215988e+00,1.326699e+00,1.138341e+00,1.276641e+00,1.145693e+00,1.303628e+00,1.281284e+00,1.280273e+00,1.152987e+00,1.369833e+00,1.346866e+00,1.200647e+00,1.171938e+00,1.185707e+00,1.204571e+00,1.194148e+00,1.327474e+00,1.247785e+00,7.469278e-02,1.138341e+00,1.369833e+00
5.628000e+00,8.550600e-01,1.338092e+00,1.217375e+00,1.327961e+00,1.138834e+00,1.275703e+00,1.146131e+00,1.304326e+00,1.281743e+00,1.280723e+00,1.153641e+00,1.372833e+00,1.349104e+00,1.200471e+00,1.171563e+00,1.186364e+00,1.205224e+00,1.193886e+00,1.328632e+00,1.248478e+00,7.518766e-02,1.138834e+00,1.372833e+00
5.629000e+00,8.553900e-01,1.339695e+00,1.217876e+00,1.329126e+00,1.139955e+00,1.278359e+00,1.147226e+00,1.305488e+00,1.280092e+00,1.280932e+00,1.154396e+00,1.373000e+00,1.349701e+00,1.200529e+00,1.172250e+00,1.186919e+00,1.206694e+00,1.194236e+00,1.329263e+00,1.249208e+00,7.516405e-02,1.139955e+00,1.373000e+00
5.630000e+00,8.554900e-01,1.340000e+00,1.218614e+00,1.330194e+00,1.140762e+00,1.278125e+00,1.147080e+00,1.307488e+00,1.279908e+00,1.281447e+00,1.155470e+00,1.373167e+00,1.348657e+00,1.199824e+00,1.173375e+00,1.188283e+00,1.206816e+00,1.194629e+00,1.330421e+00,1.249681e+00,7.507575e-02,1.140762e+00,1.373167e+00
5.631000e+00,8.557400e-01,1.340611e+00,1.219499e+00,1.329903e+00,1.141794e+00,1.279453e+00,1.148102e+00,1.307442e+00,1.279450e+00,1.281849e+00,1.156074e+00,1.375667e+00,1.349403e+00,1.199706e+00,1.173437e+00,1.189394e+00,1.207020e+00,1.194891e+00,1.331684e+00,1.250299e+00,7.519609e-02,1.141794e+00,1.375667e+00
5.632000e+00,8.560800e-01,1.342290e+00,1.220147e+00,1.330874e+00,1.142152e+00,1.279844e+00,1.147956e+00,1.309349e+00,1.280275e+00,1.281913e+00,1.156812e+00,1.377000e+00,1.351791e+00,1.201059e+00,1.174500e+00,1.190101e+00,1.208367e+00,1.195808e+00,1.332316e+00,1.251253e+00,7.550448e-02,1.142152e+00,1.377000e+00
5.633000e+00,8.563500e-01,1.343053e+00,1.220413e+00,1.330680e+00,1.142870e+00,1.281641e+00,1.149124e+00,1.310326e+00,1.282110e+00,1.282428e+00,1.157047e+00,1.379167e+00,1.349104e+00,1.201353e+00,1.175375e+00,1.191061e+00,1.208939e+00,1.196812e+00,1.332000e+00,1.251861e+00,7.533301e-02,1.142870e+00,1.379167e+00
5.634000e+00,8.566600e-01,1.344962e+00,1.221062e+00,1.331262e+00,1.143946e+00,1.283047e+00,1.148832e+00,1.312047e+00,1.283670e+00,1.283232e+00,1.157735e+00,1.380333e+00,1.351791e+00,1.201471e+00,1.175500e+00,1.190051e+00,1.209224e+00,1.197948e+00,1.333684e+00,1.252766e+00,7.590880e-02,1.143946e+00,1.380333e+00
5.635000e+00,8.570300e-01,1.345802e+00,1.221652e+00,1.331262e+00,1.145336e+00,1.280469e+00,1.151022e+00,1.312465e+00,1.284312e+00,1.284068e+00,1.157987e+00,1.380000e+00,1.354030e+00,1.201824e+00,1.176313e+00,1.188485e+00,1.210367e+00,1.199214e+00,1.333579e+00,1.253232e+00,7.570972e-02,1.145336e+00,1.380000e+00
5.636000e+00,8.571500e-01,1.346489e+00,1.222271e+00,1.332233e+00,1.145874e+00,1.283047e+00,1.150949e+00,1.314093e+00,1.284954e+00,1.284598e+00,1.157936e+00,1.381167e+00,1.352836e+00,1.202647e+00,1.176500e+00,1.187424e+00,1.210571e+00,1.199607e+00,1.334632e+00,1.253768e+00,7.598617e-02,1.145874e+00,1.381167e+00
5.637000e+00,8.574600e-01,1.345878e+00,1.223363e+00,1.331165e+00,1.146502e+00,1.284375e+00,1.151095e+00,1.315023e+00,1.287615e+00,1.284678e+00,1.158557e+00,1.383000e+00,1.353134e+00,1.204059e+00,1.177812e+00,1.187626e+00,1.210898e+00,1.200087e+00,1.334842e+00,1.254428e+00,7.592981e-02,1.146502e+00,1.383000e+00
5.638000e+00,8.576100e-01,1.346489e+00,1.224484e+00,1.331359e+00,1.147892e+00,1.284063e+00,1.152555e+00,1.315767e+00,1.289266e+00,1.285080e+00,1.159262e+00,1.386000e+00,1.354627e+00,1.204647e+00,1.178813e+00,1.187727e+00,1.211102e+00,1.200306e+00,1.335053e+00,1.255249e+00,7.606985e-02,1.147892e+00,1.386000e+00
5.639000e+00,8.578400e-01,1.348168e+00,1.225074e+00,1.332233e+00,1.149462e+00,1.284687e+00,1.151460e+00,1.315302e+00,1.289450e+00,1.285450e+00,1.160000e+00,1.381833e+00,1.355224e+00,1.206059e+00,1.178813e+00,1.187424e+00,1.210163e+00,1.199825e+00,1.337895e+00,1.255473e+00,7.596644e-02,1.149462e+00,1.381833e+00
5.640000e+00,8.580900e-01,1.349084e+00,1.226313e+00,1.334078e+00,1.150628e+00,1.284687e+00,1.152263e+00,1.315163e+00,1.291651e+00,1.285531e+00,1.160839e+00,1.383333e+00,1.357015e+00,1.206353e+00,1.179438e+00,1.188333e+00,1.210204e+00,1.198908e+00,1.338842e+00,1.256259e+00,7.621981e-02,1.150628e+00,1.383333e+00
5.641000e+00,8.584000e-01,1.349466e+00,1.227021e+00,1.332816e+00,1.151704e+00,1.285156e+00,1.150730e+00,1.315907e+00,1.293670e+00,1.285868e+00,1.161628e+00,1.385500e+00,1.356119e+00,1.206824e+00,1.180125e+00,1.188586e+00,1.209306e+00,1.199258e+00,1.339053e+00,1.256596e+00,7.633894e-02,1.150730e+00,1.385500e+00
5.642000e+00,8.586200e-01,1.351221e+00,1.227316e+00,1.335146e+00,1.152108e+00,1.286797e+00,1.152409e+00,1.316558e+00,1.294587e+00,1.286302e+00,1.162315e+00,1.385167e+00,1.355224e+00,1.207529e+00,1.181000e+00,1.189293e+00,1.209673e+00,1.200568e+00,1.339895e+00,1.257395e+00,7.625042e-02,1.152108e+00,1.385167e+00
5.643000e+00,8.590800e-01,1.351298e+00,1.227434e+00,1.335243e+00,1.154036e+00,1.287734e+00,1.152190e+00,1.317907e+00,1.294862e+00,1.286511e+00,1.163591e+00,1.389833e+00,1.357910e+00,1.207706e+00,1.180813e+00,1.190909e+00,1.211102e+00,1.201616e+00,1.340105e+00,1.258378e+00,7.660701e-02,1.152190e+00,1.389833e+00
5.644000e+00,8.591600e-01,1.352290e+00,1.227670e+00,1.335534e+00,1.155336e+00,1.286953e+00,1.153796e+00,1.319070e+00,1.297798e+00,1.287090e+00,1.164128e+00,1.387833e+00,1.358358e+00,1.208941e+00,1.182063e+00,1.191212e+00,1.211755e+00,1.202620e+00,1.341158e+00,1.259089e+00,7.626423e-02,1.153796e+00,1.387833e+00
5.645000e+00,8.595200e-01,1.352748e+00,1.227788e+00,1.336990e+00,1.154978e+00,1.288516e+00,1.153869e+00,1.319349e+00,1.297339e+00,1.288199e+00,1.164832e+00,1.388833e+00,1.357313e+00,1.209647e+00,1.183250e+00,1.191162e+00,1.212490e+00,1.203100e+00,1.341053e+00,1.259525e+00,7.628004e-02,1.153869e+00,1.388833e+00
5.646000e+00,8.597500e-01,1.354275e+00,1.228643e+00,1.336214e+00,1.155067e+00,1.289922e+00,1.153942e+00,1.321721e+00,1.299450e+00,1.289341e+00,1.165839e+00,1.392667e+00,1.359552e+00,1.210412e+00,1.183063e+00,1.191768e+00,1.212735e+00,1.204760e+00,1.343263e+00,1.260702e+00,7.698539e-02,1.153942e+00,1.392667e+00
5.647000e+00,8.599500e-01,1.355573e+00,1.229794e+00,1.337087e+00,1.156413e+00,1.290312e+00,1.155474e+00,1.322233e+00,1.299817e+00,1.290772e+00,1.166628e+00,1.391500e+00,1.358955e+00,1.210647e+00,1.183063e+00,1.192778e+00,1.213633e+00,1.205633e+00,1.343158e+00,1.261304e+00,7.660722e-02,1.155474e+00,1.391500e+00
5.648000e+00,8.602000e-01,1.356183e+00,1.230501e+00,1.340583e+00,1.156951e+00,1.291641e+00,1.155693e+00,1.324000e+00,1.301651e+00,1.292267e+00,1.167550e+00,1.393167e+00,1.358955e+00,1.211882e+00,1.184312e+00,1.194141e+00,1.214980e+00,1.206419e+00,1.343579e+00,1.262470e+00,7.681657e-02,1.155693e+00,1.393167e+00
5.649000e+00,8.604200e-01,1.357405e+00,1.231180e+00,1.339126e+00,1.157668e+00,1.291953e+00,1.157956e+00,1.324930e+00,1.302110e+00,1.292878e+00,1.168054e+00,1.392667e+00,1.358209e+00,1.212941e+00,1.184438e+00,1.194596e+00,1.216122e+00,1.207293e+00,1.342211e+00,1.262874e+00,7.629248e-02,1.157668e+00,1.392667e+00
5.650000e+00,8.608300e-01,1.357863e+00,1.230973e+00,1.342233e+00,1.158520e+00,1.290937e+00,1.157883e+00,1.326791e+00,1.302294e+00,1.293248e+00,1.169010e+00,1.393333e+00,1.356269e+00,1.213353e+00,1.185250e+00,1.196263e+00,1.216449e+00,1.207380e+00,1.341158e+00,1.263289e+00,7.616800e-02,1.157883e+00,1.393333e+00
5.651000e+00,8.609700e-01,1.359847e+00,1.232183e+00,1.342330e+00,1.159238e+00,1.293750e+00,1.159124e+00,1.327767e+00,1.304954e+00,1.294003e+00,1.170017e+00,1.395667e+00,1.356269e+00,1.214059e+00,1.186313e+00,1.197525e+00,1.217959e+00,1.207991e+00,1.339368e+00,1.264354e+00,7.615891e-02,1.159124e+00,1.395667e+00
5.652000e+00,8.613100e-01,1.360153e+00,1.232743e+00,1.341942e+00,1.159731e+00,1.294063e+00,1.158905e+00,1.329535e+00,1.304495e+00,1.295000e+00,1.170621e+00,1.395667e+00,1.357164e+00,1.214647e+00,1.187312e+00,1.197424e+00,1.218816e+00,1.208210e+00,1.341684e+00,1.264895e+00,7.625708e-02,1.158905e+00,1.395667e+00
5.653000e+00,8.614600e-01,1.360305e+00,1.233333e+00,1.344078e+00,1.160628e+00,1.296016e+00,1.159927e+00,1.331349e+00,1.307431e+00,1.295868e+00,1.171326e+00,1.398333e+00,1.356567e+00,1.216118e+00,1.188375e+00,1.199192e+00,1.219551e+00,1.208908e+00,1.341684e+00,1.266055e+00,7.637320e-02,1.159927e+00,1.398333e+00
5.654000e+00,8.617900e-01,1.361221e+00,1.234631e+00,1.343689e+00,1.161390e+00,1.295078e+00,1.158832e+00,1.332419e+00,1.306239e+00,1.296511e+00,1.172735e+00,1.398167e+00,1.358657e+00,1.216647e+00,1.188687e+00,1.198990e+00,1.220122e+00,1.208646e+00,1.342947e+00,1.266423e+00,7.648123e-02,1.158832e+00,1.398167e+00
5.655000e+00,8.619600e-01,1.361298e+00,1.235398e+00,1.344757e+00,1.162646e+00,1.296172e+00,1.160000e+00,1.334000e+00,1.308624e+00,1.297508e+00,1.173658e+00,1.401833e+00,1.360299e+00,1.216294e+00,1.189062e+00,1.199343e+00,1.220122e+00,1.209170e+00,1.343474e+00,1.267425e+00,7.691479e-02,1.160000e+00,1.401833e+00
5.656000e+00,8.621900e-01,1.363206e+00,1.236077e+00,1.344757e+00,1.163587e+00,1.298672e+00,1.161898e+00,1.335070e+00,1.309541e+00,1.298810e+00,1.174564e+00,1.403667e+00,1.359254e+00,1.216235e+00,1.189875e+00,1.199747e+00,1.221551e+00,1.208865e+00,1.344947e+00,1.268351e+00,7.700159e-02,1.161898e+00,1.403667e+00
5.657000e+00,8.625700e-01,1.362977e+00,1.237257e+00,1.346311e+00,1.164664e+00,1.300078e+00,1.161168e+00,1.336419e+00,1.310183e+00,1.299952e+00,1.175738e+00,1.400833e+00,1.360000e+00,1.217353e+00,1.189750e+00,1.200707e+00,1.222776e+00,1.209389e+00,1.343895e+00,1.268858e+00,7.665401e-02,1.161168e+00,1.400833e+00
5.658000e+00,8.627400e-01,1.363893e+00,1.237876e+00,1.347670e+00,1.165561e+00,1.300859e+00,1.162044e+00,1.338186e+00,1.311284e+00,1.300932e+00,1.176426e+00,1.403833e+00,1.360149e+00,1.218529e+00,1.190813e+00,1.201616e+00,1.222898e+00,1.210742e+00,1.346526e+00,1.269991e+00,7.698570e-02,1.162044e+00,1.403833e+00
5.659000e+00,8.630900e-01,1.365038e+00,1.238053e+00,1.348155e+00,1.166906e+00,1.300938e+00,1.161460e+00,1.339256e+00,1.313394e+00,1.302299e+00,1.177534e+00,1.404000e+00,1.360746e+00,1.218412e+00,1.191312e+00,1.201616e+00,1.223224e+00,1.211878e+00,1.348000e+00,1.270679e+00,7.715874e-02,1.161460e+00,1.404000e+00
5.660000e+00,8.634000e-01,1.364962e+00,1.238879e+00,1.348252e+00,1.167848e+00,1.301719e+00,1.163869e+00,1.340465e+00,1.315229e+00,1.303826e+00,1.178221e+00,1.406333e+00,1.362836e+00,1.219529e+00,1.191312e+00,1.202071e+00,1.224531e+00,1.211747e+00,1.348421e+00,1.271669e+00,7.728468e-02,1.163869e+00,1.406333e+00
5.661000e+00,8.635400e-01,1.365802e+00,1.239912e+00,1.349709e+00,1.167937e+00,1.301953e+00,1.163285e+00,1.341674e+00,1.316422e+00,1.305048e+00,1.178926e+00,1.407333e+00,1.363582e+00,1.219765e+00,1.190375e+00,1.203081e+00,1.225469e+00,1.211441e+00,1.350737e+00,1.272358e+00,7.777037e-02,1.163285e+00,1.407333e+00
5.662000e+00,8.637900e-01,1.366489e+00,1.240059e+00,1.348835e+00,1.169013e+00,1.304766e+00,1.165182e+00,1.342884e+00,1.316422e+00,1.306254e+00,1.179748e+00,1.407000e+00,1.363284e+00,1.221176e+00,1.189938e+00,1.203990e+00,1.226531e+00,1.212096e+00,1.350421e+00,1.273005e+00,7.742783e-02,1.165182e+00,1.407000e+00
5.663000e+00,8.639800e-01,1.367405e+00,1.241268e+00,1.350971e+00,1.169731e+00,1.305937e+00,1.164672e+00,1.343767e+00,1.317890e+00,1.307669e+00,1.180117e+00,1.409667e+00,1.367015e+00,1.221118e+00,1.188625e+00,1.203535e+00,1.227184e+00,1.212402e+00,1.352000e+00,1.273943e+00,7.834552e-02,1.164672e+00,1.409667e+00
5.664000e+00,8.643100e-01,1.366870e+00,1.241239e+00,1.351748e+00,1.170897e+00,1.305547e+00,1.165620e+00,1.344605e+00,1.318807e+00,1.308987e+00,1.180721e+00,1.409333e+00,1.367910e+00,1.222059e+00,1.188875e+00,1.203838e+00,1.227633e+00,1.213493e+00,1.354211e+00,1.274577e+00,7.827016e-02,1.165620e+00,1.409333e+00
5.665000e+00,8.645500e-01,1.365038e+00,1.241652e+00,1.350680e+00,1.171076e+00,1.305781e+00,1.167080e+00,1.345442e+00,1.320183e+00,1.308987e+00,1.181544e+00,1.411000e+00,1.370000e+00,1.222176e+00,1.190313e+00,1.204596e+00,1.228694e+00,1.215240e+00,1.355263e+00,1.275264e+00,7.811314e-02,1.167080e+00,1.411000e+00
5.666000e+00,8.647700e-01,1.365802e+00,1.241534e+00,1.352427e+00,1.171390e+00,1.306016e+00,1.165912e+00,1.347163e+00,1.321376e+00,1.309244e+00,1.182013e+00,1.415167e+00,1.369701e+00,1.222765e+00,1.191063e+00,1.205152e+00,1.229265e+00,1.215590e+00,1.356000e+00,1.275977e+00,7.872856e-02,1.165912e+00,1.415167e+00
5.667000e+00,8.649600e-01,1.365649e+00,1.242330e+00,1.350388e+00,1.171300e+00,1.304531e+00,1.167737e+00,1.347860e+00,1.322294e+00,1.309711e+00,1.182668e+00,1.410667e+00,1.369552e+00,1.222647e+00,1.191812e+00,1.204949e+00,1.229592e+00,1.216594e+00,1.357684e+00,1.275998e+00,7.802416e-02,1.167737e+00,1.410667e+00
5.668000e+00,8.652400e-01,1.366794e+00,1.243038e+00,1.349806e+00,1.172556e+00,1.305703e+00,1.166496e+00,1.349349e+00,1.322936e+00,1.309952e+00,1.183406e+00,1.411833e+00,1.371045e+00,1.223765e+00,1.192187e+00,1.205556e+00,1.230612e+00,1.217074e+00,1.358737e+00,1.276714e+00,7.825487e-02,1.166496e+00,1.411833e+00
5.669000e+00,8.654600e-01,1.368626e+00,1.243953e+00,1.352233e+00,1.172825e+00,1.305859e+00,1.168613e+00,1.350512e+00,1.324404e+00,1.310032e+00,1.183742e+00,1.412500e+00,1.371493e+00,1.224353e+00,1.192812e+00,1.206212e+00,1.230531e+00,1.217729e+00,1.358947e+00,1.277521e+00,7.837301e-02,1.168613e+00,1.412500e+00
5.670000e+00,8.656000e-01,1.368626e+00,1.244395e+00,1.351942e+00,1.173946e+00,1.308047e+00,1.168759e+00,1.351442e+00,1.324954e+00,1.310322e+00,1.184715e+00,1.411000e+00,1.370299e+00,1.225824e+00,1.192937e+00,1.207475e+00,1.230898e+00,1.218122e+00,1.359368e+00,1.277948e+00,7.795407e-02,1.168759e+00,1.411000e+00
5.671000e+00,8.660500e-01,1.368321e+00,1.245664e+00,1.353301e+00,1.174529e+00,1.307109e+00,1.170511e+00,1.352884e+00,1.325963e+00,1.310756e+00,1.185386e+00,1.413833e+00,1.371940e+00,1.225235e+00,1.194125e+00,1.208081e+00,1.232000e+00,1.217467e+00,1.361263e+00,1.278798e+00,7.825326e-02,1.170511e+00,1.413833e+00
5.672000e+00,8.662900e-01,1.369237e+00,1.245929e+00,1.354757e+00,1.174933e+00,1.307969e+00,1.169270e+00,1.353070e+00,1.324404e+00,1.311206e+00,1.185638e+00,1.414167e+00,1.375075e+00,1.226118e+00,1.195500e+00,1.209141e+00,1.231143e+00,1.217860e+00,1.363263e+00,1.279371e+00,7.862091e-02,1.169270e+00,1.414167e+00
5.673000e+00,8.665900e-01,1.371450e+00,1.246991e+00,1.352524e+00,1.175022e+00,1.309688e+00,1.168102e+00,1.352837e+00,1.323119e+00,1.311527e+00,1.185638e+00,1.417333e+00,1.374776e+00,1.226706e+00,1.196625e+00,1.209343e+00,1.230000e+00,1.218428e+00,1.363263e+00,1.279632e+00,7.889742e-02,1.168102e+00,1.417333e+00
5.674000e+00,8.667200e-01,1.372824e+00,1.247522e+00,1.353981e+00,1.174978e+00,1.309766e+00,1.169489e+00,1.353256e+00,1.324954e+00,1.311592e+00,1.185755e+00,1.416667e+00,1.373881e+00,1.226882e+00,1.197125e+00,1.209747e+00,1.230327e+00,1.218908e+00,1.363053e+00,1.280039e+00,7.879438e-02,1.169489e+00,1.416667e+00
5.675000e+00,8.670000e-01,1.372595e+00,1.247817e+00,1.355728e+00,1.174753e+00,1.310391e+00,1.169124e+00,1.354791e+00,1.325321e+00,1.311785e+00,1.186443e+00,1.416167e+00,1.374925e+00,1.227353e+00,1.197688e+00,1.210404e+00,1.230612e+00,1.219651e+00,1.363895e+00,1.280525e+00,7.891858e-02,1.169124e+00,1.416167e+00
5.676000e+00,8.672000e-01,1.373588e+00,1.248171e+00,1.355243e+00,1.175695e+00,1.312031e+00,1.171387e+00,1.355302e+00,1.326972e+00,1.311929e+00,1.187315e+00,1.417833e+00,1.374328e+00,1.227765e+00,1.199375e+00,1.209899e+00,1.231143e+00,1.219476e+00,1.366316e+00,1.281321e+00,7.892699e-02,1.171387e+00,1.417833e+00
5.677000e+00,8.674900e-01,1.374122e+00,1.248614e+00,1.358544e+00,1.175471e+00,1.314219e+00,1.170438e+00,1.356512e+00,1.326972e+00,1.312186e+00,1.187634e+00,1.416667e+00,1.378358e+00,1.228824e+00,1.199500e+00,1.211061e+00,1.231959e+00,1.219738e+00,1.365053e+00,1.281993e+00,7.924928e-02,1.170438e+00,1.416667e+00
5.678000e+00,8.677700e-01,1.375115e+00,1.248909e+00,1.356893e+00,1.176143e+00,1.313203e+00,1.171971e+00,1.358558e+00,1.328807e+00,1.312508e+00,1.188440e+00,1.420167e+00,1.379104e+00,1.228294e+00,1.200750e+00,1.212121e+00,1.232653e+00,1.220524e+00,1.366421e+00,1.282810e+00,7.944744e-02,1.171971e+00,1.420167e+00
5.679000e+00,8.681400e-01,1.375344e+00,1.249882e+00,1.358350e+00,1.177713e+00,1.315547e+00,1.172117e+00,1.359163e+00,1.331009e+00,1.313023e+00,1.189094e+00,1.423500e+00,1.374776e+00,1.229118e+00,1.201062e+00,1.212121e+00,1.233510e+00,1.221528e+00,1.368526e+00,1.283632e+00,7.954952e-02,1.172117e+00,1.423500e+00
5.680000e+00,8.683300e-01,1.376870e+00,1.250413e+00,1.360194e+00,1.179103e+00,1.317031e+00,1.173358e+00,1.360744e+00,1.331560e+00,1.314132e+00,1.190453e+00,1.420167e+00,1.380597e+00,1.229588e+00,1.202187e+00,1.212121e+00,1.234816e+00,1.222751e+00,1.370421e+00,1.284806e+00,7.959111e-02,1.173358e+00,1.420167e+00
5.681000e+00,8.684900e-01,1.378168e+00,1.251062e+00,1.359417e+00,1.179148e+00,1.317266e+00,1.173212e+00,1.361860e+00,1.333578e+00,1.315514e+00,1.190638e+00,1.423333e+00,1.379701e+00,1.229471e+00,1.202375e+00,1.211919e+00,1.236204e+00,1.223231e+00,1.371579e+00,1.285427e+00,8.002078e-02,1.173212e+00,1.423333e+00
5.682000e+00,8.688600e-01,1.378855e+00,1.251386e+00,1.362330e+00,1.180448e+00,1.318359e+00,1.173212e+00,1.364000e+00,1.334771e+00,1.317106e+00,1.191879e+00,1.421333e+00,1.380448e+00,1.230529e+00,1.202937e+00,1.210556e+00,1.236980e+00,1.223362e+00,1.371474e+00,1.286109e+00,8.006265e-02,1.173212e+00,1.421333e+00
5.683000e+00,8.690200e-01,1.380153e+00,1.251770e+00,1.362718e+00,1.180628e+00,1.319062e+00,1.174234e+00,1.364744e+00,1.336789e+00,1.318489e+00,1.192097e+00,1.425500e+00,1.381791e+00,1.230882e+00,1.204063e+00,1.208636e+00,1.237510e+00,1.224498e+00,1.371474e+00,1.286947e+00,8.064329e-02,1.174234e+00,1.425500e+00
5.684000e+00,8.692300e-01,1.380763e+00,1.252065e+00,1.361748e+00,1.182108e+00,1.318750e+00,1.173796e+00,1.366279e+00,1.338073e+00,1.319743e+00,1.192131e+00,1.428000e+00,1.382985e+00,1.230176e+00,1.204813e+00,1.208333e+00,1.238612e+00,1.225939e+00,1.373895e+00,1.287678e+00,8.105875e-02,1.173796e+00,1.428000e+00
5.685000e+00,8.696000e-01,1.382595e+00,1.251534e+00,1.363107e+00,1.183318e+00,1.321953e+00,1.175839e+00,1.367209e+00,1.340642e+00,1.320675e+00,1.192869e+00,1.428333e+00,1.382090e+00,1.229588e+00,1.205250e+00,1.207475e+00,1.239714e+00,1.226725e+00,1.373474e+00,1.288466e+00,8.112100e-02,1.175839e+00,1.428333e+00
5.686000e+00,8.697700e-01,1.381985e+00,1.251475e+00,1.362718e+00,1.184260e+00,1.323516e+00,1.174745e+00,1.368744e+00,1.340000e+00,1.321495e+00,1.193775e+00,1.427833e+00,1.384328e+00,1.228882e+00,1.206250e+00,1.208030e+00,1.240612e+00,1.227074e+00,1.375684e+00,1.288967e+00,8.126053e-02,1.174745e+00,1.427833e+00
5.687000e+00,8.701000e-01,1.383740e+00,1.252714e+00,1.364951e+00,1.184933e+00,1.322266e+00,1.177883e+00,1.370140e+00,1.342110e+00,1.322781e+00,1.194815e+00,1.429833e+00,1.383881e+00,1.229529e+00,1.206125e+00,1.208030e+00,1.241224e+00,1.227773e+00,1.376737e+00,1.289970e+00,8.140104e-02,1.177883e+00,1.429833e+00
5.688000e+00,8.704600e-01,1.385573e+00,1.253156e+00,1.366117e+00,1.185067e+00,1.323516e+00,1.177591e+00,1.371814e+00,1.343853e+00,1.323553e+00,1.195285e+00,1.431667e+00,1.384776e+00,1.228529e+00,1.206687e+00,1.209293e+00,1.242204e+00,1.227336e+00,1.378842e+00,1.290826e+00,8.203069e-02,1.177591e+00,1.431667e+00
5.689000e+00,8.707000e-01,1.385802e+00,1.253422e+00,1.366214e+00,1.185785e+00,1.324766e+00,1.178248e+00,1.372279e+00,1.344037e+00,1.324148e+00,1.195940e+00,1.435167e+00,1.387015e+00,1.229882e+00,1.207875e+00,1.210758e+00,1.242653e+00,1.227249e+00,1.379579e+00,1.291712e+00,8.227998e-02,1.178248e+00,1.435167e+00
5.690000e+00,8.709500e-01,1.386412e+00,1.254248e+00,1.366990e+00,1.187175e+00,1.325469e+00,1.178321e+00,1.374233e+00,1.345688e+00,1.325000e+00,1.196896e+00,1.431667e+00,1.386866e+00,1.230941e+00,1.209500e+00,1.211515e+00,1.243347e+00,1.228690e+00,1.380526e+00,1.292416e+00,8.181950e-02,1.178321e+00,1.431667e+00
5.691000e+00,8.711000e-01,1.387176e+00,1.255074e+00,1.368155e+00,1.188386e+00,1.327109e+00,1.178832e+00,1.375070e+00,1.345596e+00,1.325595e+00,1.197299e+00,1.435500e+00,1.385373e+00,1.231529e+00,1.209563e+00,1.212626e+00,1.244245e+00,1.228777e+00,1.380316e+00,1.293123e+00,8.198425e-02,1.178832e+00,1.435500e+00
5.692000e+00,8.713500e-01,1.387481e+00,1.254779e+00,1.368058e+00,1.189103e+00,1.327266e+00,1.180949e+00,1.376977e+00,1.347431e+00,1.326447e+00,1.198138e+00,1.434500e+00,1.389403e+00,1.231706e+00,1.210562e+00,1.212677e+00,1.245388e+00,1.229258e+00,1.381474e+00,1.293978e+00,8.203615e-02,1.180949e+00,1.434500e+00
5.693000e+00,8.715500e-01,1.388244e+00,1.255133e+00,1.369612e+00,1.189865e+00,1.328203e+00,1.181387e+00,1.378140e+00,1.348349e+00,1.327379e+00,1.198859e+00,1.436000e+00,1.388060e+00,1.232471e+00,1.210687e+00,1.214091e+00,1.245510e+00,1.229607e+00,1.381474e+00,1.294615e+00,8.208080e-02,1.181387e+00,1.436000e+00
5.694000e+00,8.718000e-01,1.389313e+00,1.255103e+00,1.369223e+00,1.191300e+00,1.330547e+00,1.182263e+00,1.379721e+00,1.349450e+00,1.327781e+00,1.199883e+00,1.438333e+00,1.387761e+00,1.232706e+00,1.211875e+00,1.215202e+00,1.246735e+00,1.230087e+00,1.381684e+00,1.295498e+00,8.210663e-02,1.182263e+00,1.438333e+00
5.695000e+00,8.720900e-01,1.390153e+00,1.255693e+00,1.371068e+00,1.192466e+00,1.328437e+00,1.181022e+00,1.381256e+00,1.350550e+00,1.328585e+00,1.200822e+00,1.436833e+00,1.390000e+00,1.233529e+00,1.212187e+00,1.215455e+00,1.247265e+00,1.228603e+00,1.382632e+00,1.295920e+00,8.232320e-02,1.181022e+00,1.436833e+00
5.696000e+00,8.724500e-01,1.391756e+00,1.256490e+00,1.371553e+00,1.193632e+00,1.330781e+00,1.183285e+00,1.382326e+00,1.351651e+00,1.329598e+00,1.201879e+00,1.439167e+00,1.391194e+00,1.234118e+00,1.213000e+00,1.216364e+00,1.248735e+00,1.225852e+00,1.383368e+00,1.296930e+00,8.258341e-02,1.183285e+00,1.439167e+00
5.697000e+00,8.725100e-01,1.391832e+00,1.256873e+00,1.370777e+00,1.194574e+00,1.332344e+00,1.183358e+00,1.384000e+00,1.353394e+00,1.330514e+00,1.202819e+00,1.441500e+00,1.390000e+00,1.235647e+00,1.214125e+00,1.217323e+00,1.249143e+00,1.224279e+00,1.384632e+00,1.297619e+00,8.273279e-02,1.183358e+00,1.441500e+00
5.698000e+00,8.728400e-01,1.393664e+00,1.257758e+00,1.371650e+00,1.195426e+00,1.331406e+00,1.184453e+00,1.385814e+00,1.353945e+00,1.331849e+00,1.203674e+00,1.438333e+00,1.392836e+00,1.236118e+00,1.213750e+00,1.217980e+00,1.249755e+00,1.223362e+00,1.385368e+00,1.298175e+00,8.271741e-02,1.184453e+00,1.438333e+00
5.699000e+00,8.732600e-01,1.393588e+00,1.258083e+00,1.370874e+00,1.196547e+00,1.332734e+00,1.184964e+00,1.387860e+00,1.357156e+00,1.333328e+00,1.204379e+00,1.441333e+00,1.391642e+00,1.237529e+00,1.214813e+00,1.218434e+00,1.250898e+00,1.223799e+00,1.385368e+00,1.299074e+00,8.281919e-02,1.184964e+00,1.441333e+00
5.700000e+00,8.733100e-01,1.394351e+00,1.258437e+00,1.370777e+00,1.197848e+00,1.334219e+00,1.185401e+00,1.388326e+00,1.357890e+00,1.334759e+00,1.204966e+00,1.439667e+00,1.391493e+00,1.237706e+00,1.216500e+00,1.219141e+00,1.252041e+00,1.223581e+00,1.386632e+00,1.299652e+00,8.255688e-02,1.185401e+00,1.439667e+00
5.701000e+00,8.736600e-01,1.395344e+00,1.258437e+00,1.372718e+00,1.199417e+00,1.333672e+00,1.186277e+00,1.390372e+00,1.360183e+00,1.335305e+00,1.206208e+00,1.441167e+00,1.394179e+00,1.238000e+00,1.216625e+00,1.219949e+00,1.252898e+00,1.223799e+00,1.387263e+00,1.300656e+00,8.291746e-02,1.186277e+00,1.441167e+00
5.702000e+00,8.738600e-01,1.396565e+00,1.258997e+00,1.372913e+00,1.199507e+00,1.334141e+00,1.186496e+00,1.391767e+00,1.360459e+00,1.335595e+00,1.206795e+00,1.443000e+00,1.394179e+00,1.238235e+00,1.216500e+00,1.220606e+00,1.252980e+00,1.224061e+00,1.387053e+00,1.301103e+00,8.314766e-02,1.186496e+00,1.443000e+00
5.703000e+00,8.740000e-01,1.397252e+00,1.259558e+00,1.374175e+00,1.200090e+00,1.336484e+00,1.188029e+00,1.393070e+00,1.361927e+00,1.335932e+00,1.207450e+00,1.443833e+00,1.394478e+00,1.239647e+00,1.216813e+00,1.219646e+00,1.253633e+00,1.225590e+00,1.388105e+00,1.301984e+00,8.327050e-02,1.188029e+00,1.443833e+00
5.704000e+00,8.742800e-01,1.398626e+00,1.260236e+00,1.374951e+00,1.200717e+00,1.335703e+00,1.187007e+00,1.393628e+00,1.363119e+00,1.336125e+00,1.208037e+00,1.446667e+00,1.395672e+00,1.239824e+00,1.217313e+00,1.219798e+00,1.254694e+00,1.226943e+00,1.389158e+00,1.302679e+00,8.370000e-02,1.187007e+00,1.446667e+00
5.705000e+00,8.746400e-01,1.398168e+00,1.260177e+00,1.374563e+00,1.201211e+00,1.336484e+00,1.188613e+00,1.393767e+00,1.362844e+00,1.336431e+00,1.208121e+00,1.446000e+00,1.395373e+00,1.240529e+00,1.217437e+00,1.220051e+00,1.254531e+00,1.227511e+00,1.389789e+00,1.302867e+00,8.339473e-02,1.188613e+00,1.446000e+00
5.706000e+00,8.747100e-01,1.396947e+00,1.260118e+00,1.375825e+00,1.202063e+00,1.337734e+00,1.187591e+00,1.393488e+00,1.365780e+00,1.336785e+00,1.209010e+00,1.448333e+00,1.398060e+00,1.241412e+00,1.217250e+00,1.220455e+00,1.252898e+00,1.228777e+00,1.389684e+00,1.303456e+00,8.381029e-02,1.187591e+00,1.448333e+00
5.707000e+00,8.750200e-01,1.398931e+00,1.260088e+00,1.376602e+00,1.202466e+00,1.337656e+00,1.187226e+00,1.393349e+00,1.366972e+00,1.336849e+00,1.209648e+00,1.447333e+00,1.399403e+00,1.242529e+00,1.219375e+00,1.221768e+00,1.253102e+00,1.230175e+00,1.390105e+00,1.304088e+00,8.367344e-02,1.187226e+00,1.447333e+00
5.708000e+00,8.752900e-01,1.397634e+00,1.260472e+00,1.376990e+00,1.203632e+00,1.339063e+00,1.188175e+00,1.393302e+00,1.366330e+00,1.337186e+00,1.209916e+00,1.446833e+00,1.397612e+00,1.243059e+00,1.220063e+00,1.222475e+00,1.252694e+00,1.231223e+00,1.392000e+00,1.304370e+00,8.325386e-02,1.188175e+00,1.446833e+00
5.709000e+00,8.756000e-01,1.398321e+00,1.260531e+00,1.378447e+00,1.204081e+00,1.339141e+00,1.187080e+00,1.394744e+00,1.368257e+00,1.337637e+00,1.210336e+00,1.452500e+00,1.398806e+00,1.243118e+00,1.220187e+00,1.223485e+00,1.253510e+00,1.232227e+00,1.393789e+00,1.305344e+00,8.415250e-02,1.187080e+00,1.452500e+00
5.710000e+00,8.759100e-01,1.398244e+00,1.260678e+00,1.377282e+00,1.204350e+00,1.340156e+00,1.189343e+00,1.396140e+00,1.369174e+00,1.337765e+00,1.210805e+00,1.451833e+00,1.398358e+00,1.244588e+00,1.221250e+00,1.224697e+00,1.253429e+00,1.232096e+00,1.391368e+00,1.305642e+00,8.360360e-02,1.189343e+00,1.451833e+00
5.711000e+00,8.760900e-01,1.399237e+00,1.261357e+00,1.379126e+00,1.205919e+00,1.340859e+00,1.189416e+00,1.397395e+00,1.369633e+00,1.338328e+00,1.210453e+00,1.454833e+00,1.396418e+00,1.244647e+00,1.222125e+00,1.225101e+00,1.254122e+00,1.233275e+00,1.389263e+00,1.306195e+00,8.367135e-02,1.189416e+00,1.454833e+00
5.712000e+00,8.762900e-01,1.400000e+00,1.261888e+00,1.380194e+00,1.206726e+00,1.342734e+00,1.190511e+00,1.398465e+00,1.370550e+00,1.338907e+00,1.210336e+00,1.454500e+00,1.396269e+00,1.245118e+00,1.221812e+00,1.225455e+00,1.254735e+00,1.234934e+00,1.387895e+00,1.306724e+00,8.354584e-02,1.190511e+00,1.454500e+00
5.713000e+00,8.766400e-01,1.400916e+00,1.262360e+00,1.381068e+00,1.207040e+00,1.342578e+00,1.189854e+00,1.400326e+00,1.370550e+00,1.339019e+00,1.210738e+00,1.452833e+00,1.395373e+00,1.245882e+00,1.223000e+00,1.226364e+00,1.255878e+00,1.235721e+00,1.388737e+00,1.307124e+00,8.335516e-02,1.189854e+00,1.452833e+00
5.714000e+00,8.768600e-01,1.400992e+00,1.263097e+00,1.381068e+00,1.207892e+00,1.343828e+00,1.191752e+00,1.402047e+00,1.371651e+00,1.339582e+00,1.211577e+00,1.454000e+00,1.397015e+00,1.246588e+00,1.223812e+00,1.226717e+00,1.257347e+00,1.237293e+00,1.388632e+00,1.308049e+00,8.326156e-02,1.191752e+00,1.454000e+00
5.715000e+00,8.772000e-01,1.403282e+00,1.263481e+00,1.382816e+00,1.208834e+00,1.345234e+00,1.191679e+00,1.404419e+00,1.372294e+00,1.339582e+00,1.212483e+00,1.456167e+00,1.399254e+00,1.247059e+00,1.224000e+00,1.227374e+00,1.257755e+00,1.238210e+00,1.390000e+00,1.309107e+00,8.386771e-02,1.191679e+00,1.456167e+00
5.716000e+00,8.774300e-01,1.403893e+00,1.263894e+00,1.383592e+00,1.209955e+00,1.346172e+00,1.193285e+00,1.406047e+00,1.373945e+00,1.340675e+00,1.212886e+00,1.455667e+00,1.398209e+00,1.247588e+00,1.224313e+00,1.227020e+00,1.259306e+00,1.239039e+00,1.392000e+00,1.309860e+00,8.381034e-02,1.193285e+00,1.455667e+00
5.717000e+00,8.776900e-01,1.405267e+00,1.264425e+00,1.384660e+00,1.212108e+00,1.347500e+00,1.193504e+00,1.407488e+00,1.372202e+00,1.342154e+00,1.213859e+00,1.457167e+00,1.396269e+00,1.248294e+00,1.226187e+00,1.227677e+00,1.259959e+00,1.240218e+00,1.392105e+00,1.310614e+00,8.358473e-02,1.193504e+00,1.457167e+00
5.718000e+00,8.779200e-01,1.405954e+00,1.264366e+00,1.385437e+00,1.212601e+00,1.347656e+00,1.195766e+00,1.409023e+00,1.372202e+00,1.343891e+00,1.214597e+00,1.457667e+00,1.397612e+00,1.248353e+00,1.226000e+00,1.228384e+00,1.260735e+00,1.241266e+00,1.392842e+00,1.311353e+00,8.361264e-02,1.195766e+00,1.457667e+00
5.719000e+00,8.782000e-01,1.407557e+00,1.264720e+00,1.386117e+00,1.214126e+00,1.348594e+00,1.196204e+00,1.410651e+00,1.372110e+00,1.345740e+00,1.215419e+00,1.463000e+00,1.400149e+00,1.248588e+00,1.226438e+00,1.229091e+00,1.262204e+00,1.242009e+00,1.394316e+00,1.312613e+00,8.430539e-02,1.196204e+00,1.463000e+00
5.720000e+00,8.784700e-01,1.408015e+00,1.265074e+00,1.387184e+00,1.214081e+00,1.351641e+00,1.195839e+00,1.412279e+00,1.373853e+00,1.347476e+00,1.216409e+00,1.460500e+00,1.400896e+00,1.249176e+00,1.227812e+00,1.229293e+00,1.263347e+00,1.242271e+00,1.397368e+00,1.313473e+00,8.443006e-02,1.195839e+00,1.460500e+00
5.721000e+00,8.786400e-01,1.409618e+00,1.265516e+00,1.387282e+00,1.215426e+00,1.349609e+00,1.197445e+00,1.413953e+00,1.374220e+00,1.348778e+00,1.216997e+00,1.462833e+00,1.401791e+00,1.250176e+00,1.227062e+00,1.229394e+00,1.264735e+00,1.242620e+00,1.397368e+00,1.314157e+00,8.458734e-02,1.197445e+00,1.462833e+00
5.722000e+00,8.788400e-01,1.409695e+00,1.266903e+00,1.389126e+00,1.215874e+00,1.351797e+00,1.197737e+00,1.414837e+00,1.377339e+00,1.349904e+00,1.217617e+00,1.462833e+00,1.403284e+00,1.251471e+00,1.225250e+00,1.229394e+00,1.265061e+00,1.243188e+00,1.398737e+00,1.315003e+00,8.498096e-02,1.197737e+00,1.462833e+00
5.723000e+00,8.790500e-01,1.410763e+00,1.267729e+00,1.388835e+00,1.217085e+00,1.354375e+00,1.198759e+00,1.416233e+00,1.377706e+00,1.350868e+00,1.218490e+00,1.461333e+00,1.404478e+00,1.252059e+00,1.224438e+00,1.230606e+00,1.266082e+00,1.244323e+00,1.399579e+00,1.315763e+00,8.482787e-02,1.198759e+00,1.461333e+00
5.724000e+00,8.794400e-01,1.411069e+00,1.267906e+00,1.389806e+00,1.217220e+00,1.353672e+00,1.199051e+00,1.417163e+00,1.380183e+00,1.351913e+00,1.218977e+00,1.465167e+00,1.404925e+00,1.252412e+00,1.224938e+00,1.230101e+00,1.266939e+00,1.245633e+00,1.401579e+00,1.316592e+00,8.539378e-02,1.199051e+00,1.465167e+00
5.725000e+00,8.796400e-01,1.412366e+00,1.268437e+00,1.392524e+00,1.218027e+00,1.355391e+00,1.200073e+00,1.418093e+00,1.380183e+00,1.352669e+00,1.219698e+00,1.462333e+00,1.405224e+00,1.252647e+00,1.226312e+00,1.231111e+00,1.268082e+00,1.246201e+00,1.402105e+00,1.317304e+00,8.509629e-02,1.200073e+00,1.462333e+00
5.726000e+00,8.800800e-01,1.413435e+00,1.268171e+00,1.392621e+00,1.217220e+00,1.355938e+00,1.201314e+00,1.419953e+00,1.383119e+00,1.353296e+00,1.220336e+00,1.463333e+00,1.408358e+00,1.253059e+00,1.225313e+00,1.231061e+00,1.269143e+00,1.247031e+00,1.402526e+00,1.318068e+00,8.563856e-02,1.201314e+00,1.463333e+00
5.727000e+00,8.802300e-01,1.413740e+00,1.268112e+00,1.391553e+00,1.216457e+00,1.356641e+00,1.200438e+00,1.421349e+00,1.382018e+00,1.354373e+00,1.221023e+00,1.464667e+00,1.408955e+00,1.253118e+00,1.226438e+00,1.231364e+00,1.269959e+00,1.247904e+00,1.404842e+00,1.318497e+00,8.590643e-02,1.200438e+00,1.464667e+00
5.728000e+00,8.804500e-01,1.415191e+00,1.268466e+00,1.393107e+00,1.216099e+00,1.358281e+00,1.201095e+00,1.422372e+00,1.384037e+00,1.355322e+00,1.221409e+00,1.464167e+00,1.407164e+00,1.253529e+00,1.226750e+00,1.231313e+00,1.270245e+00,1.249738e+00,1.406000e+00,1.319127e+00,8.601194e-02,1.201095e+00,1.464167e+00
5.729000e+00,8.807200e-01,1.415725e+00,1.268201e+00,1.393107e+00,1.216009e+00,1.357578e+00,1.201898e+00,1.424140e+00,1.386147e+00,1.355820e+00,1.222097e+00,1.468500e+00,1.409254e+00,1.254294e+00,1.227750e+00,1.231465e+00,1.271551e+00,1.251354e+00,1.406105e+00,1.320055e+00,8.647797e-02,1.201898e+00,1.468500e+00
5.730000e+00,8.809600e-01,1.415496e+00,1.269263e+00,1.393107e+00,1.216682e+00,1.357109e+00,1.203504e+00,1.425488e+00,1.385780e+00,1.356511e+00,1.222752e+00,1.467000e+00,1.410746e+00,1.255471e+00,1.228813e+00,1.229798e+00,1.271959e+00,1.251921e+00,1.407579e+00,1.320499e+00,8.627295e-02,1.203504e+00,1.467000e+00
5.731000e+00,8.811500e-01,1.417328e+00,1.270295e+00,1.393398e+00,1.217892e+00,1.359141e+00,1.203942e+00,1.427395e+00,1.388532e+00,1.357685e+00,1.223456e+00,1.469667e+00,1.411194e+00,1.255294e+00,1.229250e+00,1.229141e+00,1.272980e+00,1.252664e+00,1.408737e+00,1.321555e+00,8.682656e-02,1.203942e+00,1.469667e+00
5.732000e+00,8.815500e-01,1.417557e+00,1.270767e+00,1.392718e+00,1.218341e+00,1.358281e+00,1.204891e+00,1.428372e+00,1.388073e+00,1.359068e+00,1.224044e+00,1.467333e+00,1.410448e+00,1.256294e+00,1.229688e+00,1.229091e+00,1.274286e+00,1.252533e+00,1.410105e+00,1.321772e+00,8.643018e-02,1.204891e+00,1.467333e+00
5.733000e+00,8.818100e-01,1.419084e+00,1.271327e+00,1.393495e+00,1.218924e+00,1.358437e+00,1.205693e+00,1.430279e+00,1.389174e+00,1.360611e+00,1.224329e+00,1.470667e+00,1.414776e+00,1.255353e+00,1.230500e+00,1.228838e+00,1.274694e+00,1.253493e+00,1.411474e+00,1.322842e+00,8.723453e-02,1.205693e+00,1.470667e+00
5.734000e+00,8.820300e-01,1.419847e+00,1.271504e+00,1.393786e+00,1.220000e+00,1.360234e+00,1.206423e+00,1.431721e+00,1.391101e+00,1.361431e+00,1.224983e+00,1.473833e+00,1.414328e+00,1.256235e+00,1.231938e+00,1.229747e+00,1.275061e+00,1.254585e+00,1.412105e+00,1.323826e+00,8.743674e-02,1.206423e+00,1.473833e+00
5.735000e+00,8.822400e-01,1.420000e+00,1.272006e+00,1.394563e+00,1.222063e+00,1.360547e+00,1.206788e+00,1.433953e+00,1.391651e+00,1.361977e+00,1.225973e+00,1.473500e+00,1.415075e+00,1.257471e+00,1.233375e+00,1.230556e+00,1.275714e+00,1.254803e+00,1.413158e+00,1.324621e+00,8.729249e-02,1.206788e+00,1.473500e+00
5.736000e+00,8.825900e-01,1.421450e+00,1.271947e+00,1.397670e+00,1.223318e+00,1.360703e+00,1.208540e+00,1.434698e+00,1.393394e+00,1.362476e+00,1.226477e+00,1.474500e+00,1.417612e+00,1.258294e+00,1.233437e+00,1.231111e+00,1.276367e+00,1.254847e+00,1.415263e+00,1.325673e+00,8.768607e-02,1.208540e+00,1.474500e+00
5.737000e+00,8.826600e-01,1.421527e+00,1.272065e+00,1.394951e+00,1.223946e+00,1.363359e+00,1.208467e+00,1.437116e+00,1.394220e+00,1.362556e+00,1.227534e+00,1.475333e+00,1.416716e+00,1.259118e+00,1.234437e+00,1.232525e+00,1.276571e+00,1.255502e+00,1.416105e+00,1.326225e+00,8.759176e-02,1.208467e+00,1.475333e+00
5.738000e+00,8.830000e-01,1.422748e+00,1.273274e+00,1.397476e+00,1.224664e+00,1.362031e+00,1.208978e+00,1.437349e+00,1.396422e+00,1.362781e+00,1.228305e+00,1.474833e+00,1.419552e+00,1.259647e+00,1.234563e+00,1.232828e+00,1.276531e+00,1.256856e+00,1.418316e+00,1.327064e+00,8.782658e-02,1.208978e+00,1.474833e+00
5.739000e+00,8.832400e-01,1.423893e+00,1.273658e+00,1.398252e+00,1.226009e+00,1.364141e+00,1.209416e+00,1.437442e+00,1.397156e+00,1.363215e+00,1.228809e+00,1.476333e+00,1.419701e+00,1.260588e+00,1.235625e+00,1.233687e+00,1.275796e+00,1.257467e+00,1.418947e+00,1.327785e+00,8.789156e-02,1.209416e+00,1.476333e+00
5.740000e+00,8.835400e-01,1.424962e+00,1.274513e+00,1.398252e+00,1.226771e+00,1.365000e+00,1.207299e+00,1.437535e+00,1.399358e+00,1.363569e+00,1.229631e+00,1.477500e+00,1.420000e+00,1.260353e+00,1.236313e+00,1.234091e+00,1.275184e+00,1.257729e+00,1.419684e+00,1.328208e+00,8.824299e-02,1.207299e+00,1.477500e+00
5.741000e+00,8.838300e-01,1.425725e+00,1.276018e+00,1.400485e+00,1.228700e+00,1.365703e+00,1.209343e+00,1.437628e+00,1.400826e+00,1.363714e+00,1.230017e+00,1.477167e+00,1.421791e+00,1.261294e+00,1.237125e+00,1.234697e+00,1.275510e+00,1.258559e+00,1.420211e+00,1.329140e+00,8.806047e-02,1.209343e+00,1.477167e+00
5.742000e+00,8.840400e-01,1.425725e+00,1.276549e+00,1.399903e+00,1.229058e+00,1.366719e+00,1.209197e+00,1.439163e+00,1.402110e+00,1.364196e+00,1.230906e+00,1.479833e+00,1.422687e+00,1.260529e+00,1.237875e+00,1.235354e+00,1.276286e+00,1.258865e+00,1.422632e+00,1.329866e+00,8.850006e-02,1.209197e+00,1.479833e+00
5.743000e+00,8.844200e-01,1.428168e+00,1.277168e+00,1.400583e+00,1.229821e+00,1.367578e+00,1.209343e+00,1.440186e+00,1.404220e+00,1.364743e+00,1.231695e+00,1.480833e+00,1.421940e+00,1.259647e+00,1.238687e+00,1.235152e+00,1.276571e+00,1.259607e+00,1.422842e+00,1.330488e+00,8.877230e-02,1.209343e+00,1.480833e+00
5.744000e+00,8.844800e-01,1.428473e+00,1.277876e+00,1.402330e+00,1.231166e+00,1.370391e+00,1.209635e+00,1.441535e+00,1.404954e+00,1.365145e+00,1.232215e+00,1.482833e+00,1.425075e+00,1.258118e+00,1.239250e+00,1.234747e+00,1.277714e+00,1.260218e+00,1.423684e+00,1.331409e+00,8.932004e-02,1.209635e+00,1.482833e+00
5.745000e+00,8.847100e-01,1.429084e+00,1.278378e+00,1.403689e+00,1.232466e+00,1.368672e+00,1.210657e+00,1.442279e+00,1.407156e+00,1.365434e+00,1.232718e+00,1.482833e+00,1.425373e+00,1.259412e+00,1.239313e+00,1.235707e+00,1.279102e+00,1.260349e+00,1.422316e+00,1.331941e+00,8.909765e-02,1.210657e+00,1.482833e+00
5.746000e+00,8.849000e-01,1.430382e+00,1.278555e+00,1.403689e+00,1.232780e+00,1.372031e+00,1.210876e+00,1.443907e+00,1.407339e+00,1.366045e+00,1.233389e+00,1.482833e+00,1.424179e+00,1.259118e+00,1.239750e+00,1.236616e+00,1.280327e+00,1.261354e+00,1.423895e+00,1.332615e+00,8.917577e-02,1.210876e+00,1.482833e+00
5.747000e+00,8.851200e-01,1.430076e+00,1.278761e+00,1.405631e+00,1.233632e+00,1.371563e+00,1.212190e+00,1.445163e+00,1.408899e+00,1.367540e+00,1.233591e+00,1.486500e+00,1.424925e+00,1.260118e+00,1.240187e+00,1.236465e+00,1.280939e+00,1.261397e+00,1.424947e+00,1.333474e+00,8.961605e-02,1.212190e+00,1.486500e+00
5.748000e+00,8.853900e-01,1.429008e+00,1.278820e+00,1.404951e+00,1.234753e+00,1.372109e+00,1.213212e+00,1.446977e+00,1.409174e+00,1.369068e+00,1.233372e+00,1.484333e+00,1.427015e+00,1.260647e+00,1.240938e+00,1.238182e+00,1.282204e+00,1.262009e+00,1.426000e+00,1.334043e+00,8.930963e-02,1.213212e+00,1.484333e+00
5.749000e+00,8.857900e-01,1.428550e+00,1.279145e+00,1.406505e+00,1.235919e+00,1.374297e+00,1.212336e+00,1.449116e+00,1.410734e+00,1.370096e+00,1.232886e+00,1.487667e+00,1.427761e+00,1.261235e+00,1.242375e+00,1.238687e+00,1.283184e+00,1.263406e+00,1.426000e+00,1.334994e+00,8.978662e-02,1.212336e+00,1.487667e+00
5.750000e+00,8.859100e-01,1.429160e+00,1.280265e+00,1.406505e+00,1.236278e+00,1.374609e+00,1.213869e+00,1.449628e+00,1.410734e+00,1.370981e+00,1.232869e+00,1.488000e+00,1.429403e+00,1.261588e+00,1.242125e+00,1.240556e+00,1.284163e+00,1.264891e+00,1.427895e+00,1.335751e+00,8.973353e-02,1.213869e+00,1.488000e+00
5.751000e+00,8.862000e-01,1.429771e+00,1.280590e+00,1.409126e+00,1.237713e+00,1.375156e+00,1.214891e+00,1.451674e+00,1.411376e+00,1.372106e+00,1.232483e+00,1.486667e+00,1.428209e+00,1.262235e+00,1.242188e+00,1.240909e+00,1.285061e+00,1.265852e+00,1.428105e+00,1.336340e+00,8.964045e-02,1.214891e+00,1.486667e+00
5.752000e+00,8.865900e-01,1.430534e+00,1.281062e+00,1.408738e+00,1.238700e+00,1.376641e+00,1.215328e+00,1.452698e+00,1.412294e+00,1.373505e+00,1.233154e+00,1.490333e+00,1.428806e+00,1.262588e+00,1.243000e+00,1.241566e+00,1.286327e+00,1.266070e+00,1.429895e+00,1.337291e+00,9.002501e-02,1.215328e+00,1.490333e+00
5.753000e+00,8.866700e-01,1.431298e+00,1.281150e+00,1.408932e+00,1.239507e+00,1.377578e+00,1.215401e+00,1.455349e+00,1.412477e+00,1.374823e+00,1.232953e+00,1.489167e+00,1.431194e+00,1.263529e+00,1.244375e+00,1.242475e+00,1.286694e+00,1.266812e+00,1.430526e+00,1.338013e+00,9.012585e-02,1.215401e+00,1.489167e+00
5.754000e+00,8.870000e-01,1.431374e+00,1.281888e+00,1.410680e+00,1.240045e+00,1.379141e+00,1.216058e+00,1.456744e+00,1.413486e+00,1.375691e+00,1.233876e+00,1.488500e+00,1.429403e+00,1.263941e+00,1.244750e+00,1.242929e+00,1.287959e+00,1.267860e+00,1.432000e+00,1.338685e+00,9.001316e-02,1.216058e+00,1.488500e+00
5.755000e+00,8.872400e-01,1.433130e+00,1.282389e+00,1.411262e+00,1.240942e+00,1.378125e+00,1.217810e+00,1.458651e+00,1.414495e+00,1.376913e+00,1.235218e+00,1.488167e+00,1.431045e+00,1.264176e+00,1.246188e+00,1.243636e+00,1.289224e+00,1.267991e+00,1.432632e+00,1.339555e+00,8.995531e-02,1.217810e+00,1.488167e+00
5.756000e+00,8.874800e-01,1.433817e+00,1.282507e+00,1.412136e+00,1.241435e+00,1.379297e+00,1.217591e+00,1.460186e+00,1.415505e+00,1.378473e+00,1.236107e+00,1.490000e+00,1.432985e+00,1.265000e+00,1.246312e+00,1.244141e+00,1.289633e+00,1.268690e+00,1.435789e+00,1.340534e+00,9.052415e-02,1.217591e+00,1.490000e+00
5.757000e+00,8.876400e-01,1.435649e+00,1.282920e+00,1.413786e+00,1.242960e+00,1.379844e+00,1.218832e+00,1.461302e+00,1.416239e+00,1.379598e+00,1.237047e+00,1.492167e+00,1.433284e+00,1.265706e+00,1.246938e+00,1.244596e+00,1.290898e+00,1.268384e+00,1.434526e+00,1.341371e+00,9.061857e-02,1.218832e+00,1.492167e+00
5.758000e+00,8.881100e-01,1.434885e+00,1.283982e+00,1.413689e+00,1.243498e+00,1.381484e+00,1.218759e+00,1.463070e+00,1.418073e+00,1.380756e+00,1.238104e+00,1.491167e+00,1.434925e+00,1.266412e+00,1.247437e+00,1.244646e+00,1.291102e+00,1.269127e+00,1.436842e+00,1.342109e+00,9.074987e-02,1.218759e+00,1.491167e+00
5.759000e+00,8.882500e-01,1.436947e+00,1.284395e+00,1.413981e+00,1.244574e+00,1.380703e+00,1.220730e+00,1.463860e+00,1.418257e+00,1.382572e+00,1.239094e+00,1.493833e+00,1.435672e+00,1.267706e+00,1.248813e+00,1.244343e+00,1.292082e+00,1.270393e+00,1.437158e+00,1.343062e+00,9.077861e-02,1.220730e+00,1.493833e+00
5.760000e+00,8.885500e-01,1.438397e+00,1.285133e+00,1.414466e+00,1.245336e+00,1.380469e+00,1.221606e+00,1.465535e+00,1.419541e+00,1.382572e+00,1.240369e+00,1.494667e+00,1.435672e+00,1.267941e+00,1.249000e+00,1.245101e+00,1.293347e+00,1.270742e+00,1.438211e+00,1.343784e+00,9.085798e-02,1.221606e+00,1.494667e+00
5.761000e+00,8.887600e-01,1.438397e+00,1.286018e+00,1.414563e+00,1.246592e+00,1.382422e+00,1.222336e+00,1.467070e+00,1.421193e+00,1.382572e+00,1.241141e+00,1.494667e+00,1.437910e+00,1.269235e+00,1.249125e+00,1.245253e+00,1.294408e+00,1.272445e+00,1.438632e+00,1.344665e+00,9.085385e-02,1.222336e+00,1.494667e+00
5.762000e+00,8.890500e-01,1.440153e+00,1.286785e+00,1.414369e+00,1.247040e+00,1.381953e+00,1.224015e+00,1.467860e+00,1.419633e+00,1.382572e+00,1.241846e+00,1.497167e+00,1.438060e+00,1.270588e+00,1.250500e+00,1.245859e+00,1.295102e+00,1.273275e+00,1.439474e+00,1.345347e+00,9.074997e-02,1.224015e+00,1.497167e+00
5.763000e+00,8.892500e-01,1.440992e+00,1.287552e+00,1.413495e+00,1.248072e+00,1.380937e+00,1.223139e+00,1.469767e+00,1.419633e+00,1.382572e+00,1.242685e+00,1.494667e+00,1.437910e+00,1.270647e+00,1.250437e+00,1.245000e+00,1.296735e+00,1.274541e+00,1.440842e+00,1.345535e+00,9.059609e-02,1.223139e+00,1.494667e+00
5.764000e+00,8.895600e-01,1.441985e+00,1.288614e+00,1.413981e+00,1.248879e+00,1.382422e+00,1.224088e+00,1.470419e+00,1.421376e+00,1.382572e+00,1.243104e+00,1.498667e+00,1.440448e+00,1.271235e+00,1.250812e+00,1.245758e+00,1.297102e+00,1.275109e+00,1.441368e+00,1.346552e+00,9.106427e-02,1.224088e+00,1.498667e+00
5.765000e+00,8.899100e-01,1.442977e+00,1.289086e+00,1.414854e+00,1.249641e+00,1.383828e+00,1.224015e+00,1.471814e+00,1.421101e+00,1.382572e+00,1.243826e+00,1.502667e+00,1.439701e+00,1.272000e+00,1.251437e+00,1.246717e+00,1.298245e+00,1.275546e+00,1.441789e+00,1.347323e+00,9.135268e-02,1.224015e+00,1.502667e+00
5.766000e+00,8.901200e-01,1.443359e+00,1.290029e+00,1.414466e+00,1.250359e+00,1.384766e+00,1.224818e+00,1.473442e+00,1.421835e+00,1.382572e+00,1.244295e+00,1.500333e+00,1.440896e+00,1.271882e+00,1.251750e+00,1.247677e+00,1.298939e+00,1.276332e+00,1.442105e+00,1.347770e+00,9.111169e-02,1.224818e+00,1.500333e+00
5.767000e+00,8.902900e-01,1.444427e+00,1.290767e+00,1.416505e+00,1.251659e+00,1.384609e+00,1.225547e+00,1.475023e+00,1.422018e+00,1.384405e+00,1.244715e+00,1.505167e+00,1.442836e+00,1.272824e+00,1.252125e+00,1.247525e+00,1.299469e+00,1.276026e+00,1.442421e+00,1.348782e+00,9.176168e-02,1.225547e+00,1.505167e+00
5.768000e+00,8.906500e-01,1.445954e+00,1.290826e+00,1.416505e+00,1.251614e+00,1.385625e+00,1.225328e+00,1.476558e+00,1.423303e+00,1.385386e+00,1.245336e+00,1.503000e+00,1.441940e+00,1.274059e+00,1.253125e+00,1.248232e+00,1.300694e+00,1.276288e+00,1.444211e+00,1.349332e+00,9.168885e-02,1.225328e+00,1.503000e+00
5.769000e+00,8.909000e-01,1.445115e+00,1.291180e+00,1.416505e+00,1.252646e+00,1.385703e+00,1.227007e+00,1.477674e+00,1.424128e+00,1.386109e+00,1.246409e+00,1.506000e+00,1.442687e+00,1.275176e+00,1.254000e+00,1.249646e+00,1.300408e+00,1.276856e+00,1.443895e+00,1.350064e+00,9.161443e-02,1.227007e+00,1.506000e+00
5.770000e+00,8.911200e-01,1.446794e+00,1.291622e+00,1.419903e+00,1.252377e+00,1.387031e+00,1.226861e+00,1.479395e+00,1.425321e+00,1.387010e+00,1.246930e+00,1.508167e+00,1.443881e+00,1.275765e+00,1.253437e+00,1.250960e+00,1.301347e+00,1.277380e+00,1.443895e+00,1.351004e+00,9.221086e-02,1.226861e+00,1.508167e+00
5.771000e+00,8.913400e-01,1.448397e+00,1.291563e+00,1.419515e+00,1.253408e+00,1.388437e+00,1.226715e+00,1.480419e+00,1.425138e+00,1.387878e+00,1.247500e+00,1.506000e+00,1.441642e+00,1.275588e+00,1.254250e+00,1.251768e+00,1.302449e+00,1.277642e+00,1.445053e+00,1.351298e+00,9.193045e-02,1.226715e+00,1.506000e+00
5.772000e+00,8.916500e-01,1.449924e+00,1.292271e+00,1.419320e+00,1.253453e+00,1.388750e+00,1.225693e+00,1.481070e+00,1.426697e+00,1.388842e+00,1.248104e+00,1.508167e+00,1.443881e+00,1.276412e+00,1.255375e+00,1.252071e+00,1.301959e+00,1.278821e+00,1.444421e+00,1.351957e+00,9.230422e-02,1.225693e+00,1.508167e+00
5.773000e+00,8.919000e-01,1.449389e+00,1.292920e+00,1.421845e+00,1.253991e+00,1.389531e+00,1.227080e+00,1.480977e+00,1.427248e+00,1.389662e+00,1.248507e+00,1.508667e+00,1.442090e+00,1.277471e+00,1.254750e+00,1.252424e+00,1.301143e+00,1.279345e+00,1.442211e+00,1.352181e+00,9.204161e-02,1.227080e+00,1.508667e+00
5.774000e+00,8.920400e-01,1.450840e+00,1.293097e+00,1.422233e+00,1.255202e+00,1.390078e+00,1.226496e+00,1.481581e+00,1.429083e+00,1.390080e+00,1.249262e+00,1.509333e+00,1.440299e+00,1.277647e+00,1.256063e+00,1.251717e+00,1.301224e+00,1.280699e+00,1.441368e+00,1.352572e+00,9.203353e-02,1.226496e+00,1.509333e+00
5.775000e+00,8.923700e-01,1.451832e+00,1.293776e+00,1.422524e+00,1.255874e+00,1.390469e+00,1.227226e+00,1.483814e+00,1.430000e+00,1.390579e+00,1.250117e+00,1.514333e+00,1.441343e+00,1.277882e+00,1.257000e+00,1.252727e+00,1.301878e+00,1.281965e+00,1.442105e+00,1.353636e+00,9.253879e-02,1.227226e+00,1.514333e+00
5.776000e+00,8.924700e-01,1.451985e+00,1.294749e+00,1.424563e+00,1.256099e+00,1.390156e+00,1.227810e+00,1.483860e+00,1.430642e+00,1.391174e+00,1.251091e+00,1.513667e+00,1.442239e+00,1.278706e+00,1.258437e+00,1.252222e+00,1.302735e+00,1.282969e+00,1.442000e+00,1.354172e+00,9.233790e-02,1.227810e+00,1.513667e+00
5.777000e+00,8.928600e-01,1.453664e+00,1.295428e+00,1.424369e+00,1.257399e+00,1.392500e+00,1.227883e+00,1.485023e+00,1.432202e+00,1.391736e+00,1.252114e+00,1.517667e+00,1.441493e+00,1.279353e+00,1.258750e+00,1.251465e+00,1.303102e+00,1.283755e+00,1.442211e+00,1.355006e+00,9.279906e-02,1.227883e+00,1.517667e+00
5.778000e+00,8.930700e-01,1.453893e+00,1.295959e+00,1.424660e+00,1.257892e+00,1.393906e+00,1.228613e+00,1.485860e+00,1.432661e+00,1.392862e+00,1.253054e+00,1.515333e+00,1.443433e+00,1.279765e+00,1.259313e+00,1.249697e+00,1.304122e+00,1.284105e+00,1.443474e+00,1.355478e+00,9.276258e-02,1.228613e+00,1.515333e+00
5.779000e+00,8.934600e-01,1.456183e+00,1.296372e+00,1.425825e+00,1.258430e+00,1.392031e+00,1.229927e+00,1.487163e+00,1.434404e+00,1.395370e+00,1.253523e+00,1.515167e+00,1.442537e+00,1.279706e+00,1.259250e+00,1.248737e+00,1.304735e+00,1.284978e+00,1.444842e+00,1.356066e+00,9.299250e-02,1.229927e+00,1.515167e+00
5.780000e+00,8.937000e-01,1.455725e+00,1.297021e+00,1.426117e+00,1.257175e+00,1.395391e+00,1.230584e+00,1.488465e+00,1.437339e+00,1.398312e+00,1.254446e+00,1.516167e+00,1.445970e+00,1.280824e+00,1.260250e+00,1.248232e+00,1.306122e+00,1.285197e+00,1.444421e+00,1.357098e+00,9.343230e-02,1.230584e+00,1.516167e+00
5.781000e+00,8.939100e-01,1.457023e+00,1.297493e+00,1.428544e+00,1.257399e+00,1.395469e+00,1.230511e+00,1.489907e+00,1.437890e+00,1.400675e+00,1.254832e+00,1.515500e+00,1.447164e+00,1.281118e+00,1.260000e+00,1.247374e+00,1.307265e+00,1.285764e+00,1.445789e+00,1.357762e+00,9.383057e-02,1.230511e+00,1.515500e+00
5.782000e+00,8.941700e-01,1.458168e+00,1.297994e+00,1.427961e+00,1.257623e+00,1.395859e+00,1.232482e+00,1.490744e+00,1.439266e+00,1.402605e+00,1.255654e+00,1.516500e+00,1.448209e+00,1.281941e+00,1.258250e+00,1.247626e+00,1.308653e+00,1.286419e+00,1.446421e+00,1.358465e+00,9.399542e-02,1.232482e+00,1.516500e+00
5.783000e+00,8.943600e-01,1.458092e+00,1.298968e+00,1.429515e+00,1.258834e+00,1.397812e+00,1.231606e+00,1.492186e+00,1.439725e+00,1.404035e+00,1.256644e+00,1.515333e+00,1.445522e+00,1.282882e+00,1.256375e+00,1.248434e+00,1.309878e+00,1.286943e+00,1.449053e+00,1.358991e+00,9.401997e-02,1.231606e+00,1.515333e+00
5.784000e+00,8.946600e-01,1.459618e+00,1.300678e+00,1.429320e+00,1.259507e+00,1.398438e+00,1.234234e+00,1.494000e+00,1.441284e+00,1.405338e+00,1.256913e+00,1.517167e+00,1.452687e+00,1.282941e+00,1.256188e+00,1.249040e+00,1.310204e+00,1.287686e+00,1.452000e+00,1.360402e+00,9.468566e-02,1.234234e+00,1.517167e+00
5.785000e+00,8.950400e-01,1.460534e+00,1.301534e+00,1.429320e+00,1.260538e+00,1.399375e+00,1.232701e+00,1.495721e+00,1.441835e+00,1.406350e+00,1.257550e+00,1.517000e+00,1.454328e+00,1.283941e+00,1.255937e+00,1.250303e+00,1.311469e+00,1.287686e+00,1.450947e+00,1.360948e+00,9.480224e-02,1.232701e+00,1.517000e+00
5.786000e+00,8.950500e-01,1.460992e+00,1.302065e+00,1.430485e+00,1.260762e+00,1.400781e+00,1.233942e+00,1.497395e+00,1.442936e+00,1.407090e+00,1.257550e+00,1.516500e+00,1.452537e+00,1.285059e+00,1.255688e+00,1.251465e+00,1.313020e+00,1.288472e+00,1.451368e+00,1.361562e+00,9.467946e-02,1.233942e+00,1.516500e+00
5.787000e+00,8.952600e-01,1.461756e+00,1.303097e+00,1.430485e+00,1.262197e+00,1.399219e+00,1.235109e+00,1.498791e+00,1.444220e+00,1.408248e+00,1.257198e+00,1.518167e+00,1.454328e+00,1.285529e+00,1.256563e+00,1.252626e+00,1.313388e+00,1.288690e+00,1.452947e+00,1.362364e+00,9.486794e-02,1.235109e+00,1.518167e+00
5.788000e+00,8.956100e-01,1.462443e+00,1.303215e+00,1.430680e+00,1.262960e+00,1.401563e+00,1.236350e+00,1.500558e+00,1.445596e+00,1.410096e+00,1.257198e+00,1.519167e+00,1.453582e+00,1.285294e+00,1.257500e+00,1.253182e+00,1.315265e+00,1.288515e+00,1.456211e+00,1.363299e+00,9.518117e-02,1.236350e+00,1.519167e+00
5.789000e+00,8.958900e-01,1.463893e+00,1.302920e+00,1.433204e+00,1.263453e+00,1.401406e+00,1.237226e+00,1.502465e+00,1.446239e+00,1.411720e+00,1.257366e+00,1.521333e+00,1.455224e+00,1.286059e+00,1.257937e+00,1.254545e+00,1.316082e+00,1.288472e+00,1.456947e+00,1.364250e+00,9.565031e-02,1.237226e+00,1.521333e+00
5.790000e+00,8.960900e-01,1.461985e+00,1.302714e+00,1.432136e+00,1.263812e+00,1.401406e+00,1.236715e+00,1.503395e+00,1.447982e+00,1.412460e+00,1.257601e+00,1.522833e+00,1.457612e+00,1.287412e+00,1.258813e+00,1.256061e+00,1.316286e+00,1.288297e+00,1.459053e+00,1.364809e+00,9.585698e-02,1.236715e+00,1.522833e+00
5.791000e+00,8.963600e-01,1.462137e+00,1.303392e+00,1.433592e+00,1.265247e+00,1.401875e+00,1.238832e+00,1.504093e+00,1.448899e+00,1.413167e+00,1.258054e+00,1.521667e+00,1.458955e+00,1.287882e+00,1.259437e+00,1.256970e+00,1.317592e+00,1.288821e+00,1.460105e+00,1.365595e+00,9.560654e-02,1.238832e+00,1.521667e+00
5.792000e+00,8.965800e-01,1.462748e+00,1.303953e+00,1.433301e+00,1.265516e+00,1.402656e+00,1.237080e+00,1.505767e+00,1.446881e+00,1.414437e+00,1.258826e+00,1.524667e+00,1.458657e+00,1.288176e+00,1.260500e+00,1.258081e+00,1.318000e+00,1.288996e+00,1.462526e+00,1.366154e+00,9.599015e-02,1.237080e+00,1.524667e+00
5.793000e+00,8.968000e-01,1.463817e+00,1.304779e+00,1.432621e+00,1.266368e+00,1.401875e+00,1.239051e+00,1.506465e+00,1.449450e+00,1.415595e+00,1.259211e+00,1.524833e+00,1.461194e+00,1.288765e+00,1.261000e+00,1.259141e+00,1.318857e+00,1.290393e+00,1.462947e+00,1.367020e+00,9.593396e-02,1.239051e+00,1.524833e+00
5.794000e+00,8.970600e-01,1.464580e+00,1.304749e+00,1.432039e+00,1.267265e+00,1.402734e+00,1.238832e+00,1.507953e+00,1.448899e+00,1.416270e+00,1.260336e+00,1.524833e+00,1.461493e+00,1.289471e+00,1.262687e+00,1.259394e+00,1.319469e+00,1.291354e+00,1.464421e+00,1.367599e+00,9.586897e-02,1.238832e+00,1.524833e+00
5.795000e+00,8.973600e-01,1.465038e+00,1.305693e+00,1.432816e+00,1.268251e+00,1.402969e+00,1.240000e+00,1.508558e+00,1.450734e+00,1.417010e+00,1.261023e+00,1.526667e+00,1.461194e+00,1.289588e+00,1.262875e+00,1.259394e+00,1.320367e+00,1.293013e+00,1.464526e+00,1.368318e+00,9.590686e-02,1.240000e+00,1.526667e+00
5.796000e+00,8.976900e-01,1.465267e+00,1.306372e+00,1.431845e+00,1.268655e+00,1.401641e+00,1.241241e+00,1.510558e+00,1.451743e+00,1.417572e+00,1.261980e+00,1.529167e+00,1.462836e+00,1.290353e+00,1.263937e+00,1.258990e+00,1.321347e+00,1.293537e+00,1.466000e+00,1.369058e+00,9.616319e-02,1.241241e+00,1.529167e+00
5.797000e+00,8.979900e-01,1.466718e+00,1.306785e+00,1.433883e+00,1.270000e+00,1.403672e+00,1.241022e+00,1.511488e+00,1.453028e+00,1.417765e+00,1.263154e+00,1.531667e+00,1.461791e+00,1.290647e+00,1.265250e+00,1.258788e+00,1.321959e+00,1.293886e+00,1.465474e+00,1.369832e+00,9.638636e-02,1.241022e+00,1.531667e+00
5.798000e+00,8.982000e-01,1.467481e+00,1.307021e+00,1.433301e+00,1.270404e+00,1.404219e+00,1.242409e+00,1.512791e+00,1.454220e+00,1.418055e+00,1.263809e+00,1.529333e+00,1.464627e+00,1.291412e+00,1.266813e+00,1.259646e+00,1.322327e+00,1.291354e+00,1.466632e+00,1.370325e+00,9.633584e-02,1.242409e+00,1.529333e+00
5.799000e+00,8.983500e-01,1.468473e+00,1.307699e+00,1.434951e+00,1.272511e+00,1.405234e+00,1.241971e+00,1.512744e+00,1.454495e+00,1.418875e+00,1.264631e+00,1.531000e+00,1.465522e+00,1.291882e+00,1.266438e+00,1.260556e+00,1.323633e+00,1.290044e+00,1.466526e+00,1.370955e+00,9.650443e-02,1.241971e+00,1.531000e+00
5.800000e+00,8.987600e-01,1.468702e+00,1.308643e+00,1.435340e+00,1.273767e+00,1.404297e+00,1.243650e+00,1.513814e+00,1.456055e+00,1.419887e+00,1.265503e+00,1.533500e+00,1.465672e+00,1.290647e+00,1.267437e+00,1.261212e+00,1.324408e+00,1.288384e+00,1.468947e+00,1.371659e+00,9.680757e-02,1.243650e+00,1.533500e+00
5.801000e+00,8.989100e-01,1.470076e+00,1.309145e+00,1.435922e+00,1.274260e+00,1.406172e+00,1.243066e+00,1.515674e+00,1.457064e+00,1.420981e+00,1.266359e+00,1.534500e+00,1.466418e+00,1.290118e+00,1.268437e+00,1.262374e+00,1.325143e+00,1.287729e+00,1.468105e+00,1.372308e+00,9.710778e-02,1.243066e+00,1.534500e+00
5.802000e+00,8.991300e-01,1.470840e+00,1.310000e+00,1.437476e+00,1.275336e+00,1.408047e+00,1.245474e+00,1.516512e+00,1.458716e+00,1.422363e+00,1.267282e+00,1.535000e+00,1.467313e+00,1.289471e+00,1.268437e+00,1.262071e+00,1.325714e+00,1.288253e+00,1.469579e+00,1.373216e+00,9.729200e-02,1.245474e+00,1.535000e+00
5.803000e+00,8.993400e-01,1.471908e+00,1.311062e+00,1.437961e+00,1.277040e+00,1.408203e+00,1.244015e+00,1.517814e+00,1.459908e+00,1.423553e+00,1.268154e+00,1.533167e+00,1.467761e+00,1.289353e+00,1.269312e+00,1.262273e+00,1.326857e+00,1.288777e+00,1.469789e+00,1.373717e+00,9.724520e-02,1.244015e+00,1.533167e+00
5.804000e+00,8.996800e-01,1.474504e+00,1.311740e+00,1.437767e+00,1.278386e+00,1.409141e+00,1.245109e+00,1.518651e+00,1.460642e+00,1.424196e+00,1.268389e+00,1.536000e+00,1.468955e+00,1.289529e+00,1.270375e+00,1.262980e+00,1.327673e+00,1.289782e+00,1.470526e+00,1.374686e+00,9.750911e-02,1.245109e+00,1.536000e+00
5.805000e+00,8.999900e-01,1.473664e+00,1.312389e+00,1.439903e+00,1.279238e+00,1.408672e+00,1.244745e+00,1.518558e+00,1.459450e+00,1.424341e+00,1.269128e+00,1.538667e+00,1.470299e+00,1.290824e+00,1.270000e+00,1.263182e+00,1.327061e+00,1.290131e+00,1.470947e+00,1.375066e+00,9.767043e-02,1.244745e+00,1.538667e+00
5.806000e+00,9.002500e-01,1.476641e+00,1.313068e+00,1.439709e+00,1.279552e+00,1.411797e+00,1.245182e+00,1.517116e+00,1.458991e+00,1.424357e+00,1.269698e+00,1.539000e+00,1.470299e+00,1.291765e+00,1.270188e+00,1.265606e+00,1.325878e+00,1.290873e+00,1.473684e+00,1.375745e+00,9.761727e-02,1.245182e+00,1.539000e+00
5.807000e+00,9.004400e-01,1.477863e+00,1.313569e+00,1.440388e+00,1.280852e+00,1.412500e+00,1.244891e+00,1.517302e+00,1.459450e+00,1.424887e+00,1.269832e+00,1.541500e+00,1.472985e+00,1.292059e+00,1.269687e+00,1.266566e+00,1.325388e+00,1.292576e+00,1.474632e+00,1.376496e+00,9.802263e-02,1.244891e+00,1.541500e+00
5.808000e+00,9.006600e-01,1.477328e+00,1.314425e+00,1.441650e+00,1.281480e+00,1.413203e+00,1.243796e+00,1.517721e+00,1.458349e+00,1.425482e+00,1.270621e+00,1.538167e+00,1.473134e+00,1.293118e+00,1.271188e+00,1.267424e+00,1.327184e+00,1.293493e+00,1.475895e+00,1.376870e+00,9.750131e-02,1.243796e+00,1.538167e+00
5.809000e+00,9.010100e-01,1.478244e+00,1.314425e+00,1.442233e+00,1.282152e+00,1.414766e+00,1.243869e+00,1.518419e+00,1.460092e+00,1.425691e+00,1.271326e+00,1.537333e+00,1.472687e+00,1.293882e+00,1.271062e+00,1.267980e+00,1.327510e+00,1.294891e+00,1.475684e+00,1.377347e+00,9.741550e-02,1.243869e+00,1.537333e+00
5.810000e+00,9.011500e-01,1.479542e+00,1.314779e+00,1.443204e+00,1.282242e+00,1.414219e+00,1.245474e+00,1.519023e+00,1.459174e+00,1.426029e+00,1.271762e+00,1.540000e+00,1.473582e+00,1.294647e+00,1.271937e+00,1.268838e+00,1.328082e+00,1.295983e+00,1.476316e+00,1.378046e+00,9.748266e-02,1.245474e+00,1.540000e+00
5.811000e+00,9.015600e-01,1.480305e+00,1.315693e+00,1.445049e+00,1.283229e+00,1.416172e+00,1.246642e+00,1.519302e+00,1.460092e+00,1.426431e+00,1.272617e+00,1.540167e+00,1.474478e+00,1.295235e+00,1.272437e+00,1.268131e+00,1.328531e+00,1.297511e+00,1.476947e+00,1.378832e+00,9.748742e-02,1.246642e+00,1.540167e+00
5.812000e+00,9.017100e-01,1.481221e+00,1.315900e+00,1.443689e+00,1.283363e+00,1.416016e+00,1.245620e+00,1.520140e+00,1.460275e+00,1.427138e+00,1.273070e+00,1.541833e+00,1.472537e+00,1.295647e+00,1.273375e+00,1.267727e+00,1.329918e+00,1.298472e+00,1.477158e+00,1.379061e+00,9.754351e-02,1.245620e+00,1.541833e+00
5.813000e+00,9.019200e-01,1.481908e+00,1.316726e+00,1.445243e+00,1.283229e+00,1.415625e+00,1.245912e+00,1.522605e+00,1.460459e+00,1.427781e+00,1.273339e+00,1.542000e+00,1.473881e+00,1.297059e+00,1.274000e+00,1.269242e+00,1.331224e+00,1.300131e+00,1.478421e+00,1.379932e+00,9.764249e-02,1.245912e+00,1.542000e+00
5.814000e+00,9.021500e-01,1.483740e+00,1.317198e+00,1.445049e+00,1.284170e+00,1.418203e+00,1.247737e+00,1.522884e+00,1.463578e+00,1.428055e+00,1.274446e+00,1.541833e+00,1.475522e+00,1.297294e+00,1.275313e+00,1.269899e+00,1.332776e+00,1.301659e+00,1.478526e+00,1.380993e+00,9.753040e-02,1.247737e+00,1.541833e+00
5.815000e+00,9.024700e-01,1.483740e+00,1.317935e+00,1.446505e+00,1.284933e+00,1.418594e+00,1.247956e+00,1.524419e+00,1.462385e+00,1.429019e+00,1.275688e+00,1.545500e+00,1.474925e+00,1.298059e+00,1.275875e+00,1.269242e+00,1.333388e+00,1.302576e+00,1.481158e+00,1.381772e+00,9.789337e-02,1.247956e+00,1.545500e+00
5.816000e+00,9.028800e-01,1.485115e+00,1.318024e+00,1.448835e+00,1.286413e+00,1.418047e+00,1.248978e+00,1.524698e+00,1.464495e+00,1.430386e+00,1.276644e+00,1.545000e+00,1.476716e+00,1.298235e+00,1.276000e+00,1.269545e+00,1.334449e+00,1.303450e+00,1.482421e+00,1.382636e+00,9.800223e-02,1.248978e+00,1.545000e+00
5.817000e+00,9.030200e-01,1.485496e+00,1.318437e+00,1.448155e+00,1.286637e+00,1.419609e+00,1.248978e+00,1.526465e+00,1.465229e+00,1.431495e+00,1.277701e+00,1.547500e+00,1.477463e+00,1.299529e+00,1.277250e+00,1.269747e+00,1.335265e+00,1.303755e+00,1.482842e+00,1.383420e+00,9.825538e-02,1.248978e+00,1.547500e+00
5.818000e+00,9.033400e-01,1.486565e+00,1.319056e+00,1.448447e+00,1.287937e+00,1.420000e+00,1.250511e+00,1.526791e+00,1.467064e+00,1.432379e+00,1.278507e+00,1.547167e+00,1.477910e+00,1.300471e+00,1.277875e+00,1.270354e+00,1.335755e+00,1.304760e+00,1.483579e+00,1.384174e+00,9.806800e-02,1.250511e+00,1.547167e+00
5.819000e+00,9.035900e-01,1.487634e+00,1.319853e+00,1.449515e+00,1.288744e+00,1.421641e+00,1.251314e+00,1.527349e+00,1.468073e+00,1.433762e+00,1.278993e+00,1.548167e+00,1.479104e+00,1.301588e+00,1.278063e+00,1.271313e+00,1.336735e+00,1.306507e+00,1.484000e+00,1.385131e+00,9.811770e-02,1.251314e+00,1.548167e+00
5.820000e+00,9.037100e-01,1.488855e+00,1.320590e+00,1.450194e+00,1.289731e+00,1.423359e+00,1.251241e+00,1.527674e+00,1.469450e+00,1.435756e+00,1.279765e+00,1.550000e+00,1.480149e+00,1.302529e+00,1.278250e+00,1.272323e+00,1.337633e+00,1.306769e+00,1.486105e+00,1.386132e+00,9.845941e-02,1.251241e+00,1.550000e+00
5.821000e+00,9.039800e-01,1.489924e+00,1.321622e+00,1.451650e+00,1.290000e+00,1.423516e+00,1.252555e+00,1.528791e+00,1.469541e+00,1.437444e+00,1.280369e+00,1.548333e+00,1.481045e+00,1.303235e+00,1.279750e+00,1.272778e+00,1.338776e+00,1.308515e+00,1.485895e+00,1.386874e+00,9.814997e-02,1.252555e+00,1.548333e+00
5.822000e+00,9.043100e-01,1.490229e+00,1.322035e+00,1.452039e+00,1.291031e+00,1.423672e+00,1.253358e+00,1.529163e+00,1.471651e+00,1.439325e+00,1.280839e+00,1.552000e+00,1.482687e+00,1.304471e+00,1.280500e+00,1.274192e+00,1.339388e+00,1.309738e+00,1.486632e+00,1.387942e+00,9.840751e-02,1.253358e+00,1.552000e+00
5.823000e+00,9.045300e-01,1.491145e+00,1.322448e+00,1.451650e+00,1.292870e+00,1.425625e+00,1.254526e+00,1.530140e+00,1.473578e+00,1.441254e+00,1.281628e+00,1.549833e+00,1.481493e+00,1.304471e+00,1.280250e+00,1.274040e+00,1.340612e+00,1.310349e+00,1.485895e+00,1.388434e+00,9.812309e-02,1.254526e+00,1.549833e+00
5.824000e+00,9.048500e-01,1.492137e+00,1.322950e+00,1.452136e+00,1.293767e+00,1.426016e+00,1.254307e+00,1.530186e+00,1.472569e+00,1.443376e+00,1.281393e+00,1.553000e+00,1.483134e+00,1.304824e+00,1.281125e+00,1.273283e+00,1.341755e+00,1.311659e+00,1.486421e+00,1.389113e+00,9.848745e-02,1.254307e+00,1.553000e+00
5.825000e+00,9.051500e-01,1.492824e+00,1.323127e+00,1.450388e+00,1.293812e+00,1.424687e+00,1.256204e+00,1.531302e+00,1.475413e+00,1.445370e+00,1.281174e+00,1.554333e+00,1.485522e+00,1.305118e+00,1.281125e+00,1.272121e+00,1.342245e+00,1.311747e+00,1.488211e+00,1.389707e+00,9.898116e-02,1.256204e+00,1.554333e+00
5.826000e+00,9.053600e-01,1.493053e+00,1.324189e+00,1.451068e+00,1.294081e+00,1.424531e+00,1.255547e+00,1.531860e+00,1.476789e+00,1.447026e+00,1.281124e+00,1.555500e+00,1.486119e+00,1.306941e+00,1.281750e+00,1.270202e+00,1.343184e+00,1.311965e+00,1.488737e+00,1.390204e+00,9.931444e-02,1.255547e+00,1.555500e+00
5.827000e+00,9.055000e-01,1.493511e+00,1.325457e+00,1.452136e+00,1.295247e+00,1.427031e+00,1.257226e+00,1.532558e+00,1.478349e+00,1.448537e+00,1.281309e+00,1.556000e+00,1.486269e+00,1.307059e+00,1.281875e+00,1.269848e+00,1.343551e+00,1.312533e+00,1.489158e+00,1.390981e+00,9.941279e-02,1.257226e+00,1.556000e+00
5.828000e+00,9.055900e-01,1.494198e+00,1.326018e+00,1.450971e+00,1.296726e+00,1.427266e+00,1.256131e+00,1.533442e+00,1.477982e+00,1.449341e+00,1.281477e+00,1.556667e+00,1.488806e+00,1.307706e+00,1.282188e+00,1.269394e+00,1.344857e+00,1.313493e+00,1.490000e+00,1.391481e+00,9.961780e-02,1.256131e+00,1.556667e+00
5.829000e+00,9.059100e-01,1.495267e+00,1.326962e+00,1.452136e+00,1.297399e+00,1.427578e+00,1.257883e+00,1.534186e+00,1.479358e+00,1.450289e+00,1.282181e+00,1.558667e+00,1.487612e+00,1.308765e+00,1.282125e+00,1.269949e+00,1.345959e+00,1.313624e+00,1.488842e+00,1.392155e+00,9.957570e-02,1.257883e+00,1.558667e+00
5.830000e+00,9.061800e-01,1.494427e+00,1.327198e+00,1.452718e+00,1.296951e+00,1.428828e+00,1.259124e+00,1.535256e+00,1.480275e+00,1.451399e+00,1.282399e+00,1.560500e+00,1.489701e+00,1.309647e+00,1.283937e+00,1.271212e+00,1.346653e+00,1.313712e+00,1.489158e+00,1.392950e+00,9.968709e-02,1.259124e+00,1.560500e+00
5.831000e+00,9.063000e-01,1.494046e+00,1.327434e+00,1.454757e+00,1.297713e+00,1.428359e+00,1.259416e+00,1.535302e+00,1.481651e+00,1.452283e+00,1.283322e+00,1.559667e+00,1.489851e+00,1.310353e+00,1.283500e+00,1.271667e+00,1.347388e+00,1.314367e+00,1.490737e+00,1.393434e+00,9.962809e-02,1.259416e+00,1.559667e+00
5.832000e+00,9.068000e-01,1.493893e+00,1.327729e+00,1.454854e+00,1.297309e+00,1.430078e+00,1.261168e+00,1.535814e+00,1.482661e+00,1.452797e+00,1.283977e+00,1.561667e+00,1.490896e+00,1.311059e+00,1.284562e+00,1.271616e+00,1.348449e+00,1.315808e+00,1.492211e+00,1.394253e+00,9.974149e-02,1.261168e+00,1.561667e+00
5.833000e+00,9.069700e-01,1.494427e+00,1.328171e+00,1.453786e+00,1.296592e+00,1.429844e+00,1.260949e+00,1.536744e+00,1.481284e+00,1.452974e+00,1.284664e+00,1.561667e+00,1.492687e+00,1.310941e+00,1.285438e+00,1.272374e+00,1.348735e+00,1.316114e+00,1.492947e+00,1.394463e+00,9.975709e-02,1.260949e+00,1.561667e+00
5.834000e+00,9.073100e-01,1.495267e+00,1.328614e+00,1.455243e+00,1.295874e+00,1.429531e+00,1.261971e+00,1.536791e+00,1.483486e+00,1.453135e+00,1.286007e+00,1.563167e+00,1.492687e+00,1.311176e+00,1.285875e+00,1.272828e+00,1.349673e+00,1.317511e+00,1.492211e+00,1.395058e+00,9.977494e-02,1.261971e+00,1.563167e+00
5.835000e+00,9.075100e-01,1.496031e+00,1.329145e+00,1.456505e+00,1.295605e+00,1.432422e+00,1.261168e+00,1.537581e+00,1.484128e+00,1.453183e+00,1.286745e+00,1.564500e+00,1.487612e+00,1.311706e+00,1.285750e+00,1.273737e+00,1.350041e+00,1.318384e+00,1.489789e+00,1.395224e+00,9.962603e-02,1.261168e+00,1.564500e+00
5.836000e+00,9.076600e-01,1.496641e+00,1.329646e+00,1.457476e+00,1.295516e+00,1.434141e+00,1.261825e+00,1.536837e+00,1.484862e+00,1.453505e+00,1.287466e+00,1.563833e+00,1.490597e+00,1.313235e+00,1.287313e+00,1.274697e+00,1.350816e+00,1.319694e+00,1.488000e+00,1.395894e+00,9.930466e-02,1.261825e+00,1.563833e+00
5.837000e+00,9.080400e-01,1.496870e+00,1.330413e+00,1.458544e+00,1.296054e+00,1.433828e+00,1.261898e+00,1.537535e+00,1.484312e+00,1.453907e+00,1.288339e+00,1.566167e+00,1.489552e+00,1.313294e+00,1.287438e+00,1.276162e+00,1.351633e+00,1.320087e+00,1.489789e+00,1.396434e+00,9.938346e-02,1.261898e+00,1.566167e+00
5.838000e+00,9.082300e-01,1.498473e+00,1.331003e+00,1.459223e+00,1.296771e+00,1.433828e+00,1.262774e+00,1.537209e+00,1.484495e+00,1.454132e+00,1.288926e+00,1.565833e+00,1.488507e+00,1.313824e+00,1.287875e+00,1.276869e+00,1.351143e+00,1.320917e+00,1.490421e+00,1.396790e+00,9.915075e-02,1.262774e+00,1.565833e+00
5.839000e+00,9.084700e-01,1.499924e+00,1.331917e+00,1.458932e+00,1.297578e+00,1.435625e+00,1.261533e+00,1.535814e+00,1.485505e+00,1.454293e+00,1.289614e+00,1.564667e+00,1.491343e+00,1.314412e+00,1.288500e+00,1.277929e+00,1.350286e+00,1.320917e+00,1.491474e+00,1.397237e+00,9.915975e-02,1.261533e+00,1.564667e+00
5.840000e+00,9.088900e-01,1.501450e+00,1.332655e+00,1.460194e+00,1.298924e+00,1.435469e+00,1.260000e+00,1.534326e+00,1.484679e+00,1.454421e+00,1.290268e+00,1.565333e+00,1.493881e+00,1.315176e+00,1.288625e+00,1.279192e+00,1.349755e+00,1.321135e+00,1.492105e+00,1.397644e+00,9.922259e-02,1.260000e+00,1.565333e+00
5.841000e+00,9.090100e-01,1.501679e+00,1.333304e+00,1.459806e+00,1.299462e+00,1.437266e+00,1.261752e+00,1.534512e+00,1.487064e+00,1.455080e+00,1.290688e+00,1.566667e+00,1.493433e+00,1.316412e+00,1.289500e+00,1.279646e+00,1.350122e+00,1.322227e+00,1.493158e+00,1.398432e+00,9.916030e-02,1.261752e+00,1.566667e+00
5.842000e+00,9.092700e-01,1.502366e+00,1.333628e+00,1.460874e+00,1.300314e+00,1.437656e+00,1.261752e+00,1.535163e+00,1.487339e+00,1.456318e+00,1.291007e+00,1.569667e+00,1.496418e+00,1.316647e+00,1.289375e+00,1.280455e+00,1.350571e+00,1.323275e+00,1.493053e+00,1.399215e+00,9.959460e-02,1.261752e+00,1.569667e+00
5.843000e+00,9.094800e-01,1.504656e+00,1.334248e+00,1.461942e+00,1.302108e+00,1.437969e+00,1.262482e+00,1.535256e+00,1.488624e+00,1.457797e+00,1.291745e+00,1.569500e+00,1.495075e+00,1.318471e+00,1.288312e+00,1.281515e+00,1.351673e+00,1.325066e+00,1.494526e+00,1.400054e+00,9.946300e-02,1.262482e+00,1.569500e+00
5.844000e+00,9.098200e-01,1.503893e+00,1.335251e+00,1.461068e+00,1.302780e+00,1.441172e+00,1.263066e+00,1.535907e+00,1.490000e+00,1.459855e+00,1.292215e+00,1.569333e+00,1.496567e+00,1.318471e+00,1.286687e+00,1.282626e+00,1.352408e+00,1.326725e+00,1.495684e+00,1.400762e+00,9.956181e-02,1.263066e+00,1.569333e+00
5.845000e+00,9.100900e-01,1.505344e+00,1.336519e+00,1.462233e+00,1.303453e+00,1.441406e+00,1.263650e+00,1.536000e+00,1.489358e+00,1.461785e+00,1.292819e+00,1.571167e+00,1.500000e+00,1.319353e+00,1.285938e+00,1.283434e+00,1.353510e+00,1.327686e+00,1.495579e+00,1.401624e+00,9.980301e-02,1.263650e+00,1.571167e+00
5.846000e+00,9.103500e-01,1.506260e+00,1.337227e+00,1.463495e+00,1.304753e+00,1.442187e+00,1.263577e+00,1.537116e+00,1.491468e+00,1.463344e+00,1.293742e+00,1.571833e+00,1.500149e+00,1.319353e+00,1.286875e+00,1.283535e+00,1.353878e+00,1.329301e+00,1.496000e+00,1.402450e+00,9.995891e-02,1.263577e+00,1.571833e+00
5.847000e+00,9.105200e-01,1.507786e+00,1.338614e+00,1.464369e+00,1.305157e+00,1.443594e+00,1.265912e+00,1.537535e+00,1.492202e+00,1.465257e+00,1.294094e+00,1.573667e+00,1.500448e+00,1.320176e+00,1.287562e+00,1.283182e+00,1.354612e+00,1.329432e+00,1.498211e+00,1.403434e+00,1.001886e-01,1.265912e+00,1.573667e+00
5.848000e+00,9.108600e-01,1.508550e+00,1.339351e+00,1.465825e+00,1.307130e+00,1.443125e+00,1.266496e+00,1.537721e+00,1.493945e+00,1.466768e+00,1.294799e+00,1.573833e+00,1.500896e+00,1.320176e+00,1.287438e+00,1.283485e+00,1.355714e+00,1.329258e+00,1.499684e+00,1.404122e+00,1.002865e-01,1.266496e+00,1.573833e+00
5.849000e+00,9.109900e-01,1.509618e+00,1.340354e+00,1.465534e+00,1.306771e+00,1.444375e+00,1.266496e+00,1.537674e+00,1.494771e+00,1.467605e+00,1.295755e+00,1.572333e+00,1.504179e+00,1.321118e+00,1.288312e+00,1.283838e+00,1.356653e+00,1.329520e+00,1.500737e+00,1.404758e+00,1.002925e-01,1.266496e+00,1.572333e+00
5.850000e+00,9.113000e-01,1.511069e+00,1.340708e+00,1.465437e+00,1.308610e+00,1.446094e+00,1.267591e+00,1.538093e+00,1.494220e+00,1.468103e+00,1.296460e+00,1.577333e+00,1.504627e+00,1.322294e+00,1.288875e+00,1.284293e+00,1.358163e+00,1.330349e+00,1.501158e+00,1.405749e+00,1.005145e-01,1.267591e+00,1.577333e+00
5.851000e+00,9.116500e-01,1.511450e+00,1.339941e+00,1.467767e+00,1.308834e+00,1.445000e+00,1.267518e+00,1.538093e+00,1.493303e+00,1.468521e+00,1.297064e+00,1.575333e+00,1.506269e+00,1.322824e+00,1.289937e+00,1.284646e+00,1.358735e+00,1.330437e+00,1.503263e+00,1.406052e+00,1.004245e-01,1.267518e+00,1.575333e+00
5.852000e+00,9.118700e-01,1.513282e+00,1.340147e+00,1.467573e+00,1.309507e+00,1.445000e+00,1.269927e+00,1.538605e+00,1.490459e+00,1.469212e+00,1.297735e+00,1.579167e+00,1.506567e+00,1.322882e+00,1.290625e+00,1.285000e+00,1.360245e+00,1.330262e+00,1.505158e+00,1.406742e+00,1.005631e-01,1.269927e+00,1.579167e+00
5.853000e+00,9.122500e-01,1.513206e+00,1.340560e+00,1.467767e+00,1.309283e+00,1.448203e+00,1.269124e+00,1.539302e+00,1.492110e+00,1.469727e+00,1.298121e+00,1.579167e+00,1.507910e+00,1.323941e+00,1.291375e+00,1.285202e+00,1.361143e+00,1.331310e+00,1.505053e+00,1.407361e+00,1.007060e-01,1.269124e+00,1.579167e+00
5.854000e+00,9.124100e-01,1.514198e+00,1.341327e+00,1.467767e+00,1.310762e+00,1.448672e+00,1.269708e+00,1.539302e+00,1.492385e+00,1.469904e+00,1.299060e+00,1.578833e+00,1.508657e+00,1.324588e+00,1.292125e+00,1.286061e+00,1.362000e+00,1.332533e+00,1.506105e+00,1.407999e+00,1.004424e-01,1.269708e+00,1.578833e+00
5.855000e+00,9.125000e-01,1.515573e+00,1.342094e+00,1.468932e+00,1.310942e+00,1.447266e+00,1.270584e+00,1.539721e+00,1.494128e+00,1.471125e+00,1.299799e+00,1.582500e+00,1.511045e+00,1.326000e+00,1.293813e+00,1.286616e+00,1.362980e+00,1.333668e+00,1.508316e+00,1.409172e+00,1.008547e-01,1.270584e+00,1.582500e+00
5.856000e+00,9.129200e-01,1.515344e+00,1.343186e+00,1.468544e+00,1.311390e+00,1.449531e+00,1.271314e+00,1.540140e+00,1.493119e+00,1.472958e+00,1.300604e+00,1.580167e+00,1.513582e+00,1.326294e+00,1.294500e+00,1.286919e+00,1.364082e+00,1.333843e+00,1.510211e+00,1.409763e+00,1.006691e-01,1.271314e+00,1.580167e+00
5.857000e+00,9.130700e-01,1.516183e+00,1.343540e+00,1.467476e+00,1.313632e+00,1.448516e+00,1.272555e+00,1.540791e+00,1.494679e+00,1.474277e+00,1.301074e+00,1.583333e+00,1.512388e+00,1.326059e+00,1.295000e+00,1.288081e+00,1.364694e+00,1.335109e+00,1.510947e+00,1.410463e+00,1.006757e-01,1.272555e+00,1.583333e+00
5.858000e+00,9.134900e-01,1.518015e+00,1.344071e+00,1.467282e+00,1.313139e+00,1.449219e+00,1.272263e+00,1.541209e+00,1.495872e+00,1.475289e+00,1.301728e+00,1.584333e+00,1.513134e+00,1.325000e+00,1.295813e+00,1.289848e+00,1.365469e+00,1.336856e+00,1.513368e+00,1.411217e+00,1.009627e-01,1.272263e+00,1.584333e+00
5.859000e+00,9.136500e-01,1.517557e+00,1.345103e+00,1.468932e+00,1.313857e+00,1.450234e+00,1.273358e+00,1.541721e+00,1.496422e+00,1.476688e+00,1.302315e+00,1.584167e+00,1.515522e+00,1.324000e+00,1.297563e+00,1.290758e+00,1.366041e+00,1.336725e+00,1.513474e+00,1.411913e+00,1.009173e-01,1.273358e+00,1.584167e+00
5.860000e+00,9.139100e-01,1.517939e+00,1.345782e+00,1.467864e+00,1.314619e+00,1.451484e+00,1.273869e+00,1.542512e+00,1.497339e+00,1.478714e+00,1.302903e+00,1.587167e+00,1.516866e+00,1.324412e+00,1.297875e+00,1.290606e+00,1.366653e+00,1.336943e+00,1.514526e+00,1.412671e+00,1.013318e-01,1.273869e+00,1.587167e+00
5.861000e+00,9.141600e-01,1.519160e+00,1.346224e+00,1.469515e+00,1.315157e+00,1.451797e+00,1.274818e+00,1.543302e+00,1.498349e+00,1.480804e+00,1.303238e+00,1.586667e+00,1.517015e+00,1.324294e+00,1.299000e+00,1.291465e+00,1.367592e+00,1.336812e+00,1.515684e+00,1.413383e+00,1.013866e-01,1.274818e+00,1.586667e+00
5.862000e+00,9.143100e-01,1.520534e+00,1.347198e+00,1.470874e+00,1.316637e+00,1.452969e+00,1.275255e+00,1.543907e+00,1.500183e+00,1.482814e+00,1.303255e+00,1.589833e+00,1.518955e+00,1.324118e+00,1.299500e+00,1.292020e+00,1.368163e+00,1.337598e+00,1.516000e+00,1.414434e+00,1.019090e-01,1.275255e+00,1.589833e+00
5.863000e+00,9.146900e-01,1.520076e+00,1.348112e+00,1.470000e+00,1.317444e+00,1.453828e+00,1.276569e+00,1.544047e+00,1.500459e+00,1.484646e+00,1.302735e+00,1.591500e+00,1.518507e+00,1.324882e+00,1.300563e+00,1.292677e+00,1.368776e+00,1.338908e+00,1.516842e+00,1.415032e+00,1.017848e-01,1.276569e+00,1.591500e+00
5.864000e+00,9.149900e-01,1.521374e+00,1.348938e+00,1.471359e+00,1.317937e+00,1.455313e+00,1.276788e+00,1.543674e+00,1.503486e+00,1.486302e+00,1.302852e+00,1.588333e+00,1.520746e+00,1.326000e+00,1.300250e+00,1.292424e+00,1.369592e+00,1.340087e+00,1.518421e+00,1.415771e+00,1.018583e-01,1.276788e+00,1.588333e+00
5.865000e+00,9.151900e-01,1.522519e+00,1.349646e+00,1.471359e+00,1.318969e+00,1.456016e+00,1.277518e+00,1.544512e+00,1.503486e+00,1.487572e+00,1.303037e+00,1.590167e+00,1.521343e+00,1.326000e+00,1.301562e+00,1.292525e+00,1.370612e+00,1.342052e+00,1.519263e+00,1.416564e+00,1.019582e-01,1.277518e+00,1.590167e+00
5.866000e+00,9.153100e-01,1.522443e+00,1.351003e+00,1.470874e+00,1.319283e+00,1.457109e+00,1.277883e+00,1.544837e+00,1.506239e+00,1.488280e+00,1.303758e+00,1.590333e+00,1.521642e+00,1.326353e+00,1.301250e+00,1.293081e+00,1.370898e+00,1.342402e+00,1.519579e+00,1.417069e+00,1.020009e-01,1.277883e+00,1.590333e+00
5.867000e+00,9.156500e-01,1.524733e+00,1.352006e+00,1.472136e+00,1.319507e+00,1.457422e+00,1.277445e+00,1.545209e+00,1.506606e+00,1.488553e+00,1.304547e+00,1.591833e+00,1.522836e+00,1.328000e+00,1.302312e+00,1.293788e+00,1.372204e+00,1.343319e+00,1.520526e+00,1.417943e+00,1.021649e-01,1.277445e+00,1.591833e+00
5.868000e+00,9.159100e-01,1.524427e+00,1.352448e+00,1.472330e+00,1.321525e+00,1.458750e+00,1.278175e+00,1.545395e+00,1.508716e+00,1.488859e+00,1.304748e+00,1.591000e+00,1.526119e+00,1.329059e+00,1.302563e+00,1.293636e+00,1.373306e+00,1.342664e+00,1.522421e+00,1.418675e+00,1.022770e-01,1.278175e+00,1.591000e+00
5.869000e+00,9.161200e-01,1.527099e+00,1.352861e+00,1.472816e+00,1.320538e+00,1.459609e+00,1.278321e+00,1.545302e+00,1.509725e+00,1.489309e+00,1.305587e+00,1.592667e+00,1.524478e+00,1.330353e+00,1.303562e+00,1.293889e+00,1.373714e+00,1.342707e+00,1.524000e+00,1.419252e+00,1.024958e-01,1.278321e+00,1.592667e+00
5.870000e+00,9.162900e-01,1.527023e+00,1.353156e+00,1.474757e+00,1.321749e+00,1.460312e+00,1.278759e+00,1.545721e+00,1.510734e+00,1.489791e+00,1.306426e+00,1.596333e+00,1.525373e+00,1.330412e+00,1.304125e+00,1.294293e+00,1.374408e+00,1.343275e+00,1.524526e+00,1.420065e+00,1.028211e-01,1.278759e+00,1.596333e+00
5.871000e+00,9.164900e-01,1.527710e+00,1.353392e+00,1.475049e+00,1.322556e+00,1.461406e+00,1.279708e+00,1.545302e+00,1.510367e+00,1.490080e+00,1.307081e+00,1.593667e+00,1.527761e+00,1.331824e+00,1.303875e+00,1.294848e+00,1.374939e+00,1.344323e+00,1.525158e+00,1.420503e+00,1.024683e-01,1.279708e+00,1.593667e+00
5.872000e+00,9.168500e-01,1.526412e+00,1.353392e+00,1.475825e+00,1.323408e+00,1.462656e+00,1.279124e+00,1.543953e+00,1.511651e+00,1.490498e+00,1.308087e+00,1.595000e+00,1.530000e+00,1.332176e+00,1.306188e+00,1.294747e+00,1.373796e+00,1.345022e+00,1.527789e+00,1.421096e+00,1.026223e-01,1.279124e+00,1.595000e+00
5.873000e+00,9.170700e-01,1.525649e+00,1.353894e+00,1.476117e+00,1.323767e+00,1.462266e+00,1.277737e+00,1.543535e+00,1.511835e+00,1.490932e+00,1.308490e+00,1.594333e+00,1.531194e+00,1.333176e+00,1.305875e+00,1.292626e+00,1.372857e+00,1.344672e+00,1.528105e+00,1.420948e+00,1.028044e-01,1.277737e+00,1.594333e+00
5.874000e+00,9.173800e-01,1.526107e+00,1.354248e+00,1.475922e+00,1.324081e+00,1.462734e+00,1.278394e+00,1.543256e+00,1.512752e+00,1.491061e+00,1.309245e+00,1.595667e+00,1.531791e+00,1.333529e+00,1.307312e+00,1.292475e+00,1.372898e+00,1.345502e+00,1.529579e+00,1.421475e+00,1.028567e-01,1.278394e+00,1.595667e+00
5.875000e+00,9.175900e-01,1.526260e+00,1.354867e+00,1.478835e+00,1.324439e+00,1.463203e+00,1.278613e+00,1.543349e+00,1.512661e+00,1.491592e+00,1.310067e+00,1.600000e+00,1.529851e+00,1.334000e+00,1.308437e+00,1.292626e+00,1.372898e+00,1.346201e+00,1.529474e+00,1.422076e+00,1.030373e-01,1.278613e+00,1.600000e+00
5.876000e+00,9.177000e-01,1.526489e+00,1.355133e+00,1.478350e+00,1.325381e+00,1.463125e+00,1.278321e+00,1.543116e+00,1.513945e+00,1.492283e+00,1.310923e+00,1.597833e+00,1.533134e+00,1.335588e+00,1.308875e+00,1.292929e+00,1.374163e+00,1.346507e+00,1.529684e+00,1.422543e+00,1.028497e-01,1.278321e+00,1.597833e+00
5.877000e+00,9.182300e-01,1.527634e+00,1.356047e+00,1.478835e+00,1.326771e+00,1.464375e+00,1.279781e+00,1.544233e+00,1.514312e+00,1.492572e+00,1.311292e+00,1.597833e+00,1.533134e+00,1.336529e+00,1.310688e+00,1.293434e+00,1.374612e+00,1.347293e+00,1.530737e+00,1.423340e+00,1.026426e-01,1.279781e+00,1.597833e+00
5.878000e+00,9.184000e-01,1.528168e+00,1.356283e+00,1.480777e+00,1.327848e+00,1.466172e+00,1.279197e+00,1.544465e+00,1.515780e+00,1.492669e+00,1.312450e+00,1.599167e+00,1.534925e+00,1.336471e+00,1.311187e+00,1.294040e+00,1.374776e+00,1.347555e+00,1.531579e+00,1.424084e+00,1.029702e-01,1.279197e+00,1.599167e+00
5.879000e+00,9.186900e-01,1.528855e+00,1.356903e+00,1.480000e+00,1.327309e+00,1.467344e+00,1.281022e+00,1.545488e+00,1.514312e+00,1.492910e+00,1.313020e+00,1.599667e+00,1.536866e+00,1.337176e+00,1.311750e+00,1.294747e+00,1.375592e+00,1.347991e+00,1.532842e+00,1.424655e+00,1.029254e-01,1.281022e+00,1.599667e+00
5.880000e+00,9.188600e-01,1.529313e+00,1.358112e+00,1.482039e+00,1.328520e+00,1.465313e+00,1.280876e+00,1.545395e+00,1.516330e+00,1.494196e+00,1.313658e+00,1.602167e+00,1.537761e+00,1.337824e+00,1.312062e+00,1.295657e+00,1.377102e+00,1.348690e+00,1.532737e+00,1.425431e+00,1.030760e-01,1.280876e+00,1.602167e+00
5.881000e+00,9.191200e-01,1.531756e+00,1.358614e+00,1.481165e+00,1.329552e+00,1.467656e+00,1.281825e+00,1.546977e+00,1.518624e+00,1.496334e+00,1.314597e+00,1.603167e+00,1.536567e+00,1.338706e+00,1.313187e+00,1.296667e+00,1.378449e+00,1.348865e+00,1.534947e+00,1.426536e+00,1.032599e-01,1.281825e+00,1.603167e+00
5.882000e+00,9.193900e-01,1.532519e+00,1.359823e+00,1.481748e+00,1.329686e+00,1.469063e+00,1.284307e+00,1.547209e+00,1.519541e+00,1.498601e+00,1.315000e+00,1.603667e+00,1.539552e+00,1.339941e+00,1.312750e+00,1.297121e+00,1.378776e+00,1.350437e+00,1.534000e+00,1.427430e+00,1.032642e-01,1.284307e+00,1.603667e+00
5.883000e+00,9.196000e-01,1.533130e+00,1.360619e+00,1.483301e+00,1.331211e+00,1.468984e+00,1.283066e+00,1.547907e+00,1.519817e+00,1.500852e+00,1.315772e+00,1.606167e+00,1.541940e+00,1.339941e+00,1.313500e+00,1.297576e+00,1.379510e+00,1.350742e+00,1.535579e+00,1.428312e+00,1.037913e-01,1.283066e+00,1.606167e+00
5.884000e+00,9.197800e-01,1.535191e+00,1.361711e+00,1.482913e+00,1.332018e+00,1.470234e+00,1.284745e+00,1.548558e+00,1.522018e+00,1.502942e+00,1.316292e+00,1.605333e+00,1.541045e+00,1.340941e+00,1.313875e+00,1.298182e+00,1.380653e+00,1.350961e+00,1.535263e+00,1.429049e+00,1.036103e-01,1.284745e+00,1.605333e+00
5.885000e+00,9.200800e-01,1.536183e+00,1.362330e+00,1.483204e+00,1.331256e+00,1.471250e+00,1.284745e+00,1.549488e+00,1.523486e+00,1.504807e+00,1.316930e+00,1.608000e+00,1.542239e+00,1.341353e+00,1.315875e+00,1.299798e+00,1.381143e+00,1.351266e+00,1.535789e+00,1.429952e+00,1.039574e-01,1.284745e+00,1.608000e+00
5.886000e+00,9.204100e-01,1.537939e+00,1.363097e+00,1.484563e+00,1.330897e+00,1.470469e+00,1.285620e+00,1.550279e+00,1.522844e+00,1.506608e+00,1.317802e+00,1.607667e+00,1.541642e+00,1.342882e+00,1.315687e+00,1.301364e+00,1.382163e+00,1.351616e+00,1.535053e+00,1.430455e+00,1.037226e-01,1.285620e+00,1.607667e+00
5.887000e+00,9.206100e-01,1.538015e+00,1.363982e+00,1.482718e+00,1.329148e+00,1.473047e+00,1.286058e+00,1.550791e+00,1.525780e+00,1.508296e+00,1.318507e+00,1.608833e+00,1.542985e+00,1.343176e+00,1.316500e+00,1.301465e+00,1.382571e+00,1.352620e+00,1.537895e+00,1.431244e+00,1.041934e-01,1.286058e+00,1.608833e+00
5.888000e+00,9.208700e-01,1.538626e+00,1.364189e+00,1.483592e+00,1.329417e+00,1.472109e+00,1.287153e+00,1.550791e+00,1.525963e+00,1.509244e+00,1.319060e+00,1.608500e+00,1.545075e+00,1.344176e+00,1.316500e+00,1.302778e+00,1.383755e+00,1.354279e+00,1.538211e+00,1.431857e+00,1.040145e-01,1.287153e+00,1.608500e+00
5.889000e+00,9.211800e-01,1.540687e+00,1.365339e+00,1.484078e+00,1.329148e+00,1.471328e+00,1.287372e+00,1.551163e+00,1.527248e+00,1.509727e+00,1.319648e+00,1.609333e+00,1.543582e+00,1.345588e+00,1.317687e+00,1.303232e+00,1.384449e+00,1.354236e+00,1.537895e+00,1.432319e+00,1.039446e-01,1.287372e+00,1.609333e+00
5.890000e+00,9.213000e-01,1.541985e+00,1.365723e+00,1.481845e+00,1.330045e+00,1.472656e+00,1.287810e+00,1.551302e+00,1.528716e+00,1.510096e+00,1.320487e+00,1.610833e+00,1.546418e+00,1.345882e+00,1.317500e+00,1.304545e+00,1.385551e+00,1.354716e+00,1.538842e+00,1.433053e+00,1.041642e-01,1.287810e+00,1.610833e+00
5.891000e+00,9.217400e-01,1.543130e+00,1.366283e+00,1.485922e+00,1.330673e+00,1.472187e+00,1.288759e+00,1.551535e+00,1.529725e+00,1.510547e+00,1.320789e+00,1.613333e+00,1.547463e+00,1.346000e+00,1.319187e+00,1.305354e+00,1.386449e+00,1.355066e+00,1.540316e+00,1.434040e+00,1.044507e-01,1.288759e+00,1.613333e+00
5.892000e+00,9.219100e-01,1.543740e+00,1.366932e+00,1.483981e+00,1.330852e+00,1.472578e+00,1.288978e+00,1.551814e+00,1.528991e+00,1.511174e+00,1.321594e+00,1.612333e+00,1.547313e+00,1.347588e+00,1.319813e+00,1.305253e+00,1.386612e+00,1.355983e+00,1.540947e+00,1.434249e+00,1.041329e-01,1.288978e+00,1.612333e+00
5.893000e+00,9.221900e-01,1.545038e+00,1.366873e+00,1.484272e+00,1.331121e+00,1.473672e+00,1.288686e+00,1.552558e+00,1.528899e+00,1.511559e+00,1.321980e+00,1.616000e+00,1.548806e+00,1.347824e+00,1.319937e+00,1.306515e+00,1.387510e+00,1.356026e+00,1.541895e+00,1.434954e+00,1.046481e-01,1.288686e+00,1.616000e+00
5.894000e+00,9.223200e-01,1.545344e+00,1.367168e+00,1.486699e+00,1.332242e+00,1.473437e+00,1.290292e+00,1.554233e+00,1.528807e+00,1.511656e+00,1.322483e+00,1.614000e+00,1.548806e+00,1.348059e+00,1.321125e+00,1.307121e+00,1.389020e+00,1.355939e+00,1.542526e+00,1.435498e+00,1.042895e-01,1.290292e+00,1.614000e+00
5.895000e+00,9.226900e-01,1.546183e+00,1.367434e+00,1.485728e+00,1.333049e+00,1.474141e+00,1.291679e+00,1.554512e+00,1.527615e+00,1.512074e+00,1.323406e+00,1.614833e+00,1.551045e+00,1.348000e+00,1.322500e+00,1.308030e+00,1.389061e+00,1.356463e+00,1.543895e+00,1.436092e+00,1.042138e-01,1.291679e+00,1.614833e+00
5.896000e+00,9.230000e-01,1.547557e+00,1.367817e+00,1.486990e+00,1.334574e+00,1.475859e+00,1.291533e+00,1.555721e+00,1.525872e+00,1.512942e+00,1.324111e+00,1.614167e+00,1.551493e+00,1.348706e+00,1.323063e+00,1.308283e+00,1.389796e+00,1.356550e+00,1.542211e+00,1.436514e+00,1.040250e-01,1.291533e+00,1.614167e+00
5.897000e+00,9.231000e-01,1.548931e+00,1.368053e+00,1.487864e+00,1.335247e+00,1.475625e+00,1.293650e+00,1.555721e+00,1.525963e+00,1.514277e+00,1.324513e+00,1.614500e+00,1.548806e+00,1.349176e+00,1.323750e+00,1.309747e+00,1.390408e+00,1.357467e+00,1.541895e+00,1.436977e+00,1.035847e-01,1.293650e+00,1.614500e+00
5.898000e+00,9.235500e-01,1.549542e+00,1.368761e+00,1.488350e+00,1.336368e+00,1.476016e+00,1.294234e+00,1.557442e+00,1.526514e+00,1.516029e+00,1.325352e+00,1.618667e+00,1.547313e+00,1.350471e+00,1.324750e+00,1.310354e+00,1.390898e+00,1.358559e+00,1.539053e+00,1.437704e+00,1.036026e-01,1.294234e+00,1.618667e+00
5.899000e+00,9.237200e-01,1.551069e+00,1.369263e+00,1.489806e+00,1.336233e+00,1.478047e+00,1.294015e+00,1.557907e+00,1.526881e+00,1.518087e+00,1.326091e+00,1.616000e+00,1.549552e+00,1.350412e+00,1.325562e+00,1.311717e+00,1.392082e+00,1.357773e+00,1.538632e+00,1.438285e+00,1.035910e-01,1.294015e+00,1.616000e+00
5.900000e+00,9.239900e-01,1.551298e+00,1.370531e+00,1.489806e+00,1.337040e+00,1.478828e+00,1.295182e+00,1.558791e+00,1.528073e+00,1.520482e+00,1.326342e+00,1.620500e+00,1.548507e+00,1.350765e+00,1.326125e+00,1.312172e+00,1.392122e+00,1.354410e+00,1.538421e+00,1.438855e+00,1.040682e-01,1.295182e+00,1.620500e+00
5.901000e+00,9.242500e-01,1.552824e+00,1.371770e+00,1.490194e+00,1.337354e+00,1.479297e+00,1.294891e+00,1.559721e+00,1.528440e+00,1.522170e+00,1.326091e+00,1.620667e+00,1.547761e+00,1.351118e+00,1.327250e+00,1.312980e+00,1.392041e+00,1.351790e+00,1.540211e+00,1.439254e+00,1.043595e-01,1.294891e+00,1.620667e+00
5.902000e+00,9.242900e-01,1.552901e+00,1.372419e+00,1.491748e+00,1.337848e+00,1.479844e+00,1.296788e+00,1.560279e+00,1.530550e+00,1.522669e+00,1.326158e+00,1.620667e+00,1.550000e+00,1.351824e+00,1.327438e+00,1.313687e+00,1.392776e+00,1.350699e+00,1.540316e+00,1.439923e+00,1.044545e-01,1.296788e+00,1.620667e+00
5.903000e+00,9.246900e-01,1.554122e+00,1.373038e+00,1.491068e+00,1.338969e+00,1.480000e+00,1.296058e+00,1.560930e+00,1.529633e+00,1.522765e+00,1.326544e+00,1.621833e+00,1.551493e+00,1.352588e+00,1.327625e+00,1.313939e+00,1.393265e+00,1.349301e+00,1.539684e+00,1.440159e+00,1.046220e-01,1.296058e+00,1.621833e+00
5.904000e+00,9.250900e-01,1.555573e+00,1.373805e+00,1.491748e+00,1.339552e+00,1.480938e+00,1.297591e+00,1.561023e+00,1.527156e+00,1.522846e+00,1.327332e+00,1.620833e+00,1.552090e+00,1.353882e+00,1.326937e+00,1.314242e+00,1.393837e+00,1.349738e+00,1.542842e+00,1.440665e+00,1.044533e-01,1.297591e+00,1.620833e+00
5.905000e+00,9.253400e-01,1.555191e+00,1.374484e+00,1.492427e+00,1.340628e+00,1.482578e+00,1.296204e+00,1.560698e+00,1.527064e+00,1.522910e+00,1.327819e+00,1.624000e+00,1.552985e+00,1.354059e+00,1.325937e+00,1.315606e+00,1.392490e+00,1.351048e+00,1.543368e+00,1.441083e+00,1.047767e-01,1.296204e+00,1.624000e+00
5.906000e+00,9.255400e-01,1.556565e+00,1.375074e+00,1.492233e+00,1.341794e+00,1.482734e+00,1.295693e+00,1.559674e+00,1.527156e+00,1.522942e+00,1.327970e+00,1.625333e+00,1.554328e+00,1.355000e+00,1.325500e+00,1.315960e+00,1.391837e+00,1.351834e+00,1.544000e+00,1.441424e+00,1.049306e-01,1.295693e+00,1.625333e+00
5.907000e+00,9.257900e-01,1.558855e+00,1.375752e+00,1.495049e+00,1.342556e+00,1.482578e+00,1.294964e+00,1.558884e+00,1.529083e+00,1.523376e+00,1.328624e+00,1.625667e+00,1.553731e+00,1.355176e+00,1.325000e+00,1.316515e+00,1.391429e+00,1.353362e+00,1.546000e+00,1.442033e+00,1.051866e-01,1.294964e+00,1.625667e+00
5.908000e+00,9.260400e-01,1.559237e+00,1.376667e+00,1.496311e+00,1.343184e+00,1.484375e+00,1.294964e+00,1.559814e+00,1.531193e+00,1.523810e+00,1.329329e+00,1.627833e+00,1.556866e+00,1.356118e+00,1.326000e+00,1.317879e+00,1.392571e+00,1.353843e+00,1.548000e+00,1.443222e+00,1.056082e-01,1.294964e+00,1.627833e+00
5.909000e+00,9.262500e-01,1.559542e+00,1.377581e+00,1.495728e+00,1.344933e+00,1.484297e+00,1.295912e+00,1.560047e+00,1.533578e+00,1.524293e+00,1.329916e+00,1.629833e+00,1.556119e+00,1.356824e+00,1.326875e+00,1.318333e+00,1.392980e+00,1.356026e+00,1.548632e+00,1.443969e+00,1.054787e-01,1.295912e+00,1.629833e+00
5.910000e+00,9.265400e-01,1.561221e+00,1.378378e+00,1.497379e+00,1.344933e+00,1.483828e+00,1.295328e+00,1.560651e+00,1.535688e+00,1.524920e+00,1.330889e+00,1.630667e+00,1.557015e+00,1.357412e+00,1.327688e+00,1.318586e+00,1.393102e+00,1.357773e+00,1.550211e+00,1.444759e+00,1.057839e-01,1.295328e+00,1.630667e+00
5.911000e+00,9.266200e-01,1.561527e+00,1.379145e+00,1.496699e+00,1.345605e+00,1.487031e+00,1.297372e+00,1.561116e+00,1.535780e+00,1.525289e+00,1.331309e+00,1.628500e+00,1.561642e+00,1.358471e+00,1.327937e+00,1.319192e+00,1.393959e+00,1.359170e+00,1.550632e+00,1.445576e+00,1.055526e-01,1.297372e+00,1.628500e+00
5.912000e+00,9.270000e-01,1.562443e+00,1.379853e+00,1.499709e+00,1.346054e+00,1.488437e+00,1.296277e+00,1.561209e+00,1.535229e+00,1.525836e+00,1.331577e+00,1.631167e+00,1.559254e+00,1.358118e+00,1.328875e+00,1.320152e+00,1.395265e+00,1.359432e+00,1.551895e+00,1.446155e+00,1.057779e-01,1.296277e+00,1.631167e+00
5.913000e+00,9.272200e-01,1.562137e+00,1.380236e+00,1.499223e+00,1.347085e+00,1.486797e+00,1.298467e+00,1.563395e+00,1.535138e+00,1.526463e+00,1.332299e+00,1.632833e+00,1.561493e+00,1.358941e+00,1.329813e+00,1.320909e+00,1.395918e+00,1.359432e+00,1.553789e+00,1.446909e+00,1.058214e-01,1.298467e+00,1.632833e+00
5.914000e+00,9.274600e-01,1.560305e+00,1.380118e+00,1.498252e+00,1.347623e+00,1.487656e+00,1.298102e+00,1.564465e+00,1.536606e+00,1.526929e+00,1.333138e+00,1.631833e+00,1.563134e+00,1.359529e+00,1.330562e+00,1.321414e+00,1.396857e+00,1.360786e+00,1.554105e+00,1.447301e+00,1.056372e-01,1.298102e+00,1.631833e+00
5.915000e+00,9.277400e-01,1.560305e+00,1.380206e+00,1.500097e+00,1.348655e+00,1.489219e+00,1.299781e+00,1.564837e+00,1.540275e+00,1.527572e+00,1.333557e+00,1.636500e+00,1.562388e+00,1.360412e+00,1.332000e+00,1.322525e+00,1.397673e+00,1.362402e+00,1.555789e+00,1.448566e+00,1.059391e-01,1.299781e+00,1.636500e+00
5.916000e+00,9.278500e-01,1.561603e+00,1.380265e+00,1.499515e+00,1.349641e+00,1.488906e+00,1.300803e+00,1.565860e+00,1.541284e+00,1.529051e+00,1.334732e+00,1.637167e+00,1.565373e+00,1.359647e+00,1.332688e+00,1.323535e+00,1.398490e+00,1.363362e+00,1.557158e+00,1.449393e+00,1.061458e-01,1.300803e+00,1.637167e+00
5.917000e+00,9.282500e-01,1.559389e+00,1.381150e+00,1.500097e+00,1.350942e+00,1.490391e+00,1.301752e+00,1.566744e+00,1.542477e+00,1.530643e+00,1.335604e+00,1.634667e+00,1.567164e+00,1.358882e+00,1.334562e+00,1.323788e+00,1.399510e+00,1.363406e+00,1.557368e+00,1.449919e+00,1.057699e-01,1.301752e+00,1.634667e+00
5.918000e+00,9.285000e-01,1.560382e+00,1.381622e+00,1.502233e+00,1.350762e+00,1.489922e+00,1.302993e+00,1.568465e+00,1.542477e+00,1.532042e+00,1.336460e+00,1.638500e+00,1.565672e+00,1.357588e+00,1.335312e+00,1.324545e+00,1.399306e+00,1.363668e+00,1.557368e+00,1.450518e+00,1.061287e-01,1.302993e+00,1.638500e+00
5.919000e+00,9.286300e-01,1.561374e+00,1.382271e+00,1.502039e+00,1.351928e+00,1.491563e+00,1.302409e+00,1.569023e+00,1.542385e+00,1.533762e+00,1.337903e+00,1.636000e+00,1.567164e+00,1.357000e+00,1.336500e+00,1.324848e+00,1.400122e+00,1.364803e+00,1.558632e+00,1.451096e+00,1.059755e-01,1.302409e+00,1.636000e+00
5.920000e+00,9.289900e-01,1.562214e+00,1.382743e+00,1.500485e+00,1.351928e+00,1.491250e+00,1.303942e+00,1.570465e+00,1.542661e+00,1.535289e+00,1.338540e+00,1.640000e+00,1.570299e+00,1.357235e+00,1.337750e+00,1.323788e+00,1.401510e+00,1.364891e+00,1.560316e+00,1.451961e+00,1.065921e-01,1.303942e+00,1.640000e+00
5.921000e+00,9.292600e-01,1.563588e+00,1.383569e+00,1.501165e+00,1.352646e+00,1.490078e+00,1.303942e+00,1.571721e+00,1.544771e+00,1.536688e+00,1.338943e+00,1.640500e+00,1.569104e+00,1.358529e+00,1.338000e+00,1.323384e+00,1.402490e+00,1.364978e+00,1.563789e+00,1.452660e+00,1.069064e-01,1.303942e+00,1.640500e+00
5.922000e+00,9.294800e-01,1.563969e+00,1.384366e+00,1.500777e+00,1.353363e+00,1.491406e+00,1.304453e+00,1.572884e+00,1.548257e+00,1.538215e+00,1.339899e+00,1.637500e+00,1.572985e+00,1.358941e+00,1.338875e+00,1.322727e+00,1.402408e+00,1.365459e+00,1.563158e+00,1.453313e+00,1.069556e-01,1.304453e+00,1.637500e+00
5.923000e+00,9.296500e-01,1.565573e+00,1.385221e+00,1.501650e+00,1.354888e+00,1.493594e+00,1.304672e+00,1.574186e+00,1.549725e+00,1.540016e+00,1.340587e+00,1.640333e+00,1.573433e+00,1.359706e+00,1.340125e+00,1.322576e+00,1.402857e+00,1.366681e+00,1.565789e+00,1.454534e+00,1.074595e-01,1.304672e+00,1.640333e+00
5.924000e+00,9.300400e-01,1.564885e+00,1.385870e+00,1.502039e+00,1.355067e+00,1.493437e+00,1.306350e+00,1.575163e+00,1.551927e+00,1.541801e+00,1.341107e+00,1.640500e+00,1.574478e+00,1.359412e+00,1.341625e+00,1.323384e+00,1.404653e+00,1.368428e+00,1.565684e+00,1.455323e+00,1.073014e-01,1.306350e+00,1.640500e+00
5.925000e+00,9.303400e-01,1.567176e+00,1.386490e+00,1.501165e+00,1.356278e+00,1.494219e+00,1.306350e+00,1.576512e+00,1.553211e+00,1.542781e+00,1.341997e+00,1.642500e+00,1.576269e+00,1.360529e+00,1.342125e+00,1.323990e+00,1.405102e+00,1.369389e+00,1.566105e+00,1.456233e+00,1.076265e-01,1.306350e+00,1.642500e+00
5.926000e+00,9.305200e-01,1.567710e+00,1.386873e+00,1.503010e+00,1.356278e+00,1.494687e+00,1.306569e+00,1.576884e+00,1.553394e+00,1.543585e+00,1.342517e+00,1.639167e+00,1.576567e+00,1.361706e+00,1.343375e+00,1.325404e+00,1.405469e+00,1.371004e+00,1.566211e+00,1.456689e+00,1.071135e-01,1.306569e+00,1.639167e+00
5.927000e+00,9.307700e-01,1.569847e+00,1.387817e+00,1.503010e+00,1.357040e+00,1.495781e+00,1.307518e+00,1.577721e+00,1.553394e+00,1.545129e+00,1.343037e+00,1.640167e+00,1.575224e+00,1.362471e+00,1.344000e+00,1.325909e+00,1.406245e+00,1.372751e+00,1.566947e+00,1.457445e+00,1.070497e-01,1.307518e+00,1.640167e+00
5.928000e+00,9.311400e-01,1.570382e+00,1.388201e+00,1.503010e+00,1.358610e+00,1.497188e+00,1.308248e+00,1.578372e+00,1.555688e+00,1.546174e+00,1.343926e+00,1.643333e+00,1.577761e+00,1.363824e+00,1.345125e+00,1.326515e+00,1.406490e+00,1.373799e+00,1.566947e+00,1.458533e+00,1.073374e-01,1.308248e+00,1.643333e+00
5.929000e+00,9.312600e-01,1.572214e+00,1.388673e+00,1.505825e+00,1.359462e+00,1.497812e+00,1.309489e+00,1.578977e+00,1.557982e+00,1.546350e+00,1.344161e+00,1.642667e+00,1.578806e+00,1.364824e+00,1.345687e+00,1.328333e+00,1.407755e+00,1.374629e+00,1.568842e+00,1.459583e+00,1.073434e-01,1.309489e+00,1.642667e+00
5.930000e+00,9.315100e-01,1.572672e+00,1.389233e+00,1.503786e+00,1.359238e+00,1.498437e+00,1.308613e+00,1.579860e+00,1.559817e+00,1.546624e+00,1.345050e+00,1.646167e+00,1.578209e+00,1.365059e+00,1.346625e+00,1.329343e+00,1.408082e+00,1.375502e+00,1.568947e+00,1.460070e+00,1.076235e-01,1.308613e+00,1.646167e+00
5.931000e+00,9.317500e-01,1.573893e+00,1.390088e+00,1.506408e+00,1.360538e+00,1.499219e+00,1.309562e+00,1.580000e+00,1.561468e+00,1.546817e+00,1.345185e+00,1.645167e+00,1.581343e+00,1.366471e+00,1.346062e+00,1.329697e+00,1.408408e+00,1.376856e+00,1.570947e+00,1.461007e+00,1.077744e-01,1.309562e+00,1.645167e+00
5.932000e+00,9.319300e-01,1.575649e+00,1.390324e+00,1.506602e+00,1.360314e+00,1.500000e+00,1.310219e+00,1.580791e+00,1.561376e+00,1.547010e+00,1.345587e+00,1.644000e+00,1.582388e+00,1.367118e+00,1.347250e+00,1.330101e+00,1.409020e+00,1.377293e+00,1.572000e+00,1.461502e+00,1.077271e-01,1.310219e+00,1.644000e+00
5.933000e+00,9.323500e-01,1.575344e+00,1.391386e+00,1.507087e+00,1.360493e+00,1.500781e+00,1.309562e+00,1.581721e+00,1.562294e+00,1.547492e+00,1.346007e+00,1.649833e+00,1.582687e+00,1.368118e+00,1.347438e+00,1.331414e+00,1.409388e+00,1.377642e+00,1.572842e+00,1.462307e+00,1.082878e-01,1.309562e+00,1.649833e+00
5.934000e+00,9.327400e-01,1.575496e+00,1.391032e+00,1.508932e+00,1.361659e+00,1.501875e+00,1.311095e+00,1.582930e+00,1.561284e+00,1.548264e+00,1.346862e+00,1.648667e+00,1.584478e+00,1.368235e+00,1.348750e+00,1.332525e+00,1.410571e+00,1.378079e+00,1.574526e+00,1.463070e+00,1.080859e-01,1.311095e+00,1.648667e+00
5.935000e+00,9.327500e-01,1.576260e+00,1.391445e+00,1.508447e+00,1.362780e+00,1.503203e+00,1.312117e+00,1.584000e+00,1.563853e+00,1.549019e+00,1.347752e+00,1.649833e+00,1.584925e+00,1.368824e+00,1.350000e+00,1.333636e+00,1.411020e+00,1.378646e+00,1.575158e+00,1.463940e+00,1.081305e-01,1.312117e+00,1.649833e+00
5.936000e+00,9.330400e-01,1.576794e+00,1.391062e+00,1.508738e+00,1.364215e+00,1.503828e+00,1.312628e+00,1.585442e+00,1.563670e+00,1.549341e+00,1.348557e+00,1.650667e+00,1.585672e+00,1.369235e+00,1.350437e+00,1.334192e+00,1.410939e+00,1.378908e+00,1.576737e+00,1.464503e+00,1.082511e-01,1.312628e+00,1.650667e+00
5.937000e+00,9.332400e-01,1.578244e+00,1.391091e+00,1.511165e+00,1.364350e+00,1.503125e+00,1.313212e+00,1.586558e+00,1.566422e+00,1.549582e+00,1.349379e+00,1.651333e+00,1.588955e+00,1.370118e+00,1.351187e+00,1.335455e+00,1.411429e+00,1.379825e+00,1.577789e+00,1.465512e+00,1.085999e-01,1.313212e+00,1.651333e+00
5.938000e+00,9.336500e-01,1.578168e+00,1.392006e+00,1.511456e+00,1.365426e+00,1.506250e+00,1.312993e+00,1.587163e+00,1.567339e+00,1.549839e+00,1.349832e+00,1.655667e+00,1.587761e+00,1.371118e+00,1.352188e+00,1.336465e+00,1.411102e+00,1.380742e+00,1.577895e+00,1.466301e+00,1.088014e-01,1.312993e+00,1.655667e+00
5.939000e+00,9.337800e-01,1.578779e+00,1.392566e+00,1.512330e+00,1.364933e+00,1.506250e+00,1.312336e+00,1.587395e+00,1.566789e+00,1.549984e+00,1.349480e+00,1.652667e+00,1.589552e+00,1.371706e+00,1.353875e+00,1.338485e+00,1.409837e+00,1.381747e+00,1.579789e+00,1.466583e+00,1.085917e-01,1.312336e+00,1.652667e+00
5.940000e+00,9.340900e-01,1.579237e+00,1.393658e+00,1.512718e+00,1.363767e+00,1.507109e+00,1.312701e+00,1.586093e+00,1.565229e+00,1.550096e+00,1.349581e+00,1.655333e+00,1.589701e+00,1.372706e+00,1.354750e+00,1.339040e+00,1.409388e+00,1.382533e+00,1.580316e+00,1.466886e+00,1.086148e-01,1.312701e+00,1.655333e+00
5.941000e+00,9.344100e-01,1.580305e+00,1.393687e+00,1.513398e+00,1.363543e+00,1.508359e+00,1.312628e+00,1.587581e+00,1.564312e+00,1.550096e+00,1.349614e+00,1.656000e+00,1.591940e+00,1.373294e+00,1.355687e+00,1.339646e+00,1.409551e+00,1.383231e+00,1.580842e+00,1.467429e+00,1.088577e-01,1.312628e+00,1.656000e+00
5.942000e+00,9.346600e-01,1.580916e+00,1.394985e+00,1.514078e+00,1.363229e+00,1.509687e+00,1.313066e+00,1.587814e+00,1.565688e+00,1.550514e+00,1.349866e+00,1.656500e+00,1.593134e+00,1.373882e+00,1.356688e+00,1.340758e+00,1.409878e+00,1.384585e+00,1.582632e+00,1.468217e+00,1.089578e-01,1.313066e+00,1.656500e+00
5.943000e+00,9.349000e-01,1.581908e+00,1.395575e+00,1.514078e+00,1.362915e+00,1.508672e+00,1.314599e+00,1.588651e+00,1.566422e+00,1.551158e+00,1.350839e+00,1.657667e+00,1.594030e+00,1.374294e+00,1.357563e+00,1.341970e+00,1.410816e+00,1.384192e+00,1.582842e+00,1.468788e+00,1.089463e-01,1.314599e+00,1.657667e+00
5.944000e+00,9.352400e-01,1.583817e+00,1.396401e+00,1.515340e+00,1.363767e+00,1.510625e+00,1.313431e+00,1.589256e+00,1.568349e+00,1.552058e+00,1.351191e+00,1.660333e+00,1.594627e+00,1.374588e+00,1.358812e+00,1.342374e+00,1.410612e+00,1.384367e+00,1.584105e+00,1.469670e+00,1.095473e-01,1.313431e+00,1.660333e+00
5.945000e+00,9.354500e-01,1.584275e+00,1.396755e+00,1.517379e+00,1.363901e+00,1.511797e+00,1.314599e+00,1.589814e+00,1.569633e+00,1.553666e+00,1.352114e+00,1.660000e+00,1.596716e+00,1.375471e+00,1.359000e+00,1.343232e+00,1.411673e+00,1.385109e+00,1.585789e+00,1.470607e+00,1.096697e-01,1.314599e+00,1.660000e+00
5.946000e+00,9.357100e-01,1.584962e+00,1.396814e+00,1.515631e+00,1.364215e+00,1.513594e+00,1.315182e+00,1.591907e+00,1.571743e+00,1.555466e+00,1.352768e+00,1.660333e+00,1.594776e+00,1.376529e+00,1.360000e+00,1.344343e+00,1.412653e+00,1.386507e+00,1.586737e+00,1.471342e+00,1.096083e-01,1.315182e+00,1.660333e+00
5.947000e+00,9.359200e-01,1.586794e+00,1.397906e+00,1.516602e+00,1.365785e+00,1.512734e+00,1.315620e+00,1.591907e+00,1.571743e+00,1.556801e+00,1.353356e+00,1.661833e+00,1.596418e+00,1.376647e+00,1.359438e+00,1.345000e+00,1.413184e+00,1.388559e+00,1.587684e+00,1.472112e+00,1.097621e-01,1.315620e+00,1.661833e+00
5.948000e+00,9.361600e-01,1.586641e+00,1.398319e+00,1.516893e+00,1.366323e+00,1.513828e+00,1.316788e+00,1.593488e+00,1.573486e+00,1.557862e+00,1.353758e+00,1.663500e+00,1.599851e+00,1.376941e+00,1.360625e+00,1.345808e+00,1.414735e+00,1.389127e+00,1.588842e+00,1.473156e+00,1.100922e-01,1.316788e+00,1.663500e+00
5.949000e+00,9.364400e-01,1.589695e+00,1.398820e+00,1.517573e+00,1.367220e+00,1.515391e+00,1.317810e+00,1.594698e+00,1.573211e+00,1.558746e+00,1.354211e+00,1.662833e+00,1.597015e+00,1.378353e+00,1.361375e+00,1.346313e+00,1.414939e+00,1.390655e+00,1.588632e+00,1.473749e+00,1.097698e-01,1.317810e+00,1.662833e+00
5.950000e+00,9.366900e-01,1.590382e+00,1.399499e+00,1.520097e+00,1.368117e+00,1.515937e+00,1.317664e+00,1.595953e+00,1.574312e+00,1.559421e+00,1.354815e+00,1.663500e+00,1.598806e+00,1.379176e+00,1.361125e+00,1.346818e+00,1.415592e+00,1.392271e+00,1.590105e+00,1.474644e+00,1.100571e-01,1.317664e+00,1.663500e+00
5.951000e+00,9.368900e-01,1.590840e+00,1.400472e+00,1.518252e+00,1.369507e+00,1.516562e+00,1.318759e+00,1.596651e+00,1.575963e+00,1.560145e+00,1.355503e+00,1.662167e+00,1.601642e+00,1.379235e+00,1.362250e+00,1.347778e+00,1.416816e+00,1.393362e+00,1.590737e+00,1.475369e+00,1.098520e-01,1.318759e+00,1.662167e+00
5.952000e+00,9.372500e-01,1.591374e+00,1.401386e+00,1.516893e+00,1.370045e+00,1.517266e+00,1.319343e+00,1.598465e+00,1.576606e+00,1.561254e+00,1.356208e+00,1.662000e+00,1.600896e+00,1.380235e+00,1.362812e+00,1.347778e+00,1.417633e+00,1.394498e+00,1.591474e+00,1.475898e+00,1.097371e-01,1.319343e+00,1.662000e+00
5.953000e+00,9.373400e-01,1.591908e+00,1.401917e+00,1.519029e+00,1.371121e+00,1.517188e+00,1.320292e+00,1.599674e+00,1.579174e+00,1.562315e+00,1.356628e+00,1.666167e+00,1.602090e+00,1.381059e+00,1.363625e+00,1.348333e+00,1.418367e+00,1.394498e+00,1.592105e+00,1.476972e+00,1.102487e-01,1.320292e+00,1.666167e+00
5.954000e+00,9.375000e-01,1.593588e+00,1.402301e+00,1.517573e+00,1.371614e+00,1.518438e+00,1.321606e+00,1.601953e+00,1.579358e+00,1.563167e+00,1.357131e+00,1.662000e+00,1.601493e+00,1.382059e+00,1.364688e+00,1.349798e+00,1.418898e+00,1.394803e+00,1.592842e+00,1.477406e+00,1.097354e-01,1.321606e+00,1.662000e+00
5.955000e+00,9.377800e-01,1.592137e+00,1.401593e+00,1.519126e+00,1.372870e+00,1.516484e+00,1.322482e+00,1.603488e+00,1.580826e+00,1.564518e+00,1.358272e+00,1.665833e+00,1.604179e+00,1.381647e+00,1.365250e+00,1.350303e+00,1.420204e+00,1.395284e+00,1.594105e+00,1.478256e+00,1.101977e-01,1.322482e+00,1.665833e+00
5.956000e+00,9.380000e-01,1.592519e+00,1.401652e+00,1.519515e+00,1.374170e+00,1.517578e+00,1.322555e+00,1.604093e+00,1.581835e+00,1.565498e+00,1.358574e+00,1.665167e+00,1.606866e+00,1.382412e+00,1.366375e+00,1.351263e+00,1.420449e+00,1.395284e+00,1.594316e+00,1.478896e+00,1.102380e-01,1.322555e+00,1.665167e+00
5.957000e+00,9.382700e-01,1.591603e+00,1.401593e+00,1.518641e+00,1.374933e+00,1.519453e+00,1.323066e+00,1.605023e+00,1.581284e+00,1.566125e+00,1.359513e+00,1.666500e+00,1.607015e+00,1.383353e+00,1.366188e+00,1.352475e+00,1.421224e+00,1.395459e+00,1.596316e+00,1.479431e+00,1.102374e-01,1.323066e+00,1.666500e+00
5.958000e+00,9.385300e-01,1.591145e+00,1.402094e+00,1.520000e+00,1.375650e+00,1.519922e+00,1.324161e+00,1.607023e+00,1.583394e+00,1.566961e+00,1.360268e+00,1.669500e+00,1.605075e+00,1.384471e+00,1.367938e+00,1.353636e+00,1.421429e+00,1.395764e+00,1.594632e+00,1.480170e+00,1.101479e-01,1.324161e+00,1.669500e+00
5.959000e+00,9.389000e-01,1.592748e+00,1.402891e+00,1.519126e+00,1.376726e+00,1.519375e+00,1.324745e+00,1.607209e+00,1.584128e+00,1.568376e+00,1.360923e+00,1.669833e+00,1.604328e+00,1.384647e+00,1.368437e+00,1.354747e+00,1.422000e+00,1.396332e+00,1.593474e+00,1.480558e+00,1.099190e-01,1.324745e+00,1.669833e+00
5.960000e+00,9.391900e-01,1.591908e+00,1.403540e+00,1.520971e+00,1.377085e+00,1.521719e+00,1.324672e+00,1.608605e+00,1.586055e+00,1.570225e+00,1.361560e+00,1.669167e+00,1.603731e+00,1.385118e+00,1.369250e+00,1.355960e+00,1.422816e+00,1.396114e+00,1.592316e+00,1.481156e+00,1.098251e-01,1.324672e+00,1.669167e+00
5.961000e+00,9.393600e-01,1.593053e+00,1.403923e+00,1.521748e+00,1.378341e+00,1.522266e+00,1.326131e+00,1.609395e+00,1.586606e+00,1.571929e+00,1.362164e+00,1.671167e+00,1.601791e+00,1.385706e+00,1.369250e+00,1.355707e+00,1.423796e+00,1.397031e+00,1.593158e+00,1.481842e+00,1.098793e-01,1.326131e+00,1.671167e+00
5.962000e+00,9.396400e-01,1.594427e+00,1.405162e+00,1.521262e+00,1.378700e+00,1.521094e+00,1.325985e+00,1.611256e+00,1.589817e+00,1.573392e+00,1.363205e+00,1.671333e+00,1.603284e+00,1.386471e+00,1.369312e+00,1.356970e+00,1.424041e+00,1.398952e+00,1.593579e+00,1.482680e+00,1.100841e-01,1.325985e+00,1.671333e+00
5.963000e+00,9.399400e-01,1.595267e+00,1.404985e+00,1.521942e+00,1.380224e+00,1.524141e+00,1.327372e+00,1.611302e+00,1.589908e+00,1.574502e+00,1.364144e+00,1.673500e+00,1.605672e+00,1.387176e+00,1.369062e+00,1.356970e+00,1.424286e+00,1.399694e+00,1.594105e+00,1.483570e+00,1.103489e-01,1.327372e+00,1.673500e+00
5.964000e+00,9.401400e-01,1.595573e+00,1.405487e+00,1.524369e+00,1.380942e+00,1.524219e+00,1.327080e+00,1.612791e+00,1.591468e+00,1.575386e+00,1.364849e+00,1.671667e+00,1.606269e+00,1.387588e+00,1.368375e+00,1.358788e+00,1.424776e+00,1.400349e+00,1.595368e+00,1.484186e+00,1.103549e-01,1.327080e+00,1.671667e+00
5.965000e+00,9.404400e-01,1.597328e+00,1.406077e+00,1.524757e+00,1.381211e+00,1.525312e+00,1.327883e+00,1.613535e+00,1.592294e+00,1.575595e+00,1.365419e+00,1.674667e+00,1.607910e+00,1.388118e+00,1.367625e+00,1.359646e+00,1.425673e+00,1.400524e+00,1.596211e+00,1.484988e+00,1.108129e-01,1.327883e+00,1.674667e+00
5.966000e+00,9.406400e-01,1.598015e+00,1.406549e+00,1.525728e+00,1.382242e+00,1.527187e+00,1.328759e+00,1.614512e+00,1.593119e+00,1.575949e+00,1.366393e+00,1.677000e+00,1.608507e+00,1.388706e+00,1.367813e+00,1.360505e+00,1.426286e+00,1.401572e+00,1.598316e+00,1.485953e+00,1.110537e-01,1.328759e+00,1.677000e+00
5.967000e+00,9.409100e-01,1.599237e+00,1.407316e+00,1.525825e+00,1.383184e+00,1.527734e+00,1.329416e+00,1.616651e+00,1.594954e+00,1.576238e+00,1.366879e+00,1.674833e+00,1.608507e+00,1.388941e+00,1.367938e+00,1.360202e+00,1.426490e+00,1.402314e+00,1.598842e+00,1.486417e+00,1.110130e-01,1.329416e+00,1.674833e+00
5.968000e+00,9.411200e-01,1.600763e+00,1.408112e+00,1.527184e+00,1.383587e+00,1.528203e+00,1.331022e+00,1.617767e+00,1.595505e+00,1.576479e+00,1.367366e+00,1.676667e+00,1.610448e+00,1.389529e+00,1.368875e+00,1.359798e+00,1.427347e+00,1.402402e+00,1.600737e+00,1.487322e+00,1.113528e-01,1.331022e+00,1.676667e+00
5.969000e+00,9.414500e-01,1.602672e+00,1.408879e+00,1.528155e+00,1.384888e+00,1.528906e+00,1.330219e+00,1.618744e+00,1.597706e+00,1.576881e+00,1.367752e+00,1.678333e+00,1.610896e+00,1.390000e+00,1.369188e+00,1.358232e+00,1.427510e+00,1.401834e+00,1.600632e+00,1.487857e+00,1.118955e-01,1.330219e+00,1.678333e+00
5.970000e+00,9.416100e-01,1.602901e+00,1.409764e+00,1.528252e+00,1.384978e+00,1.530469e+00,1.331168e+00,1.620093e+00,1.597339e+00,1.577219e+00,1.368708e+00,1.679167e+00,1.612090e+00,1.391235e+00,1.369375e+00,1.357980e+00,1.427878e+00,1.402358e+00,1.602947e+00,1.488551e+00,1.120494e-01,1.331168e+00,1.679167e+00
5.971000e+00,9.419400e-01,1.605115e+00,1.410590e+00,1.530000e+00,1.385695e+00,1.530625e+00,1.330803e+00,1.620279e+00,1.598899e+00,1.577428e+00,1.368977e+00,1.679167e+00,1.613134e+00,1.391000e+00,1.369875e+00,1.358333e+00,1.428612e+00,1.403057e+00,1.603474e+00,1.489170e+00,1.122640e-01,1.330803e+00,1.679167e+00
5.972000e+00,9.420400e-01,1.605115e+00,1.410826e+00,1.530388e+00,1.386637e+00,1.532344e+00,1.329489e+00,1.619907e+00,1.599083e+00,1.577588e+00,1.369497e+00,1.679000e+00,1.615224e+00,1.391529e+00,1.371312e+00,1.358182e+00,1.426653e+00,1.404323e+00,1.604105e+00,1.489511e+00,1.123708e-01,1.329489e+00,1.679000e+00
5.973000e+00,9.424600e-01,1.606183e+00,1.411799e+00,1.529126e+00,1.387265e+00,1.532344e+00,1.329708e+00,1.619302e+00,1.600000e+00,1.577974e+00,1.370000e+00,1.681000e+00,1.616866e+00,1.391412e+00,1.371438e+00,1.359444e+00,1.426204e+00,1.405371e+00,1.606737e+00,1.490121e+00,1.126452e-01,1.329708e+00,1.681000e+00
5.974000e+00,9.426500e-01,1.606336e+00,1.411888e+00,1.531456e+00,1.387578e+00,1.533672e+00,1.330365e+00,1.620186e+00,1.601560e+00,1.578633e+00,1.370050e+00,1.683167e+00,1.617313e+00,1.390765e+00,1.372625e+00,1.359798e+00,1.426163e+00,1.407162e+00,1.608632e+00,1.490964e+00,1.130305e-01,1.330365e+00,1.683167e+00
5.975000e+00,9.429600e-01,1.606870e+00,1.412271e+00,1.532330e+00,1.388834e+00,1.533359e+00,1.331533e+00,1.621302e+00,1.601835e+00,1.578971e+00,1.370621e+00,1.683833e+00,1.619254e+00,1.389647e+00,1.373000e+00,1.361465e+00,1.426204e+00,1.408515e+00,1.609263e+00,1.491617e+00,1.130581e-01,1.331533e+00,1.683833e+00
5.976000e+00,9.431500e-01,1.608550e+00,1.411416e+00,1.532816e+00,1.389372e+00,1.535469e+00,1.331898e+00,1.622233e+00,1.602385e+00,1.579148e+00,1.371359e+00,1.685000e+00,1.620746e+00,1.389824e+00,1.374937e+00,1.362576e+00,1.426531e+00,1.409432e+00,1.610526e+00,1.492456e+00,1.132745e-01,1.331898e+00,1.685000e+00
5.977000e+00,9.434600e-01,1.608473e+00,1.411622e+00,1.534078e+00,1.389462e+00,1.535547e+00,1.333139e+00,1.623395e+00,1.603303e+00,1.579325e+00,1.370638e+00,1.685833e+00,1.622836e+00,1.389176e+00,1.375875e+00,1.363990e+00,1.427551e+00,1.410568e+00,1.612000e+00,1.493156e+00,1.134672e-01,1.333139e+00,1.685833e+00
5.978000e+00,9.437500e-01,1.608702e+00,1.412065e+00,1.534175e+00,1.390224e+00,1.535156e+00,1.332336e+00,1.624372e+00,1.605780e+00,1.579486e+00,1.370822e+00,1.686500e+00,1.621045e+00,1.390471e+00,1.377500e+00,1.365101e+00,1.427592e+00,1.410742e+00,1.613158e+00,1.493624e+00,1.134546e-01,1.332336e+00,1.686500e+00
5.979000e+00,9.440000e-01,1.610611e+00,1.412478e+00,1.534854e+00,1.390404e+00,1.537422e+00,1.333504e+00,1.624930e+00,1.605505e+00,1.579775e+00,1.370940e+00,1.686833e+00,1.625373e+00,1.389824e+00,1.378812e+00,1.366364e+00,1.428245e+00,1.411092e+00,1.613684e+00,1.494480e+00,1.137102e-01,1.333504e+00,1.686833e+00
5.980000e+00,9.442500e-01,1.610687e+00,1.413009e+00,1.534757e+00,1.392197e+00,1.536953e+00,1.334526e+00,1.626372e+00,1.607248e+00,1.580611e+00,1.371309e+00,1.687500e+00,1.625373e+00,1.390118e+00,1.379188e+00,1.367323e+00,1.429184e+00,1.411048e+00,1.613895e+00,1.495072e+00,1.136606e-01,1.334526e+00,1.687500e+00
5.981000e+00,9.445700e-01,1.611450e+00,1.413658e+00,1.536117e+00,1.392780e+00,1.539922e+00,1.336204e+00,1.628140e+00,1.609083e+00,1.581994e+00,1.372198e+00,1.687500e+00,1.626119e+00,1.390706e+00,1.379563e+00,1.368434e+00,1.430449e+00,1.411747e+00,1.615579e+00,1.496202e+00,1.137789e-01,1.336204e+00,1.687500e+00
5.982000e+00,9.447400e-01,1.611832e+00,1.414071e+00,1.534563e+00,1.393677e+00,1.538828e+00,1.336934e+00,1.629256e+00,1.608899e+00,1.583666e+00,1.373389e+00,1.688167e+00,1.628507e+00,1.391235e+00,1.380437e+00,1.369242e+00,1.431510e+00,1.411921e+00,1.616526e+00,1.496815e+00,1.137911e-01,1.336934e+00,1.688167e+00
5.983000e+00,9.449600e-01,1.614046e+00,1.414366e+00,1.536311e+00,1.395112e+00,1.538984e+00,1.337153e+00,1.631209e+00,1.610275e+00,1.585370e+00,1.374128e+00,1.690167e+00,1.627463e+00,1.392412e+00,1.381188e+00,1.370455e+00,1.431918e+00,1.412751e+00,1.616316e+00,1.497757e+00,1.139632e-01,1.337153e+00,1.690167e+00
5.984000e+00,9.451800e-01,1.614122e+00,1.414572e+00,1.536311e+00,1.395919e+00,1.541250e+00,1.338467e+00,1.632279e+00,1.608899e+00,1.586768e+00,1.375084e+00,1.692667e+00,1.628209e+00,1.393294e+00,1.382062e+00,1.371263e+00,1.432408e+00,1.413886e+00,1.619053e+00,1.498695e+00,1.140932e-01,1.338467e+00,1.692667e+00
5.985000e+00,9.455600e-01,1.613282e+00,1.414926e+00,1.536214e+00,1.396009e+00,1.540156e+00,1.337664e+00,1.633349e+00,1.607982e+00,1.587878e+00,1.375772e+00,1.692333e+00,1.631194e+00,1.393412e+00,1.382750e+00,1.372273e+00,1.432898e+00,1.414585e+00,1.619789e+00,1.499026e+00,1.141432e-01,1.337664e+00,1.692333e+00
5.986000e+00,9.457300e-01,1.615649e+00,1.415487e+00,1.536796e+00,1.396996e+00,1.539297e+00,1.338686e+00,1.634930e+00,1.608807e+00,1.588859e+00,1.376359e+00,1.692500e+00,1.631493e+00,1.394235e+00,1.383437e+00,1.373939e+00,1.432735e+00,1.415066e+00,1.620421e+00,1.499761e+00,1.141454e-01,1.338686e+00,1.692500e+00
5.987000e+00,9.460500e-01,1.616718e+00,1.416224e+00,1.535825e+00,1.396547e+00,1.543359e+00,1.339124e+00,1.635721e+00,1.610734e+00,1.589936e+00,1.376946e+00,1.692333e+00,1.631940e+00,1.394235e+00,1.384562e+00,1.375354e+00,1.434531e+00,1.415983e+00,1.621368e+00,1.500636e+00,1.142168e-01,1.339124e+00,1.692333e+00
5.988000e+00,9.462700e-01,1.619466e+00,1.416755e+00,1.537670e+00,1.397758e+00,1.542578e+00,1.339708e+00,1.636884e+00,1.611376e+00,1.590916e+00,1.377433e+00,1.696500e+00,1.632239e+00,1.395765e+00,1.384687e+00,1.375859e+00,1.435061e+00,1.416288e+00,1.622526e+00,1.501637e+00,1.147152e-01,1.339708e+00,1.696500e+00
5.989000e+00,9.465500e-01,1.618855e+00,1.417876e+00,1.538641e+00,1.398296e+00,1.542344e+00,1.341095e+00,1.638047e+00,1.611927e+00,1.592042e+00,1.378020e+00,1.695500e+00,1.631791e+00,1.396706e+00,1.385438e+00,1.376869e+00,1.435796e+00,1.417118e+00,1.623789e+00,1.502230e+00,1.143720e-01,1.341095e+00,1.695500e+00
5.990000e+00,9.467900e-01,1.620763e+00,1.418378e+00,1.538544e+00,1.399013e+00,1.545156e+00,1.342044e+00,1.640000e+00,1.613028e+00,1.593666e+00,1.378473e+00,1.697833e+00,1.634478e+00,1.397529e+00,1.385750e+00,1.377879e+00,1.436041e+00,1.417336e+00,1.624421e+00,1.503352e+00,1.149222e-01,1.342044e+00,1.697833e+00
5.991000e+00,9.470100e-01,1.621756e+00,1.419086e+00,1.540000e+00,1.400135e+00,1.545313e+00,1.342920e+00,1.640698e+00,1.612936e+00,1.594952e+00,1.379195e+00,1.696667e+00,1.636269e+00,1.397765e+00,1.386813e+00,1.378485e+00,1.437143e+00,1.417424e+00,1.624211e+00,1.503987e+00,1.147511e-01,1.342920e+00,1.696667e+00
5.992000e+00,9.473400e-01,1.622672e+00,1.419794e+00,1.539806e+00,1.400314e+00,1.545391e+00,1.343358e+00,1.642698e+00,1.614037e+00,1.595916e+00,1.379295e+00,1.697167e+00,1.636866e+00,1.399235e+00,1.387250e+00,1.378586e+00,1.438490e+00,1.417336e+00,1.625684e+00,1.504661e+00,1.149816e-01,1.343358e+00,1.697167e+00
5.993000e+00,9.474600e-01,1.623588e+00,1.420324e+00,1.540388e+00,1.399462e+00,1.548125e+00,1.343650e+00,1.643721e+00,1.615229e+00,1.596768e+00,1.379664e+00,1.701000e+00,1.639701e+00,1.399471e+00,1.387875e+00,1.380404e+00,1.438816e+00,1.417904e+00,1.627789e+00,1.505771e+00,1.157137e-01,1.343650e+00,1.701000e+00
5.994000e+00,9.477600e-01,1.624122e+00,1.420531e+00,1.542427e+00,1.398296e+00,1.548750e+00,1.343139e+00,1.644465e+00,1.617064e+00,1.597235e+00,1.380252e+00,1.699333e+00,1.640000e+00,1.399471e+00,1.387437e+00,1.381263e+00,1.440163e+00,1.419607e+00,1.627579e+00,1.506174e+00,1.157244e-01,1.343139e+00,1.699333e+00
5.995000e+00,9.479800e-01,1.626336e+00,1.422035e+00,1.542039e+00,1.398924e+00,1.548047e+00,1.344964e+00,1.646000e+00,1.617706e+00,1.597765e+00,1.381275e+00,1.701000e+00,1.639701e+00,1.400882e+00,1.388375e+00,1.382424e+00,1.440776e+00,1.421441e+00,1.627158e+00,1.507047e+00,1.155115e-01,1.344964e+00,1.701000e+00
5.996000e+00,9.481000e-01,1.625649e+00,1.421652e+00,1.544854e+00,1.399327e+00,1.549609e+00,1.345036e+00,1.647256e+00,1.619266e+00,1.598280e+00,1.382013e+00,1.701167e+00,1.642985e+00,1.401353e+00,1.389500e+00,1.383636e+00,1.440857e+00,1.422227e+00,1.630105e+00,1.508043e+00,1.158880e-01,1.345036e+00,1.701167e+00
5.997000e+00,9.485300e-01,1.625420e+00,1.421150e+00,1.543495e+00,1.399910e+00,1.548750e+00,1.346496e+00,1.647814e+00,1.619358e+00,1.598617e+00,1.382836e+00,1.700000e+00,1.645522e+00,1.402118e+00,1.389938e+00,1.385202e+00,1.442245e+00,1.422838e+00,1.631263e+00,1.508498e+00,1.156179e-01,1.346496e+00,1.700000e+00
5.998000e+00,9.487300e-01,1.625038e+00,1.421180e+00,1.544660e+00,1.400314e+00,1.550703e+00,1.346496e+00,1.649209e+00,1.622110e+00,1.598794e+00,1.383523e+00,1.705000e+00,1.643731e+00,1.402176e+00,1.390375e+00,1.386465e+00,1.442041e+00,1.422969e+00,1.631789e+00,1.509254e+00,1.161167e-01,1.346496e+00,1.705000e+00
5.999000e+00,9.489700e-01,1.624427e+00,1.421268e+00,1.546505e+00,1.400628e+00,1.553125e+00,1.347883e+00,1.650465e+00,1.622752e+00,1.599116e+00,1.384312e+00,1.701000e+00,1.646567e+00,1.402529e+00,1.391563e+00,1.386768e+00,1.442694e+00,1.422969e+00,1.631895e+00,1.509804e+00,1.158167e-01,1.347883e+00,1.701000e+00
6.000000e+00,9.492500e-01,1.624809e+00,1.422006e+00,1.545437e+00,1.401794e+00,1.553281e+00,1.348832e+00,1.652233e+00,1.624037e+00,1.599711e+00,1.385252e+00,1.706167e+00,1.647313e+00,1.402588e+00,1.392688e+00,1.387323e+00,1.443469e+00,1.422838e+00,1.633684e+00,1.510748e+00,1.163276e-01,1.348832e+00,1.706167e+00
6.001000e+00,9.495000e-01,1.624733e+00,1.422094e+00,1.546408e+00,1.402063e+00,1.552344e+00,1.347664e+00,1.653209e+00,1.626239e+00,1.600402e+00,1.385671e+00,1.707333e+00,1.645821e+00,1.404176e+00,1.393125e+00,1.387828e+00,1.443633e+00,1.422751e+00,1.634421e+00,1.511106e+00,1.165025e-01,1.347664e+00,1.707333e+00
6.002000e+00,9.496900e-01,1.626107e+00,1.422419e+00,1.547573e+00,1.402197e+00,1.556094e+00,1.349051e+00,1.654930e+00,1.626606e+00,1.601527e+00,1.386762e+00,1.708000e+00,1.648060e+00,1.404176e+00,1.394375e+00,1.388990e+00,1.443837e+00,1.422707e+00,1.635263e+00,1.512149e+00,1.167764e-01,1.349051e+00,1.708000e+00
6.003000e+00,9.499400e-01,1.626565e+00,1.422448e+00,1.546311e+00,1.402960e+00,1.555547e+00,1.349562e+00,1.655488e+00,1.628440e+00,1.603055e+00,1.387534e+00,1.709500e+00,1.647463e+00,1.404765e+00,1.394937e+00,1.389596e+00,1.444367e+00,1.419345e+00,1.636105e+00,1.512444e+00,1.170290e-01,1.349562e+00,1.709500e+00
6.004000e+00,9.502500e-01,1.626336e+00,1.423333e+00,1.548932e+00,1.404619e+00,1.556094e+00,1.350949e+00,1.657116e+00,1.629174e+00,1.603923e+00,1.388087e+00,1.708167e+00,1.649851e+00,1.403824e+00,1.395750e+00,1.390657e+00,1.444939e+00,1.416507e+00,1.636947e+00,1.513067e+00,1.171267e-01,1.350949e+00,1.708167e+00
6.005000e+00,9.504600e-01,1.626412e+00,1.422979e+00,1.549903e+00,1.405830e+00,1.557109e+00,1.350584e+00,1.656326e+00,1.630642e+00,1.604068e+00,1.388557e+00,1.710500e+00,1.652388e+00,1.405765e+00,1.395812e+00,1.392273e+00,1.443918e+00,1.416376e+00,1.637579e+00,1.513723e+00,1.174169e-01,1.350584e+00,1.710500e+00
6.006000e+00,9.507700e-01,1.627863e+00,1.424100e+00,1.549320e+00,1.407265e+00,1.557969e+00,1.349416e+00,1.656000e+00,1.632844e+00,1.604260e+00,1.389564e+00,1.711667e+00,1.651791e+00,1.406235e+00,1.396688e+00,1.393687e+00,1.442735e+00,1.417162e+00,1.637368e+00,1.514218e+00,1.174288e-01,1.349416e+00,1.711667e+00
6.007000e+00,9.509500e-01,1.630611e+00,1.424690e+00,1.552330e+00,1.407848e+00,1.559141e+00,1.349416e+00,1.656372e+00,1.633670e+00,1.604421e+00,1.389581e+00,1.710333e+00,1.650299e+00,1.406882e+00,1.397000e+00,1.394495e+00,1.442571e+00,1.418297e+00,1.639684e+00,1.514869e+00,1.174490e-01,1.349416e+00,1.710333e+00
6.008000e+00,9.513500e-01,1.630000e+00,1.425929e+00,1.551068e+00,1.408924e+00,1.559531e+00,1.349489e+00,1.656791e+00,1.635321e+00,1.605016e+00,1.390285e+00,1.710333e+00,1.652090e+00,1.407412e+00,1.397438e+00,1.395000e+00,1.442857e+00,1.419345e+00,1.639263e+00,1.515338e+00,1.173470e-01,1.349489e+00,1.710333e+00
6.009000e+00,9.515400e-01,1.631145e+00,1.426903e+00,1.552816e+00,1.410224e+00,1.561250e+00,1.350803e+00,1.657488e+00,1.635780e+00,1.605691e+00,1.391023e+00,1.709667e+00,1.651940e+00,1.409000e+00,1.397438e+00,1.395859e+00,1.443633e+00,1.420218e+00,1.640421e+00,1.516183e+00,1.171243e-01,1.350803e+00,1.709667e+00
6.010000e+00,9.517900e-01,1.632595e+00,1.427581e+00,1.554175e+00,1.411166e+00,1.560547e+00,1.349562e+00,1.658791e+00,1.637339e+00,1.605852e+00,1.391074e+00,1.713500e+00,1.652985e+00,1.409059e+00,1.398313e+00,1.396566e+00,1.444776e+00,1.420786e+00,1.641474e+00,1.517008e+00,1.177391e-01,1.349562e+00,1.713500e+00
6.011000e+00,9.520500e-01,1.634427e+00,1.428673e+00,1.555340e+00,1.411570e+00,1.562578e+00,1.351314e+00,1.660186e+00,1.637064e+00,1.606559e+00,1.391577e+00,1.713333e+00,1.654925e+00,1.409471e+00,1.398250e+00,1.397273e+00,1.445510e+00,1.421266e+00,1.642000e+00,1.517851e+00,1.178115e-01,1.351314e+00,1.713333e+00
6.012000e+00,9.522200e-01,1.635496e+00,1.428850e+00,1.555631e+00,1.413408e+00,1.562734e+00,1.350803e+00,1.661674e+00,1.640459e+00,1.607363e+00,1.391963e+00,1.713000e+00,1.654776e+00,1.409647e+00,1.399062e+00,1.397778e+00,1.446653e+00,1.421747e+00,1.641368e+00,1.518467e+00,1.179025e-01,1.350803e+00,1.713000e+00
6.013000e+00,9.525900e-01,1.635344e+00,1.429086e+00,1.555146e+00,1.413408e+00,1.563281e+00,1.353431e+00,1.661767e+00,1.640092e+00,1.607653e+00,1.392383e+00,1.716000e+00,1.656866e+00,1.411294e+00,1.399062e+00,1.398131e+00,1.447755e+00,1.422707e+00,1.642105e+00,1.519195e+00,1.179220e-01,1.353431e+00,1.716000e+00
6.014000e+00,9.529100e-01,1.637634e+00,1.429764e+00,1.555728e+00,1.415336e+00,1.565547e+00,1.353723e+00,1.663163e+00,1.641468e+00,1.608103e+00,1.392651e+00,1.715667e+00,1.657164e+00,1.412412e+00,1.398813e+00,1.398586e+00,1.447918e+00,1.423668e+00,1.643263e+00,1.520034e+00,1.180715e-01,1.353723e+00,1.715667e+00
6.015000e+00,9.531600e-01,1.638244e+00,1.430295e+00,1.556602e+00,1.416278e+00,1.564219e+00,1.353504e+00,1.664698e+00,1.643028e+00,1.608633e+00,1.392785e+00,1.718667e+00,1.656418e+00,1.412588e+00,1.400750e+00,1.397980e+00,1.448163e+00,1.425109e+00,1.643158e+00,1.520618e+00,1.183137e-01,1.353504e+00,1.718667e+00
6.016000e+00,9.533900e-01,1.638473e+00,1.429941e+00,1.554854e+00,1.417623e+00,1.564453e+00,1.355255e+00,1.666372e+00,1.643486e+00,1.609277e+00,1.392349e+00,1.717833e+00,1.659552e+00,1.412176e+00,1.401125e+00,1.396818e+00,1.449020e+00,1.426288e+00,1.644947e+00,1.521103e+00,1.185214e-01,1.355255e+00,1.717833e+00
6.017000e+00,9.536300e-01,1.639618e+00,1.429587e+00,1.556019e+00,1.417803e+00,1.564062e+00,1.355109e+00,1.667953e+00,1.645046e+00,1.610096e+00,1.392299e+00,1.718167e+00,1.659403e+00,1.411941e+00,1.401250e+00,1.396970e+00,1.450367e+00,1.428035e+00,1.647053e+00,1.521710e+00,1.188652e-01,1.355109e+00,1.718167e+00
6.018000e+00,9.538600e-01,1.640763e+00,1.428909e+00,1.555437e+00,1.418655e+00,1.563828e+00,1.355620e+00,1.669349e+00,1.645046e+00,1.611093e+00,1.392802e+00,1.722500e+00,1.660746e+00,1.412353e+00,1.400938e+00,1.397374e+00,1.450857e+00,1.429738e+00,1.645474e+00,1.522305e+00,1.192479e-01,1.355620e+00,1.722500e+00
6.019000e+00,9.541000e-01,1.641527e+00,1.429292e+00,1.555728e+00,1.419372e+00,1.565781e+00,1.356642e+00,1.670419e+00,1.646606e+00,1.612235e+00,1.392903e+00,1.721667e+00,1.661791e+00,1.413176e+00,1.401312e+00,1.398737e+00,1.451510e+00,1.430480e+00,1.645789e+00,1.523054e+00,1.192180e-01,1.356642e+00,1.721667e+00
6.020000e+00,9.543600e-01,1.641298e+00,1.428850e+00,1.557476e+00,1.419955e+00,1.565234e+00,1.357518e+00,1.671628e+00,1.648257e+00,1.613424e+00,1.393372e+00,1.724000e+00,1.660896e+00,1.412941e+00,1.402875e+00,1.398283e+00,1.452122e+00,1.430830e+00,1.646421e+00,1.523632e+00,1.194550e-01,1.357518e+00,1.724000e+00
6.021000e+00,9.546500e-01,1.642519e+00,1.429440e+00,1.559029e+00,1.420224e+00,1.566016e+00,1.358467e+00,1.673442e+00,1.649266e+00,1.614952e+00,1.393826e+00,1.722167e+00,1.658806e+00,1.413588e+00,1.403375e+00,1.399899e+00,1.452816e+00,1.431703e+00,1.644000e+00,1.524085e+00,1.190154e-01,1.358467e+00,1.722167e+00
6.022000e+00,9.550100e-01,1.642977e+00,1.429292e+00,1.558350e+00,1.421211e+00,1.568281e+00,1.359270e+00,1.674326e+00,1.650183e+00,1.616415e+00,1.394564e+00,1.723833e+00,1.657463e+00,1.414294e+00,1.404125e+00,1.401162e+00,1.453429e+00,1.432445e+00,1.643053e+00,1.524704e+00,1.189186e-01,1.359270e+00,1.723833e+00
6.023000e+00,9.551300e-01,1.643664e+00,1.429499e+00,1.560000e+00,1.423049e+00,1.568359e+00,1.360292e+00,1.675721e+00,1.651284e+00,1.617556e+00,1.395503e+00,1.726833e+00,1.657313e+00,1.414588e+00,1.403625e+00,1.401919e+00,1.453878e+00,1.433406e+00,1.642947e+00,1.525524e+00,1.191403e-01,1.360292e+00,1.726833e+00
6.024000e+00,9.554100e-01,1.645115e+00,1.430000e+00,1.560194e+00,1.423812e+00,1.567891e+00,1.360511e+00,1.676465e+00,1.652018e+00,1.619260e+00,1.396829e+00,1.724833e+00,1.656567e+00,1.415118e+00,1.403250e+00,1.402677e+00,1.454735e+00,1.433581e+00,1.645684e+00,1.526030e+00,1.190608e-01,1.360511e+00,1.724833e+00
6.025000e+00,9.558600e-01,1.645802e+00,1.430236e+00,1.559417e+00,1.423274e+00,1.568906e+00,1.361606e+00,1.677860e+00,1.651927e+00,1.621238e+00,1.397181e+00,1.726667e+00,1.659403e+00,1.415588e+00,1.402500e+00,1.403687e+00,1.455878e+00,1.435109e+00,1.645895e+00,1.526787e+00,1.194086e-01,1.361606e+00,1.726667e+00
6.026000e+00,9.558500e-01,1.646565e+00,1.431327e+00,1.561553e+00,1.424619e+00,1.571719e+00,1.360803e+00,1.679581e+00,1.654862e+00,1.622701e+00,1.397852e+00,1.727500e+00,1.656269e+00,1.416529e+00,1.402062e+00,1.405606e+00,1.456286e+00,1.436725e+00,1.646421e+00,1.527721e+00,1.195074e-01,1.360803e+00,1.727500e+00
6.027000e+00,9.562400e-01,1.647328e+00,1.432212e+00,1.562524e+00,1.425516e+00,1.570156e+00,1.363650e+00,1.680698e+00,1.654495e+00,1.624132e+00,1.398456e+00,1.725500e+00,1.658657e+00,1.416706e+00,1.401312e+00,1.407121e+00,1.456612e+00,1.438253e+00,1.646316e+00,1.528314e+00,1.191430e-01,1.363650e+00,1.725500e+00
6.028000e+00,9.564000e-01,1.649008e+00,1.433038e+00,1.562330e+00,1.427085e+00,1.572031e+00,1.362190e+00,1.681860e+00,1.654404e+00,1.625691e+00,1.398859e+00,1.728500e+00,1.659851e+00,1.416824e+00,1.401875e+00,1.407879e+00,1.458041e+00,1.439956e+00,1.648632e+00,1.529336e+00,1.196695e-01,1.362190e+00,1.728500e+00
6.029000e+00,9.567900e-01,1.649771e+00,1.434218e+00,1.564175e+00,1.427982e+00,1.573047e+00,1.363942e+00,1.683256e+00,1.653394e+00,1.626801e+00,1.399748e+00,1.729667e+00,1.658209e+00,1.417353e+00,1.402375e+00,1.409040e+00,1.458367e+00,1.440961e+00,1.649789e+00,1.530116e+00,1.194651e-01,1.363942e+00,1.729667e+00
6.030000e+00,9.569900e-01,1.649924e+00,1.435339e+00,1.563981e+00,1.428430e+00,1.573125e+00,1.364161e+00,1.684047e+00,1.653853e+00,1.627363e+00,1.400554e+00,1.731833e+00,1.659104e+00,1.418235e+00,1.402250e+00,1.409495e+00,1.458735e+00,1.442751e+00,1.649895e+00,1.530726e+00,1.195537e-01,1.364161e+00,1.731833e+00
6.031000e+00,9.572200e-01,1.652672e+00,1.436313e+00,1.564660e+00,1.429193e+00,1.574219e+00,1.364745e+00,1.684884e+00,1.654771e+00,1.627363e+00,1.401124e+00,1.731000e+00,1.660448e+00,1.418706e+00,1.403375e+00,1.410606e+00,1.459673e+00,1.443188e+00,1.650526e+00,1.531526e+00,1.195265e-01,1.364745e+00,1.731000e+00
6.032000e+00,9.575000e-01,1.652748e+00,1.436667e+00,1.566699e+00,1.430448e+00,1.575078e+00,1.366058e+00,1.686837e+00,1.655138e+00,1.627508e+00,1.401208e+00,1.731667e+00,1.660597e+00,1.418118e+00,1.403937e+00,1.411414e+00,1.460449e+00,1.443144e+00,1.651789e+00,1.532195e+00,1.196340e-01,1.366058e+00,1.731667e+00
6.033000e+00,9.578300e-01,1.653435e+00,1.437847e+00,1.565146e+00,1.431525e+00,1.575156e+00,1.365328e+00,1.688186e+00,1.655596e+00,1.627781e+00,1.401846e+00,1.734500e+00,1.664776e+00,1.415824e+00,1.403625e+00,1.412222e+00,1.461918e+00,1.443843e+00,1.652947e+00,1.532861e+00,1.202980e-01,1.365328e+00,1.734500e+00
6.034000e+00,9.578900e-01,1.654809e+00,1.438024e+00,1.567670e+00,1.432735e+00,1.576094e+00,1.366131e+00,1.689302e+00,1.656055e+00,1.627990e+00,1.402148e+00,1.734000e+00,1.664478e+00,1.415412e+00,1.404375e+00,1.412727e+00,1.462327e+00,1.445022e+00,1.653053e+00,1.533464e+00,1.202316e-01,1.366131e+00,1.734000e+00
6.035000e+00,9.582600e-01,1.655954e+00,1.439233e+00,1.567864e+00,1.433543e+00,1.575781e+00,1.367153e+00,1.690512e+00,1.658257e+00,1.628633e+00,1.402869e+00,1.734333e+00,1.664179e+00,1.415059e+00,1.404688e+00,1.413586e+00,1.463184e+00,1.445197e+00,1.655053e+00,1.534171e+00,1.203616e-01,1.367153e+00,1.734333e+00
6.036000e+00,9.583200e-01,1.656794e+00,1.439528e+00,1.567767e+00,1.434439e+00,1.578672e+00,1.369708e+00,1.691070e+00,1.658073e+00,1.629437e+00,1.403591e+00,1.732500e+00,1.666567e+00,1.416000e+00,1.406438e+00,1.415253e+00,1.463796e+00,1.445808e+00,1.657053e+00,1.535138e+00,1.200282e-01,1.369708e+00,1.732500e+00
6.037000e+00,9.585700e-01,1.656336e+00,1.439469e+00,1.570194e+00,1.435695e+00,1.578047e+00,1.368394e+00,1.692465e+00,1.659817e+00,1.629614e+00,1.403943e+00,1.734167e+00,1.668358e+00,1.416118e+00,1.406062e+00,1.417323e+00,1.464082e+00,1.445808e+00,1.657579e+00,1.535748e+00,1.204434e-01,1.368394e+00,1.734167e+00
6.038000e+00,9.588500e-01,1.657176e+00,1.439440e+00,1.570874e+00,1.436143e+00,1.579609e+00,1.368832e+00,1.693209e+00,1.661468e+00,1.629678e+00,1.404346e+00,1.735500e+00,1.667761e+00,1.416647e+00,1.406875e+00,1.417828e+00,1.463878e+00,1.445895e+00,1.659579e+00,1.536374e+00,1.207019e-01,1.368832e+00,1.735500e+00
6.039000e+00,9.591000e-01,1.655573e+00,1.439676e+00,1.571262e+00,1.436099e+00,1.579219e+00,1.368686e+00,1.692047e+00,1.663211e+00,1.629775e+00,1.405302e+00,1.735167e+00,1.670448e+00,1.416353e+00,1.407625e+00,1.418687e+00,1.462449e+00,1.447074e+00,1.662000e+00,1.536703e+00,1.207745e-01,1.368686e+00,1.735167e+00
6.040000e+00,9.593200e-01,1.656336e+00,1.439469e+00,1.571845e+00,1.437623e+00,1.580234e+00,1.368394e+00,1.692000e+00,1.663119e+00,1.629823e+00,1.406191e+00,1.736500e+00,1.672836e+00,1.417647e+00,1.408187e+00,1.420101e+00,1.461306e+00,1.446987e+00,1.661895e+00,1.537250e+00,1.208725e-01,1.368394e+00,1.736500e+00
6.041000e+00,9.597000e-01,1.656489e+00,1.439735e+00,1.571456e+00,1.437982e+00,1.580938e+00,1.370146e+00,1.692977e+00,1.665321e+00,1.629952e+00,1.406879e+00,1.734500e+00,1.671940e+00,1.417588e+00,1.409000e+00,1.421515e+00,1.461796e+00,1.448341e+00,1.663579e+00,1.537785e+00,1.205519e-01,1.370146e+00,1.734500e+00
6.042000e+00,9.598400e-01,1.656718e+00,1.439882e+00,1.573981e+00,1.438251e+00,1.582109e+00,1.367007e+00,1.693953e+00,1.666606e+00,1.630096e+00,1.408087e+00,1.736500e+00,1.673134e+00,1.418824e+00,1.410250e+00,1.422879e+00,1.461714e+00,1.449214e+00,1.663368e+00,1.538476e+00,1.209280e-01,1.367007e+00,1.736500e+00
6.043000e+00,9.603000e-01,1.656565e+00,1.440236e+00,1.574078e+00,1.439327e+00,1.582969e+00,1.369635e+00,1.693953e+00,1.667431e+00,1.630579e+00,1.408775e+00,1.739000e+00,1.674179e+00,1.419353e+00,1.410813e+00,1.423838e+00,1.462531e+00,1.450262e+00,1.663895e+00,1.539301e+00,1.208330e-01,1.369635e+00,1.739000e+00
6.044000e+00,9.605100e-01,1.657481e+00,1.440914e+00,1.575243e+00,1.440045e+00,1.582500e+00,1.368832e+00,1.695535e+00,1.669266e+00,1.631061e+00,1.408943e+00,1.738833e+00,1.675224e+00,1.418647e+00,1.412188e+00,1.424242e+00,1.463020e+00,1.451528e+00,1.665474e+00,1.539943e+00,1.211302e-01,1.368832e+00,1.738833e+00
6.045000e+00,9.606100e-01,1.657634e+00,1.440944e+00,1.574951e+00,1.439910e+00,1.586406e+00,1.370949e+00,1.696930e+00,1.670642e+00,1.631720e+00,1.410319e+00,1.740333e+00,1.674328e+00,1.419706e+00,1.412625e+00,1.424798e+00,1.463143e+00,1.451747e+00,1.666421e+00,1.540750e+00,1.211880e-01,1.370949e+00,1.740333e+00
6.046000e+00,9.609600e-01,1.659084e+00,1.442094e+00,1.574272e+00,1.439103e+00,1.584375e+00,1.370730e+00,1.698558e+00,1.673670e+00,1.633376e+00,1.411107e+00,1.740667e+00,1.675672e+00,1.420588e+00,1.412250e+00,1.426515e+00,1.464163e+00,1.452489e+00,1.666421e+00,1.541396e+00,1.214660e-01,1.370730e+00,1.740667e+00
6.047000e+00,9.610800e-01,1.659389e+00,1.443274e+00,1.573981e+00,1.438027e+00,1.582969e+00,1.372336e+00,1.699442e+00,1.673945e+00,1.635370e+00,1.411477e+00,1.742167e+00,1.676866e+00,1.420353e+00,1.413750e+00,1.427020e+00,1.465102e+00,1.453013e+00,1.668105e+00,1.542032e+00,1.216170e-01,1.372336e+00,1.742167e+00
6.048000e+00,9.614300e-01,1.661450e+00,1.443864e+00,1.574563e+00,1.437623e+00,1.585469e+00,1.372336e+00,1.700419e+00,1.675780e+00,1.637106e+00,1.411695e+00,1.747667e+00,1.678657e+00,1.420941e+00,1.414625e+00,1.427222e+00,1.466367e+00,1.452882e+00,1.669684e+00,1.543242e+00,1.225907e-01,1.372336e+00,1.747667e+00
6.049000e+00,9.617400e-01,1.662519e+00,1.444867e+00,1.573786e+00,1.437534e+00,1.585000e+00,1.372701e+00,1.702047e+00,1.677523e+00,1.638842e+00,1.412248e+00,1.746000e+00,1.677910e+00,1.422647e+00,1.414813e+00,1.427626e+00,1.467184e+00,1.453406e+00,1.671158e+00,1.543767e+00,1.225317e-01,1.372701e+00,1.746000e+00
6.050000e+00,9.618900e-01,1.663282e+00,1.445693e+00,1.575243e+00,1.438341e+00,1.584687e+00,1.373504e+00,1.702930e+00,1.677431e+00,1.640434e+00,1.412399e+00,1.748500e+00,1.679403e+00,1.423706e+00,1.414375e+00,1.428586e+00,1.468286e+00,1.454629e+00,1.671474e+00,1.544606e+00,1.227347e-01,1.373504e+00,1.748500e+00
6.051000e+00,9.622500e-01,1.664198e+00,1.446578e+00,1.574854e+00,1.439372e+00,1.585391e+00,1.374380e+00,1.704233e+00,1.680367e+00,1.641672e+00,1.412886e+00,1.747833e+00,1.680448e+00,1.424059e+00,1.415250e+00,1.428535e+00,1.469429e+00,1.455371e+00,1.671158e+00,1.545334e+00,1.227773e-01,1.374380e+00,1.747833e+00
6.052000e+00,9.624400e-01,1.663969e+00,1.447611e+00,1.575437e+00,1.439731e+00,1.586797e+00,1.375255e+00,1.705907e+00,1.680642e+00,1.642685e+00,1.413070e+00,1.748167e+00,1.681194e+00,1.424588e+00,1.415812e+00,1.429697e+00,1.470776e+00,1.456157e+00,1.673789e+00,1.546183e+00,1.228632e-01,1.375255e+00,1.748167e+00
6.053000e+00,9.627200e-01,1.666794e+00,1.447994e+00,1.576602e+00,1.440673e+00,1.587656e+00,1.375109e+00,1.706698e+00,1.682752e+00,1.643248e+00,1.412517e+00,1.750833e+00,1.681642e+00,1.425353e+00,1.416313e+00,1.430404e+00,1.472082e+00,1.456943e+00,1.674211e+00,1.547101e+00,1.233488e-01,1.375109e+00,1.750833e+00
6.054000e+00,9.629900e-01,1.667405e+00,1.448702e+00,1.576117e+00,1.441614e+00,1.588359e+00,1.376131e+00,1.708372e+00,1.683761e+00,1.643537e+00,1.412030e+00,1.750000e+00,1.682090e+00,1.426000e+00,1.416688e+00,1.430808e+00,1.472449e+00,1.458690e+00,1.673579e+00,1.547574e+00,1.232106e-01,1.376131e+00,1.750000e+00
6.055000e+00,9.632200e-01,1.669084e+00,1.449882e+00,1.577476e+00,1.443004e+00,1.587656e+00,1.376715e+00,1.710419e+00,1.685596e+00,1.643955e+00,1.412215e+00,1.751167e+00,1.683731e+00,1.426235e+00,1.417250e+00,1.430960e+00,1.473102e+00,1.460087e+00,1.675158e+00,1.548538e+00,1.235747e-01,1.376715e+00,1.751167e+00
6.056000e+00,9.634500e-01,1.669313e+00,1.450029e+00,1.578252e+00,1.445112e+00,1.588516e+00,1.377372e+00,1.710651e+00,1.686055e+00,1.644325e+00,1.412802e+00,1.751667e+00,1.685672e+00,1.427294e+00,1.418063e+00,1.431465e+00,1.474122e+00,1.460742e+00,1.676842e+00,1.549350e+00,1.235471e-01,1.377372e+00,1.751667e+00
6.057000e+00,9.639300e-01,1.670611e+00,1.450737e+00,1.577961e+00,1.445785e+00,1.589844e+00,1.379416e+00,1.712047e+00,1.686881e+00,1.644469e+00,1.413171e+00,1.751833e+00,1.684030e+00,1.428529e+00,1.417437e+00,1.432475e+00,1.475429e+00,1.461747e+00,1.677263e+00,1.549981e+00,1.233237e-01,1.379416e+00,1.751833e+00
6.058000e+00,9.640300e-01,1.671832e+00,1.450973e+00,1.580777e+00,1.446861e+00,1.590469e+00,1.378394e+00,1.713721e+00,1.687615e+00,1.645080e+00,1.413943e+00,1.753667e+00,1.684478e+00,1.428647e+00,1.418500e+00,1.433434e+00,1.475143e+00,1.461528e+00,1.678105e+00,1.550732e+00,1.237420e-01,1.378394e+00,1.753667e+00
6.059000e+00,9.642900e-01,1.671985e+00,1.451062e+00,1.580097e+00,1.448206e+00,1.590312e+00,1.380730e+00,1.715349e+00,1.687982e+00,1.646479e+00,1.414463e+00,1.752833e+00,1.685970e+00,1.429588e+00,1.418562e+00,1.434545e+00,1.476408e+00,1.461703e+00,1.678316e+00,1.551366e+00,1.235244e-01,1.380730e+00,1.752833e+00
6.060000e+00,9.646600e-01,1.673893e+00,1.451180e+00,1.581553e+00,1.448789e+00,1.591250e+00,1.381606e+00,1.716744e+00,1.690000e+00,1.648215e+00,1.415302e+00,1.753333e+00,1.687164e+00,1.430412e+00,1.419750e+00,1.435404e+00,1.476776e+00,1.461223e+00,1.679895e+00,1.552361e+00,1.238679e-01,1.381606e+00,1.753333e+00
6.061000e+00,9.647300e-01,1.673969e+00,1.450826e+00,1.582524e+00,1.450359e+00,1.593594e+00,1.381898e+00,1.718326e+00,1.690642e+00,1.649518e+00,1.416174e+00,1.756333e+00,1.687313e+00,1.431059e+00,1.420562e+00,1.436313e+00,1.477224e+00,1.461223e+00,1.681368e+00,1.553290e+00,1.242243e-01,1.381898e+00,1.756333e+00
6.062000e+00,9.650700e-01,1.673893e+00,1.451327e+00,1.581553e+00,1.450583e+00,1.593047e+00,1.382555e+00,1.719023e+00,1.691560e+00,1.650611e+00,1.416829e+00,1.756333e+00,1.690448e+00,1.431765e+00,1.420000e+00,1.436616e+00,1.478000e+00,1.462140e+00,1.681158e+00,1.553747e+00,1.243223e-01,1.382555e+00,1.756333e+00
6.063000e+00,9.652700e-01,1.675573e+00,1.451239e+00,1.583010e+00,1.451973e+00,1.593750e+00,1.384015e+00,1.720605e+00,1.692202e+00,1.652347e+00,1.417836e+00,1.756333e+00,1.690299e+00,1.432118e+00,1.421437e+00,1.434293e+00,1.478980e+00,1.463013e+00,1.682211e+00,1.554513e+00,1.244431e-01,1.384015e+00,1.756333e+00
6.064000e+00,9.656000e-01,1.676031e+00,1.451327e+00,1.583689e+00,1.451704e+00,1.595781e+00,1.383139e+00,1.721488e+00,1.693853e+00,1.654582e+00,1.418909e+00,1.756000e+00,1.691940e+00,1.431824e+00,1.422063e+00,1.432778e+00,1.479469e+00,1.464454e+00,1.684316e+00,1.555186e+00,1.249637e-01,1.383139e+00,1.756000e+00
6.065000e+00,9.658800e-01,1.677023e+00,1.452065e+00,1.584369e+00,1.452691e+00,1.595547e+00,1.383869e+00,1.722186e+00,1.695046e+00,1.656222e+00,1.419362e+00,1.757167e+00,1.692687e+00,1.431882e+00,1.421063e+00,1.432525e+00,1.480571e+00,1.464978e+00,1.684211e+00,1.555748e+00,1.252126e-01,1.383869e+00,1.757167e+00
6.066000e+00,9.660800e-01,1.677863e+00,1.452979e+00,1.585534e+00,1.453453e+00,1.596875e+00,1.385328e+00,1.723023e+00,1.696055e+00,1.657026e+00,1.420319e+00,1.755833e+00,1.691493e+00,1.432824e+00,1.421437e+00,1.433586e+00,1.481265e+00,1.466419e+00,1.685158e+00,1.556471e+00,1.248607e-01,1.385328e+00,1.755833e+00
6.067000e+00,9.662900e-01,1.679008e+00,1.453835e+00,1.587476e+00,1.454395e+00,1.597969e+00,1.385401e+00,1.724791e+00,1.698349e+00,1.657476e+00,1.421040e+00,1.756500e+00,1.694776e+00,1.433235e+00,1.422125e+00,1.433636e+00,1.481959e+00,1.467380e+00,1.685053e+00,1.557467e+00,1.252531e-01,1.385401e+00,1.756500e+00
6.068000e+00,9.665900e-01,1.679695e+00,1.454749e+00,1.586796e+00,1.456188e+00,1.598125e+00,1.386350e+00,1.725070e+00,1.698716e+00,1.657685e+00,1.421174e+00,1.760667e+00,1.694627e+00,1.433588e+00,1.422750e+00,1.433636e+00,1.482367e+00,1.467380e+00,1.685053e+00,1.558034e+00,1.254243e-01,1.386350e+00,1.760667e+00
6.069000e+00,9.667500e-01,1.679389e+00,1.455546e+00,1.587282e+00,1.456861e+00,1.600078e+00,1.385547e+00,1.726093e+00,1.701009e+00,1.658071e+00,1.421946e+00,1.758833e+00,1.692687e+00,1.433765e+00,1.423687e+00,1.434747e+00,1.482735e+00,1.468559e+00,1.686737e+00,1.558532e+00,1.252627e-01,1.385547e+00,1.758833e+00
6.070000e+00,9.671300e-01,1.680916e+00,1.456431e+00,1.588447e+00,1.457758e+00,1.600156e+00,1.386861e+00,1.727907e+00,1.701376e+00,1.658408e+00,1.422735e+00,1.761000e+00,1.695672e+00,1.434235e+00,1.423813e+00,1.434949e+00,1.483224e+00,1.469825e+00,1.686842e+00,1.559475e+00,1.255708e-01,1.386861e+00,1.761000e+00
6.071000e+00,9.673200e-01,1.682290e+00,1.457316e+00,1.590194e+00,1.458565e+00,1.601016e+00,1.387299e+00,1.728326e+00,1.702018e+00,1.658505e+00,1.423154e+00,1.762667e+00,1.696119e+00,1.434882e+00,1.423813e+00,1.435657e+00,1.483347e+00,1.470262e+00,1.688105e+00,1.560196e+00,1.257741e-01,1.387299e+00,1.762667e+00
6.072000e+00,9.675900e-01,1.683206e+00,1.458024e+00,1.590680e+00,1.459686e+00,1.602188e+00,1.385839e+00,1.728698e+00,1.701651e+00,1.659100e+00,1.423591e+00,1.761000e+00,1.695075e+00,1.435294e+00,1.424688e+00,1.436465e+00,1.482286e+00,1.470393e+00,1.688526e+00,1.560355e+00,1.256098e-01,1.385839e+00,1.761000e+00
6.073000e+00,9.678600e-01,1.683435e+00,1.458614e+00,1.588932e+00,1.460987e+00,1.602891e+00,1.386934e+00,1.727674e+00,1.700275e+00,1.659727e+00,1.424128e+00,1.764500e+00,1.696716e+00,1.436059e+00,1.424750e+00,1.437828e+00,1.482082e+00,1.470437e+00,1.690316e+00,1.560905e+00,1.256755e-01,1.386934e+00,1.764500e+00
6.074000e+00,9.681100e-01,1.684885e+00,1.459204e+00,1.591456e+00,1.461794e+00,1.602812e+00,1.385985e+00,1.728744e+00,1.700734e+00,1.659887e+00,1.424279e+00,1.765167e+00,1.697761e+00,1.436588e+00,1.424937e+00,1.438283e+00,1.482204e+00,1.471703e+00,1.689053e+00,1.561415e+00,1.258325e-01,1.385985e+00,1.765167e+00
6.075000e+00,9.682300e-01,1.686565e+00,1.460354e+00,1.591553e+00,1.463274e+00,1.604531e+00,1.387372e+00,1.729674e+00,1.700367e+00,1.660113e+00,1.425117e+00,1.767167e+00,1.699254e+00,1.436824e+00,1.425000e+00,1.439747e+00,1.482857e+00,1.472052e+00,1.692737e+00,1.562475e+00,1.260849e-01,1.387372e+00,1.767167e+00
6.076000e+00,9.687600e-01,1.685573e+00,1.460560e+00,1.592427e+00,1.463408e+00,1.603984e+00,1.387591e+00,1.730698e+00,1.701927e+00,1.660418e+00,1.426191e+00,1.766333e+00,1.700000e+00,1.437118e+00,1.426937e+00,1.440253e+00,1.483265e+00,1.472620e+00,1.693053e+00,1.562909e+00,1.259100e-01,1.387591e+00,1.766333e+00
6.077000e+00,9.688600e-01,1.687405e+00,1.461180e+00,1.593495e+00,1.465157e+00,1.605312e+00,1.388978e+00,1.731953e+00,1.701284e+00,1.660627e+00,1.426779e+00,1.767167e+00,1.701940e+00,1.438118e+00,1.427000e+00,1.441717e+00,1.483918e+00,1.474192e+00,1.693263e+00,1.563860e+00,1.258442e-01,1.388978e+00,1.767167e+00
6.078000e+00,9.691800e-01,1.688855e+00,1.461976e+00,1.593981e+00,1.465561e+00,1.606250e+00,1.388905e+00,1.732977e+00,1.702936e+00,1.661061e+00,1.427584e+00,1.768667e+00,1.701343e+00,1.438882e+00,1.427438e+00,1.442828e+00,1.484286e+00,1.475066e+00,1.692737e+00,1.564518e+00,1.259379e-01,1.388905e+00,1.768667e+00
6.079000e+00,9.692900e-01,1.688855e+00,1.461947e+00,1.592816e+00,1.466457e+00,1.603984e+00,1.389489e+00,1.734326e+00,1.702385e+00,1.662026e+00,1.428389e+00,1.770333e+00,1.702985e+00,1.440765e+00,1.428125e+00,1.443182e+00,1.485224e+00,1.475633e+00,1.695474e+00,1.565133e+00,1.260456e-01,1.389489e+00,1.770333e+00
6.080000e+00,9.695500e-01,1.688550e+00,1.462242e+00,1.594272e+00,1.467758e+00,1.602734e+00,1.390803e+00,1.736000e+00,1.703853e+00,1.663810e+00,1.428977e+00,1.769333e+00,1.703881e+00,1.439824e+00,1.428250e+00,1.444141e+00,1.486245e+00,1.475633e+00,1.696737e+00,1.565725e+00,1.261046e-01,1.390803e+00,1.769333e+00
6.081000e+00,9.698000e-01,1.687099e+00,1.461888e+00,1.593301e+00,1.468296e+00,1.605391e+00,1.391168e+00,1.736837e+00,1.705413e+00,1.665852e+00,1.429564e+00,1.773333e+00,1.701343e+00,1.440647e+00,1.428688e+00,1.444747e+00,1.487347e+00,1.475764e+00,1.696316e+00,1.566277e+00,1.262724e-01,1.391168e+00,1.773333e+00
6.082000e+00,9.699900e-01,1.686794e+00,1.461858e+00,1.593689e+00,1.469238e+00,1.605312e+00,1.391971e+00,1.738186e+00,1.706422e+00,1.666994e+00,1.430772e+00,1.773667e+00,1.703881e+00,1.440882e+00,1.429250e+00,1.446010e+00,1.488041e+00,1.475721e+00,1.694842e+00,1.566863e+00,1.262613e-01,1.391971e+00,1.773667e+00
6.083000e+00,9.702400e-01,1.686870e+00,1.462360e+00,1.595049e+00,1.469955e+00,1.605312e+00,1.391825e+00,1.738884e+00,1.708257e+00,1.667621e+00,1.431376e+00,1.775000e+00,1.701940e+00,1.441353e+00,1.429375e+00,1.446818e+00,1.488694e+00,1.475546e+00,1.693684e+00,1.567218e+00,1.262452e-01,1.391825e+00,1.775000e+00
6.084000e+00,9.705100e-01,1.687252e+00,1.462360e+00,1.595243e+00,1.470448e+00,1.607031e+00,1.393796e+00,1.740372e+00,1.710550e+00,1.668424e+00,1.432383e+00,1.774500e+00,1.700000e+00,1.441529e+00,1.429125e+00,1.447071e+00,1.490204e+00,1.476332e+00,1.692632e+00,1.567736e+00,1.260463e-01,1.393796e+00,1.774500e+00
6.085000e+00,9.706400e-01,1.687252e+00,1.462714e+00,1.595243e+00,1.471480e+00,1.606641e+00,1.393212e+00,1.742000e+00,1.712385e+00,1.669293e+00,1.433003e+00,1.775333e+00,1.699403e+00,1.442118e+00,1.428313e+00,1.448434e+00,1.490857e+00,1.476856e+00,1.692000e+00,1.568141e+00,1.261742e-01,1.393212e+00,1.775333e+00
6.086000e+00,9.711000e-01,1.688168e+00,1.463569e+00,1.596990e+00,1.472152e+00,1.608359e+00,1.394307e+00,1.743488e+00,1.713486e+00,1.669871e+00,1.433977e+00,1.777000e+00,1.699701e+00,1.442706e+00,1.427188e+00,1.450152e+00,1.491714e+00,1.476900e+00,1.691368e+00,1.568950e+00,1.263236e-01,1.394307e+00,1.777000e+00
6.087000e+00,9.713500e-01,1.687252e+00,1.464071e+00,1.596019e+00,1.473139e+00,1.609609e+00,1.395036e+00,1.744977e+00,1.715505e+00,1.670354e+00,1.434228e+00,1.778833e+00,1.699403e+00,1.442176e+00,1.426063e+00,1.450152e+00,1.492898e+00,1.477424e+00,1.692316e+00,1.569414e+00,1.266556e-01,1.395036e+00,1.778833e+00
6.088000e+00,9.715100e-01,1.688702e+00,1.464720e+00,1.598932e+00,1.473587e+00,1.608203e+00,1.395474e+00,1.746326e+00,1.717615e+00,1.670932e+00,1.434581e+00,1.782000e+00,1.700896e+00,1.442647e+00,1.426687e+00,1.449899e+00,1.493878e+00,1.477598e+00,1.692947e+00,1.570312e+00,1.272220e-01,1.395474e+00,1.782000e+00
6.089000e+00,9.718000e-01,1.690458e+00,1.465723e+00,1.597670e+00,1.475336e+00,1.609922e+00,1.397153e+00,1.747302e+00,1.719725e+00,1.671543e+00,1.434799e+00,1.780833e+00,1.701194e+00,1.443588e+00,1.426312e+00,1.449596e+00,1.494735e+00,1.478908e+00,1.694737e+00,1.571085e+00,1.272161e-01,1.397153e+00,1.780833e+00
6.090000e+00,9.721600e-01,1.691450e+00,1.466667e+00,1.597864e+00,1.476054e+00,1.611094e+00,1.397153e+00,1.748605e+00,1.720642e+00,1.672267e+00,1.435134e+00,1.780500e+00,1.703134e+00,1.442824e+00,1.426000e+00,1.450859e+00,1.495551e+00,1.479607e+00,1.695895e+00,1.571739e+00,1.274718e-01,1.397153e+00,1.780500e+00
6.091000e+00,9.723400e-01,1.692519e+00,1.467552e+00,1.600583e+00,1.477220e+00,1.611953e+00,1.398905e+00,1.750000e+00,1.721468e+00,1.673344e+00,1.434732e+00,1.780167e+00,1.703731e+00,1.440941e+00,1.427125e+00,1.450505e+00,1.496898e+00,1.479432e+00,1.697263e+00,1.572463e+00,1.276800e-01,1.398905e+00,1.780167e+00
6.092000e+00,9.726300e-01,1.694275e+00,1.468171e+00,1.599806e+00,1.478610e+00,1.611562e+00,1.398102e+00,1.751209e+00,1.721743e+00,1.673344e+00,1.434211e+00,1.779000e+00,1.705373e+00,1.440529e+00,1.428313e+00,1.450606e+00,1.498041e+00,1.479258e+00,1.700737e+00,1.572938e+00,1.279671e-01,1.398102e+00,1.779000e+00
6.093000e+00,9.729500e-01,1.693969e+00,1.468643e+00,1.600971e+00,1.479417e+00,1.613281e+00,1.399270e+00,1.752884e+00,1.723119e+00,1.673344e+00,1.433909e+00,1.780333e+00,1.706567e+00,1.439647e+00,1.428375e+00,1.450909e+00,1.498531e+00,1.480524e+00,1.699474e+00,1.573509e+00,1.281707e-01,1.399270e+00,1.780333e+00
6.094000e+00,9.731300e-01,1.696489e+00,1.468938e+00,1.603786e+00,1.479641e+00,1.612891e+00,1.399781e+00,1.753814e+00,1.724679e+00,1.673344e+00,1.434195e+00,1.783000e+00,1.705522e+00,1.440706e+00,1.428750e+00,1.451616e+00,1.499673e+00,1.481354e+00,1.701368e+00,1.574419e+00,1.285168e-01,1.399781e+00,1.783000e+00
6.095000e+00,9.734600e-01,1.697863e+00,1.469587e+00,1.602136e+00,1.480717e+00,1.614219e+00,1.400730e+00,1.754698e+00,1.725138e+00,1.673344e+00,1.434832e+00,1.783500e+00,1.706567e+00,1.440294e+00,1.429312e+00,1.452677e+00,1.500898e+00,1.481965e+00,1.702421e+00,1.575050e+00,1.285367e-01,1.400730e+00,1.783500e+00
6.096000e+00,9.735700e-01,1.699466e+00,1.470206e+00,1.603689e+00,1.481749e+00,1.616172e+00,1.401241e+00,1.755953e+00,1.727156e+00,1.673585e+00,1.435403e+00,1.782333e+00,1.708955e+00,1.441412e+00,1.430813e+00,1.453232e+00,1.501714e+00,1.482620e+00,1.704000e+00,1.576094e+00,1.286469e-01,1.401241e+00,1.782333e+00
6.097000e+00,9.740600e-01,1.699160e+00,1.470796e+00,1.604757e+00,1.482960e+00,1.614531e+00,1.401752e+00,1.757302e+00,1.727982e+00,1.674920e+00,1.435822e+00,1.783833e+00,1.710299e+00,1.442412e+00,1.430750e+00,1.453485e+00,1.502082e+00,1.483886e+00,1.706421e+00,1.576842e+00,1.289058e-01,1.401752e+00,1.783833e+00
6.098000e+00,9.741300e-01,1.699771e+00,1.471445e+00,1.605243e+00,1.483408e+00,1.616328e+00,1.403358e+00,1.758465e+00,1.728073e+00,1.676399e+00,1.436862e+00,1.784500e+00,1.711045e+00,1.443176e+00,1.432187e+00,1.453939e+00,1.503061e+00,1.483231e+00,1.708842e+00,1.577741e+00,1.289748e-01,1.403358e+00,1.784500e+00
6.099000e+00,9.743700e-01,1.701069e+00,1.472271e+00,1.608155e+00,1.483363e+00,1.617656e+00,1.403066e+00,1.759349e+00,1.728257e+00,1.677669e+00,1.437315e+00,1.784833e+00,1.713881e+00,1.444176e+00,1.432813e+00,1.454293e+00,1.503224e+00,1.484323e+00,1.709579e+00,1.578627e+00,1.292635e-01,1.403066e+00,1.784833e+00
6.100000e+00,9.746900e-01,1.700687e+00,1.472330e+00,1.607961e+00,1.482108e+00,1.617500e+00,1.404307e+00,1.760279e+00,1.730183e+00,1.679051e+00,1.438423e+00,1.784833e+00,1.715522e+00,1.444412e+00,1.435125e+00,1.454798e+00,1.504327e+00,1.483362e+00,1.710842e+00,1.579225e+00,1.293689e-01,1.404307e+00,1.784833e+00
6.101000e+00,9.749000e-01,1.703359e+00,1.472419e+00,1.607476e+00,1.481839e+00,1.617656e+00,1.404307e+00,1.761767e+00,1.731376e+00,1.680161e+00,1.439446e+00,1.786500e+00,1.714030e+00,1.445529e+00,1.434437e+00,1.455354e+00,1.504776e+00,1.484148e+00,1.712737e+00,1.579851e+00,1.297622e-01,1.404307e+00,1.786500e+00
6.102000e+00,9.750700e-01,1.704504e+00,1.471711e+00,1.609417e+00,1.481300e+00,1.619219e+00,1.405547e+00,1.762651e+00,1.732569e+00,1.680643e+00,1.440487e+00,1.786833e+00,1.717164e+00,1.446471e+00,1.435688e+00,1.455859e+00,1.505224e+00,1.484978e+00,1.711474e+00,1.580652e+00,1.298713e-01,1.405547e+00,1.786833e+00
6.103000e+00,9.754400e-01,1.705191e+00,1.472094e+00,1.608738e+00,1.481300e+00,1.621094e+00,1.406058e+00,1.763721e+00,1.734312e+00,1.681576e+00,1.441779e+00,1.789333e+00,1.716866e+00,1.447000e+00,1.435500e+00,1.456364e+00,1.506000e+00,1.484760e+00,1.714211e+00,1.581439e+00,1.303300e-01,1.406058e+00,1.789333e+00
6.104000e+00,9.756500e-01,1.704656e+00,1.472153e+00,1.610971e+00,1.482063e+00,1.619766e+00,1.406642e+00,1.764651e+00,1.734220e+00,1.682653e+00,1.442349e+00,1.788833e+00,1.719701e+00,1.447824e+00,1.437125e+00,1.456616e+00,1.506735e+00,1.485895e+00,1.715789e+00,1.582147e+00,1.302850e-01,1.406642e+00,1.788833e+00
6.105000e+00,9.759500e-01,1.705954e+00,1.472330e+00,1.609903e+00,1.482691e+00,1.621094e+00,1.406569e+00,1.764605e+00,1.736330e+00,1.683473e+00,1.442936e+00,1.792833e+00,1.719701e+00,1.448706e+00,1.436875e+00,1.457121e+00,1.505959e+00,1.484803e+00,1.715579e+00,1.582637e+00,1.308171e-01,1.406569e+00,1.792833e+00
6.106000e+00,9.762600e-01,1.706489e+00,1.472625e+00,1.611068e+00,1.483184e+00,1.623438e+00,1.405985e+00,1.764372e+00,1.738349e+00,1.684630e+00,1.443490e+00,1.792833e+00,1.718358e+00,1.449824e+00,1.437125e+00,1.457020e+00,1.504816e+00,1.481747e+00,1.716421e+00,1.582876e+00,1.311016e-01,1.405985e+00,1.792833e+00
6.107000e+00,9.765000e-01,1.706641e+00,1.472832e+00,1.612913e+00,1.484529e+00,1.622891e+00,1.406350e+00,1.765116e+00,1.740000e+00,1.685322e+00,1.444128e+00,1.792333e+00,1.720149e+00,1.450471e+00,1.437125e+00,1.458182e+00,1.504000e+00,1.480306e+00,1.717053e+00,1.583352e+00,1.312739e-01,1.406350e+00,1.792333e+00
6.108000e+00,9.767000e-01,1.708473e+00,1.473510e+00,1.612136e+00,1.485381e+00,1.624688e+00,1.405985e+00,1.765721e+00,1.741651e+00,1.685949e+00,1.444480e+00,1.796000e+00,1.721493e+00,1.450118e+00,1.438375e+00,1.457828e+00,1.505061e+00,1.478865e+00,1.718421e+00,1.584119e+00,1.319831e-01,1.405985e+00,1.796000e+00
6.109000e+00,9.769400e-01,1.709313e+00,1.474307e+00,1.612816e+00,1.486682e+00,1.624375e+00,1.407153e+00,1.766605e+00,1.741743e+00,1.685949e+00,1.445235e+00,1.794000e+00,1.720448e+00,1.451706e+00,1.438000e+00,1.458030e+00,1.506367e+00,1.478908e+00,1.720211e+00,1.584547e+00,1.316227e-01,1.407153e+00,1.794000e+00
6.110000e+00,9.771200e-01,1.709847e+00,1.475221e+00,1.613107e+00,1.487848e+00,1.624375e+00,1.407883e+00,1.767256e+00,1.743670e+00,1.685949e+00,1.446124e+00,1.797167e+00,1.723134e+00,1.452471e+00,1.438937e+00,1.456869e+00,1.506408e+00,1.479083e+00,1.720316e+00,1.585315e+00,1.320297e-01,1.407883e+00,1.797167e+00
6.111000e+00,9.775500e-01,1.710916e+00,1.476372e+00,1.611845e+00,1.488341e+00,1.623984e+00,1.407956e+00,1.767581e+00,1.744862e+00,1.687749e+00,1.446510e+00,1.796500e+00,1.721940e+00,1.453176e+00,1.440250e+00,1.454495e+00,1.507429e+00,1.480349e+00,1.720737e+00,1.585611e+00,1.319606e-01,1.407956e+00,1.796500e+00
6.112000e+00,9.777200e-01,1.711298e+00,1.476578e+00,1.612621e+00,1.490179e+00,1.624062e+00,1.409416e+00,1.768744e+00,1.746514e+00,1.690145e+00,1.446946e+00,1.797167e+00,1.722388e+00,1.453176e+00,1.440125e+00,1.453485e+00,1.508327e+00,1.481790e+00,1.720421e+00,1.586299e+00,1.321134e-01,1.409416e+00,1.797167e+00
6.113000e+00,9.780100e-01,1.713740e+00,1.477729e+00,1.614175e+00,1.491525e+00,1.625547e+00,1.409197e+00,1.770140e+00,1.747156e+00,1.692717e+00,1.447685e+00,1.801500e+00,1.725522e+00,1.453647e+00,1.440562e+00,1.452323e+00,1.509061e+00,1.482314e+00,1.722211e+00,1.587597e+00,1.330423e-01,1.409197e+00,1.801500e+00
6.114000e+00,9.782800e-01,1.714275e+00,1.478319e+00,1.612913e+00,1.492825e+00,1.625234e+00,1.410876e+00,1.771442e+00,1.747431e+00,1.695096e+00,1.448389e+00,1.798833e+00,1.726269e+00,1.454647e+00,1.440562e+00,1.453232e+00,1.510082e+00,1.484017e+00,1.722842e+00,1.588183e+00,1.326568e-01,1.410876e+00,1.798833e+00
6.115000e+00,9.784200e-01,1.714885e+00,1.478555e+00,1.614175e+00,1.493946e+00,1.626875e+00,1.409635e+00,1.772419e+00,1.748257e+00,1.697379e+00,1.448758e+00,1.802167e+00,1.724925e+00,1.455353e+00,1.442000e+00,1.452828e+00,1.511184e+00,1.485459e+00,1.725579e+00,1.589132e+00,1.331454e-01,1.409635e+00,1.802167e+00
6.116000e+00,9.787400e-01,1.716260e+00,1.478702e+00,1.615631e+00,1.495785e+00,1.625859e+00,1.411679e+00,1.773535e+00,1.747798e+00,1.699035e+00,1.449648e+00,1.801167e+00,1.727761e+00,1.455471e+00,1.442187e+00,1.453838e+00,1.512204e+00,1.485939e+00,1.725579e+00,1.589893e+00,1.330075e-01,1.411679e+00,1.801167e+00
6.117000e+00,9.789100e-01,1.717099e+00,1.479676e+00,1.615049e+00,1.496861e+00,1.627969e+00,1.412555e+00,1.775628e+00,1.747798e+00,1.699871e+00,1.450134e+00,1.803833e+00,1.729403e+00,1.456176e+00,1.442813e+00,1.454848e+00,1.513551e+00,1.487380e+00,1.726105e+00,1.590931e+00,1.332145e-01,1.412555e+00,1.803833e+00
6.118000e+00,9.792600e-01,1.718244e+00,1.480442e+00,1.615825e+00,1.497803e+00,1.627969e+00,1.413869e+00,1.777302e+00,1.746514e+00,1.700965e+00,1.451158e+00,1.805500e+00,1.728209e+00,1.457000e+00,1.443000e+00,1.455657e+00,1.514327e+00,1.487555e+00,1.725789e+00,1.591507e+00,1.330742e-01,1.413869e+00,1.805500e+00
6.119000e+00,9.794800e-01,1.718931e+00,1.480973e+00,1.616408e+00,1.498206e+00,1.627656e+00,1.414015e+00,1.778698e+00,1.747156e+00,1.702412e+00,1.451695e+00,1.803167e+00,1.731194e+00,1.457765e+00,1.444562e+00,1.456616e+00,1.515714e+00,1.488341e+00,1.727053e+00,1.592253e+00,1.330084e-01,1.414015e+00,1.803167e+00
6.120000e+00,9.795900e-01,1.719160e+00,1.481534e+00,1.619126e+00,1.499372e+00,1.630391e+00,1.414453e+00,1.780465e+00,1.745780e+00,1.703585e+00,1.452433e+00,1.803167e+00,1.731343e+00,1.458824e+00,1.444937e+00,1.456465e+00,1.517020e+00,1.489083e+00,1.729895e+00,1.593168e+00,1.330681e-01,1.414453e+00,1.803167e+00
6.121000e+00,9.798100e-01,1.719389e+00,1.481622e+00,1.618641e+00,1.499058e+00,1.630469e+00,1.416204e+00,1.781535e+00,1.747615e+00,1.704453e+00,1.452768e+00,1.803667e+00,1.731493e+00,1.458765e+00,1.446375e+00,1.457980e+00,1.518408e+00,1.490000e+00,1.730211e+00,1.593814e+00,1.329906e-01,1.416204e+00,1.803667e+00
6.122000e+00,9.802400e-01,1.717939e+00,1.481032e+00,1.619126e+00,1.500000e+00,1.629687e+00,1.416204e+00,1.782791e+00,1.748807e+00,1.704887e+00,1.453826e+00,1.803500e+00,1.732090e+00,1.460353e+00,1.446063e+00,1.458990e+00,1.519265e+00,1.490742e+00,1.730947e+00,1.594236e+00,1.329080e-01,1.416204e+00,1.803500e+00
6.123000e+00,9.803100e-01,1.718244e+00,1.480737e+00,1.620485e+00,1.500852e+00,1.632031e+00,1.417007e+00,1.784326e+00,1.749541e+00,1.705145e+00,1.454648e+00,1.805667e+00,1.733582e+00,1.460882e+00,1.446125e+00,1.459646e+00,1.519673e+00,1.492052e+00,1.733158e+00,1.595211e+00,1.332886e-01,1.417007e+00,1.805667e+00
6.124000e+00,9.807000e-01,1.716641e+00,1.480973e+00,1.620874e+00,1.502152e+00,1.631328e+00,1.416934e+00,1.785442e+00,1.751376e+00,1.705611e+00,1.454950e+00,1.806667e+00,1.735373e+00,1.460529e+00,1.447563e+00,1.460404e+00,1.520612e+00,1.492664e+00,1.734000e+00,1.595783e+00,1.334263e-01,1.416934e+00,1.806667e+00
6.125000e+00,9.809400e-01,1.717405e+00,1.481121e+00,1.621942e+00,1.502646e+00,1.632578e+00,1.418686e+00,1.785628e+00,1.751927e+00,1.706286e+00,1.455738e+00,1.807500e+00,1.734478e+00,1.461471e+00,1.448438e+00,1.460859e+00,1.520857e+00,1.493799e+00,1.733684e+00,1.596391e+00,1.331876e-01,1.418686e+00,1.807500e+00
6.126000e+00,9.811300e-01,1.717176e+00,1.481416e+00,1.622718e+00,1.503812e+00,1.634297e+00,1.418832e+00,1.787628e+00,1.753578e+00,1.707428e+00,1.456846e+00,1.807167e+00,1.734328e+00,1.461059e+00,1.448125e+00,1.461212e+00,1.521755e+00,1.494454e+00,1.735684e+00,1.597084e+00,1.334369e-01,1.418832e+00,1.807167e+00
6.127000e+00,9.814400e-01,1.718244e+00,1.481829e+00,1.623107e+00,1.505381e+00,1.633906e+00,1.419854e+00,1.788465e+00,1.755505e+00,1.708762e+00,1.457315e+00,1.807833e+00,1.736866e+00,1.462000e+00,1.449125e+00,1.461010e+00,1.522776e+00,1.495721e+00,1.737158e+00,1.598048e+00,1.336575e-01,1.419854e+00,1.807833e+00
6.128000e+00,9.817800e-01,1.719466e+00,1.482065e+00,1.624078e+00,1.506637e+00,1.636094e+00,1.420365e+00,1.790000e+00,1.758349e+00,1.710048e+00,1.457668e+00,1.809333e+00,1.738060e+00,1.462941e+00,1.449187e+00,1.460758e+00,1.522898e+00,1.496463e+00,1.736842e+00,1.598958e+00,1.341148e-01,1.420365e+00,1.809333e+00
6.129000e+00,9.819000e-01,1.719771e+00,1.482743e+00,1.625437e+00,1.507668e+00,1.635312e+00,1.419708e+00,1.791209e+00,1.760092e+00,1.711109e+00,1.457802e+00,1.809333e+00,1.736418e+00,1.462765e+00,1.450063e+00,1.461313e+00,1.523837e+00,1.497555e+00,1.738526e+00,1.599481e+00,1.342126e-01,1.419708e+00,1.809333e+00
6.130000e+00,9.822300e-01,1.721221e+00,1.483569e+00,1.625728e+00,1.508700e+00,1.635234e+00,1.422628e+00,1.792186e+00,1.761193e+00,1.712026e+00,1.457299e+00,1.811167e+00,1.738209e+00,1.464176e+00,1.451313e+00,1.462778e+00,1.524449e+00,1.497686e+00,1.738737e+00,1.600461e+00,1.342225e-01,1.422628e+00,1.811167e+00
6.131000e+00,9.822900e-01,1.721221e+00,1.484425e+00,1.626311e+00,1.510269e+00,1.637422e+00,1.422774e+00,1.792605e+00,1.763486e+00,1.713167e+00,1.456812e+00,1.812167e+00,1.738657e+00,1.463941e+00,1.451188e+00,1.462929e+00,1.524980e+00,1.498035e+00,1.740947e+00,1.601185e+00,1.346376e-01,1.422774e+00,1.812167e+00
6.132000e+00,9.828400e-01,1.721985e+00,1.485516e+00,1.627476e+00,1.511614e+00,1.637734e+00,1.423212e+00,1.793674e+00,1.763853e+00,1.713601e+00,1.456963e+00,1.811667e+00,1.738209e+00,1.464765e+00,1.451688e+00,1.462424e+00,1.525918e+00,1.498122e+00,1.742316e+00,1.601708e+00,1.346063e-01,1.423212e+00,1.811667e+00
6.133000e+00,9.830600e-01,1.723969e+00,1.486313e+00,1.626699e+00,1.511525e+00,1.637812e+00,1.422993e+00,1.795349e+00,1.765046e+00,1.713730e+00,1.457013e+00,1.816167e+00,1.739552e+00,1.464176e+00,1.452625e+00,1.463131e+00,1.527510e+00,1.499956e+00,1.742000e+00,1.602532e+00,1.351525e-01,1.422993e+00,1.816167e+00
6.134000e+00,9.832100e-01,1.723740e+00,1.486431e+00,1.628544e+00,1.512377e+00,1.639297e+00,1.423650e+00,1.796047e+00,1.765963e+00,1.713875e+00,1.457483e+00,1.815000e+00,1.739403e+00,1.465941e+00,1.452812e+00,1.464394e+00,1.528163e+00,1.500611e+00,1.744842e+00,1.603254e+00,1.350129e-01,1.423650e+00,1.815000e+00
6.135000e+00,9.835000e-01,1.725878e+00,1.487375e+00,1.629029e+00,1.513229e+00,1.640391e+00,1.424672e+00,1.798047e+00,1.767248e+00,1.714260e+00,1.458087e+00,1.816000e+00,1.740746e+00,1.465706e+00,1.453125e+00,1.463737e+00,1.529633e+00,1.501572e+00,1.743368e+00,1.604006e+00,1.352380e-01,1.424672e+00,1.816000e+00
6.136000e+00,9.836700e-01,1.727099e+00,1.487994e+00,1.628058e+00,1.513901e+00,1.641797e+00,1.424453e+00,1.798000e+00,1.765963e+00,1.714614e+00,1.458641e+00,1.816000e+00,1.741343e+00,1.466765e+00,1.454250e+00,1.464242e+00,1.530735e+00,1.501921e+00,1.744421e+00,1.604455e+00,1.350527e-01,1.424453e+00,1.816000e+00
6.137000e+00,9.838900e-01,1.728779e+00,1.488348e+00,1.630777e+00,1.515561e+00,1.642422e+00,1.425401e+00,1.799488e+00,1.767615e+00,1.715048e+00,1.458993e+00,1.815833e+00,1.742239e+00,1.467000e+00,1.454750e+00,1.463737e+00,1.531265e+00,1.503100e+00,1.744947e+00,1.605295e+00,1.352385e-01,1.425401e+00,1.815833e+00
6.138000e+00,9.842800e-01,1.728092e+00,1.489086e+00,1.632524e+00,1.516323e+00,1.641641e+00,1.423577e+00,1.799767e+00,1.768991e+00,1.715402e+00,1.460151e+00,1.820000e+00,1.742388e+00,1.468059e+00,1.454625e+00,1.464444e+00,1.531102e+00,1.503450e+00,1.745684e+00,1.605850e+00,1.356542e-01,1.423577e+00,1.820000e+00
6.139000e+00,9.844900e-01,1.729466e+00,1.489794e+00,1.631165e+00,1.516368e+00,1.643203e+00,1.424015e+00,1.799256e+00,1.769725e+00,1.715563e+00,1.460856e+00,1.819000e+00,1.744328e+00,1.468412e+00,1.454625e+00,1.465051e+00,1.529633e+00,1.504585e+00,1.746316e+00,1.606187e+00,1.356389e-01,1.424015e+00,1.819000e+00
6.140000e+00,9.847400e-01,1.730687e+00,1.490678e+00,1.634369e+00,1.516592e+00,1.642813e+00,1.423504e+00,1.799860e+00,1.770183e+00,1.716061e+00,1.461560e+00,1.821000e+00,1.745821e+00,1.468471e+00,1.456312e+00,1.465808e+00,1.529510e+00,1.505197e+00,1.748947e+00,1.607076e+00,1.360134e-01,1.423504e+00,1.821000e+00
6.141000e+00,9.851400e-01,1.731069e+00,1.490855e+00,1.632816e+00,1.517309e+00,1.644062e+00,1.423577e+00,1.800465e+00,1.771101e+00,1.716656e+00,1.462315e+00,1.817000e+00,1.745075e+00,1.469706e+00,1.457625e+00,1.465758e+00,1.529878e+00,1.506070e+00,1.749684e+00,1.607279e+00,1.355433e-01,1.423577e+00,1.817000e+00
6.142000e+00,9.852900e-01,1.731603e+00,1.490973e+00,1.633786e+00,1.518520e+00,1.643125e+00,1.425255e+00,1.801302e+00,1.772936e+00,1.717106e+00,1.463305e+00,1.822500e+00,1.748806e+00,1.469706e+00,1.457437e+00,1.466465e+00,1.530980e+00,1.506114e+00,1.749474e+00,1.608300e+00,1.361522e-01,1.425255e+00,1.822500e+00
6.143000e+00,9.855900e-01,1.732595e+00,1.489971e+00,1.634272e+00,1.518879e+00,1.643750e+00,1.425255e+00,1.801674e+00,1.773394e+00,1.717588e+00,1.463674e+00,1.823667e+00,1.746269e+00,1.470059e+00,1.457875e+00,1.467020e+00,1.531143e+00,1.507642e+00,1.751263e+00,1.608666e+00,1.362253e-01,1.425255e+00,1.823667e+00
6.144000e+00,9.857700e-01,1.734504e+00,1.490295e+00,1.632524e+00,1.519731e+00,1.644531e+00,1.427737e+00,1.802465e+00,1.776330e+00,1.718055e+00,1.464279e+00,1.821333e+00,1.745373e+00,1.470824e+00,1.458438e+00,1.467626e+00,1.531755e+00,1.508603e+00,1.751158e+00,1.609198e+00,1.358992e-01,1.427737e+00,1.821333e+00
6.145000e+00,9.859900e-01,1.734504e+00,1.490059e+00,1.634466e+00,1.520717e+00,1.644531e+00,1.427445e+00,1.804093e+00,1.777248e+00,1.718328e+00,1.465034e+00,1.825000e+00,1.745672e+00,1.471471e+00,1.457875e+00,1.468182e+00,1.532653e+00,1.508341e+00,1.748000e+00,1.609645e+00,1.361791e-01,1.427445e+00,1.825000e+00
6.146000e+00,9.863600e-01,1.735878e+00,1.490265e+00,1.633398e+00,1.521659e+00,1.646719e+00,1.428832e+00,1.805256e+00,1.778073e+00,1.718569e+00,1.465302e+00,1.825500e+00,1.742388e+00,1.472588e+00,1.456438e+00,1.468586e+00,1.533429e+00,1.510044e+00,1.747158e+00,1.610005e+00,1.359936e-01,1.428832e+00,1.825500e+00
6.147000e+00,9.865500e-01,1.736870e+00,1.490442e+00,1.635243e+00,1.523004e+00,1.646562e+00,1.428394e+00,1.806837e+00,1.780000e+00,1.719582e+00,1.465940e+00,1.825500e+00,1.743731e+00,1.471941e+00,1.455875e+00,1.468788e+00,1.534694e+00,1.510218e+00,1.746842e+00,1.610581e+00,1.363709e-01,1.428394e+00,1.825500e+00
6.148000e+00,9.868300e-01,1.737252e+00,1.491327e+00,1.635825e+00,1.524350e+00,1.646875e+00,1.430000e+00,1.807721e+00,1.781284e+00,1.721624e+00,1.466527e+00,1.825833e+00,1.742687e+00,1.470471e+00,1.456250e+00,1.469242e+00,1.535429e+00,1.511048e+00,1.748737e+00,1.611249e+00,1.364627e-01,1.430000e+00,1.825833e+00
6.149000e+00,9.871200e-01,1.738855e+00,1.492212e+00,1.635243e+00,1.525650e+00,1.648281e+00,1.430438e+00,1.808884e+00,1.783303e+00,1.723023e+00,1.466846e+00,1.825000e+00,1.742537e+00,1.469000e+00,1.457000e+00,1.469091e+00,1.535959e+00,1.510655e+00,1.749158e+00,1.611730e+00,1.367058e-01,1.430438e+00,1.825000e+00
6.150000e+00,9.873800e-01,1.738855e+00,1.493038e+00,1.636602e+00,1.526771e+00,1.648906e+00,1.430657e+00,1.809721e+00,1.784862e+00,1.724212e+00,1.467366e+00,1.826333e+00,1.744030e+00,1.468529e+00,1.456375e+00,1.469192e+00,1.537510e+00,1.511659e+00,1.750316e+00,1.612496e+00,1.370640e-01,1.430657e+00,1.826333e+00
6.151000e+00,9.876200e-01,1.739542e+00,1.494130e+00,1.638058e+00,1.528072e+00,1.650547e+00,1.431752e+00,1.811581e+00,1.786606e+00,1.725804e+00,1.467953e+00,1.825333e+00,1.742537e+00,1.469824e+00,1.456562e+00,1.469596e+00,1.538776e+00,1.512489e+00,1.750842e+00,1.613334e+00,1.369496e-01,1.431752e+00,1.825333e+00
6.152000e+00,9.878500e-01,1.741603e+00,1.494602e+00,1.638932e+00,1.528296e+00,1.650313e+00,1.431971e+00,1.812698e+00,1.787064e+00,1.727460e+00,1.468389e+00,1.827000e+00,1.744328e+00,1.469529e+00,1.458438e+00,1.469444e+00,1.539429e+00,1.512140e+00,1.751895e+00,1.614085e+00,1.373842e-01,1.431971e+00,1.827000e+00
6.153000e+00,9.880500e-01,1.742366e+00,1.495870e+00,1.640583e+00,1.527489e+00,1.650703e+00,1.433869e+00,1.813209e+00,1.787982e+00,1.729148e+00,1.469060e+00,1.827833e+00,1.745672e+00,1.469647e+00,1.458937e+00,1.470253e+00,1.541102e+00,1.513188e+00,1.754316e+00,1.615068e+00,1.375159e-01,1.433869e+00,1.827833e+00
6.154000e+00,9.882100e-01,1.742519e+00,1.495988e+00,1.639612e+00,1.525919e+00,1.651953e+00,1.432263e+00,1.814930e+00,1.788073e+00,1.730965e+00,1.470067e+00,1.827833e+00,1.747164e+00,1.470353e+00,1.459500e+00,1.470303e+00,1.541388e+00,1.514978e+00,1.756105e+00,1.615551e+00,1.378885e-01,1.432263e+00,1.827833e+00
6.155000e+00,9.885700e-01,1.743969e+00,1.496401e+00,1.641262e+00,1.526457e+00,1.654609e+00,1.434380e+00,1.815860e+00,1.790367e+00,1.732669e+00,1.470654e+00,1.829333e+00,1.747463e+00,1.472000e+00,1.460875e+00,1.470404e+00,1.542490e+00,1.515240e+00,1.757263e+00,1.616761e+00,1.380802e-01,1.434380e+00,1.829333e+00
6.156000e+00,9.889400e-01,1.744351e+00,1.497080e+00,1.642621e+00,1.526188e+00,1.653828e+00,1.435401e+00,1.817349e+00,1.790000e+00,1.734164e+00,1.471191e+00,1.830000e+00,1.747910e+00,1.472471e+00,1.461250e+00,1.470758e+00,1.544408e+00,1.516507e+00,1.758526e+00,1.617445e+00,1.381078e-01,1.435401e+00,1.830000e+00
6.157000e+00,9.890600e-01,1.745038e+00,1.497817e+00,1.643689e+00,1.527085e+00,1.653984e+00,1.436569e+00,1.818093e+00,1.791284e+00,1.735000e+00,1.471946e+00,1.831167e+00,1.748209e+00,1.473235e+00,1.462875e+00,1.471212e+00,1.544816e+00,1.516376e+00,1.758526e+00,1.618162e+00,1.380816e-01,1.436569e+00,1.831167e+00
6.158000e+00,9.895100e-01,1.745191e+00,1.498289e+00,1.644660e+00,1.527713e+00,1.657031e+00,1.437007e+00,1.819767e+00,1.791743e+00,1.735386e+00,1.472349e+00,1.833167e+00,1.748657e+00,1.474000e+00,1.462938e+00,1.468687e+00,1.545673e+00,1.517293e+00,1.759158e+00,1.618817e+00,1.384983e-01,1.437007e+00,1.833167e+00
6.159000e+00,9.896100e-01,1.746565e+00,1.499381e+00,1.645437e+00,1.529372e+00,1.656172e+00,1.437883e+00,1.821070e+00,1.792936e+00,1.736077e+00,1.472936e+00,1.831000e+00,1.751343e+00,1.474176e+00,1.463563e+00,1.466162e+00,1.546531e+00,1.517598e+00,1.760947e+00,1.619397e+00,1.386962e-01,1.437883e+00,1.831000e+00
6.160000e+00,9.898600e-01,1.748626e+00,1.500000e+00,1.644951e+00,1.530269e+00,1.657812e+00,1.438832e+00,1.822465e+00,1.793761e+00,1.736897e+00,1.473540e+00,1.833667e+00,1.753284e+00,1.475118e+00,1.464812e+00,1.465455e+00,1.547837e+00,1.517991e+00,1.760632e+00,1.620331e+00,1.390316e-01,1.438832e+00,1.833667e+00
6.161000e+00,9.899200e-01,1.749313e+00,1.500560e+00,1.646408e+00,1.530987e+00,1.658359e+00,1.438175e+00,1.824326e+00,1.791193e+00,1.737444e+00,1.473960e+00,1.833167e+00,1.752687e+00,1.475647e+00,1.465812e+00,1.465657e+00,1.549020e+00,1.518865e+00,1.761053e+00,1.620702e+00,1.388343e-01,1.438175e+00,1.833167e+00
6.162000e+00,9.902900e-01,1.749084e+00,1.500472e+00,1.647670e+00,1.532242e+00,1.658516e+00,1.441095e+00,1.824837e+00,1.792294e+00,1.738006e+00,1.474446e+00,1.836500e+00,1.753881e+00,1.477118e+00,1.466125e+00,1.464899e+00,1.549755e+00,1.519345e+00,1.763053e+00,1.621630e+00,1.390622e-01,1.441095e+00,1.836500e+00
6.163000e+00,9.904700e-01,1.750305e+00,1.500324e+00,1.647282e+00,1.532780e+00,1.659297e+00,1.441095e+00,1.825721e+00,1.791743e+00,1.738344e+00,1.474983e+00,1.837833e+00,1.755821e+00,1.477706e+00,1.467750e+00,1.466162e+00,1.550286e+00,1.521266e+00,1.763789e+00,1.622360e+00,1.390908e-01,1.441095e+00,1.837833e+00
6.164000e+00,9.908500e-01,1.749160e+00,1.500177e+00,1.650097e+00,1.533139e+00,1.661875e+00,1.442482e+00,1.826419e+00,1.792569e+00,1.738666e+00,1.475554e+00,1.837333e+00,1.756119e+00,1.477765e+00,1.468437e+00,1.466717e+00,1.550857e+00,1.521572e+00,1.764211e+00,1.622953e+00,1.389765e-01,1.442482e+00,1.837333e+00
6.165000e+00,9.910500e-01,1.747252e+00,1.499676e+00,1.649903e+00,1.534305e+00,1.661094e+00,1.442555e+00,1.828000e+00,1.793394e+00,1.739405e+00,1.475906e+00,1.839833e+00,1.756269e+00,1.478118e+00,1.468875e+00,1.467626e+00,1.551184e+00,1.522271e+00,1.766211e+00,1.623438e+00,1.392378e-01,1.442555e+00,1.839833e+00
6.166000e+00,9.913800e-01,1.748092e+00,1.499499e+00,1.649223e+00,1.535471e+00,1.663047e+00,1.443796e+00,1.828000e+00,1.794128e+00,1.740514e+00,1.476426e+00,1.836833e+00,1.757612e+00,1.479000e+00,1.470438e+00,1.468737e+00,1.552041e+00,1.521703e+00,1.767263e+00,1.623990e+00,1.389074e-01,1.443796e+00,1.836833e+00
6.167000e+00,9.915600e-01,1.749771e+00,1.500206e+00,1.651456e+00,1.536906e+00,1.663672e+00,1.444745e+00,1.829163e+00,1.795780e+00,1.741704e+00,1.476443e+00,1.841333e+00,1.760000e+00,1.479941e+00,1.471750e+00,1.468990e+00,1.552041e+00,1.521485e+00,1.769158e+00,1.625252e+00,1.396100e-01,1.444745e+00,1.841333e+00
6.168000e+00,9.917000e-01,1.749695e+00,1.500737e+00,1.652233e+00,1.537668e+00,1.663672e+00,1.444234e+00,1.830744e+00,1.797615e+00,1.743296e+00,1.475789e+00,1.843000e+00,1.760299e+00,1.480706e+00,1.472812e+00,1.470051e+00,1.553061e+00,1.521878e+00,1.769474e+00,1.625942e+00,1.399210e-01,1.444234e+00,1.843000e+00
6.169000e+00,9.921000e-01,1.750153e+00,1.501091e+00,1.653204e+00,1.538072e+00,1.664297e+00,1.445766e+00,1.831395e+00,1.799266e+00,1.744566e+00,1.476158e+00,1.841833e+00,1.759403e+00,1.481588e+00,1.472812e+00,1.470051e+00,1.554204e+00,1.521965e+00,1.771053e+00,1.626493e+00,1.398795e-01,1.445766e+00,1.841833e+00
6.170000e+00,9.922800e-01,1.750153e+00,1.501740e+00,1.653786e+00,1.539058e+00,1.665938e+00,1.444672e+00,1.833442e+00,1.801193e+00,1.745096e+00,1.476611e+00,1.846000e+00,1.761493e+00,1.482647e+00,1.473375e+00,1.471616e+00,1.554776e+00,1.522926e+00,1.773158e+00,1.627649e+00,1.405598e-01,1.444672e+00,1.846000e+00
6.171000e+00,9.925100e-01,1.751069e+00,1.502419e+00,1.654563e+00,1.540897e+00,1.666641e+00,1.446277e+00,1.833023e+00,1.802385e+00,1.745547e+00,1.476795e+00,1.845000e+00,1.761940e+00,1.483647e+00,1.473437e+00,1.471869e+00,1.555020e+00,1.523537e+00,1.772947e+00,1.628167e+00,1.402837e-01,1.446277e+00,1.845000e+00
6.172000e+00,9.928000e-01,1.751374e+00,1.503186e+00,1.655534e+00,1.542018e+00,1.666562e+00,1.445474e+00,1.832930e+00,1.802202e+00,1.745756e+00,1.477215e+00,1.846000e+00,1.763433e+00,1.483529e+00,1.474250e+00,1.472121e+00,1.554367e+00,1.524672e+00,1.773053e+00,1.628538e+00,1.403383e-01,1.445474e+00,1.846000e+00
6.173000e+00,9.930000e-01,1.752672e+00,1.503746e+00,1.655146e+00,1.543812e+00,1.666406e+00,1.443650e+00,1.833209e+00,1.803945e+00,1.745884e+00,1.477651e+00,1.848000e+00,1.764627e+00,1.484118e+00,1.475937e+00,1.472879e+00,1.553265e+00,1.524803e+00,1.774947e+00,1.629150e+00,1.407509e-01,1.443650e+00,1.848000e+00
6.174000e+00,9.933300e-01,1.753664e+00,1.504543e+00,1.654854e+00,1.544753e+00,1.666562e+00,1.444234e+00,1.833395e+00,1.805963e+00,1.746286e+00,1.478154e+00,1.848167e+00,1.763284e+00,1.484059e+00,1.476250e+00,1.474242e+00,1.554367e+00,1.526419e+00,1.774632e+00,1.629657e+00,1.405545e-01,1.444234e+00,1.848167e+00
6.175000e+00,9.934400e-01,1.753359e+00,1.505575e+00,1.654854e+00,1.545291e+00,1.667109e+00,1.444745e+00,1.835163e+00,1.805413e+00,1.746849e+00,1.478775e+00,1.849833e+00,1.766119e+00,1.484647e+00,1.477438e+00,1.474949e+00,1.554939e+00,1.526681e+00,1.776105e+00,1.630436e+00,1.407369e-01,1.444745e+00,1.849833e+00
6.176000e+00,9.938200e-01,1.754122e+00,1.506224e+00,1.655243e+00,1.546143e+00,1.667344e+00,1.445985e+00,1.835628e+00,1.805596e+00,1.747058e+00,1.479547e+00,1.848333e+00,1.768209e+00,1.485118e+00,1.478063e+00,1.475152e+00,1.556408e+00,1.527074e+00,1.777368e+00,1.631034e+00,1.405624e-01,1.445985e+00,1.848333e+00
6.177000e+00,9.940600e-01,1.756031e+00,1.506608e+00,1.656214e+00,1.548072e+00,1.668438e+00,1.446131e+00,1.837070e+00,1.807615e+00,1.747235e+00,1.479681e+00,1.847333e+00,1.766866e+00,1.486824e+00,1.479125e+00,1.476364e+00,1.557306e+00,1.527642e+00,1.778947e+00,1.631861e+00,1.404904e-01,1.446131e+00,1.847333e+00
6.178000e+00,9.943600e-01,1.757863e+00,1.507375e+00,1.656893e+00,1.549013e+00,1.670234e+00,1.447153e+00,1.838279e+00,1.809174e+00,1.747492e+00,1.480386e+00,1.850667e+00,1.769104e+00,1.486941e+00,1.479875e+00,1.476717e+00,1.558245e+00,1.527118e+00,1.779368e+00,1.632883e+00,1.409944e-01,1.447153e+00,1.850667e+00
6.179000e+00,9.946000e-01,1.757634e+00,1.507699e+00,1.657087e+00,1.550090e+00,1.669922e+00,1.448467e+00,1.838000e+00,1.809908e+00,1.748248e+00,1.481309e+00,1.846500e+00,1.768806e+00,1.488059e+00,1.480125e+00,1.477374e+00,1.558816e+00,1.526419e+00,1.781895e+00,1.633131e+00,1.405097e-01,1.448467e+00,1.846500e+00
6.180000e+00,9.948000e-01,1.759160e+00,1.508466e+00,1.658058e+00,1.550448e+00,1.669687e+00,1.449562e+00,1.839442e+00,1.810367e+00,1.749100e+00,1.481628e+00,1.851167e+00,1.769254e+00,1.488235e+00,1.481062e+00,1.477828e+00,1.560082e+00,1.526376e+00,1.781474e+00,1.633966e+00,1.408957e-01,1.449562e+00,1.851167e+00
6.181000e+00,9.950600e-01,1.760305e+00,1.509440e+00,1.660097e+00,1.551435e+00,1.670625e+00,1.449781e+00,1.840512e+00,1.812385e+00,1.749775e+00,1.482332e+00,1.849833e+00,1.770597e+00,1.488941e+00,1.482250e+00,1.478838e+00,1.561306e+00,1.526812e+00,1.783368e+00,1.634924e+00,1.409446e-01,1.449781e+00,1.849833e+00
6.182000e+00,9.954400e-01,1.761069e+00,1.509558e+00,1.658641e+00,1.552108e+00,1.671172e+00,1.450730e+00,1.842698e+00,1.813670e+00,1.750354e+00,1.483406e+00,1.851000e+00,1.772239e+00,1.490235e+00,1.482250e+00,1.478889e+00,1.561347e+00,1.527336e+00,1.783474e+00,1.635565e+00,1.412006e-01,1.450730e+00,1.851000e+00
6.183000e+00,9.956500e-01,1.762595e+00,1.509676e+00,1.661456e+00,1.553722e+00,1.671172e+00,1.452336e+00,1.843581e+00,1.814128e+00,1.750949e+00,1.484094e+00,1.852667e+00,1.771791e+00,1.490588e+00,1.482000e+00,1.479646e+00,1.562490e+00,1.528472e+00,1.785053e+00,1.636468e+00,1.412935e-01,1.452336e+00,1.852667e+00
6.184000e+00,9.959000e-01,1.762824e+00,1.509410e+00,1.661359e+00,1.554978e+00,1.672500e+00,1.451825e+00,1.844884e+00,1.815596e+00,1.752331e+00,1.484732e+00,1.851667e+00,1.773433e+00,1.491000e+00,1.483437e+00,1.480455e+00,1.562980e+00,1.530044e+00,1.786105e+00,1.637198e+00,1.413882e-01,1.451825e+00,1.851667e+00
6.185000e+00,9.962000e-01,1.764198e+00,1.509027e+00,1.661942e+00,1.555067e+00,1.673750e+00,1.453358e+00,1.845860e+00,1.816697e+00,1.754132e+00,1.485403e+00,1.855000e+00,1.773881e+00,1.492059e+00,1.484187e+00,1.481313e+00,1.564653e+00,1.531616e+00,1.786526e+00,1.638259e+00,1.416392e-01,1.453358e+00,1.855000e+00
6.186000e+00,9.964000e-01,1.764962e+00,1.509056e+00,1.664757e+00,1.556188e+00,1.671719e+00,1.453504e+00,1.847349e+00,1.817706e+00,1.755756e+00,1.486594e+00,1.851167e+00,1.773582e+00,1.491824e+00,1.484563e+00,1.482323e+00,1.565510e+00,1.531441e+00,1.787263e+00,1.638626e+00,1.414396e-01,1.453504e+00,1.851167e+00
6.187000e+00,9.966400e-01,1.764809e+00,1.509204e+00,1.663883e+00,1.557534e+00,1.675234e+00,1.453942e+00,1.848744e+00,1.820550e+00,1.757717e+00,1.487148e+00,1.854333e+00,1.776119e+00,1.492294e+00,1.485875e+00,1.482980e+00,1.566327e+00,1.533406e+00,1.787474e+00,1.639865e+00,1.419197e-01,1.453942e+00,1.854333e+00
6.188000e+00,9.968600e-01,1.766260e+00,1.509617e+00,1.664854e+00,1.558475e+00,1.675312e+00,1.455912e+00,1.850093e+00,1.820183e+00,1.759920e+00,1.488037e+00,1.857167e+00,1.774776e+00,1.493000e+00,1.487750e+00,1.483434e+00,1.567469e+00,1.532751e+00,1.787263e+00,1.640682e+00,1.419092e-01,1.455912e+00,1.857167e+00
6.189000e+00,9.971000e-01,1.766489e+00,1.510265e+00,1.666311e+00,1.559641e+00,1.674453e+00,1.454964e+00,1.851860e+00,1.822936e+00,1.761688e+00,1.488725e+00,1.857333e+00,1.775970e+00,1.494235e+00,1.487625e+00,1.483131e+00,1.569673e+00,1.532926e+00,1.789053e+00,1.641515e+00,1.423667e-01,1.454964e+00,1.857333e+00
6.190000e+00,9.974400e-01,1.767786e+00,1.510826e+00,1.666117e+00,1.560448e+00,1.677578e+00,1.456569e+00,1.852233e+00,1.823670e+00,1.763473e+00,1.489060e+00,1.859500e+00,1.776418e+00,1.494118e+00,1.487625e+00,1.483434e+00,1.570408e+00,1.533712e+00,1.789263e+00,1.642347e+00,1.425976e-01,1.456569e+00,1.859500e+00
6.191000e+00,9.976600e-01,1.767328e+00,1.511593e+00,1.668155e+00,1.561256e+00,1.677969e+00,1.456642e+00,1.853674e+00,1.825780e+00,1.765257e+00,1.489446e+00,1.857000e+00,1.777164e+00,1.495176e+00,1.487937e+00,1.484343e+00,1.571347e+00,1.534236e+00,1.790842e+00,1.643064e+00,1.425940e-01,1.456642e+00,1.857000e+00
6.192000e+00,9.979400e-01,1.768015e+00,1.512802e+00,1.668835e+00,1.562108e+00,1.678047e+00,1.458175e+00,1.853860e+00,1.825963e+00,1.767026e+00,1.490034e+00,1.860500e+00,1.777761e+00,1.495353e+00,1.489375e+00,1.484848e+00,1.571796e+00,1.534192e+00,1.792211e+00,1.643939e+00,1.427770e-01,1.458175e+00,1.860500e+00
6.193000e+00,9.982400e-01,1.769618e+00,1.513658e+00,1.668155e+00,1.562511e+00,1.679219e+00,1.458321e+00,1.855256e+00,1.827339e+00,1.768328e+00,1.490369e+00,1.863167e+00,1.780149e+00,1.496588e+00,1.489875e+00,1.484899e+00,1.572939e+00,1.535197e+00,1.793789e+00,1.644965e+00,1.433118e-01,1.458321e+00,1.863167e+00
6.194000e+00,9.983800e-01,1.770076e+00,1.515133e+00,1.670583e+00,1.563857e+00,1.678906e+00,1.459927e+00,1.855907e+00,1.828073e+00,1.769196e+00,1.490705e+00,1.861000e+00,1.780149e+00,1.496647e+00,1.490563e+00,1.486313e+00,1.574204e+00,1.536070e+00,1.794632e+00,1.645663e+00,1.429066e-01,1.459927e+00,1.861000e+00
6.195000e+00,9.987000e-01,1.771756e+00,1.515723e+00,1.670874e+00,1.564170e+00,1.680391e+00,1.458978e+00,1.857581e+00,1.828807e+00,1.769904e+00,1.491527e+00,1.862667e+00,1.781642e+00,1.497118e+00,1.490812e+00,1.486212e+00,1.574816e+00,1.537686e+00,1.795263e+00,1.646440e+00,1.433450e-01,1.458978e+00,1.862667e+00
6.196000e+00,9.988900e-01,1.772443e+00,1.516785e+00,1.670291e+00,1.565067e+00,1.681953e+00,1.460365e+00,1.858837e+00,1.830183e+00,1.770145e+00,1.492181e+00,1.862333e+00,1.780000e+00,1.497706e+00,1.491750e+00,1.486616e+00,1.575673e+00,1.539345e+00,1.794842e+00,1.647029e+00,1.430370e-01,1.460365e+00,1.862333e+00
6.197000e+00,9.993200e-01,1.772977e+00,1.517080e+00,1.673786e+00,1.566233e+00,1.682813e+00,1.462117e+00,1.859442e+00,1.830275e+00,1.770547e+00,1.492869e+00,1.867000e+00,1.781642e+00,1.498118e+00,1.491375e+00,1.487273e+00,1.576816e+00,1.540218e+00,1.796737e+00,1.648184e+00,1.434392e-01,1.462117e+00,1.867000e+00
6.198000e+00,9.994900e-01,1.774351e+00,1.517640e+00,1.672524e+00,1.566592e+00,1.682031e+00,1.460657e+00,1.861256e+00,1.831560e+00,1.771318e+00,1.493440e+00,1.867167e+00,1.782985e+00,1.499000e+00,1.492375e+00,1.486970e+00,1.578000e+00,1.540000e+00,1.797368e+00,1.648624e+00,1.437948e-01,1.460657e+00,1.867167e+00
6.199000e+00,9.996600e-01,1.774885e+00,1.518053e+00,1.673204e+00,1.567085e+00,1.684531e+00,1.463796e+00,1.862233e+00,1.833211e+00,1.772058e+00,1.494362e+00,1.867500e+00,1.783284e+00,1.499294e+00,1.493375e+00,1.488384e+00,1.578612e+00,1.539913e+00,1.798842e+00,1.649590e+00,1.437233e-01,1.463796e+00,1.867500e+00
6.200000e+00,1.000020e+00,1.776260e+00,1.518496e+00,1.674369e+00,1.568386e+00,1.684922e+00,1.462847e+00,1.863860e+00,1.833486e+00,1.772412e+00,1.494614e+00,1.869500e+00,1.784478e+00,1.499529e+00,1.494438e+00,1.489192e+00,1.579224e+00,1.539607e+00,1.799474e+00,1.650283e+00,1.441006e-01,1.462847e+00,1.869500e+00
6.201000e+00,1.000320e+00,1.776031e+00,1.519115e+00,1.674563e+00,1.569193e+00,1.685234e+00,1.464088e+00,1.865023e+00,1.833486e+00,1.772605e+00,1.495151e+00,1.867500e+00,1.784179e+00,1.501118e+00,1.495500e+00,1.488788e+00,1.579918e+00,1.539301e+00,1.799789e+00,1.650588e+00,1.437198e-01,1.464088e+00,1.867500e+00
6.202000e+00,1.000490e+00,1.778473e+00,1.519853e+00,1.676408e+00,1.570135e+00,1.685781e+00,1.464672e+00,1.866279e+00,1.835046e+00,1.772846e+00,1.495956e+00,1.871833e+00,1.784925e+00,1.501588e+00,1.496125e+00,1.489444e+00,1.581020e+00,1.540087e+00,1.801263e+00,1.651763e+00,1.442501e-01,1.464672e+00,1.871833e+00
6.203000e+00,1.000550e+00,1.779847e+00,1.520826e+00,1.677184e+00,1.570359e+00,1.688203e+00,1.465693e+00,1.867349e+00,1.837339e+00,1.773167e+00,1.496544e+00,1.872500e+00,1.786418e+00,1.502412e+00,1.496375e+00,1.489798e+00,1.581673e+00,1.541048e+00,1.801368e+00,1.652672e+00,1.444527e-01,1.465693e+00,1.872500e+00
6.204000e+00,1.000850e+00,1.780534e+00,1.520265e+00,1.675534e+00,1.571749e+00,1.688281e+00,1.465912e+00,1.868605e+00,1.837706e+00,1.773457e+00,1.497097e+00,1.873333e+00,1.787761e+00,1.502882e+00,1.498375e+00,1.490000e+00,1.582367e+00,1.541441e+00,1.803263e+00,1.653254e+00,1.446047e-01,1.465912e+00,1.873333e+00
6.205000e+00,1.001110e+00,1.779466e+00,1.519941e+00,1.677282e+00,1.572556e+00,1.688359e+00,1.464672e+00,1.867535e+00,1.838257e+00,1.773714e+00,1.497097e+00,1.872167e+00,1.788806e+00,1.503588e+00,1.497937e+00,1.490707e+00,1.581429e+00,1.541965e+00,1.802316e+00,1.653211e+00,1.444588e-01,1.464672e+00,1.872167e+00
6.206000e+00,1.001450e+00,1.778244e+00,1.519499e+00,1.676117e+00,1.572332e+00,1.688281e+00,1.465547e+00,1.866326e+00,1.836972e+00,1.774035e+00,1.496292e+00,1.871500e+00,1.787612e+00,1.502412e+00,1.497125e+00,1.489192e+00,1.580612e+00,1.542795e+00,1.801684e+00,1.652588e+00,1.442708e-01,1.465547e+00,1.871500e+00
6.207000e+00,1.001570e+00,1.778168e+00,1.519469e+00,1.675825e+00,1.570673e+00,1.689297e+00,1.464015e+00,1.866930e+00,1.836697e+00,1.774212e+00,1.496191e+00,1.872833e+00,1.785522e+00,1.500176e+00,1.495625e+00,1.487929e+00,1.580980e+00,1.543450e+00,1.799158e+00,1.652064e+00,1.446097e-01,1.464015e+00,1.872833e+00
6.208000e+00,1.001880e+00,1.776870e+00,1.520442e+00,1.678058e+00,1.570673e+00,1.689453e+00,1.465839e+00,1.867116e+00,1.837064e+00,1.774502e+00,1.496577e+00,1.873000e+00,1.782239e+00,1.499176e+00,1.494875e+00,1.487323e+00,1.581429e+00,1.540087e+00,1.796737e+00,1.651748e+00,1.444060e-01,1.465839e+00,1.873000e+00
6.209000e+00,1.002110e+00,1.778168e+00,1.520501e+00,1.675631e+00,1.571749e+00,1.690000e+00,1.464526e+00,1.868000e+00,1.838073e+00,1.774968e+00,1.496443e+00,1.874000e+00,1.782537e+00,1.499647e+00,1.495062e+00,1.488333e+00,1.581469e+00,1.537948e+00,1.796000e+00,1.651836e+00,1.447349e-01,1.464526e+00,1.874000e+00
6.210000e+00,1.002520e+00,1.777863e+00,1.521386e+00,1.678155e+00,1.571256e+00,1.690312e+00,1.465474e+00,1.868977e+00,1.839266e+00,1.774968e+00,1.496711e+00,1.876833e+00,1.783731e+00,1.499882e+00,1.494250e+00,1.488485e+00,1.581837e+00,1.536594e+00,1.797053e+00,1.652391e+00,1.452377e-01,1.465474e+00,1.876833e+00
6.211000e+00,1.002640e+00,1.778779e+00,1.522153e+00,1.678447e+00,1.572511e+00,1.692578e+00,1.466204e+00,1.869209e+00,1.838899e+00,1.774968e+00,1.497299e+00,1.875167e+00,1.781343e+00,1.500176e+00,1.495125e+00,1.488485e+00,1.582653e+00,1.534934e+00,1.796105e+00,1.652502e+00,1.448155e-01,1.466204e+00,1.875167e+00
6.212000e+00,1.002930e+00,1.780534e+00,1.522714e+00,1.678544e+00,1.573498e+00,1.693359e+00,1.467153e+00,1.870512e+00,1.840550e+00,1.774968e+00,1.497416e+00,1.874667e+00,1.782836e+00,1.501000e+00,1.496938e+00,1.488333e+00,1.583633e+00,1.534105e+00,1.798211e+00,1.653276e+00,1.450192e-01,1.467153e+00,1.874667e+00
6.213000e+00,1.003200e+00,1.780840e+00,1.523982e+00,1.680874e+00,1.574619e+00,1.692969e+00,1.468540e+00,1.871860e+00,1.840734e+00,1.774968e+00,1.497936e+00,1.877500e+00,1.784925e+00,1.501294e+00,1.497750e+00,1.489394e+00,1.585143e+00,1.534236e+00,1.798211e+00,1.654210e+00,1.451158e-01,1.468540e+00,1.877500e+00
6.214000e+00,1.003460e+00,1.781145e+00,1.524484e+00,1.680583e+00,1.575516e+00,1.694219e+00,1.468686e+00,1.873256e+00,1.842385e+00,1.774437e+00,1.498540e+00,1.877000e+00,1.783731e+00,1.502000e+00,1.497812e+00,1.490556e+00,1.586204e+00,1.535371e+00,1.799474e+00,1.654744e+00,1.450276e-01,1.468686e+00,1.877000e+00
6.215000e+00,1.003720e+00,1.782366e+00,1.525664e+00,1.680583e+00,1.576009e+00,1.695000e+00,1.469854e+00,1.874047e+00,1.844128e+00,1.774437e+00,1.499295e+00,1.877167e+00,1.786269e+00,1.502941e+00,1.498750e+00,1.490808e+00,1.587673e+00,1.536419e+00,1.800526e+00,1.655663e+00,1.450732e-01,1.469854e+00,1.877167e+00
6.216000e+00,1.003980e+00,1.784427e+00,1.526637e+00,1.683301e+00,1.577399e+00,1.696484e+00,1.471095e+00,1.875674e+00,1.845321e+00,1.775788e+00,1.499648e+00,1.878333e+00,1.788955e+00,1.503824e+00,1.500750e+00,1.492525e+00,1.588694e+00,1.537031e+00,1.802526e+00,1.657134e+00,1.453156e-01,1.471095e+00,1.878333e+00
6.217000e+00,1.004190e+00,1.784580e+00,1.527257e+00,1.682621e+00,1.578296e+00,1.697891e+00,1.471679e+00,1.877163e+00,1.845872e+00,1.778055e+00,1.500369e+00,1.880000e+00,1.787463e+00,1.504765e+00,1.500625e+00,1.493687e+00,1.589796e+00,1.537642e+00,1.804211e+00,1.657887e+00,1.454452e-01,1.471679e+00,1.880000e+00
6.218000e+00,1.004430e+00,1.785420e+00,1.527670e+00,1.683398e+00,1.578924e+00,1.698750e+00,1.471679e+00,1.878512e+00,1.847798e+00,1.780096e+00,1.501023e+00,1.880667e+00,1.790299e+00,1.505706e+00,1.501250e+00,1.495202e+00,1.590776e+00,1.538559e+00,1.805684e+00,1.658967e+00,1.457974e-01,1.471679e+00,1.880667e+00
6.219000e+00,1.004590e+00,1.786718e+00,1.528230e+00,1.684854e+00,1.580628e+00,1.698438e+00,1.472263e+00,1.879860e+00,1.847890e+00,1.781270e+00,1.501493e+00,1.882667e+00,1.789851e+00,1.506176e+00,1.503625e+00,1.495859e+00,1.591796e+00,1.540087e+00,1.807263e+00,1.659943e+00,1.458213e-01,1.472263e+00,1.882667e+00
6.220000e+00,1.005000e+00,1.788321e+00,1.528525e+00,1.684272e+00,1.581166e+00,1.699766e+00,1.472701e+00,1.880930e+00,1.847615e+00,1.781994e+00,1.502030e+00,1.885333e+00,1.791045e+00,1.507647e+00,1.504313e+00,1.497424e+00,1.592857e+00,1.540961e+00,1.810000e+00,1.660939e+00,1.460700e-01,1.472701e+00,1.885333e+00
6.221000e+00,1.005250e+00,1.789542e+00,1.529086e+00,1.685534e+00,1.580942e+00,1.700781e+00,1.474234e+00,1.882326e+00,1.850092e+00,1.782701e+00,1.502735e+00,1.884833e+00,1.793134e+00,1.509176e+00,1.505188e+00,1.498030e+00,1.594327e+00,1.542358e+00,1.810421e+00,1.661969e+00,1.461123e-01,1.474234e+00,1.884833e+00
6.222000e+00,1.005590e+00,1.789618e+00,1.529174e+00,1.686602e+00,1.581928e+00,1.700547e+00,1.475912e+00,1.882791e+00,1.850826e+00,1.783103e+00,1.503809e+00,1.882833e+00,1.794627e+00,1.509471e+00,1.506312e+00,1.498586e+00,1.595429e+00,1.543974e+00,1.812211e+00,1.662653e+00,1.457999e-01,1.475912e+00,1.882833e+00
6.223000e+00,1.005710e+00,1.790305e+00,1.529794e+00,1.686214e+00,1.583991e+00,1.701484e+00,1.475474e+00,1.883674e+00,1.853303e+00,1.783650e+00,1.504362e+00,1.885833e+00,1.795373e+00,1.509941e+00,1.507062e+00,1.500253e+00,1.596082e+00,1.544148e+00,1.812632e+00,1.663532e+00,1.461371e-01,1.475474e+00,1.885833e+00
6.224000e+00,1.005940e+00,1.791908e+00,1.530501e+00,1.689223e+00,1.584574e+00,1.703516e+00,1.476569e+00,1.884837e+00,1.853670e+00,1.785418e+00,1.505218e+00,1.887333e+00,1.797313e+00,1.511529e+00,1.508750e+00,1.501111e+00,1.597102e+00,1.545328e+00,1.813789e+00,1.664872e+00,1.462553e-01,1.476569e+00,1.887333e+00
6.225000e+00,1.006300e+00,1.791298e+00,1.530206e+00,1.688252e+00,1.585650e+00,1.703281e+00,1.477299e+00,1.886419e+00,1.853761e+00,1.788280e+00,1.505302e+00,1.887167e+00,1.798060e+00,1.512765e+00,1.509750e+00,1.501768e+00,1.598571e+00,1.545502e+00,1.814947e+00,1.665460e+00,1.462820e-01,1.477299e+00,1.887167e+00
6.226000e+00,1.006480e+00,1.794046e+00,1.529971e+00,1.688738e+00,1.586861e+00,1.704687e+00,1.477007e+00,1.887256e+00,1.856881e+00,1.792508e+00,1.505839e+00,1.889333e+00,1.798358e+00,1.513176e+00,1.510812e+00,1.502172e+00,1.598735e+00,1.545502e+00,1.815895e+00,1.666543e+00,1.470302e-01,1.477007e+00,1.889333e+00
6.227000e+00,1.006710e+00,1.794427e+00,1.530472e+00,1.689612e+00,1.588520e+00,1.705313e+00,1.479343e+00,1.888512e+00,1.857798e+00,1.797122e+00,1.506745e+00,1.890000e+00,1.799403e+00,1.513588e+00,1.512625e+00,1.503081e+00,1.599837e+00,1.546463e+00,1.818105e+00,1.667831e+00,1.471341e-01,1.479343e+00,1.890000e+00
6.228000e+00,1.006900e+00,1.794122e+00,1.530560e+00,1.690971e+00,1.589058e+00,1.706641e+00,1.480000e+00,1.889860e+00,1.858807e+00,1.800659e+00,1.506879e+00,1.893333e+00,1.804030e+00,1.514824e+00,1.512375e+00,1.503737e+00,1.601592e+00,1.546725e+00,1.818842e+00,1.669056e+00,1.478316e-01,1.480000e+00,1.893333e+00
6.229000e+00,1.007260e+00,1.795802e+00,1.531091e+00,1.691650e+00,1.590314e+00,1.708516e+00,1.480365e+00,1.891163e+00,1.859725e+00,1.803360e+00,1.507634e+00,1.895667e+00,1.802388e+00,1.515706e+00,1.513750e+00,1.504697e+00,1.602041e+00,1.548821e+00,1.819474e+00,1.670120e+00,1.479647e-01,1.480365e+00,1.895667e+00
6.230000e+00,1.007440e+00,1.797786e+00,1.531947e+00,1.693204e+00,1.591794e+00,1.709375e+00,1.480073e+00,1.892326e+00,1.861560e+00,1.805177e+00,1.508272e+00,1.894000e+00,1.803433e+00,1.516235e+00,1.514062e+00,1.505758e+00,1.602490e+00,1.551223e+00,1.821895e+00,1.671145e+00,1.481081e-01,1.480073e+00,1.894000e+00
6.231000e+00,1.007800e+00,1.798855e+00,1.532537e+00,1.692233e+00,1.593094e+00,1.707734e+00,1.482409e+00,1.892977e+00,1.863119e+00,1.805547e+00,1.508893e+00,1.894667e+00,1.805075e+00,1.517294e+00,1.514437e+00,1.506111e+00,1.603551e+00,1.552576e+00,1.822316e+00,1.671857e+00,1.480063e-01,1.482409e+00,1.894667e+00
6.232000e+00,1.008140e+00,1.799924e+00,1.533097e+00,1.694175e+00,1.594126e+00,1.711172e+00,1.482190e+00,1.893860e+00,1.862752e+00,1.805547e+00,1.508607e+00,1.896000e+00,1.806866e+00,1.518588e+00,1.515125e+00,1.506667e+00,1.604898e+00,1.553231e+00,1.823895e+00,1.672818e+00,1.482173e-01,1.482190e+00,1.896000e+00
6.233000e+00,1.008330e+00,1.800763e+00,1.534130e+00,1.695728e+00,1.594709e+00,1.710859e+00,1.484088e+00,1.895023e+00,1.863761e+00,1.805547e+00,1.509312e+00,1.894500e+00,1.805672e+00,1.518706e+00,1.515938e+00,1.507626e+00,1.605755e+00,1.553799e+00,1.824000e+00,1.673329e+00,1.478438e-01,1.484088e+00,1.895023e+00
6.234000e+00,1.008540e+00,1.801679e+00,1.534513e+00,1.695243e+00,1.594709e+00,1.711016e+00,1.484088e+00,1.896047e+00,1.866055e+00,1.805900e+00,1.509832e+00,1.894833e+00,1.806418e+00,1.519235e+00,1.516625e+00,1.507828e+00,1.606367e+00,1.555633e+00,1.824421e+00,1.673913e+00,1.480085e-01,1.484088e+00,1.896047e+00
6.235000e+00,1.008840e+00,1.802748e+00,1.535339e+00,1.697087e+00,1.596188e+00,1.712812e+00,1.484818e+00,1.896233e+00,1.866789e+00,1.805949e+00,1.510487e+00,1.894167e+00,1.807910e+00,1.518765e+00,1.518062e+00,1.509646e+00,1.606694e+00,1.556245e+00,1.824211e+00,1.674675e+00,1.477935e-01,1.484818e+00,1.896233e+00
6.236000e+00,1.009130e+00,1.803282e+00,1.536136e+00,1.694466e+00,1.597534e+00,1.712344e+00,1.486131e+00,1.897256e+00,1.866514e+00,1.806013e+00,1.511023e+00,1.892333e+00,1.808209e+00,1.519765e+00,1.518125e+00,1.509848e+00,1.607755e+00,1.556638e+00,1.826737e+00,1.675006e+00,1.475410e-01,1.486131e+00,1.897256e+00
6.237000e+00,1.009350e+00,1.803511e+00,1.536637e+00,1.695534e+00,1.599283e+00,1.712266e+00,1.485036e+00,1.896791e+00,1.868349e+00,1.806511e+00,1.511359e+00,1.897667e+00,1.806567e+00,1.520235e+00,1.519000e+00,1.511061e+00,1.608612e+00,1.556594e+00,1.828105e+00,1.675729e+00,1.479210e-01,1.485036e+00,1.897667e+00
6.238000e+00,1.009620e+00,1.805267e+00,1.537168e+00,1.695340e+00,1.598879e+00,1.713359e+00,1.485620e+00,1.897907e+00,1.868532e+00,1.807058e+00,1.511997e+00,1.896500e+00,1.810746e+00,1.521647e+00,1.520312e+00,1.512071e+00,1.606735e+00,1.557031e+00,1.828737e+00,1.676384e+00,1.480092e-01,1.485620e+00,1.897907e+00
6.239000e+00,1.009890e+00,1.806870e+00,1.538230e+00,1.694078e+00,1.600090e+00,1.713516e+00,1.484818e+00,1.897302e+00,1.868807e+00,1.807701e+00,1.512584e+00,1.897500e+00,1.810000e+00,1.522000e+00,1.521125e+00,1.513283e+00,1.606531e+00,1.558122e+00,1.829368e+00,1.676774e+00,1.479084e-01,1.484818e+00,1.897500e+00
6.240000e+00,1.010140e+00,1.806947e+00,1.538466e+00,1.697087e+00,1.600807e+00,1.711719e+00,1.485474e+00,1.897256e+00,1.870550e+00,1.808553e+00,1.513138e+00,1.899333e+00,1.809254e+00,1.523294e+00,1.522125e+00,1.513283e+00,1.606776e+00,1.558297e+00,1.831579e+00,1.677441e+00,1.480534e-01,1.485474e+00,1.899333e+00
6.241000e+00,1.010400e+00,1.805802e+00,1.538879e+00,1.696602e+00,1.602601e+00,1.713906e+00,1.485182e+00,1.897302e+00,1.871193e+00,1.809019e+00,1.514094e+00,1.898000e+00,1.811045e+00,1.523941e+00,1.523125e+00,1.514596e+00,1.607429e+00,1.558559e+00,1.831368e+00,1.677925e+00,1.477470e-01,1.485182e+00,1.898000e+00
6.242000e+00,1.010670e+00,1.806489e+00,1.539174e+00,1.696699e+00,1.602870e+00,1.714219e+00,1.486423e+00,1.898419e+00,1.873211e+00,1.809550e+00,1.514279e+00,1.901000e+00,1.813582e+00,1.524647e+00,1.524063e+00,1.515909e+00,1.608245e+00,1.559345e+00,1.832947e+00,1.678948e+00,1.481605e-01,1.486423e+00,1.901000e+00
6.243000e+00,1.010850e+00,1.808092e+00,1.539322e+00,1.699223e+00,1.603274e+00,1.713672e+00,1.487372e+00,1.899535e+00,1.873578e+00,1.810016e+00,1.514312e+00,1.899000e+00,1.814776e+00,1.525647e+00,1.524250e+00,1.516263e+00,1.608939e+00,1.559476e+00,1.833789e+00,1.679474e+00,1.481288e-01,1.487372e+00,1.899535e+00
6.244000e+00,1.011070e+00,1.809084e+00,1.539941e+00,1.699126e+00,1.604081e+00,1.716484e+00,1.487737e+00,1.900465e+00,1.872844e+00,1.810305e+00,1.513826e+00,1.900833e+00,1.815821e+00,1.526118e+00,1.525313e+00,1.516869e+00,1.610531e+00,1.561048e+00,1.834737e+00,1.680287e+00,1.482198e-01,1.487737e+00,1.900833e+00
6.245000e+00,1.011240e+00,1.809695e+00,1.540590e+00,1.698252e+00,1.605022e+00,1.716719e+00,1.487810e+00,1.901814e+00,1.873761e+00,1.810402e+00,1.513591e+00,1.900833e+00,1.814478e+00,1.527353e+00,1.525875e+00,1.517475e+00,1.611429e+00,1.560742e+00,1.835895e+00,1.680652e+00,1.482264e-01,1.487810e+00,1.901814e+00
6.246000e+00,1.011550e+00,1.809847e+00,1.540708e+00,1.700485e+00,1.605964e+00,1.716172e+00,1.487883e+00,1.902744e+00,1.875229e+00,1.810514e+00,1.513876e+00,1.902667e+00,1.818209e+00,1.528176e+00,1.527188e+00,1.519091e+00,1.612122e+00,1.561354e+00,1.836947e+00,1.681621e+00,1.485087e-01,1.487883e+00,1.902744e+00
6.247000e+00,1.011840e+00,1.809389e+00,1.540826e+00,1.699515e+00,1.606906e+00,1.716016e+00,1.489197e+00,1.904977e+00,1.875963e+00,1.810531e+00,1.514027e+00,1.904833e+00,1.818657e+00,1.527941e+00,1.527313e+00,1.519848e+00,1.612776e+00,1.562926e+00,1.837158e+00,1.682155e+00,1.486680e-01,1.489197e+00,1.904977e+00
6.248000e+00,1.012040e+00,1.808702e+00,1.540767e+00,1.701262e+00,1.608475e+00,1.718672e+00,1.490365e+00,1.905256e+00,1.877615e+00,1.811415e+00,1.514346e+00,1.905167e+00,1.817910e+00,1.529471e+00,1.527937e+00,1.520505e+00,1.613918e+00,1.563581e+00,1.838947e+00,1.683017e+00,1.485931e-01,1.490365e+00,1.905256e+00
6.249000e+00,1.012300e+00,1.808550e+00,1.541357e+00,1.702136e+00,1.608655e+00,1.718672e+00,1.492190e+00,1.907349e+00,1.877431e+00,1.812203e+00,1.514799e+00,1.906833e+00,1.820000e+00,1.529765e+00,1.528375e+00,1.520606e+00,1.615429e+00,1.563930e+00,1.840632e+00,1.683828e+00,1.488347e-01,1.492190e+00,1.907349e+00
6.250000e+00,1.012600e+00,1.809695e+00,1.541593e+00,1.701748e+00,1.609462e+00,1.720078e+00,1.492920e+00,1.907488e+00,1.876330e+00,1.813248e+00,1.515470e+00,1.909500e+00,1.820597e+00,1.530118e+00,1.528188e+00,1.521111e+00,1.616204e+00,1.565284e+00,1.839789e+00,1.684379e+00,1.488409e-01,1.492920e+00,1.909500e+00
6.251000e+00,1.012820e+00,1.810229e+00,1.542035e+00,1.704272e+00,1.610538e+00,1.720234e+00,1.492920e+00,1.908977e+00,1.876606e+00,1.814952e+00,1.515554e+00,1.908500e+00,1.819254e+00,1.530765e+00,1.528437e+00,1.522374e+00,1.616857e+00,1.566550e+00,1.840842e+00,1.684994e+00,1.487608e-01,1.492920e+00,1.908977e+00
6.252000e+00,1.013050e+00,1.810840e+00,1.542655e+00,1.703981e+00,1.611749e+00,1.720312e+00,1.494380e+00,1.909302e+00,1.877248e+00,1.816576e+00,1.516023e+00,1.910000e+00,1.821343e+00,1.532235e+00,1.530000e+00,1.521566e+00,1.618163e+00,1.567162e+00,1.842526e+00,1.685892e+00,1.488816e-01,1.494380e+00,1.910000e+00
6.253000e+00,1.013390e+00,1.811908e+00,1.542773e+00,1.703301e+00,1.612511e+00,1.724062e+00,1.493942e+00,1.910140e+00,1.878716e+00,1.817894e+00,1.516326e+00,1.910500e+00,1.822388e+00,1.532353e+00,1.530938e+00,1.520303e+00,1.618735e+00,1.568472e+00,1.843158e+00,1.686579e+00,1.492769e-01,1.493942e+00,1.910500e+00
6.254000e+00,1.013560e+00,1.811832e+00,1.543186e+00,1.705437e+00,1.612556e+00,1.724375e+00,1.495036e+00,1.911581e+00,1.878165e+00,1.819212e+00,1.517081e+00,1.909667e+00,1.822836e+00,1.533294e+00,1.531875e+00,1.519192e+00,1.619143e+00,1.569389e+00,1.842526e+00,1.687021e+00,1.491148e-01,1.495036e+00,1.911581e+00
6.255000e+00,1.013890e+00,1.814198e+00,1.544779e+00,1.706990e+00,1.614574e+00,1.722969e+00,1.495547e+00,1.912698e+00,1.879725e+00,1.820659e+00,1.517399e+00,1.910667e+00,1.824030e+00,1.533412e+00,1.532750e+00,1.518889e+00,1.621020e+00,1.570393e+00,1.843895e+00,1.688033e+00,1.493887e-01,1.495547e+00,1.912698e+00
6.256000e+00,1.013940e+00,1.814733e+00,1.545398e+00,1.705825e+00,1.615830e+00,1.725391e+00,1.496861e+00,1.914000e+00,1.880000e+00,1.822090e+00,1.518171e+00,1.910833e+00,1.822836e+00,1.534235e+00,1.532938e+00,1.519343e+00,1.622122e+00,1.571004e+00,1.845579e+00,1.688733e+00,1.493383e-01,1.496861e+00,1.914000e+00
6.257000e+00,1.014380e+00,1.816031e+00,1.545959e+00,1.708252e+00,1.616861e+00,1.725859e+00,1.497445e+00,1.914558e+00,1.882202e+00,1.822894e+00,1.518456e+00,1.913167e+00,1.825970e+00,1.534706e+00,1.533562e+00,1.520657e+00,1.622816e+00,1.570611e+00,1.845684e+00,1.689761e+00,1.497580e-01,1.497445e+00,1.914558e+00
6.258000e+00,1.014620e+00,1.815191e+00,1.546519e+00,1.708155e+00,1.616951e+00,1.726172e+00,1.498394e+00,1.915395e+00,1.881927e+00,1.823199e+00,1.519480e+00,1.911833e+00,1.825821e+00,1.535118e+00,1.535750e+00,1.521616e+00,1.623878e+00,1.570524e+00,1.846421e+00,1.690130e+00,1.493152e-01,1.498394e+00,1.915395e+00
6.259000e+00,1.014970e+00,1.817176e+00,1.547198e+00,1.709126e+00,1.614395e+00,1.727578e+00,1.499416e+00,1.916930e+00,1.884037e+00,1.823794e+00,1.520386e+00,1.913833e+00,1.824478e+00,1.535941e+00,1.535875e+00,1.522626e+00,1.624531e+00,1.570306e+00,1.848211e+00,1.690880e+00,1.497252e-01,1.499416e+00,1.916930e+00
6.260000e+00,1.015140e+00,1.817863e+00,1.548230e+00,1.710291e+00,1.613991e+00,1.727734e+00,1.498540e+00,1.918419e+00,1.884862e+00,1.824341e+00,1.520940e+00,1.916167e+00,1.825522e+00,1.536294e+00,1.536375e+00,1.522828e+00,1.625633e+00,1.569956e+00,1.847158e+00,1.691397e+00,1.500741e-01,1.498540e+00,1.918419e+00
6.261000e+00,1.015310e+00,1.817710e+00,1.548643e+00,1.710000e+00,1.613229e+00,1.726406e+00,1.499197e+00,1.918698e+00,1.884312e+00,1.824453e+00,1.521376e+00,1.912833e+00,1.827910e+00,1.537824e+00,1.536563e+00,1.524747e+00,1.626612e+00,1.570044e+00,1.848947e+00,1.691639e+00,1.496653e-01,1.499197e+00,1.918698e+00
6.262000e+00,1.015620e+00,1.819237e+00,1.549735e+00,1.710971e+00,1.613498e+00,1.728984e+00,1.500657e+00,1.920140e+00,1.885872e+00,1.824550e+00,1.521812e+00,1.917000e+00,1.828657e+00,1.538235e+00,1.537375e+00,1.525758e+00,1.628041e+00,1.571004e+00,1.848105e+00,1.692757e+00,1.499401e-01,1.500657e+00,1.920140e+00
6.263000e+00,1.015950e+00,1.819847e+00,1.549853e+00,1.712039e+00,1.614260e+00,1.730313e+00,1.500803e+00,1.920326e+00,1.885688e+00,1.824775e+00,1.522634e+00,1.913667e+00,1.828955e+00,1.537588e+00,1.537562e+00,1.526818e+00,1.628327e+00,1.572664e+00,1.850947e+00,1.693170e+00,1.497013e-01,1.500803e+00,1.920326e+00
6.264000e+00,1.016040e+00,1.821145e+00,1.550147e+00,1.711262e+00,1.614305e+00,1.729531e+00,1.501971e+00,1.920930e+00,1.885413e+00,1.825064e+00,1.523070e+00,1.916000e+00,1.830597e+00,1.535765e+00,1.539062e+00,1.528081e+00,1.628939e+00,1.574454e+00,1.850316e+00,1.693670e+00,1.497498e-01,1.501971e+00,1.920930e+00
6.265000e+00,1.016320e+00,1.821832e+00,1.550413e+00,1.712524e+00,1.615202e+00,1.729297e+00,1.501825e+00,1.921907e+00,1.886789e+00,1.825723e+00,1.524044e+00,1.918167e+00,1.830149e+00,1.535706e+00,1.539813e+00,1.528535e+00,1.630408e+00,1.574585e+00,1.851474e+00,1.694355e+00,1.500240e-01,1.501825e+00,1.921907e+00
6.266000e+00,1.016750e+00,1.822137e+00,1.550708e+00,1.713107e+00,1.616457e+00,1.731172e+00,1.503139e+00,1.923349e+00,1.888807e+00,1.826801e+00,1.524681e+00,1.913500e+00,1.832388e+00,1.536529e+00,1.538625e+00,1.530000e+00,1.630980e+00,1.574934e+00,1.851474e+00,1.694933e+00,1.498317e-01,1.503139e+00,1.923349e+00
6.267000e+00,1.016890e+00,1.824656e+00,1.550324e+00,1.713301e+00,1.616861e+00,1.730078e+00,1.503285e+00,1.924233e+00,1.889633e+00,1.827974e+00,1.524883e+00,1.918167e+00,1.831791e+00,1.536176e+00,1.537625e+00,1.530960e+00,1.631837e+00,1.575721e+00,1.852105e+00,1.695534e+00,1.504677e-01,1.503285e+00,1.924233e+00
6.268000e+00,1.017190e+00,1.825191e+00,1.550472e+00,1.715146e+00,1.618520e+00,1.731875e+00,1.504672e+00,1.925302e+00,1.891376e+00,1.829887e+00,1.525436e+00,1.916667e+00,1.828955e+00,1.537353e+00,1.537125e+00,1.531818e+00,1.632612e+00,1.575939e+00,1.850105e+00,1.696025e+00,1.501516e-01,1.504672e+00,1.925302e+00
6.269000e+00,1.017460e+00,1.826183e+00,1.550678e+00,1.712913e+00,1.619238e+00,1.731484e+00,1.504891e+00,1.926233e+00,1.894128e+00,1.831704e+00,1.526040e+00,1.920500e+00,1.828657e+00,1.537176e+00,1.537375e+00,1.533030e+00,1.632857e+00,1.576507e+00,1.847684e+00,1.696515e+00,1.505182e-01,1.504891e+00,1.926233e+00
6.270000e+00,1.017720e+00,1.827557e+00,1.550472e+00,1.711942e+00,1.620673e+00,1.730625e+00,1.504599e+00,1.926698e+00,1.895688e+00,1.832235e+00,1.526443e+00,1.920500e+00,1.827612e+00,1.537941e+00,1.537875e+00,1.533838e+00,1.633510e+00,1.577336e+00,1.847789e+00,1.696852e+00,1.504939e-01,1.504599e+00,1.926698e+00
6.271000e+00,1.017890e+00,1.828550e+00,1.551416e+00,1.714854e+00,1.622601e+00,1.732812e+00,1.505401e+00,1.926837e+00,1.896514e+00,1.832524e+00,1.526376e+00,1.920167e+00,1.827313e+00,1.538882e+00,1.538687e+00,1.534848e+00,1.633102e+00,1.578210e+00,1.847474e+00,1.697587e+00,1.502644e-01,1.505401e+00,1.926837e+00
6.272000e+00,1.018150e+00,1.830076e+00,1.551740e+00,1.714660e+00,1.623991e+00,1.733203e+00,1.503650e+00,1.925488e+00,1.898165e+00,1.832974e+00,1.526695e+00,1.923000e+00,1.831343e+00,1.540294e+00,1.538750e+00,1.535960e+00,1.631551e+00,1.578122e+00,1.847895e+00,1.698198e+00,1.507631e-01,1.503650e+00,1.925488e+00
6.273000e+00,1.018450e+00,1.829313e+00,1.552802e+00,1.714951e+00,1.624798e+00,1.731953e+00,1.505109e+00,1.926744e+00,1.900183e+00,1.833199e+00,1.526745e+00,1.923500e+00,1.828060e+00,1.540882e+00,1.539688e+00,1.537424e+00,1.631796e+00,1.578996e+00,1.849579e+00,1.698651e+00,1.505458e-01,1.505109e+00,1.926744e+00
6.274000e+00,1.018700e+00,1.831450e+00,1.553333e+00,1.714369e+00,1.625740e+00,1.733594e+00,1.504088e+00,1.926977e+00,1.901927e+00,1.833392e+00,1.527483e+00,1.924333e+00,1.828657e+00,1.541765e+00,1.540625e+00,1.538333e+00,1.632327e+00,1.580524e+00,1.850526e+00,1.699413e+00,1.507074e-01,1.504088e+00,1.926977e+00
6.275000e+00,1.019020e+00,1.831985e+00,1.554484e+00,1.715340e+00,1.626502e+00,1.733359e+00,1.504453e+00,1.927953e+00,1.902110e+00,1.833987e+00,1.528356e+00,1.926000e+00,1.830896e+00,1.542176e+00,1.542000e+00,1.539444e+00,1.632898e+00,1.581223e+00,1.851368e+00,1.700252e+00,1.507742e-01,1.504453e+00,1.927953e+00
6.276000e+00,1.019270e+00,1.832366e+00,1.555133e+00,1.716699e+00,1.627758e+00,1.735078e+00,1.504745e+00,1.928233e+00,1.903211e+00,1.834502e+00,1.528742e+00,1.927333e+00,1.831940e+00,1.543412e+00,1.542687e+00,1.540404e+00,1.634122e+00,1.582926e+00,1.852211e+00,1.701195e+00,1.507722e-01,1.504745e+00,1.928233e+00
6.277000e+00,1.019450e+00,1.832977e+00,1.555929e+00,1.716408e+00,1.629148e+00,1.735234e+00,1.505255e+00,1.930279e+00,1.903761e+00,1.834759e+00,1.528893e+00,1.930167e+00,1.833433e+00,1.544765e+00,1.543375e+00,1.541313e+00,1.635102e+00,1.583231e+00,1.852947e+00,1.702054e+00,1.510401e-01,1.505255e+00,1.930279e+00
6.278000e+00,1.019720e+00,1.832595e+00,1.556873e+00,1.716117e+00,1.629641e+00,1.736328e+00,1.506277e+00,1.930419e+00,1.904679e+00,1.835016e+00,1.529698e+00,1.929500e+00,1.833881e+00,1.545235e+00,1.545187e+00,1.541970e+00,1.636041e+00,1.583886e+00,1.854105e+00,1.702636e+00,1.507439e-01,1.506277e+00,1.930419e+00
6.279000e+00,1.020060e+00,1.832214e+00,1.557729e+00,1.717767e+00,1.630807e+00,1.737578e+00,1.506861e+00,1.931581e+00,1.905046e+00,1.835354e+00,1.530218e+00,1.930667e+00,1.834478e+00,1.546118e+00,1.545250e+00,1.543081e+00,1.636449e+00,1.584454e+00,1.856632e+00,1.703460e+00,1.508512e-01,1.506861e+00,1.931581e+00
6.280000e+00,1.020220e+00,1.834122e+00,1.559086e+00,1.718641e+00,1.631659e+00,1.737031e+00,1.507737e+00,1.932140e+00,1.906055e+00,1.835772e+00,1.530117e+00,1.931833e+00,1.836567e+00,1.547529e+00,1.546938e+00,1.544646e+00,1.637714e+00,1.584760e+00,1.856105e+00,1.704359e+00,1.507823e-01,1.507737e+00,1.932140e+00
6.281000e+00,1.020490e+00,1.834885e+00,1.559764e+00,1.718252e+00,1.632646e+00,1.738672e+00,1.508321e+00,1.933674e+00,1.905505e+00,1.836093e+00,1.530285e+00,1.930833e+00,1.837313e+00,1.548176e+00,1.547813e+00,1.545707e+00,1.639224e+00,1.585240e+00,1.857789e+00,1.705011e+00,1.506638e-01,1.508321e+00,1.933674e+00
6.282000e+00,1.020760e+00,1.835191e+00,1.559941e+00,1.721748e+00,1.633991e+00,1.739453e+00,1.509854e+00,1.934326e+00,1.906330e+00,1.836849e+00,1.529916e+00,1.935833e+00,1.839403e+00,1.549647e+00,1.548562e+00,1.546869e+00,1.640490e+00,1.584978e+00,1.858211e+00,1.706200e+00,1.510558e-01,1.509854e+00,1.935833e+00
6.283000e+00,1.021010e+00,1.836031e+00,1.560973e+00,1.721262e+00,1.634574e+00,1.740625e+00,1.509927e+00,1.935302e+00,1.906789e+00,1.838232e+00,1.529933e+00,1.932500e+00,1.840597e+00,1.549941e+00,1.549000e+00,1.547828e+00,1.641714e+00,1.585983e+00,1.860105e+00,1.706740e+00,1.509258e-01,1.509927e+00,1.935302e+00
6.284000e+00,1.021210e+00,1.837634e+00,1.560855e+00,1.722524e+00,1.635247e+00,1.740625e+00,1.510511e+00,1.936512e+00,1.907339e+00,1.839823e+00,1.530117e+00,1.934500e+00,1.842985e+00,1.550647e+00,1.551313e+00,1.548687e+00,1.643061e+00,1.585852e+00,1.861684e+00,1.707773e+00,1.512852e-01,1.510511e+00,1.936512e+00
6.285000e+00,1.021430e+00,1.838015e+00,1.561150e+00,1.723301e+00,1.636188e+00,1.740859e+00,1.512628e+00,1.937674e+00,1.907890e+00,1.841254e+00,1.530705e+00,1.935000e+00,1.841493e+00,1.551588e+00,1.551063e+00,1.549495e+00,1.644082e+00,1.586507e+00,1.862105e+00,1.708389e+00,1.511374e-01,1.512628e+00,1.937674e+00
6.286000e+00,1.021630e+00,1.838626e+00,1.561327e+00,1.721650e+00,1.636996e+00,1.742891e+00,1.513139e+00,1.938698e+00,1.909266e+00,1.843039e+00,1.531124e+00,1.934500e+00,1.844478e+00,1.552824e+00,1.552437e+00,1.549848e+00,1.645633e+00,1.587074e+00,1.864737e+00,1.709349e+00,1.513840e-01,1.513139e+00,1.938698e+00
6.287000e+00,1.021840e+00,1.839237e+00,1.561563e+00,1.723981e+00,1.638117e+00,1.743594e+00,1.513942e+00,1.940326e+00,1.910917e+00,1.845370e+00,1.531628e+00,1.938000e+00,1.843433e+00,1.554059e+00,1.552875e+00,1.550960e+00,1.645592e+00,1.587511e+00,1.865053e+00,1.710342e+00,1.517499e-01,1.513942e+00,1.940326e+00
6.288000e+00,1.022210e+00,1.840000e+00,1.560944e+00,1.724563e+00,1.638879e+00,1.742109e+00,1.514088e+00,1.941349e+00,1.912202e+00,1.847283e+00,1.532081e+00,1.936667e+00,1.843582e+00,1.554529e+00,1.554250e+00,1.552020e+00,1.646571e+00,1.588821e+00,1.866737e+00,1.710926e+00,1.517633e-01,1.514088e+00,1.941349e+00
6.289000e+00,1.022520e+00,1.839771e+00,1.560560e+00,1.723689e+00,1.640448e+00,1.744531e+00,1.514891e+00,1.942512e+00,1.913119e+00,1.848730e+00,1.532550e+00,1.939000e+00,1.845373e+00,1.555176e+00,1.554750e+00,1.553182e+00,1.647959e+00,1.589432e+00,1.866737e+00,1.711801e+00,1.519935e-01,1.514891e+00,1.942512e+00
6.290000e+00,1.022650e+00,1.839084e+00,1.560944e+00,1.725146e+00,1.641435e+00,1.746719e+00,1.515328e+00,1.944512e+00,1.913761e+00,1.850354e+00,1.532903e+00,1.938500e+00,1.847313e+00,1.556235e+00,1.555625e+00,1.554040e+00,1.648449e+00,1.591048e+00,1.867895e+00,1.712738e+00,1.520660e-01,1.515328e+00,1.944512e+00
6.291000e+00,1.022950e+00,1.839084e+00,1.561740e+00,1.724854e+00,1.643094e+00,1.746797e+00,1.516715e+00,1.944977e+00,1.915505e+00,1.851559e+00,1.533406e+00,1.934500e+00,1.847612e+00,1.556235e+00,1.555937e+00,1.554444e+00,1.648694e+00,1.592183e+00,1.868421e+00,1.713098e+00,1.516944e-01,1.516715e+00,1.944977e+00
6.292000e+00,1.023180e+00,1.840611e+00,1.562212e+00,1.725437e+00,1.643677e+00,1.748672e+00,1.516788e+00,1.945674e+00,1.916697e+00,1.852379e+00,1.533574e+00,1.940500e+00,1.848657e+00,1.557412e+00,1.557000e+00,1.555253e+00,1.650000e+00,1.592227e+00,1.869579e+00,1.714242e+00,1.523218e-01,1.516788e+00,1.945674e+00
6.293000e+00,1.023390e+00,1.840763e+00,1.563333e+00,1.727476e+00,1.645202e+00,1.748359e+00,1.518905e+00,1.946837e+00,1.918349e+00,1.853441e+00,1.533943e+00,1.938667e+00,1.850448e+00,1.558353e+00,1.557187e+00,1.556768e+00,1.650490e+00,1.592969e+00,1.870316e+00,1.715100e+00,1.521126e-01,1.518905e+00,1.946837e+00
6.294000e+00,1.023810e+00,1.841069e+00,1.563982e+00,1.726408e+00,1.646188e+00,1.747891e+00,1.519781e+00,1.947814e+00,1.918165e+00,1.854293e+00,1.534664e+00,1.943000e+00,1.849254e+00,1.559176e+00,1.557813e+00,1.557071e+00,1.650939e+00,1.593930e+00,1.870421e+00,1.715659e+00,1.522073e-01,1.519781e+00,1.947814e+00
6.295000e+00,1.024050e+00,1.842443e+00,1.565162e+00,1.727864e+00,1.647623e+00,1.751406e+00,1.518759e+00,1.948698e+00,1.917982e+00,1.854791e+00,1.535604e+00,1.940167e+00,1.852090e+00,1.559706e+00,1.558563e+00,1.557828e+00,1.651796e+00,1.594061e+00,1.871158e+00,1.716428e+00,1.521201e-01,1.518759e+00,1.948698e+00
6.296000e+00,1.024310e+00,1.843435e+00,1.565959e+00,1.727379e+00,1.648027e+00,1.750781e+00,1.521168e+00,1.949442e+00,1.916330e+00,1.855225e+00,1.535956e+00,1.940667e+00,1.854478e+00,1.560118e+00,1.559937e+00,1.558333e+00,1.652327e+00,1.594454e+00,1.873053e+00,1.717059e+00,1.519751e-01,1.521168e+00,1.949442e+00
6.297000e+00,1.024500e+00,1.842901e+00,1.566195e+00,1.728350e+00,1.649283e+00,1.751094e+00,1.520730e+00,1.949814e+00,1.916697e+00,1.856029e+00,1.536258e+00,1.944333e+00,1.854478e+00,1.561882e+00,1.560062e+00,1.559293e+00,1.653551e+00,1.595764e+00,1.874105e+00,1.717823e+00,1.521342e-01,1.520730e+00,1.949814e+00
6.298000e+00,1.024660e+00,1.844198e+00,1.567286e+00,1.729029e+00,1.649596e+00,1.753594e+00,1.520949e+00,1.950605e+00,1.915780e+00,1.856929e+00,1.536846e+00,1.941333e+00,1.854030e+00,1.562824e+00,1.561250e+00,1.561111e+00,1.654776e+00,1.595852e+00,1.874947e+00,1.718385e+00,1.516705e-01,1.520949e+00,1.950605e+00
6.299000e+00,1.025010e+00,1.844580e+00,1.567876e+00,1.730485e+00,1.650045e+00,1.752188e+00,1.521460e+00,1.952140e+00,1.917064e+00,1.857283e+00,1.537433e+00,1.943833e+00,1.855821e+00,1.563941e+00,1.561250e+00,1.561970e+00,1.655796e+00,1.596681e+00,1.875684e+00,1.719196e+00,1.519602e-01,1.521460e+00,1.952140e+00
6.300000e+00,1.025310e+00,1.845878e+00,1.569027e+00,1.728447e+00,1.650628e+00,1.751719e+00,1.523139e+00,1.953209e+00,1.918073e+00,1.857476e+00,1.537936e+00,1.945167e+00,1.855522e+00,1.564294e+00,1.562312e+00,1.560253e+00,1.657102e+00,1.597031e+00,1.876737e+00,1.719664e+00,1.520757e-01,1.523139e+00,1.953209e+00
6.301000e+00,1.025570e+00,1.846412e+00,1.570000e+00,1.729515e+00,1.650852e+00,1.751563e+00,1.522701e+00,1.954233e+00,1.917982e+00,1.857797e+00,1.538809e+00,1.945667e+00,1.856716e+00,1.565765e+00,1.562437e+00,1.559141e+00,1.657469e+00,1.596943e+00,1.876947e+00,1.720053e+00,1.521964e-01,1.522701e+00,1.954233e+00
6.302000e+00,1.025720e+00,1.846718e+00,1.570855e+00,1.728641e+00,1.651883e+00,1.751250e+00,1.522409e+00,1.955209e+00,1.919083e+00,1.858119e+00,1.539547e+00,1.946333e+00,1.857761e+00,1.566588e+00,1.563625e+00,1.559040e+00,1.658367e+00,1.597860e+00,1.877684e+00,1.720610e+00,1.522622e-01,1.522409e+00,1.955209e+00
6.303000e+00,1.026080e+00,1.848779e+00,1.571327e+00,1.728155e+00,1.652735e+00,1.752656e+00,1.524015e+00,1.956605e+00,1.918807e+00,1.858408e+00,1.539916e+00,1.947833e+00,1.858507e+00,1.567294e+00,1.564000e+00,1.559394e+00,1.658857e+00,1.597773e+00,1.878947e+00,1.721334e+00,1.524431e-01,1.524015e+00,1.956605e+00
6.304000e+00,1.026310e+00,1.850534e+00,1.571740e+00,1.729709e+00,1.652601e+00,1.753828e+00,1.524307e+00,1.956512e+00,1.920550e+00,1.858746e+00,1.540369e+00,1.949000e+00,1.859403e+00,1.567176e+00,1.566625e+00,1.559697e+00,1.658694e+00,1.598646e+00,1.879474e+00,1.722090e+00,1.525818e-01,1.524307e+00,1.956512e+00
6.305000e+00,1.026630e+00,1.851450e+00,1.572094e+00,1.728738e+00,1.653901e+00,1.753672e+00,1.525182e+00,1.955721e+00,1.921376e+00,1.859228e+00,1.540822e+00,1.950667e+00,1.858209e+00,1.568294e+00,1.566937e+00,1.560000e+00,1.657551e+00,1.598384e+00,1.879263e+00,1.722305e+00,1.524987e-01,1.525182e+00,1.955721e+00
6.306000e+00,1.026910e+00,1.851832e+00,1.572124e+00,1.729903e+00,1.654484e+00,1.754141e+00,1.523358e+00,1.954744e+00,1.922202e+00,1.859566e+00,1.541208e+00,1.952333e+00,1.861493e+00,1.569353e+00,1.567188e+00,1.561465e+00,1.656980e+00,1.598341e+00,1.882105e+00,1.722934e+00,1.529308e-01,1.523358e+00,1.954744e+00
6.307000e+00,1.027210e+00,1.853282e+00,1.572743e+00,1.731553e+00,1.655426e+00,1.756016e+00,1.523942e+00,1.955721e+00,1.923394e+00,1.859759e+00,1.541342e+00,1.953333e+00,1.864030e+00,1.569529e+00,1.568000e+00,1.561919e+00,1.657592e+00,1.599258e+00,1.881368e+00,1.723789e+00,1.531251e-01,1.523942e+00,1.955721e+00
6.308000e+00,1.027350e+00,1.855038e+00,1.572124e+00,1.731165e+00,1.657220e+00,1.756719e+00,1.525474e+00,1.955721e+00,1.924587e+00,1.859984e+00,1.542114e+00,1.954167e+00,1.862836e+00,1.570118e+00,1.568250e+00,1.563333e+00,1.657959e+00,1.599913e+00,1.883789e+00,1.724473e+00,1.531206e-01,1.525474e+00,1.955721e+00
6.309000e+00,1.027560e+00,1.854885e+00,1.571268e+00,1.731845e+00,1.657803e+00,1.757031e+00,1.526423e+00,1.956326e+00,1.925872e+00,1.860322e+00,1.542601e+00,1.956833e+00,1.865224e+00,1.570529e+00,1.569500e+00,1.564141e+00,1.658653e+00,1.597293e+00,1.884316e+00,1.725048e+00,1.535480e-01,1.526423e+00,1.956833e+00
6.310000e+00,1.027850e+00,1.856947e+00,1.571327e+00,1.732427e+00,1.657937e+00,1.757734e+00,1.527080e+00,1.957628e+00,1.927156e+00,1.860707e+00,1.543037e+00,1.952833e+00,1.865075e+00,1.570647e+00,1.570437e+00,1.566010e+00,1.658490e+00,1.595328e+00,1.884316e+00,1.725284e+00,1.533824e-01,1.527080e+00,1.957628e+00
6.311000e+00,1.028060e+00,1.856794e+00,1.571681e+00,1.732233e+00,1.659058e+00,1.756953e+00,1.526569e+00,1.957116e+00,1.929908e+00,1.861431e+00,1.543339e+00,1.957167e+00,1.867015e+00,1.571294e+00,1.570437e+00,1.566616e+00,1.659265e+00,1.593406e+00,1.885368e+00,1.725870e+00,1.540499e-01,1.526569e+00,1.957167e+00
6.312000e+00,1.028510e+00,1.858626e+00,1.572389e+00,1.733301e+00,1.658520e+00,1.757500e+00,1.527372e+00,1.958512e+00,1.929817e+00,1.862878e+00,1.543893e+00,1.959667e+00,1.867910e+00,1.571647e+00,1.571187e+00,1.567879e+00,1.660367e+00,1.592751e+00,1.885158e+00,1.726632e+00,1.543191e-01,1.527372e+00,1.959667e+00
6.313000e+00,1.028660e+00,1.859389e+00,1.573068e+00,1.733592e+00,1.657668e+00,1.760547e+00,1.527737e+00,1.959721e+00,1.932661e+00,1.864823e+00,1.544211e+00,1.957833e+00,1.866269e+00,1.572824e+00,1.571687e+00,1.568434e+00,1.660653e+00,1.594017e+00,1.886211e+00,1.727297e+00,1.543649e-01,1.527737e+00,1.959721e+00
6.314000e+00,1.028950e+00,1.858931e+00,1.574041e+00,1.734272e+00,1.656861e+00,1.759453e+00,1.529489e+00,1.961116e+00,1.934587e+00,1.866431e+00,1.544866e+00,1.961000e+00,1.867463e+00,1.574118e+00,1.573000e+00,1.570808e+00,1.661796e+00,1.595764e+00,1.887789e+00,1.728433e+00,1.544914e-01,1.529489e+00,1.961116e+00
6.315000e+00,1.029090e+00,1.860382e+00,1.574454e+00,1.735534e+00,1.658072e+00,1.760078e+00,1.530365e+00,1.962372e+00,1.935505e+00,1.867814e+00,1.545503e+00,1.959333e+00,1.870597e+00,1.575059e+00,1.572813e+00,1.571313e+00,1.662980e+00,1.596114e+00,1.888842e+00,1.729285e+00,1.546167e-01,1.530365e+00,1.962372e+00
6.316000e+00,1.029440e+00,1.860000e+00,1.576372e+00,1.734757e+00,1.658161e+00,1.762109e+00,1.530219e+00,1.964000e+00,1.936881e+00,1.869357e+00,1.545940e+00,1.960500e+00,1.869403e+00,1.575706e+00,1.573438e+00,1.572172e+00,1.664082e+00,1.596332e+00,1.889895e+00,1.729962e+00,1.547495e-01,1.530219e+00,1.964000e+00
6.317000e+00,1.029600e+00,1.861527e+00,1.577198e+00,1.737476e+00,1.658924e+00,1.761719e+00,1.531387e+00,1.965256e+00,1.938073e+00,1.870338e+00,1.546342e+00,1.963667e+00,1.871045e+00,1.577000e+00,1.574125e+00,1.573283e+00,1.665388e+00,1.596376e+00,1.889474e+00,1.731033e+00,1.550047e-01,1.531387e+00,1.965256e+00
6.318000e+00,1.029860e+00,1.862061e+00,1.577994e+00,1.736796e+00,1.660269e+00,1.763125e+00,1.530876e+00,1.965674e+00,1.937982e+00,1.870997e+00,1.546812e+00,1.961167e+00,1.871045e+00,1.577353e+00,1.575312e+00,1.574545e+00,1.665918e+00,1.596987e+00,1.889895e+00,1.731378e+00,1.546496e-01,1.530876e+00,1.965674e+00
6.319000e+00,1.030280e+00,1.861985e+00,1.578496e+00,1.737961e+00,1.661031e+00,1.763750e+00,1.531606e+00,1.967581e+00,1.939266e+00,1.871656e+00,1.546460e+00,1.963500e+00,1.872090e+00,1.578118e+00,1.575187e+00,1.576212e+00,1.667755e+00,1.597991e+00,1.891158e+00,1.732322e+00,1.549653e-01,1.531606e+00,1.967581e+00
6.320000e+00,1.030360e+00,1.864275e+00,1.579233e+00,1.738738e+00,1.662197e+00,1.763125e+00,1.532263e+00,1.968372e+00,1.940367e+00,1.872412e+00,1.545805e+00,1.963000e+00,1.872836e+00,1.578647e+00,1.577063e+00,1.577525e+00,1.668735e+00,1.598690e+00,1.890947e+00,1.733013e+00,1.548995e-01,1.532263e+00,1.968372e+00
6.321000e+00,1.030710e+00,1.864275e+00,1.579705e+00,1.737767e+00,1.662735e+00,1.765078e+00,1.532701e+00,1.969488e+00,1.940642e+00,1.873457e+00,1.546208e+00,1.963833e+00,1.872090e+00,1.578235e+00,1.577000e+00,1.578283e+00,1.668898e+00,1.598821e+00,1.892842e+00,1.733448e+00,1.551015e-01,1.532701e+00,1.969488e+00
6.322000e+00,1.031050e+00,1.865038e+00,1.579794e+00,1.739417e+00,1.663991e+00,1.764844e+00,1.533796e+00,1.970279e+00,1.941009e+00,1.874486e+00,1.546359e+00,1.965833e+00,1.874627e+00,1.577412e+00,1.577875e+00,1.579444e+00,1.669837e+00,1.598996e+00,1.894211e+00,1.734291e+00,1.554303e-01,1.533796e+00,1.970279e+00
6.323000e+00,1.031240e+00,1.865878e+00,1.581121e+00,1.741845e+00,1.664798e+00,1.765234e+00,1.535182e+00,1.971209e+00,1.941743e+00,1.875048e+00,1.546275e+00,1.963500e+00,1.876716e+00,1.577529e+00,1.578188e+00,1.580455e+00,1.671184e+00,1.601485e+00,1.895474e+00,1.735159e+00,1.552077e-01,1.535182e+00,1.971209e+00
6.324000e+00,1.031430e+00,1.867939e+00,1.581150e+00,1.739709e+00,1.666143e+00,1.766016e+00,1.536423e+00,1.972512e+00,1.941743e+00,1.875514e+00,1.546728e+00,1.964167e+00,1.877164e+00,1.576353e+00,1.579625e+00,1.581566e+00,1.671837e+00,1.603013e+00,1.895895e+00,1.735750e+00,1.552262e-01,1.536423e+00,1.972512e+00
6.325000e+00,1.031630e+00,1.867405e+00,1.581445e+00,1.740000e+00,1.666502e+00,1.766328e+00,1.535474e+00,1.973535e+00,1.942294e+00,1.875900e+00,1.547114e+00,1.963167e+00,1.876866e+00,1.577412e+00,1.580313e+00,1.582071e+00,1.673184e+00,1.603493e+00,1.896316e+00,1.736045e+00,1.551158e-01,1.535474e+00,1.973535e+00
6.326000e+00,1.031960e+00,1.869084e+00,1.582448e+00,1.741456e+00,1.666637e+00,1.766875e+00,1.536788e+00,1.974372e+00,1.942294e+00,1.876672e+00,1.547802e+00,1.965167e+00,1.879403e+00,1.578647e+00,1.579750e+00,1.583283e+00,1.673796e+00,1.604061e+00,1.898526e+00,1.737059e+00,1.553856e-01,1.536788e+00,1.974372e+00
6.327000e+00,1.032150e+00,1.870229e+00,1.582773e+00,1.740291e+00,1.668296e+00,1.766641e+00,1.537226e+00,1.975349e+00,1.945413e+00,1.878376e+00,1.548591e+00,1.969000e+00,1.879104e+00,1.579059e+00,1.578750e+00,1.584040e+00,1.674816e+00,1.605371e+00,1.900316e+00,1.737980e+00,1.559981e-01,1.537226e+00,1.975349e+00
6.328000e+00,1.032380e+00,1.871679e+00,1.582920e+00,1.742136e+00,1.669686e+00,1.767031e+00,1.539197e+00,1.976140e+00,1.945963e+00,1.880161e+00,1.549128e+00,1.966000e+00,1.881194e+00,1.579353e+00,1.579125e+00,1.585202e+00,1.675633e+00,1.606245e+00,1.900526e+00,1.738740e+00,1.557617e-01,1.539197e+00,1.976140e+00
6.329000e+00,1.032590e+00,1.872137e+00,1.582773e+00,1.742718e+00,1.670717e+00,1.767266e+00,1.540730e+00,1.977814e+00,1.947431e+00,1.881431e+00,1.549379e+00,1.969167e+00,1.881642e+00,1.580059e+00,1.578687e+00,1.586313e+00,1.676327e+00,1.607162e+00,1.901158e+00,1.739606e+00,1.561399e-01,1.540730e+00,1.977814e+00
6.330000e+00,1.032910e+00,1.870305e+00,1.582448e+00,1.742427e+00,1.672691e+00,1.768594e+00,1.540219e+00,1.978698e+00,1.948624e+00,1.882556e+00,1.550101e+00,1.967000e+00,1.879403e+00,1.580765e+00,1.577937e+00,1.587071e+00,1.676653e+00,1.608341e+00,1.898737e+00,1.739587e+00,1.557177e-01,1.540219e+00,1.978698e+00
6.331000e+00,1.033230e+00,1.870153e+00,1.582153e+00,1.743689e+00,1.672825e+00,1.769531e+00,1.541387e+00,1.980047e+00,1.950275e+00,1.883633e+00,1.551007e+00,1.967500e+00,1.878358e+00,1.581882e+00,1.579250e+00,1.587424e+00,1.677633e+00,1.609520e+00,1.896526e+00,1.740155e+00,1.555140e-01,1.541387e+00,1.980047e+00
6.332000e+00,1.033410e+00,1.870840e+00,1.582743e+00,1.742621e+00,1.674081e+00,1.768438e+00,1.541679e+00,1.980047e+00,1.951560e+00,1.884695e+00,1.551510e+00,1.971667e+00,1.876716e+00,1.583176e+00,1.579875e+00,1.589242e+00,1.678571e+00,1.610044e+00,1.898211e+00,1.740873e+00,1.556683e-01,1.541679e+00,1.980047e+00
6.333000e+00,1.033660e+00,1.871603e+00,1.583215e+00,1.743010e+00,1.675157e+00,1.767813e+00,1.541752e+00,1.981860e+00,1.952844e+00,1.885289e+00,1.551946e+00,1.971333e+00,1.876418e+00,1.584294e+00,1.580938e+00,1.589545e+00,1.679551e+00,1.611397e+00,1.894421e+00,1.741244e+00,1.554170e-01,1.541752e+00,1.981860e+00
6.334000e+00,1.033810e+00,1.872214e+00,1.584189e+00,1.742427e+00,1.676278e+00,1.769141e+00,1.540803e+00,1.982744e+00,1.954862e+00,1.885547e+00,1.552819e+00,1.973500e+00,1.879701e+00,1.585000e+00,1.580875e+00,1.591212e+00,1.679714e+00,1.613406e+00,1.895789e+00,1.742235e+00,1.558181e-01,1.540803e+00,1.982744e+00
6.335000e+00,1.034190e+00,1.871679e+00,1.584985e+00,1.742136e+00,1.676637e+00,1.769453e+00,1.543066e+00,1.983814e+00,1.955321e+00,1.885740e+00,1.553456e+00,1.970833e+00,1.880299e+00,1.586059e+00,1.583000e+00,1.591162e+00,1.680286e+00,1.614760e+00,1.896526e+00,1.742734e+00,1.552722e-01,1.543066e+00,1.983814e+00
6.336000e+00,1.034450e+00,1.872214e+00,1.586401e+00,1.742427e+00,1.677578e+00,1.769453e+00,1.543212e+00,1.984930e+00,1.957248e+00,1.885804e+00,1.553507e+00,1.973833e+00,1.880448e+00,1.586471e+00,1.583750e+00,1.592020e+00,1.681184e+00,1.615808e+00,1.896526e+00,1.743490e+00,1.555002e-01,1.543212e+00,1.984930e+00
6.337000e+00,1.034610e+00,1.872672e+00,1.587375e+00,1.743689e+00,1.678924e+00,1.771016e+00,1.543577e+00,1.985442e+00,1.957431e+00,1.885916e+00,1.554346e+00,1.974500e+00,1.882239e+00,1.587941e+00,1.583938e+00,1.593384e+00,1.681469e+00,1.617249e+00,1.897684e+00,1.744377e+00,1.553974e-01,1.543577e+00,1.985442e+00
6.338000e+00,1.034870e+00,1.872519e+00,1.588525e+00,1.743301e+00,1.680448e+00,1.771797e+00,1.543358e+00,1.985163e+00,1.957706e+00,1.886029e+00,1.554883e+00,1.974167e+00,1.880448e+00,1.588647e+00,1.584375e+00,1.594293e+00,1.680612e+00,1.616812e+00,1.898316e+00,1.744522e+00,1.551256e-01,1.543358e+00,1.985163e+00
6.339000e+00,1.035140e+00,1.873359e+00,1.589086e+00,1.744369e+00,1.681525e+00,1.771172e+00,1.542044e+00,1.983767e+00,1.955229e+00,1.886608e+00,1.555285e+00,1.978000e+00,1.883731e+00,1.590588e+00,1.584937e+00,1.595101e+00,1.679878e+00,1.617598e+00,1.899053e+00,1.745074e+00,1.552085e-01,1.542044e+00,1.983767e+00
6.340000e+00,1.035450e+00,1.874275e+00,1.589853e+00,1.743883e+00,1.682332e+00,1.772031e+00,1.543358e+00,1.984698e+00,1.954220e+00,1.887492e+00,1.555587e+00,1.975500e+00,1.886418e+00,1.590706e+00,1.586125e+00,1.596162e+00,1.680122e+00,1.617642e+00,1.900105e+00,1.745584e+00,1.549770e-01,1.543358e+00,1.984698e+00
6.341000e+00,1.035690e+00,1.875573e+00,1.590973e+00,1.745340e+00,1.683408e+00,1.773281e+00,1.543869e+00,1.984372e+00,1.953486e+00,1.888055e+00,1.556560e+00,1.977000e+00,1.884776e+00,1.592765e+00,1.587313e+00,1.596818e+00,1.680163e+00,1.617991e+00,1.901158e+00,1.746272e+00,1.546702e-01,1.543869e+00,1.984372e+00
6.342000e+00,1.035910e+00,1.876031e+00,1.591062e+00,1.747573e+00,1.683812e+00,1.773750e+00,1.545255e+00,1.985674e+00,1.954128e+00,1.888424e+00,1.556846e+00,1.981000e+00,1.886716e+00,1.593294e+00,1.588312e+00,1.597323e+00,1.681143e+00,1.618734e+00,1.902421e+00,1.747306e+00,1.550686e-01,1.545255e+00,1.985674e+00
6.343000e+00,1.036210e+00,1.877863e+00,1.591563e+00,1.745825e+00,1.684305e+00,1.774922e+00,1.544745e+00,1.986512e+00,1.953945e+00,1.888859e+00,1.557517e+00,1.980000e+00,1.887910e+00,1.594647e+00,1.588563e+00,1.598030e+00,1.681918e+00,1.619563e+00,1.903895e+00,1.747810e+00,1.550725e-01,1.544745e+00,1.986512e+00
6.344000e+00,1.036510e+00,1.878855e+00,1.591593e+00,1.747767e+00,1.685561e+00,1.774219e+00,1.545328e+00,1.987070e+00,1.954495e+00,1.889534e+00,1.558003e+00,1.981333e+00,1.886716e+00,1.594882e+00,1.589000e+00,1.598838e+00,1.682245e+00,1.620524e+00,1.903684e+00,1.748314e+00,1.550349e-01,1.545328e+00,1.987070e+00
6.345000e+00,1.036750e+00,1.879542e+00,1.592419e+00,1.748738e+00,1.686054e+00,1.777266e+00,1.546496e+00,1.988000e+00,1.955413e+00,1.889984e+00,1.557953e+00,1.980000e+00,1.892090e+00,1.596588e+00,1.590937e+00,1.599242e+00,1.683102e+00,1.621354e+00,1.906632e+00,1.749545e+00,1.551675e-01,1.546496e+00,1.988000e+00
6.346000e+00,1.036900e+00,1.880840e+00,1.592832e+00,1.748058e+00,1.686278e+00,1.777344e+00,1.547007e+00,1.988930e+00,1.956055e+00,1.890080e+00,1.558943e+00,1.984000e+00,1.891493e+00,1.597529e+00,1.592375e+00,1.600354e+00,1.684082e+00,1.622926e+00,1.906211e+00,1.750296e+00,1.552179e-01,1.547007e+00,1.988930e+00
6.347000e+00,1.037170e+00,1.881985e+00,1.593068e+00,1.749126e+00,1.687220e+00,1.777031e+00,1.547956e+00,1.990512e+00,1.957248e+00,1.890080e+00,1.559983e+00,1.980667e+00,1.892985e+00,1.598176e+00,1.593687e+00,1.600758e+00,1.684408e+00,1.624236e+00,1.908211e+00,1.750963e+00,1.550288e-01,1.547956e+00,1.990512e+00
6.348000e+00,1.037450e+00,1.883282e+00,1.593805e+00,1.749515e+00,1.687758e+00,1.777266e+00,1.548467e+00,1.990884e+00,1.958532e+00,1.890563e+00,1.560587e+00,1.981833e+00,1.895672e+00,1.598765e+00,1.594812e+00,1.598586e+00,1.685265e+00,1.624672e+00,1.908632e+00,1.751605e+00,1.553497e-01,1.548467e+00,1.990884e+00
6.349000e+00,1.037750e+00,1.885038e+00,1.594366e+00,1.749417e+00,1.689238e+00,1.779688e+00,1.549562e+00,1.992512e+00,1.960734e+00,1.891688e+00,1.560956e+00,1.983333e+00,1.896866e+00,1.599176e+00,1.595250e+00,1.597677e+00,1.686857e+00,1.625939e+00,1.912105e+00,1.752800e+00,1.559321e-01,1.549562e+00,1.992512e+00
6.350000e+00,1.038000e+00,1.885802e+00,1.594012e+00,1.752136e+00,1.689148e+00,1.780469e+00,1.550146e+00,1.993767e+00,1.961835e+00,1.893215e+00,1.561628e+00,1.983667e+00,1.896567e+00,1.600647e+00,1.596125e+00,1.597576e+00,1.686939e+00,1.627424e+00,1.911684e+00,1.753488e+00,1.559677e-01,1.550146e+00,1.993767e+00
6.351000e+00,1.038320e+00,1.887023e+00,1.593717e+00,1.751068e+00,1.690000e+00,1.780469e+00,1.551679e+00,1.994512e+00,1.962936e+00,1.894662e+00,1.562198e+00,1.984833e+00,1.898060e+00,1.601824e+00,1.597063e+00,1.598030e+00,1.688449e+00,1.627904e+00,1.913053e+00,1.754304e+00,1.561415e-01,1.551679e+00,1.994512e+00
6.352000e+00,1.038550e+00,1.886107e+00,1.593982e+00,1.750485e+00,1.691166e+00,1.782344e+00,1.552263e+00,1.995395e+00,1.966147e+00,1.896158e+00,1.562517e+00,1.983000e+00,1.899403e+00,1.602059e+00,1.596938e+00,1.598283e+00,1.689306e+00,1.628253e+00,1.913579e+00,1.754855e+00,1.562952e-01,1.552263e+00,1.995395e+00
6.353000e+00,1.038760e+00,1.888702e+00,1.594366e+00,1.753204e+00,1.692197e+00,1.781406e+00,1.552409e+00,1.996000e+00,1.965963e+00,1.897830e+00,1.562953e+00,1.984833e+00,1.901045e+00,1.602353e+00,1.598375e+00,1.599495e+00,1.690082e+00,1.628472e+00,1.914737e+00,1.755801e+00,1.565481e-01,1.552409e+00,1.996000e+00
6.354000e+00,1.039000e+00,1.888626e+00,1.595133e+00,1.750971e+00,1.693274e+00,1.783594e+00,1.553796e+00,1.997163e+00,1.968073e+00,1.899678e+00,1.563641e+00,1.988333e+00,1.900746e+00,1.602882e+00,1.599312e+00,1.600909e+00,1.691429e+00,1.630830e+00,1.915684e+00,1.756893e+00,1.567300e-01,1.553796e+00,1.997163e+00
6.355000e+00,1.039190e+00,1.889924e+00,1.595634e+00,1.753786e+00,1.694305e+00,1.786172e+00,1.554599e+00,1.997860e+00,1.968349e+00,1.901881e+00,1.564195e+00,1.985500e+00,1.903582e+00,1.603529e+00,1.600438e+00,1.601515e+00,1.691918e+00,1.631921e+00,1.919158e+00,1.758015e+00,1.567745e-01,1.554599e+00,1.997860e+00
6.356000e+00,1.039590e+00,1.889771e+00,1.596372e+00,1.755340e+00,1.695426e+00,1.785313e+00,1.556131e+00,1.999767e+00,1.970917e+00,1.903698e+00,1.564681e+00,1.990333e+00,1.903881e+00,1.604647e+00,1.601188e+00,1.602727e+00,1.693102e+00,1.631878e+00,1.919789e+00,1.759165e+00,1.572399e-01,1.556131e+00,1.999767e+00
6.357000e+00,1.039810e+00,1.890458e+00,1.597080e+00,1.753204e+00,1.696054e+00,1.784141e+00,1.556277e+00,2.000698e+00,1.971101e+00,1.904469e+00,1.564245e+00,1.988667e+00,1.904925e+00,1.604941e+00,1.601562e+00,1.603737e+00,1.693959e+00,1.632664e+00,1.921368e+00,1.759419e+00,1.572222e-01,1.556277e+00,2.000698e+00
6.358000e+00,1.040060e+00,1.891298e+00,1.598171e+00,1.756408e+00,1.696861e+00,1.786875e+00,1.557007e+00,2.001860e+00,1.973486e+00,1.904727e+00,1.563473e+00,1.991000e+00,1.906119e+00,1.606588e+00,1.602250e+00,1.604747e+00,1.694735e+00,1.633450e+00,1.922947e+00,1.760667e+00,1.575949e-01,1.557007e+00,2.001860e+00
6.359000e+00,1.040320e+00,1.892214e+00,1.599115e+00,1.756117e+00,1.697892e+00,1.787500e+00,1.556934e+00,2.002930e+00,1.972752e+00,1.905064e+00,1.562953e+00,1.991333e+00,1.906866e+00,1.607294e+00,1.602187e+00,1.606162e+00,1.695306e+00,1.634410e+00,1.922842e+00,1.761104e+00,1.575519e-01,1.556934e+00,2.002930e+00
6.360000e+00,1.040590e+00,1.893282e+00,1.600324e+00,1.756117e+00,1.698879e+00,1.786953e+00,1.558540e+00,2.003628e+00,1.973670e+00,1.906029e+00,1.563121e+00,1.987333e+00,1.908955e+00,1.607412e+00,1.603562e+00,1.607323e+00,1.696163e+00,1.634891e+00,1.924105e+00,1.761683e+00,1.572260e-01,1.558540e+00,2.003628e+00
6.361000e+00,1.040840e+00,1.894427e+00,1.601475e+00,1.758544e+00,1.698969e+00,1.789062e+00,1.558978e+00,2.004837e+00,1.974862e+00,1.906961e+00,1.563205e+00,1.992500e+00,1.908955e+00,1.609118e+00,1.604875e+00,1.608333e+00,1.696408e+00,1.634672e+00,1.924421e+00,1.762811e+00,1.576456e-01,1.558978e+00,2.004837e+00
6.362000e+00,1.040910e+00,1.894198e+00,1.601770e+00,1.758155e+00,1.699462e+00,1.789375e+00,1.558905e+00,2.005721e+00,1.974954e+00,1.907444e+00,1.563305e+00,1.993500e+00,1.908358e+00,1.610412e+00,1.604437e+00,1.609949e+00,1.697592e+00,1.635764e+00,1.925158e+00,1.763248e+00,1.575982e-01,1.558905e+00,2.005721e+00
6.363000e+00,1.041390e+00,1.895878e+00,1.602655e+00,1.757379e+00,1.700942e+00,1.787031e+00,1.560146e+00,2.006558e+00,1.976055e+00,1.908039e+00,1.563792e+00,1.994167e+00,1.910896e+00,1.611882e+00,1.605125e+00,1.611515e+00,1.697429e+00,1.635415e+00,1.925579e+00,1.763916e+00,1.576608e-01,1.560146e+00,2.006558e+00
6.364000e+00,1.041650e+00,1.896565e+00,1.603097e+00,1.757379e+00,1.701121e+00,1.790000e+00,1.561241e+00,2.007860e+00,1.975780e+00,1.908682e+00,1.564362e+00,1.996000e+00,1.911343e+00,1.612706e+00,1.606375e+00,1.611717e+00,1.698776e+00,1.636245e+00,1.925895e+00,1.764730e+00,1.576900e-01,1.561241e+00,2.007860e+00
6.365000e+00,1.041890e+00,1.896794e+00,1.603245e+00,1.755631e+00,1.701031e+00,1.788203e+00,1.562190e+00,2.008512e+00,1.977156e+00,1.909116e+00,1.564933e+00,1.994833e+00,1.912239e+00,1.612765e+00,1.607812e+00,1.612929e+00,1.699755e+00,1.635721e+00,1.926632e+00,1.764972e+00,1.576027e-01,1.562190e+00,2.008512e+00
6.366000e+00,1.042060e+00,1.897634e+00,1.603068e+00,1.756796e+00,1.699776e+00,1.788594e+00,1.562409e+00,2.009581e+00,1.978165e+00,1.909486e+00,1.565671e+00,1.997833e+00,1.913881e+00,1.613941e+00,1.608250e+00,1.613687e+00,1.700245e+00,1.636900e+00,1.928211e+00,1.765785e+00,1.580249e-01,1.562409e+00,2.009581e+00
6.367000e+00,1.042390e+00,1.898931e+00,1.603894e+00,1.756602e+00,1.699193e+00,1.790391e+00,1.563650e+00,2.010419e+00,1.979908e+00,1.909855e+00,1.566426e+00,1.997667e+00,1.915075e+00,1.615118e+00,1.608375e+00,1.614293e+00,1.700939e+00,1.637948e+00,1.929263e+00,1.766552e+00,1.580895e-01,1.563650e+00,2.010419e+00
6.368000e+00,1.042560e+00,1.899542e+00,1.604130e+00,1.756602e+00,1.699417e+00,1.791172e+00,1.564453e+00,2.011349e+00,1.979817e+00,1.910193e+00,1.567265e+00,1.999667e+00,1.916866e+00,1.615588e+00,1.609000e+00,1.615657e+00,1.701347e+00,1.639214e+00,1.929684e+00,1.767276e+00,1.581608e-01,1.564453e+00,2.011349e+00
6.369000e+00,1.042580e+00,1.900611e+00,1.604572e+00,1.757476e+00,1.699821e+00,1.790547e+00,1.564453e+00,2.012000e+00,1.981193e+00,1.910402e+00,1.567601e+00,2.002833e+00,1.915821e+00,1.616471e+00,1.610437e+00,1.616717e+00,1.702571e+00,1.641004e+00,1.930737e+00,1.768070e+00,1.582863e-01,1.564453e+00,2.012000e+00
6.370000e+00,1.043000e+00,1.900763e+00,1.605074e+00,1.757670e+00,1.700762e+00,1.791328e+00,1.566131e+00,2.013209e+00,1.983670e+00,1.910466e+00,1.568540e+00,2.001167e+00,1.917761e+00,1.617471e+00,1.611438e+00,1.616970e+00,1.702939e+00,1.642707e+00,1.932000e+00,1.768893e+00,1.581850e-01,1.566131e+00,2.013209e+00
6.371000e+00,1.043300e+00,1.900687e+00,1.605074e+00,1.757573e+00,1.701525e+00,1.793906e+00,1.565401e+00,2.012744e+00,1.983394e+00,1.910788e+00,1.569581e+00,2.004500e+00,1.919552e+00,1.618588e+00,1.611937e+00,1.617980e+00,1.701714e+00,1.643100e+00,1.933684e+00,1.769541e+00,1.584538e-01,1.565401e+00,2.012744e+00
6.372000e+00,1.043560e+00,1.900458e+00,1.605133e+00,1.758350e+00,1.702646e+00,1.793828e+00,1.564964e+00,2.011814e+00,1.985138e+00,1.911238e+00,1.570285e+00,2.003167e+00,1.918806e+00,1.617412e+00,1.612188e+00,1.618838e+00,1.701020e+00,1.644105e+00,1.933684e+00,1.769615e+00,1.582927e-01,1.564964e+00,2.011814e+00
6.373000e+00,1.043700e+00,1.899771e+00,1.605752e+00,1.760291e+00,1.703408e+00,1.795469e+00,1.564599e+00,2.011721e+00,1.987064e+00,1.911592e+00,1.570688e+00,2.004500e+00,1.920597e+00,1.618882e+00,1.612938e+00,1.619949e+00,1.701020e+00,1.645022e+00,1.935579e+00,1.770491e+00,1.584621e-01,1.564599e+00,2.011721e+00
6.374000e+00,1.044010e+00,1.898855e+00,1.606254e+00,1.759223e+00,1.703722e+00,1.795703e+00,1.564818e+00,2.011860e+00,1.988073e+00,1.911977e+00,1.571376e+00,2.005667e+00,1.923134e+00,1.619706e+00,1.613625e+00,1.620606e+00,1.700327e+00,1.645633e+00,1.934632e+00,1.770844e+00,1.584839e-01,1.564818e+00,2.011860e+00
6.375000e+00,1.044300e+00,1.899237e+00,1.606991e+00,1.762039e+00,1.705561e+00,1.796797e+00,1.565985e+00,2.012233e+00,1.989083e+00,1.912395e+00,1.571628e+00,2.005167e+00,1.921045e+00,1.620529e+00,1.614937e+00,1.620808e+00,1.700286e+00,1.646856e+00,1.936737e+00,1.771573e+00,1.582324e-01,1.565985e+00,2.012233e+00
6.376000e+00,1.044580e+00,1.900229e+00,1.608083e+00,1.760680e+00,1.706637e+00,1.797031e+00,1.564672e+00,2.013349e+00,1.990367e+00,1.912797e+00,1.571997e+00,2.006833e+00,1.923433e+00,1.620706e+00,1.615875e+00,1.622626e+00,1.700980e+00,1.647817e+00,1.936316e+00,1.772246e+00,1.585003e-01,1.564672e+00,2.013349e+00
6.377000e+00,1.044830e+00,1.900611e+00,1.608407e+00,1.762039e+00,1.707534e+00,1.797031e+00,1.566131e+00,2.015023e+00,1.991101e+00,1.913103e+00,1.572483e+00,2.004333e+00,1.924478e+00,1.621647e+00,1.616062e+00,1.623737e+00,1.701551e+00,1.646594e+00,1.938947e+00,1.772823e+00,1.584703e-01,1.566131e+00,2.015023e+00
6.378000e+00,1.045110e+00,1.901221e+00,1.608820e+00,1.763398e+00,1.707578e+00,1.796641e+00,1.566861e+00,2.015581e+00,1.991009e+00,1.913633e+00,1.572953e+00,2.007167e+00,1.922090e+00,1.621824e+00,1.616750e+00,1.624949e+00,1.702245e+00,1.646812e+00,1.939895e+00,1.773302e+00,1.584686e-01,1.566861e+00,2.015581e+00
6.379000e+00,1.045370e+00,1.902443e+00,1.609646e+00,1.761553e+00,1.708744e+00,1.799922e+00,1.567080e+00,2.016977e+00,1.992018e+00,1.914759e+00,1.572919e+00,2.008000e+00,1.925075e+00,1.621412e+00,1.616875e+00,1.626111e+00,1.702612e+00,1.647729e+00,1.940737e+00,1.774145e+00,1.589008e-01,1.567080e+00,2.016977e+00
6.380000e+00,1.045510e+00,1.903282e+00,1.610413e+00,1.763107e+00,1.710045e+00,1.799922e+00,1.568686e+00,2.017116e+00,1.992661e+00,1.916109e+00,1.573171e+00,2.006333e+00,1.927313e+00,1.619471e+00,1.617375e+00,1.627879e+00,1.703755e+00,1.647031e+00,1.942000e+00,1.774759e+00,1.588972e-01,1.568686e+00,2.017116e+00
6.381000e+00,1.045740e+00,1.902824e+00,1.611593e+00,1.764466e+00,1.711300e+00,1.799375e+00,1.568102e+00,2.018605e+00,1.992936e+00,1.917106e+00,1.573574e+00,2.010333e+00,1.927015e+00,1.619647e+00,1.618437e+00,1.628283e+00,1.705061e+00,1.647860e+00,1.942632e+00,1.775508e+00,1.591698e-01,1.568102e+00,2.018605e+00
6.382000e+00,1.046100e+00,1.904809e+00,1.612301e+00,1.763981e+00,1.712466e+00,1.802031e+00,1.568905e+00,2.019907e+00,1.992477e+00,1.917862e+00,1.573859e+00,2.009333e+00,1.927910e+00,1.620118e+00,1.618937e+00,1.629747e+00,1.706041e+00,1.648646e+00,1.942947e+00,1.776238e+00,1.590488e-01,1.568905e+00,2.019907e+00
6.383000e+00,1.046250e+00,1.904351e+00,1.612891e+00,1.764369e+00,1.713946e+00,1.802344e+00,1.569708e+00,2.020651e+00,1.991284e+00,1.918424e+00,1.574815e+00,2.008500e+00,1.928955e+00,1.621059e+00,1.619438e+00,1.630101e+00,1.707551e+00,1.649825e+00,1.943263e+00,1.776749e+00,1.586585e-01,1.569708e+00,2.020651e+00
6.384000e+00,1.046690e+00,1.906870e+00,1.613923e+00,1.767184e+00,1.715247e+00,1.802109e+00,1.570584e+00,2.022279e+00,1.990092e+00,1.919228e+00,1.575654e+00,2.011000e+00,1.929701e+00,1.620765e+00,1.619875e+00,1.630354e+00,1.708653e+00,1.650393e+00,1.945263e+00,1.777732e+00,1.589247e-01,1.570584e+00,2.022279e+00
6.385000e+00,1.046860e+00,1.906031e+00,1.614366e+00,1.765728e+00,1.716457e+00,1.803828e+00,1.570073e+00,2.022465e+00,1.990000e+00,1.920193e+00,1.576057e+00,2.012167e+00,1.930299e+00,1.622000e+00,1.620625e+00,1.630909e+00,1.709959e+00,1.650218e+00,1.945368e+00,1.778152e+00,1.588939e-01,1.570073e+00,2.022465e+00
6.386000e+00,1.047090e+00,1.908473e+00,1.615133e+00,1.767184e+00,1.717444e+00,1.803984e+00,1.571533e+00,2.024000e+00,1.989450e+00,1.920820e+00,1.576594e+00,2.014500e+00,1.932388e+00,1.623294e+00,1.621375e+00,1.631970e+00,1.710408e+00,1.651747e+00,1.944947e+00,1.779180e+00,1.589442e-01,1.571533e+00,2.024000e+00
6.387000e+00,1.047390e+00,1.909389e+00,1.615546e+00,1.767184e+00,1.717758e+00,1.805156e+00,1.572774e+00,2.025070e+00,1.991193e+00,1.921592e+00,1.577332e+00,2.010833e+00,1.933731e+00,1.624294e+00,1.621125e+00,1.632778e+00,1.710776e+00,1.651703e+00,1.947789e+00,1.779779e+00,1.589316e-01,1.572774e+00,2.025070e+00
6.388000e+00,1.047640e+00,1.910000e+00,1.616136e+00,1.768252e+00,1.719776e+00,1.806172e+00,1.573504e+00,2.025814e+00,1.993119e+00,1.922653e+00,1.578104e+00,2.015000e+00,1.933881e+00,1.625118e+00,1.618500e+00,1.633838e+00,1.711633e+00,1.652620e+00,1.947684e+00,1.780656e+00,1.593645e-01,1.573504e+00,2.025814e+00
6.389000e+00,1.047950e+00,1.911298e+00,1.616047e+00,1.769320e+00,1.720404e+00,1.806563e+00,1.574161e+00,2.027860e+00,1.993578e+00,1.923939e+00,1.578523e+00,2.014833e+00,1.933731e+00,1.625412e+00,1.618812e+00,1.634343e+00,1.712082e+00,1.653406e+00,1.948211e+00,1.781251e+00,1.595136e-01,1.574161e+00,2.027860e+00
6.390000e+00,1.048070e+00,1.911679e+00,1.616313e+00,1.767961e+00,1.721794e+00,1.806094e+00,1.574453e+00,2.028884e+00,1.995046e+00,1.925450e+00,1.579614e+00,2.015500e+00,1.937313e+00,1.626824e+00,1.618500e+00,1.635404e+00,1.713224e+00,1.654803e+00,1.948737e+00,1.782088e+00,1.597363e-01,1.574453e+00,2.028884e+00
6.391000e+00,1.048320e+00,1.913206e+00,1.616785e+00,1.769806e+00,1.722287e+00,1.809062e+00,1.575985e+00,2.029814e+00,1.997156e+00,1.926833e+00,1.579799e+00,2.018667e+00,1.937015e+00,1.628000e+00,1.619000e+00,1.635556e+00,1.714367e+00,1.654541e+00,1.949579e+00,1.783192e+00,1.601413e-01,1.575985e+00,2.029814e+00
6.392000e+00,1.048680e+00,1.913588e+00,1.616519e+00,1.769903e+00,1.723767e+00,1.808516e+00,1.575912e+00,2.030791e+00,1.997339e+00,1.927990e+00,1.580201e+00,2.018833e+00,1.934030e+00,1.628588e+00,1.619125e+00,1.635303e+00,1.714531e+00,1.655109e+00,1.946842e+00,1.783160e+00,1.599139e-01,1.575912e+00,2.030791e+00
6.393000e+00,1.048990e+00,1.914809e+00,1.616637e+00,1.769612e+00,1.723857e+00,1.810234e+00,1.578613e+00,2.031302e+00,1.999358e+00,1.929518e+00,1.580436e+00,2.020333e+00,1.932537e+00,1.629882e+00,1.621313e+00,1.636616e+00,1.715755e+00,1.656463e+00,1.944421e+00,1.783983e+00,1.595976e-01,1.578613e+00,2.031302e+00
6.394000e+00,1.049170e+00,1.916260e+00,1.616991e+00,1.771068e+00,1.724709e+00,1.810469e+00,1.577445e+00,2.032837e+00,2.002110e+00,1.931399e+00,1.580872e+00,2.020000e+00,1.934627e+00,1.631353e+00,1.621625e+00,1.637828e+00,1.716490e+00,1.657249e+00,1.943579e+00,1.784828e+00,1.599315e-01,1.577445e+00,2.032837e+00
6.395000e+00,1.049460e+00,1.915649e+00,1.618024e+00,1.770388e+00,1.724529e+00,1.811094e+00,1.577226e+00,2.033814e+00,2.003028e+00,1.933071e+00,1.580587e+00,2.020667e+00,1.932985e+00,1.631529e+00,1.622063e+00,1.637374e+00,1.716857e+00,1.658865e+00,1.943368e+00,1.785062e+00,1.599988e-01,1.577226e+00,2.033814e+00
6.396000e+00,1.049630e+00,1.917939e+00,1.618938e+00,1.768835e+00,1.726188e+00,1.809453e+00,1.580000e+00,2.034605e+00,2.003028e+00,1.933778e+00,1.579581e+00,2.024167e+00,1.935224e+00,1.632471e+00,1.623875e+00,1.634646e+00,1.717796e+00,1.659825e+00,1.944000e+00,1.785797e+00,1.603500e-01,1.579581e+00,2.034605e+00
6.397000e+00,1.049890e+00,1.917863e+00,1.620059e+00,1.771359e+00,1.727623e+00,1.810156e+00,1.579562e+00,2.035302e+00,2.004312e+00,1.933778e+00,1.579430e+00,2.022500e+00,1.933731e+00,1.634059e+00,1.625062e+00,1.634444e+00,1.718122e+00,1.660306e+00,1.945263e+00,1.786274e+00,1.601303e-01,1.579430e+00,2.035302e+00
6.398000e+00,1.050110e+00,1.918321e+00,1.620236e+00,1.769806e+00,1.728027e+00,1.809219e+00,1.580146e+00,2.036093e+00,2.005138e+00,1.933778e+00,1.579346e+00,2.025833e+00,1.935522e+00,1.635118e+00,1.625312e+00,1.635000e+00,1.718816e+00,1.661790e+00,1.946211e+00,1.786873e+00,1.604674e-01,1.579346e+00,2.036093e+00
6.399000e+00,1.050390e+00,1.919466e+00,1.621268e+00,1.770194e+00,1.729327e+00,1.809844e+00,1.579927e+00,2.037907e+00,2.007339e+00,1.933778e+00,1.579128e+00,2.026000e+00,1.937910e+00,1.636412e+00,1.626000e+00,1.635758e+00,1.719755e+00,1.662402e+00,1.947158e+00,1.787754e+00,1.607856e-01,1.579128e+00,2.037907e+00
6.400000e+00,1.050650e+00,1.919466e+00,1.621563e+00,1.771262e+00,1.730314e+00,1.811250e+00,1.580876e+00,2.038744e+00,2.006514e+00,1.933971e+00,1.579581e+00,2.028167e+00,1.936269e+00,1.637118e+00,1.627687e+00,1.636566e+00,1.720122e+00,1.662140e+00,1.947895e+00,1.788306e+00,1.606367e-01,1.579581e+00,2.038744e+00
6.401000e+00,1.050970e+00,1.920534e+00,1.622773e+00,1.771165e+00,1.731076e+00,1.811328e+00,1.581971e+00,2.039814e+00,2.008073e+00,1.934550e+00,1.579832e+00,2.028333e+00,1.938955e+00,1.637294e+00,1.628437e+00,1.636717e+00,1.720490e+00,1.662402e+00,1.948947e+00,1.789039e+00,1.608758e-01,1.579832e+00,2.039814e+00
6.402000e+00,1.051260e+00,1.919618e+00,1.623038e+00,1.772524e+00,1.731659e+00,1.810391e+00,1.582263e+00,2.040465e+00,2.009266e+00,1.935209e+00,1.580352e+00,2.028833e+00,1.940746e+00,1.638765e+00,1.628313e+00,1.637929e+00,1.721469e+00,1.662926e+00,1.950421e+00,1.789677e+00,1.609500e-01,1.580352e+00,2.040465e+00
6.403000e+00,1.051430e+00,1.922137e+00,1.623805e+00,1.772816e+00,1.732601e+00,1.813750e+00,1.582847e+00,2.041674e+00,2.008716e+00,1.935675e+00,1.581158e+00,2.028833e+00,1.941045e+00,1.639294e+00,1.628875e+00,1.638990e+00,1.722531e+00,1.663843e+00,1.953368e+00,1.790664e+00,1.610112e-01,1.581158e+00,2.041674e+00
6.404000e+00,1.051760e+00,1.922137e+00,1.624484e+00,1.772330e+00,1.733946e+00,1.814219e+00,1.581825e+00,2.041442e+00,2.010275e+00,1.936093e+00,1.581997e+00,2.028000e+00,1.943881e+00,1.640059e+00,1.630375e+00,1.639899e+00,1.722776e+00,1.664410e+00,1.954632e+00,1.791265e+00,1.610330e-01,1.581825e+00,2.041442e+00
6.405000e+00,1.051990e+00,1.922977e+00,1.624543e+00,1.774466e+00,1.735695e+00,1.813516e+00,1.581752e+00,2.040140e+00,2.009174e+00,1.936495e+00,1.582265e+00,2.030500e+00,1.946418e+00,1.641529e+00,1.631188e+00,1.640505e+00,1.721755e+00,1.665633e+00,1.955158e+00,1.791873e+00,1.610125e-01,1.581752e+00,2.040140e+00
6.406000e+00,1.052160e+00,1.924046e+00,1.625221e+00,1.773786e+00,1.736054e+00,1.813828e+00,1.580657e+00,2.040093e+00,2.011376e+00,1.936736e+00,1.582919e+00,2.031333e+00,1.946716e+00,1.642294e+00,1.632875e+00,1.642475e+00,1.720857e+00,1.666856e+00,1.955684e+00,1.792434e+00,1.610752e-01,1.580657e+00,2.040093e+00
6.407000e+00,1.052510e+00,1.924733e+00,1.625634e+00,1.775146e+00,1.736682e+00,1.815391e+00,1.582117e+00,2.040837e+00,2.012477e+00,1.936817e+00,1.584211e+00,2.027167e+00,1.949104e+00,1.643176e+00,1.633875e+00,1.643586e+00,1.720204e+00,1.668428e+00,1.956421e+00,1.793111e+00,1.606439e-01,1.582117e+00,2.040837e+00
6.408000e+00,1.052700e+00,1.926794e+00,1.626460e+00,1.776505e+00,1.737668e+00,1.815781e+00,1.582555e+00,2.040698e+00,2.014587e+00,1.936865e+00,1.584916e+00,2.032000e+00,1.949851e+00,1.643706e+00,1.634937e+00,1.643990e+00,1.720939e+00,1.669301e+00,1.958842e+00,1.794244e+00,1.611412e-01,1.582555e+00,2.040698e+00
6.409000e+00,1.053000e+00,1.928015e+00,1.626490e+00,1.777476e+00,1.738072e+00,1.817266e+00,1.582993e+00,2.041953e+00,2.015688e+00,1.937042e+00,1.585151e+00,2.029667e+00,1.951791e+00,1.644765e+00,1.636187e+00,1.644747e+00,1.721510e+00,1.670087e+00,1.962000e+00,1.795050e+00,1.612269e-01,1.582993e+00,2.041953e+00
6.410000e+00,1.053140e+00,1.928473e+00,1.627463e+00,1.776893e+00,1.738610e+00,1.816094e+00,1.583504e+00,2.042605e+00,2.016422e+00,1.937042e+00,1.586091e+00,2.033333e+00,1.952836e+00,1.645706e+00,1.636312e+00,1.646061e+00,1.721959e+00,1.670568e+00,1.962211e+00,1.795677e+00,1.613932e-01,1.583504e+00,2.042605e+00
6.411000e+00,1.053270e+00,1.928702e+00,1.627670e+00,1.777087e+00,1.739776e+00,1.818281e+00,1.584380e+00,2.042837e+00,2.018165e+00,1.937042e+00,1.586611e+00,2.032333e+00,1.954776e+00,1.646235e+00,1.638000e+00,1.646869e+00,1.722653e+00,1.669301e+00,1.965368e+00,1.796449e+00,1.615167e-01,1.584380e+00,2.042837e+00
6.412000e+00,1.053710e+00,1.930229e+00,1.627758e+00,1.777282e+00,1.740897e+00,1.819141e+00,1.585985e+00,2.044419e+00,2.019541e+00,1.938151e+00,1.586829e+00,2.030000e+00,1.955373e+00,1.646882e+00,1.638875e+00,1.647475e+00,1.723224e+00,1.666201e+00,1.966316e+00,1.796921e+00,1.616356e-01,1.585985e+00,2.044419e+00
6.413000e+00,1.053710e+00,1.928550e+00,1.627611e+00,1.779126e+00,1.741211e+00,1.818984e+00,1.585255e+00,2.044930e+00,2.021468e+00,1.940016e+00,1.587500e+00,2.036000e+00,1.958209e+00,1.648059e+00,1.639438e+00,1.648535e+00,1.724082e+00,1.663712e+00,1.966842e+00,1.797752e+00,1.624513e-01,1.585255e+00,2.044930e+00
6.414000e+00,1.054110e+00,1.928015e+00,1.627463e+00,1.778641e+00,1.741435e+00,1.821250e+00,1.587153e+00,2.045953e+00,2.022569e+00,1.941527e+00,1.588104e+00,2.033500e+00,1.960896e+00,1.648412e+00,1.640375e+00,1.651313e+00,1.724857e+00,1.662882e+00,1.968632e+00,1.798499e+00,1.623745e-01,1.587153e+00,2.045953e+00
6.415000e+00,1.054440e+00,1.928550e+00,1.628053e+00,1.780000e+00,1.742601e+00,1.822422e+00,1.586715e+00,2.046465e+00,2.024037e+00,1.942605e+00,1.588473e+00,2.035667e+00,1.960000e+00,1.649176e+00,1.641187e+00,1.651616e+00,1.725755e+00,1.663231e+00,1.969684e+00,1.799235e+00,1.626041e-01,1.586715e+00,2.046465e+00
6.416000e+00,1.054700e+00,1.927176e+00,1.628525e+00,1.781650e+00,1.744260e+00,1.822266e+00,1.587737e+00,2.047070e+00,2.023670e+00,1.943601e+00,1.588943e+00,2.036833e+00,1.960896e+00,1.649765e+00,1.641812e+00,1.651566e+00,1.726571e+00,1.663581e+00,1.970842e+00,1.799820e+00,1.625496e-01,1.587737e+00,2.047070e+00
6.417000e+00,1.054950e+00,1.927481e+00,1.629204e+00,1.779417e+00,1.744126e+00,1.821328e+00,1.589708e+00,2.048186e+00,2.025138e+00,1.944566e+00,1.589547e+00,2.038500e+00,1.962090e+00,1.650000e+00,1.642562e+00,1.653131e+00,1.727510e+00,1.664629e+00,1.972000e+00,1.800507e+00,1.626671e-01,1.589547e+00,2.048186e+00
6.418000e+00,1.055120e+00,1.928244e+00,1.630413e+00,1.781068e+00,1.745291e+00,1.823359e+00,1.589562e+00,2.050000e+00,2.026055e+00,1.945434e+00,1.590000e+00,2.037833e+00,1.962687e+00,1.651706e+00,1.642813e+00,1.655152e+00,1.728449e+00,1.665546e+00,1.972000e+00,1.801423e+00,1.625656e-01,1.589562e+00,2.050000e+00
6.419000e+00,1.055490e+00,1.927710e+00,1.631504e+00,1.782621e+00,1.743677e+00,1.824141e+00,1.590219e+00,2.051488e+00,2.026514e+00,1.946527e+00,1.590386e+00,2.035833e+00,1.965522e+00,1.652471e+00,1.643812e+00,1.655808e+00,1.729143e+00,1.667031e+00,1.973579e+00,1.802110e+00,1.625228e-01,1.590219e+00,2.051488e+00
6.420000e+00,1.055740e+00,1.929924e+00,1.632596e+00,1.782913e+00,1.743274e+00,1.822266e+00,1.591095e+00,2.052930e+00,2.026881e+00,1.947765e+00,1.590906e+00,2.039833e+00,1.967164e+00,1.652529e+00,1.643687e+00,1.655960e+00,1.731020e+00,1.667904e+00,1.974737e+00,1.802966e+00,1.630490e-01,1.590906e+00,2.052930e+00
6.421000e+00,1.055970e+00,1.930992e+00,1.633333e+00,1.784175e+00,1.742915e+00,1.824453e+00,1.591971e+00,2.053814e+00,2.028532e+00,1.948585e+00,1.591527e+00,2.042167e+00,1.967313e+00,1.652941e+00,1.644500e+00,1.657374e+00,1.731469e+00,1.668559e+00,1.974947e+00,1.803865e+00,1.632322e-01,1.591527e+00,2.053814e+00
6.422000e+00,1.056120e+00,1.931450e+00,1.633982e+00,1.784563e+00,1.743587e+00,1.826328e+00,1.592847e+00,2.054977e+00,2.028532e+00,1.949068e+00,1.591997e+00,2.041500e+00,1.966866e+00,1.654471e+00,1.644250e+00,1.658232e+00,1.732653e+00,1.670524e+00,1.975368e+00,1.804511e+00,1.629558e-01,1.591997e+00,2.054977e+00
6.423000e+00,1.056520e+00,1.932214e+00,1.635133e+00,1.783301e+00,1.744081e+00,1.824922e+00,1.593212e+00,2.055814e+00,2.029174e+00,1.949550e+00,1.592802e+00,2.044167e+00,1.968507e+00,1.656176e+00,1.645625e+00,1.658333e+00,1.734122e+00,1.671528e+00,1.977474e+00,1.805341e+00,1.631520e-01,1.592802e+00,2.055814e+00
6.424000e+00,1.056700e+00,1.932061e+00,1.635457e+00,1.784466e+00,1.744709e+00,1.826094e+00,1.594307e+00,2.057581e+00,2.030000e+00,1.950193e+00,1.593725e+00,2.040167e+00,1.968060e+00,1.656294e+00,1.646500e+00,1.659293e+00,1.734449e+00,1.672838e+00,1.976421e+00,1.805701e+00,1.626349e-01,1.593725e+00,2.057581e+00
6.425000e+00,1.057010e+00,1.933053e+00,1.635575e+00,1.784369e+00,1.745291e+00,1.826172e+00,1.594380e+00,2.058186e+00,2.030000e+00,1.951125e+00,1.594211e+00,2.045000e+00,1.971791e+00,1.657176e+00,1.647938e+00,1.660253e+00,1.735347e+00,1.673843e+00,1.979158e+00,1.806826e+00,1.632366e-01,1.594211e+00,2.058186e+00
6.426000e+00,1.057220e+00,1.934427e+00,1.636195e+00,1.784175e+00,1.746637e+00,1.827109e+00,1.595693e+00,2.058837e+00,2.030826e+00,1.951977e+00,1.594799e+00,2.046667e+00,1.971642e+00,1.657882e+00,1.648125e+00,1.661010e+00,1.736367e+00,1.674105e+00,1.980421e+00,1.807605e+00,1.633428e-01,1.594799e+00,2.058837e+00
6.427000e+00,1.057460e+00,1.935573e+00,1.636637e+00,1.785340e+00,1.747578e+00,1.828281e+00,1.595693e+00,2.060047e+00,2.030183e+00,1.952749e+00,1.595470e+00,2.046167e+00,1.973134e+00,1.658471e+00,1.647750e+00,1.660808e+00,1.736898e+00,1.675328e+00,1.981158e+00,1.808181e+00,1.634085e-01,1.595470e+00,2.060047e+00
6.428000e+00,1.057750e+00,1.937099e+00,1.636814e+00,1.784078e+00,1.748565e+00,1.828359e+00,1.597007e+00,2.061163e+00,2.028349e+00,1.953505e+00,1.595805e+00,2.048000e+00,1.975373e+00,1.659294e+00,1.648562e+00,1.662222e+00,1.737796e+00,1.677686e+00,1.981789e+00,1.808970e+00,1.633583e-01,1.595805e+00,2.061163e+00
6.429000e+00,1.058000e+00,1.937710e+00,1.637109e+00,1.783495e+00,1.750045e+00,1.827031e+00,1.597299e+00,2.061953e+00,2.028716e+00,1.953987e+00,1.596191e+00,2.045833e+00,1.977164e+00,1.659294e+00,1.650438e+00,1.663586e+00,1.738082e+00,1.678341e+00,1.983579e+00,1.809436e+00,1.632303e-01,1.596191e+00,2.061953e+00
6.430000e+00,1.058260e+00,1.938550e+00,1.637876e+00,1.785049e+00,1.749865e+00,1.828281e+00,1.598467e+00,2.062326e+00,2.029541e+00,1.954437e+00,1.596829e+00,2.049333e+00,1.978955e+00,1.660176e+00,1.652187e+00,1.664040e+00,1.738776e+00,1.680568e+00,1.983684e+00,1.810497e+00,1.633182e-01,1.596829e+00,2.062326e+00
6.431000e+00,1.058520e+00,1.938473e+00,1.638466e+00,1.784369e+00,1.751256e+00,1.829922e+00,1.599124e+00,2.063163e+00,2.030092e+00,1.955177e+00,1.597164e+00,2.050833e+00,1.978209e+00,1.660941e+00,1.652125e+00,1.665101e+00,1.739510e+00,1.681834e+00,1.985474e+00,1.811180e+00,1.633681e-01,1.597164e+00,2.063163e+00
6.432000e+00,1.058900e+00,1.941221e+00,1.639086e+00,1.785243e+00,1.752466e+00,1.828750e+00,1.598832e+00,2.063907e+00,2.031009e+00,1.956752e+00,1.597567e+00,2.048333e+00,1.978358e+00,1.662647e+00,1.652687e+00,1.665657e+00,1.739714e+00,1.683188e+00,1.986632e+00,1.811781e+00,1.632790e-01,1.597567e+00,2.063907e+00
6.433000e+00,1.059000e+00,1.940382e+00,1.639322e+00,1.786408e+00,1.752601e+00,1.831172e+00,1.600511e+00,2.065070e+00,2.032844e+00,1.957814e+00,1.597114e+00,2.048500e+00,1.981194e+00,1.663235e+00,1.653125e+00,1.666616e+00,1.740122e+00,1.684061e+00,1.986526e+00,1.812590e+00,1.634502e-01,1.597114e+00,2.065070e+00
6.434000e+00,1.059170e+00,1.941756e+00,1.639322e+00,1.786117e+00,1.753901e+00,1.830547e+00,1.599343e+00,2.066047e+00,2.033670e+00,1.958087e+00,1.597030e+00,2.044667e+00,1.980149e+00,1.663824e+00,1.654500e+00,1.667323e+00,1.740204e+00,1.685066e+00,1.987789e+00,1.812741e+00,1.632582e-01,1.597030e+00,2.066047e+00
6.435000e+00,1.059490e+00,1.942977e+00,1.639410e+00,1.787476e+00,1.753857e+00,1.832422e+00,1.601168e+00,2.067349e+00,2.035046e+00,1.958360e+00,1.596779e+00,2.049333e+00,1.982239e+00,1.663529e+00,1.654750e+00,1.668131e+00,1.740122e+00,1.685502e+00,1.989053e+00,1.813750e+00,1.639315e-01,1.596779e+00,2.067349e+00
6.436000e+00,1.059830e+00,1.943206e+00,1.640177e+00,1.787573e+00,1.755740e+00,1.833828e+00,1.601168e+00,2.068279e+00,2.036330e+00,1.958408e+00,1.596711e+00,2.050667e+00,1.984478e+00,1.663706e+00,1.655188e+00,1.669141e+00,1.740939e+00,1.686157e+00,1.990526e+00,1.814568e+00,1.642413e-01,1.596711e+00,2.068279e+00
6.437000e+00,1.060060e+00,1.944962e+00,1.640413e+00,1.788932e+00,1.756502e+00,1.832891e+00,1.601314e+00,2.069488e+00,2.037706e+00,1.958473e+00,1.596930e+00,2.050167e+00,1.983731e+00,1.663118e+00,1.656063e+00,1.669192e+00,1.740694e+00,1.687336e+00,1.991263e+00,1.814954e+00,1.643517e-01,1.596930e+00,2.069488e+00
6.438000e+00,1.060340e+00,1.944809e+00,1.641416e+00,1.790583e+00,1.758296e+00,1.834375e+00,1.601168e+00,2.068698e+00,2.037615e+00,1.958553e+00,1.597081e+00,2.051500e+00,1.987015e+00,1.662118e+00,1.657438e+00,1.670707e+00,1.739592e+00,1.688952e+00,1.994105e+00,1.815779e+00,1.645013e-01,1.597081e+00,2.068698e+00
6.439000e+00,1.060610e+00,1.946183e+00,1.642153e+00,1.789029e+00,1.759596e+00,1.835859e+00,1.600657e+00,2.068651e+00,2.040183e+00,1.958842e+00,1.597550e+00,2.049833e+00,1.988358e+00,1.661529e+00,1.658125e+00,1.671515e+00,1.739224e+00,1.689913e+00,1.994105e+00,1.816184e+00,1.645907e-01,1.597550e+00,2.068651e+00
6.440000e+00,1.060820e+00,1.946947e+00,1.642714e+00,1.790097e+00,1.760807e+00,1.836250e+00,1.601168e+00,2.068233e+00,2.039266e+00,1.959244e+00,1.597634e+00,2.052667e+00,1.988060e+00,1.660471e+00,1.657938e+00,1.671667e+00,1.738816e+00,1.690830e+00,1.994421e+00,1.816513e+00,1.646886e-01,1.597634e+00,2.068233e+00
6.441000e+00,1.061060e+00,1.948321e+00,1.643628e+00,1.792330e+00,1.761883e+00,1.835703e+00,1.601168e+00,2.068465e+00,2.040183e+00,1.959469e+00,1.598456e+00,2.052333e+00,1.989254e+00,1.661471e+00,1.658813e+00,1.672424e+00,1.739184e+00,1.691179e+00,1.996632e+00,1.817272e+00,1.647064e-01,1.598456e+00,2.068465e+00
6.442000e+00,1.061250e+00,1.949542e+00,1.644366e+00,1.790194e+00,1.763498e+00,1.838437e+00,1.601971e+00,2.069488e+00,2.041835e+00,1.959904e+00,1.598960e+00,2.052833e+00,1.989104e+00,1.662529e+00,1.658063e+00,1.673232e+00,1.739796e+00,1.693013e+00,1.996526e+00,1.817961e+00,1.647367e-01,1.598960e+00,2.069488e+00
6.443000e+00,1.061570e+00,1.949389e+00,1.645280e+00,1.793010e+00,1.764260e+00,1.837891e+00,1.602263e+00,2.069442e+00,2.042477e+00,1.960482e+00,1.599799e+00,2.054833e+00,1.990597e+00,1.663176e+00,1.657625e+00,1.671717e+00,1.740245e+00,1.694148e+00,1.997263e+00,1.818550e+00,1.649168e-01,1.599799e+00,2.069442e+00
6.444000e+00,1.061910e+00,1.950534e+00,1.645870e+00,1.793204e+00,1.764798e+00,1.839297e+00,1.603139e+00,2.070186e+00,2.043119e+00,1.960707e+00,1.600889e+00,2.054833e+00,1.994030e+00,1.662882e+00,1.658750e+00,1.669495e+00,1.741469e+00,1.694585e+00,1.997895e+00,1.819205e+00,1.651622e-01,1.600889e+00,2.070186e+00
6.445000e+00,1.062090e+00,1.951374e+00,1.646018e+00,1.792913e+00,1.765919e+00,1.839766e+00,1.603212e+00,2.070744e+00,2.043945e+00,1.961238e+00,1.601074e+00,2.058500e+00,1.994030e+00,1.662941e+00,1.660625e+00,1.668283e+00,1.741510e+00,1.695328e+00,1.998105e+00,1.819751e+00,1.655219e-01,1.601074e+00,2.070744e+00
6.446000e+00,1.062310e+00,1.951985e+00,1.646549e+00,1.793786e+00,1.766592e+00,1.840703e+00,1.603650e+00,2.072326e+00,2.045872e+00,1.961881e+00,1.601577e+00,2.056833e+00,1.994776e+00,1.665118e+00,1.661563e+00,1.667828e+00,1.742449e+00,1.696332e+00,1.998947e+00,1.820487e+00,1.654985e-01,1.601577e+00,2.072326e+00
6.447000e+00,1.062590e+00,1.952366e+00,1.646844e+00,1.793495e+00,1.767892e+00,1.842344e+00,1.604964e+00,2.073814e+00,2.047339e+00,1.962042e+00,1.602534e+00,2.058500e+00,1.996716e+00,1.665941e+00,1.661063e+00,1.669091e+00,1.743469e+00,1.696987e+00,1.999895e+00,1.821405e+00,1.657356e-01,1.602534e+00,2.073814e+00
6.448000e+00,1.062940e+00,1.952290e+00,1.647493e+00,1.794369e+00,1.768700e+00,1.842344e+00,1.605547e+00,2.074512e+00,2.048257e+00,1.962363e+00,1.603003e+00,2.059333e+00,1.997910e+00,1.667706e+00,1.659000e+00,1.670303e+00,1.744000e+00,1.697162e+00,1.999789e+00,1.821893e+00,1.658062e-01,1.603003e+00,2.074512e+00
6.449000e+00,1.063110e+00,1.953206e+00,1.647876e+00,1.796990e+00,1.770000e+00,1.842891e+00,1.606058e+00,2.075907e+00,2.049541e+00,1.963505e+00,1.603691e+00,2.061167e+00,1.999254e+00,1.667882e+00,1.658187e+00,1.670455e+00,1.745061e+00,1.697904e+00,2.001895e+00,1.822859e+00,1.662825e-01,1.603691e+00,2.075907e+00
6.450000e+00,1.063310e+00,1.953588e+00,1.647965e+00,1.795340e+00,1.770314e+00,1.844375e+00,1.606423e+00,2.077163e+00,2.049908e+00,1.965000e+00,1.604379e+00,2.063500e+00,2.003134e+00,1.668294e+00,1.658437e+00,1.671667e+00,1.746122e+00,1.698777e+00,2.003789e+00,1.823788e+00,1.668098e-01,1.604379e+00,2.077163e+00
6.451000e+00,1.063660e+00,1.954427e+00,1.648260e+00,1.796699e+00,1.771614e+00,1.845781e+00,1.608613e+00,2.078419e+00,2.050917e+00,1.966913e+00,1.605419e+00,2.062833e+00,2.001791e+00,1.669471e+00,1.659000e+00,1.672626e+00,1.747102e+00,1.699170e+00,2.004632e+00,1.824649e+00,1.665764e-01,1.605419e+00,2.078419e+00
6.452000e+00,1.063770e+00,1.954580e+00,1.648850e+00,1.797864e+00,1.772556e+00,1.847109e+00,1.609781e+00,2.079674e+00,2.051835e+00,1.968746e+00,1.605721e+00,2.066000e+00,2.004030e+00,1.669471e+00,1.660125e+00,1.673131e+00,1.748531e+00,1.700175e+00,2.005474e+00,1.825758e+00,1.669553e-01,1.605721e+00,2.079674e+00
6.453000e+00,1.063900e+00,1.955573e+00,1.649853e+00,1.797184e+00,1.772825e+00,1.846562e+00,1.609708e+00,2.080047e+00,2.054037e+00,1.970675e+00,1.605956e+00,2.067667e+00,2.002687e+00,1.670235e+00,1.660562e+00,1.674697e+00,1.748857e+00,1.701397e+00,2.004421e+00,1.826275e+00,1.670039e-01,1.605956e+00,2.080047e+00
6.454000e+00,1.064210e+00,1.956031e+00,1.649764e+00,1.797864e+00,1.773274e+00,1.849844e+00,1.611825e+00,2.082326e+00,2.054954e+00,1.972588e+00,1.606711e+00,2.067500e+00,2.002239e+00,1.671412e+00,1.661125e+00,1.676162e+00,1.749184e+00,1.702926e+00,2.002632e+00,1.827131e+00,1.668026e-01,1.606711e+00,2.082326e+00
6.455000e+00,1.064410e+00,1.956336e+00,1.650088e+00,1.798835e+00,1.775830e+00,1.849609e+00,1.610730e+00,2.082744e+00,2.056789e+00,1.974148e+00,1.607047e+00,2.069000e+00,2.002537e+00,1.672647e+00,1.662313e+00,1.676970e+00,1.749918e+00,1.705022e+00,2.001263e+00,1.827879e+00,1.668280e-01,1.607047e+00,2.082744e+00
6.456000e+00,1.064820e+00,1.954809e+00,1.650059e+00,1.797767e+00,1.775695e+00,1.848750e+00,1.612628e+00,2.083767e+00,2.057248e+00,1.975418e+00,1.607450e+00,2.067667e+00,2.000448e+00,1.672412e+00,1.662687e+00,1.677525e+00,1.750571e+00,1.706332e+00,1.999579e+00,1.827823e+00,1.663579e-01,1.607450e+00,2.083767e+00
6.457000e+00,1.064900e+00,1.954885e+00,1.650354e+00,1.799903e+00,1.777265e+00,1.851094e+00,1.612993e+00,2.084326e+00,2.058257e+00,1.976174e+00,1.608003e+00,2.071000e+00,2.000299e+00,1.672294e+00,1.663437e+00,1.678838e+00,1.751265e+00,1.706638e+00,1.999684e+00,1.828706e+00,1.665419e-01,1.608003e+00,2.084326e+00
6.458000e+00,1.065370e+00,1.956260e+00,1.651032e+00,1.800097e+00,1.777444e+00,1.850859e+00,1.613796e+00,2.085163e+00,2.058991e+00,1.976399e+00,1.608540e+00,2.070167e+00,2.002836e+00,1.675059e+00,1.664625e+00,1.680354e+00,1.751429e+00,1.707118e+00,2.000737e+00,1.829495e+00,1.664249e-01,1.608540e+00,2.085163e+00
6.459000e+00,1.065550e+00,1.957328e+00,1.651298e+00,1.799806e+00,1.778789e+00,1.850000e+00,1.613796e+00,2.085814e+00,2.060917e+00,1.976736e+00,1.608993e+00,2.070000e+00,2.004030e+00,1.677235e+00,1.665437e+00,1.682020e+00,1.752816e+00,1.707817e+00,2.001263e+00,1.830228e+00,1.663970e-01,1.608993e+00,2.085814e+00
6.460000e+00,1.065740e+00,1.958550e+00,1.651976e+00,1.799126e+00,1.779686e+00,1.850234e+00,1.613869e+00,2.086093e+00,2.060734e+00,1.977283e+00,1.609077e+00,2.071333e+00,2.003731e+00,1.677235e+00,1.666375e+00,1.682525e+00,1.753959e+00,1.708035e+00,2.004000e+00,1.830768e+00,1.665586e-01,1.609077e+00,2.086093e+00
6.461000e+00,1.066030e+00,1.958397e+00,1.652979e+00,1.799223e+00,1.780493e+00,1.849687e+00,1.614672e+00,2.087256e+00,2.061743e+00,1.977685e+00,1.609950e+00,2.068833e+00,2.006567e+00,1.677118e+00,1.666500e+00,1.684091e+00,1.754531e+00,1.709476e+00,2.004737e+00,1.831330e+00,1.664044e-01,1.609950e+00,2.087256e+00
6.462000e+00,1.066240e+00,1.959008e+00,1.653717e+00,1.799903e+00,1.781166e+00,1.851328e+00,1.614526e+00,2.088093e+00,2.063578e+00,1.977814e+00,1.610419e+00,2.071500e+00,2.006119e+00,1.676706e+00,1.667063e+00,1.684697e+00,1.755469e+00,1.709956e+00,2.004842e+00,1.831995e+00,1.666822e-01,1.610419e+00,2.088093e+00
6.463000e+00,1.066500e+00,1.961527e+00,1.654189e+00,1.800097e+00,1.781794e+00,1.851484e+00,1.618029e+00,2.089674e+00,2.063394e+00,1.977958e+00,1.610956e+00,2.070167e+00,2.008358e+00,1.678647e+00,1.667000e+00,1.685051e+00,1.755796e+00,1.711135e+00,2.006632e+00,1.832883e+00,1.665430e-01,1.610956e+00,2.089674e+00
6.464000e+00,1.066860e+00,1.960840e+00,1.655192e+00,1.800583e+00,1.782780e+00,1.850703e+00,1.616496e+00,2.090977e+00,2.063761e+00,1.978376e+00,1.612181e+00,2.069333e+00,2.010000e+00,1.679471e+00,1.668563e+00,1.686111e+00,1.757143e+00,1.711485e+00,2.008842e+00,1.833491e+00,1.665371e-01,1.612181e+00,2.090977e+00
6.465000e+00,1.067130e+00,1.962366e+00,1.655044e+00,1.801942e+00,1.783184e+00,1.852109e+00,1.616861e+00,2.091581e+00,2.063394e+00,1.979116e+00,1.612886e+00,2.072167e+00,2.010746e+00,1.680647e+00,1.669250e+00,1.687020e+00,1.758163e+00,1.712271e+00,2.008947e+00,1.834316e+00,1.666516e-01,1.612886e+00,2.091581e+00
6.466000e+00,1.067300e+00,1.962214e+00,1.655929e+00,1.802524e+00,1.784753e+00,1.853281e+00,1.618467e+00,2.092744e+00,2.064495e+00,1.980177e+00,1.613641e+00,2.071667e+00,2.011940e+00,1.680471e+00,1.670813e+00,1.688333e+00,1.758735e+00,1.713188e+00,2.009579e+00,1.835164e+00,1.665041e-01,1.613641e+00,2.092744e+00
6.467000e+00,1.067630e+00,1.962519e+00,1.656490e+00,1.802233e+00,1.784888e+00,1.853672e+00,1.617956e+00,2.093860e+00,2.065780e+00,1.980852e+00,1.614329e+00,2.074000e+00,2.014478e+00,1.681353e+00,1.671625e+00,1.688586e+00,1.759224e+00,1.713493e+00,2.011684e+00,1.835946e+00,1.670298e-01,1.614329e+00,2.093860e+00
6.468000e+00,1.067860e+00,1.962595e+00,1.656873e+00,1.803495e+00,1.786368e+00,1.854062e+00,1.619343e+00,2.094558e+00,2.065872e+00,1.981061e+00,1.614715e+00,2.074167e+00,2.014328e+00,1.683706e+00,1.673438e+00,1.689697e+00,1.760163e+00,1.713144e+00,2.012842e+00,1.836690e+00,1.667101e-01,1.614715e+00,2.094558e+00
6.469000e+00,1.068000e+00,1.963511e+00,1.657227e+00,1.804272e+00,1.786771e+00,1.855781e+00,1.619635e+00,2.095488e+00,2.067431e+00,1.981222e+00,1.615034e+00,2.073167e+00,2.015522e+00,1.684941e+00,1.674750e+00,1.690253e+00,1.760041e+00,1.712576e+00,2.014632e+00,1.837347e+00,1.668471e-01,1.615034e+00,2.095488e+00
6.470000e+00,1.068250e+00,1.964427e+00,1.657404e+00,1.803689e+00,1.788027e+00,1.856719e+00,1.621168e+00,2.095814e+00,2.067706e+00,1.981961e+00,1.615822e+00,2.076500e+00,2.015373e+00,1.684235e+00,1.674875e+00,1.691313e+00,1.761102e+00,1.714629e+00,2.014947e+00,1.838095e+00,1.669196e-01,1.615822e+00,2.095814e+00
6.471000e+00,1.068500e+00,1.965420e+00,1.658201e+00,1.806602e+00,1.788924e+00,1.857656e+00,1.619708e+00,2.095349e+00,2.068165e+00,1.982846e+00,1.615973e+00,2.077000e+00,2.018657e+00,1.682941e+00,1.675250e+00,1.692576e+00,1.760898e+00,1.714585e+00,2.017789e+00,1.838808e+00,1.673987e-01,1.615973e+00,2.095349e+00
6.472000e+00,1.068800e+00,1.966107e+00,1.658761e+00,1.806117e+00,1.788161e+00,1.858203e+00,1.620730e+00,2.094605e+00,2.067248e+00,1.983039e+00,1.614698e+00,2.079500e+00,2.019254e+00,1.682941e+00,1.676125e+00,1.692727e+00,1.759143e+00,1.714672e+00,2.019789e+00,1.838990e+00,1.676533e-01,1.614698e+00,2.094605e+00
6.473000e+00,1.069110e+00,1.966870e+00,1.658909e+00,1.804660e+00,1.786278e+00,1.858125e+00,1.619927e+00,2.093907e+00,2.068257e+00,1.983135e+00,1.613960e+00,2.079333e+00,2.021642e+00,1.685529e+00,1.678000e+00,1.693131e+00,1.759020e+00,1.716332e+00,2.020737e+00,1.839320e+00,1.677293e-01,1.613960e+00,2.093907e+00
6.474000e+00,1.069350e+00,1.968550e+00,1.659233e+00,1.807282e+00,1.785561e+00,1.859141e+00,1.619708e+00,2.094465e+00,2.067339e+00,1.983248e+00,1.614060e+00,2.081333e+00,2.021791e+00,1.687471e+00,1.678188e+00,1.694040e+00,1.759102e+00,1.717249e+00,2.021368e+00,1.839952e+00,1.677770e-01,1.614060e+00,2.094465e+00
6.475000e+00,1.069660e+00,1.971908e+00,1.659086e+00,1.807282e+00,1.785561e+00,1.859687e+00,1.620146e+00,2.094186e+00,2.069266e+00,1.983312e+00,1.614262e+00,2.084000e+00,2.025373e+00,1.687294e+00,1.678875e+00,1.694545e+00,1.759306e+00,1.718603e+00,2.022526e+00,1.840845e+00,1.683986e-01,1.614262e+00,2.094186e+00
6.476000e+00,1.069940e+00,1.971832e+00,1.658732e+00,1.808058e+00,1.785291e+00,1.860313e+00,1.620657e+00,2.095860e+00,2.068899e+00,1.983617e+00,1.614379e+00,2.081000e+00,2.025224e+00,1.687412e+00,1.679812e+00,1.695253e+00,1.760122e+00,1.720087e+00,2.022842e+00,1.841077e+00,1.680970e-01,1.614379e+00,2.095860e+00
6.477000e+00,1.070060e+00,1.972748e+00,1.659263e+00,1.810680e+00,1.786502e+00,1.859922e+00,1.621314e+00,2.097116e+00,2.069541e+00,1.983891e+00,1.614983e+00,2.087833e+00,2.027463e+00,1.688118e+00,1.680313e+00,1.696061e+00,1.760041e+00,1.720961e+00,2.025474e+00,1.842346e+00,1.688328e-01,1.614983e+00,2.097116e+00
6.478000e+00,1.070360e+00,1.972824e+00,1.659499e+00,1.808447e+00,1.787265e+00,1.862266e+00,1.621241e+00,2.098651e+00,2.072018e+00,1.984035e+00,1.615755e+00,2.085333e+00,2.026866e+00,1.688059e+00,1.681000e+00,1.697222e+00,1.760939e+00,1.722969e+00,2.025474e+00,1.842770e+00,1.686853e-01,1.615755e+00,2.098651e+00
6.479000e+00,1.070680e+00,1.975573e+00,1.660354e+00,1.810388e+00,1.788655e+00,1.861953e+00,1.622920e+00,2.099070e+00,2.073028e+00,1.984598e+00,1.615923e+00,2.087000e+00,2.028060e+00,1.689000e+00,1.681500e+00,1.697525e+00,1.762082e+00,1.722620e+00,2.024211e+00,1.843581e+00,1.687305e-01,1.615923e+00,2.099070e+00
6.480000e+00,1.070880e+00,1.975802e+00,1.661504e+00,1.811650e+00,1.789955e+00,1.861953e+00,1.622993e+00,2.099628e+00,2.074128e+00,1.985579e+00,1.616527e+00,2.090500e+00,2.029254e+00,1.690176e+00,1.682313e+00,1.698838e+00,1.763388e+00,1.722358e+00,2.025895e+00,1.844580e+00,1.690227e-01,1.616527e+00,2.099628e+00
6.481000e+00,1.071200e+00,1.976183e+00,1.661888e+00,1.810485e+00,1.790135e+00,1.863594e+00,1.624015e+00,2.102093e+00,2.074220e+00,1.986656e+00,1.617148e+00,2.086833e+00,2.030896e+00,1.690824e+00,1.683125e+00,1.699545e+00,1.764082e+00,1.722183e+00,2.027474e+00,1.845077e+00,1.689580e-01,1.617148e+00,2.102093e+00
6.482000e+00,1.071340e+00,1.978550e+00,1.662655e+00,1.813204e+00,1.791749e+00,1.865781e+00,1.624672e+00,2.102233e+00,2.074862e+00,1.987347e+00,1.617768e+00,2.089833e+00,2.031493e+00,1.691353e+00,1.682500e+00,1.700556e+00,1.764898e+00,1.723013e+00,2.028737e+00,1.846178e+00,1.692209e-01,1.617768e+00,2.102233e+00
6.483000e+00,1.071760e+00,1.978168e+00,1.663658e+00,1.812524e+00,1.792242e+00,1.865312e+00,1.624526e+00,2.103116e+00,2.075688e+00,1.987942e+00,1.618154e+00,2.088500e+00,2.035970e+00,1.690941e+00,1.683437e+00,1.700758e+00,1.765837e+00,1.724236e+00,2.029053e+00,1.846670e+00,1.693601e-01,1.618154e+00,2.103116e+00
6.484000e+00,1.071860e+00,1.979160e+00,1.664100e+00,1.812330e+00,1.794036e+00,1.865938e+00,1.625839e+00,2.104279e+00,2.077431e+00,1.988762e+00,1.619027e+00,2.092667e+00,2.034478e+00,1.690765e+00,1.684438e+00,1.700707e+00,1.767184e+00,1.725066e+00,2.030632e+00,1.847602e+00,1.696804e-01,1.619027e+00,2.104279e+00
6.485000e+00,1.072100e+00,1.978473e+00,1.664484e+00,1.813786e+00,1.795067e+00,1.866250e+00,1.626131e+00,2.105628e+00,2.077798e+00,1.989614e+00,1.619698e+00,2.091167e+00,2.035821e+00,1.693294e+00,1.685437e+00,1.701414e+00,1.768327e+00,1.726463e+00,2.031053e+00,1.848328e+00,1.693892e-01,1.619698e+00,2.105628e+00
6.486000e+00,1.072470e+00,1.978931e+00,1.664307e+00,1.813301e+00,1.795695e+00,1.865312e+00,1.625839e+00,2.106372e+00,2.079083e+00,1.990482e+00,1.620352e+00,2.091167e+00,2.039104e+00,1.693647e+00,1.685063e+00,1.702020e+00,1.769714e+00,1.727511e+00,2.030737e+00,1.848813e+00,1.696602e-01,1.620352e+00,2.106372e+00
6.487000e+00,1.072700e+00,1.979466e+00,1.665044e+00,1.814854e+00,1.796996e+00,1.867969e+00,1.627445e+00,2.107628e+00,2.080000e+00,1.991543e+00,1.620990e+00,2.091000e+00,2.040746e+00,1.695235e+00,1.686000e+00,1.702778e+00,1.770163e+00,1.729520e+00,2.032316e+00,1.849983e+00,1.695970e-01,1.620990e+00,2.107628e+00
6.488000e+00,1.072990e+00,1.979389e+00,1.665192e+00,1.816019e+00,1.798341e+00,1.869219e+00,1.628175e+00,2.108744e+00,2.080183e+00,1.992910e+00,1.621779e+00,2.089833e+00,2.041642e+00,1.695294e+00,1.686312e+00,1.703586e+00,1.771143e+00,1.730306e+00,2.033789e+00,1.850659e+00,1.695522e-01,1.621779e+00,2.108744e+00
6.489000e+00,1.073250e+00,1.980382e+00,1.665339e+00,1.813689e+00,1.798655e+00,1.867422e+00,1.628759e+00,2.109163e+00,2.082844e+00,1.994518e+00,1.622265e+00,2.090500e+00,2.044030e+00,1.696235e+00,1.687437e+00,1.704040e+00,1.771837e+00,1.731266e+00,2.036000e+00,1.851355e+00,1.699783e-01,1.622265e+00,2.109163e+00
6.490000e+00,1.073370e+00,1.982137e+00,1.665398e+00,1.816990e+00,1.800135e+00,1.868125e+00,1.630000e+00,2.111395e+00,2.083670e+00,1.995820e+00,1.622919e+00,2.091167e+00,2.043433e+00,1.697353e+00,1.688937e+00,1.703434e+00,1.772367e+00,1.734061e+00,2.036211e+00,1.852420e+00,1.699575e-01,1.622919e+00,2.111395e+00
6.491000e+00,1.073660e+00,1.982366e+00,1.665516e+00,1.814951e+00,1.801749e+00,1.868750e+00,1.631533e+00,2.112000e+00,2.084679e+00,1.996543e+00,1.623339e+00,2.089333e+00,2.044328e+00,1.696765e+00,1.688625e+00,1.701869e+00,1.773184e+00,1.734017e+00,2.038316e+00,1.852659e+00,1.701237e-01,1.623339e+00,2.112000e+00
6.492000e+00,1.074050e+00,1.983969e+00,1.666283e+00,1.814175e+00,1.801839e+00,1.869063e+00,1.631095e+00,2.112791e+00,2.084954e+00,1.997588e+00,1.624077e+00,2.092667e+00,2.045970e+00,1.696529e+00,1.688937e+00,1.700202e+00,1.773918e+00,1.734367e+00,2.040000e+00,1.853246e+00,1.707770e-01,1.624077e+00,2.112791e+00
6.493000e+00,1.074300e+00,1.984580e+00,1.666814e+00,1.816214e+00,1.803139e+00,1.869922e+00,1.632847e+00,2.113721e+00,2.088257e+00,1.999293e+00,1.624245e+00,2.091333e+00,2.044627e+00,1.696529e+00,1.690312e+00,1.700505e+00,1.775184e+00,1.734367e+00,2.040632e+00,1.854029e+00,1.707284e-01,1.624245e+00,2.113721e+00
6.494000e+00,1.074360e+00,1.986031e+00,1.667345e+00,1.816893e+00,1.803767e+00,1.870000e+00,1.633650e+00,2.115628e+00,2.089541e+00,2.000772e+00,1.624933e+00,2.092333e+00,2.047164e+00,1.698118e+00,1.689938e+00,1.700909e+00,1.775265e+00,1.734410e+00,2.040421e+00,1.854840e+00,1.710968e-01,1.624933e+00,2.115628e+00
6.495000e+00,1.074660e+00,1.986794e+00,1.667434e+00,1.815825e+00,1.805830e+00,1.869922e+00,1.631971e+00,2.115860e+00,2.091009e+00,2.001688e+00,1.625721e+00,2.094333e+00,2.049701e+00,1.697706e+00,1.691125e+00,1.701364e+00,1.776735e+00,1.735546e+00,2.042842e+00,1.855634e+00,1.716528e-01,1.625721e+00,2.115860e+00
6.496000e+00,1.074860e+00,1.986489e+00,1.667168e+00,1.818350e+00,1.806368e+00,1.871875e+00,1.633723e+00,2.117209e+00,2.091284e+00,2.002556e+00,1.626141e+00,2.093333e+00,2.049701e+00,1.696882e+00,1.691938e+00,1.702121e+00,1.777347e+00,1.736201e+00,2.042737e+00,1.856190e+00,1.714800e-01,1.626141e+00,2.117209e+00
6.497000e+00,1.075060e+00,1.986107e+00,1.667198e+00,1.817573e+00,1.807803e+00,1.871797e+00,1.633577e+00,2.117488e+00,2.093028e+00,2.002942e+00,1.627013e+00,2.094500e+00,2.050000e+00,1.694941e+00,1.692437e+00,1.702980e+00,1.778571e+00,1.737162e+00,2.043263e+00,1.856577e+00,1.716725e-01,1.627013e+00,2.117488e+00
6.498000e+00,1.075290e+00,1.986794e+00,1.667729e+00,1.818252e+00,1.808341e+00,1.870781e+00,1.634161e+00,2.119209e+00,2.095780e+00,2.003055e+00,1.627584e+00,2.094667e+00,2.048657e+00,1.693471e+00,1.693187e+00,1.704091e+00,1.778245e+00,1.737424e+00,2.043789e+00,1.856956e+00,1.718666e-01,1.627584e+00,2.119209e+00
6.499000e+00,1.075560e+00,1.986336e+00,1.667758e+00,1.818350e+00,1.810538e+00,1.873203e+00,1.634599e+00,2.119953e+00,2.095596e+00,2.003248e+00,1.627433e+00,2.095500e+00,2.052687e+00,1.693882e+00,1.693062e+00,1.705354e+00,1.778694e+00,1.738646e+00,2.045053e+00,1.857772e+00,1.721155e-01,1.627433e+00,2.119953e+00
6.500000e+00,1.075990e+00,1.985649e+00,1.668230e+00,1.818058e+00,1.811300e+00,1.873047e+00,1.635839e+00,2.120791e+00,2.097523e+00,2.003441e+00,1.627768e+00,2.098500e+00,2.055075e+00,1.694000e+00,1.693688e+00,1.706717e+00,1.780041e+00,1.739432e+00,2.044211e+00,1.858517e+00,1.723239e-01,1.627768e+00,2.120791e+00
6.501000e+00,1.076090e+00,1.986336e+00,1.668761e+00,1.820485e+00,1.811973e+00,1.873672e+00,1.636715e+00,2.121349e+00,2.097248e+00,2.003505e+00,1.628322e+00,2.098333e+00,2.055373e+00,1.694588e+00,1.694687e+00,1.706970e+00,1.780898e+00,1.739476e+00,2.044632e+00,1.859074e+00,1.721175e-01,1.628322e+00,2.121349e+00
6.502000e+00,1.076410e+00,1.986947e+00,1.669410e+00,1.820777e+00,1.812332e+00,1.873906e+00,1.636496e+00,2.122000e+00,2.098716e+00,2.003875e+00,1.628977e+00,2.102333e+00,2.055821e+00,1.695118e+00,1.694312e+00,1.708283e+00,1.781918e+00,1.741223e+00,2.044632e+00,1.859837e+00,1.724207e-01,1.628977e+00,2.122000e+00
6.503000e+00,1.076680e+00,1.988321e+00,1.670177e+00,1.819612e+00,1.814036e+00,1.874844e+00,1.637445e+00,2.123070e+00,2.099083e+00,2.004293e+00,1.629245e+00,2.099167e+00,2.058358e+00,1.696000e+00,1.695062e+00,1.708636e+00,1.783020e+00,1.742445e+00,2.046421e+00,1.860513e+00,1.723174e-01,1.629245e+00,2.123070e+00
6.504000e+00,1.076940e+00,1.987328e+00,1.670855e+00,1.822621e+00,1.814529e+00,1.877578e+00,1.637080e+00,2.122372e+00,2.099725e+00,2.004437e+00,1.629430e+00,2.102333e+00,2.057910e+00,1.696824e+00,1.695937e+00,1.709192e+00,1.783020e+00,1.742620e+00,2.047053e+00,1.861158e+00,1.723426e-01,1.629430e+00,2.122372e+00
6.505000e+00,1.077200e+00,1.988779e+00,1.671298e+00,1.821942e+00,1.815874e+00,1.875625e+00,1.637810e+00,2.121581e+00,2.101193e+00,2.004550e+00,1.630067e+00,2.102167e+00,2.059552e+00,1.698235e+00,1.696813e+00,1.710000e+00,1.781510e+00,1.742969e+00,2.048211e+00,1.861565e+00,1.723308e-01,1.630067e+00,2.121581e+00
6.506000e+00,1.077440e+00,1.988168e+00,1.672035e+00,1.822913e+00,1.815874e+00,1.877500e+00,1.635985e+00,2.121721e+00,2.101560e+00,2.004807e+00,1.630621e+00,2.104333e+00,2.062388e+00,1.699059e+00,1.696625e+00,1.711313e+00,1.780571e+00,1.743930e+00,2.048105e+00,1.862084e+00,1.726347e-01,1.630621e+00,2.121721e+00
6.507000e+00,1.077670e+00,1.989542e+00,1.672537e+00,1.825243e+00,1.815561e+00,1.878047e+00,1.636934e+00,2.122279e+00,2.101193e+00,2.005225e+00,1.631141e+00,2.106833e+00,2.063284e+00,1.700706e+00,1.697500e+00,1.712374e+00,1.780367e+00,1.744760e+00,2.049579e+00,1.862950e+00,1.726995e-01,1.631141e+00,2.122279e+00
6.508000e+00,1.077980e+00,1.990840e+00,1.672625e+00,1.824175e+00,1.816816e+00,1.878750e+00,1.638321e+00,2.122977e+00,2.102018e+00,2.005482e+00,1.631695e+00,2.106667e+00,2.064179e+00,1.701000e+00,1.696000e+00,1.713636e+00,1.780980e+00,1.745284e+00,2.051579e+00,1.863501e+00,1.728690e-01,1.631695e+00,2.122977e+00
6.509000e+00,1.078200e+00,1.991832e+00,1.672684e+00,1.826699e+00,1.817937e+00,1.879766e+00,1.637956e+00,2.123395e+00,2.104037e+00,2.005611e+00,1.632383e+00,2.108000e+00,2.065522e+00,1.701588e+00,1.694562e+00,1.714192e+00,1.781510e+00,1.746376e+00,2.052632e+00,1.864260e+00,1.732534e-01,1.632383e+00,2.123395e+00
6.510000e+00,1.078490e+00,1.993130e+00,1.673097e+00,1.826214e+00,1.818700e+00,1.880391e+00,1.639416e+00,2.124698e+00,2.104587e+00,2.006013e+00,1.632030e+00,2.107000e+00,2.066119e+00,1.703059e+00,1.693750e+00,1.714495e+00,1.782245e+00,1.746856e+00,2.053053e+00,1.864714e+00,1.732703e-01,1.632030e+00,2.124698e+00
6.511000e+00,1.078750e+00,1.993817e+00,1.673156e+00,1.825437e+00,1.819013e+00,1.881328e+00,1.639051e+00,2.125488e+00,2.105505e+00,2.006463e+00,1.631997e+00,2.109167e+00,2.067612e+00,1.704059e+00,1.692375e+00,1.715606e+00,1.782857e+00,1.746900e+00,2.053368e+00,1.865178e+00,1.737275e-01,1.631997e+00,2.125488e+00
6.512000e+00,1.078980e+00,1.994198e+00,1.673068e+00,1.826990e+00,1.820090e+00,1.883516e+00,1.640657e+00,2.126419e+00,2.105229e+00,2.007026e+00,1.632315e+00,2.109833e+00,2.069552e+00,1.704235e+00,1.693125e+00,1.717172e+00,1.783510e+00,1.747380e+00,2.053684e+00,1.866000e+00,1.737033e-01,1.632315e+00,2.126419e+00
6.513000e+00,1.079170e+00,1.995878e+00,1.673245e+00,1.827670e+00,1.820717e+00,1.883359e+00,1.641022e+00,2.127953e+00,2.106972e+00,2.007974e+00,1.632450e+00,2.110500e+00,2.068657e+00,1.705176e+00,1.694063e+00,1.718434e+00,1.784408e+00,1.748341e+00,2.054105e+00,1.866718e+00,1.738097e-01,1.632450e+00,2.127953e+00
6.514000e+00,1.079490e+00,1.995878e+00,1.673717e+00,1.827379e+00,1.822018e+00,1.883984e+00,1.641533e+00,2.128930e+00,2.108073e+00,2.008923e+00,1.632701e+00,2.110333e+00,2.068955e+00,1.706118e+00,1.693812e+00,1.719444e+00,1.784531e+00,1.746245e+00,2.055684e+00,1.867125e+00,1.740176e-01,1.632701e+00,2.128930e+00
6.515000e+00,1.079670e+00,1.998168e+00,1.674336e+00,1.829612e+00,1.823004e+00,1.886406e+00,1.641606e+00,2.129349e+00,2.107798e+00,2.009678e+00,1.633104e+00,2.109833e+00,2.070149e+00,1.705706e+00,1.695937e+00,1.719444e+00,1.786041e+00,1.742969e+00,2.054526e+00,1.867648e+00,1.740206e-01,1.633104e+00,2.129349e+00
6.516000e+00,1.080110e+00,2.000076e+00,1.674189e+00,1.829417e+00,1.824484e+00,1.886094e+00,1.641095e+00,2.130977e+00,2.108899e+00,2.010643e+00,1.633238e+00,2.111500e+00,2.067761e+00,1.707059e+00,1.695875e+00,1.720101e+00,1.786857e+00,1.740306e+00,2.053053e+00,1.867868e+00,1.742581e-01,1.633238e+00,2.130977e+00
6.517000e+00,1.080200e+00,2.000305e+00,1.673982e+00,1.829806e+00,1.824933e+00,1.886172e+00,1.643869e+00,2.131535e+00,2.107339e+00,2.011688e+00,1.633255e+00,2.111000e+00,2.065970e+00,1.707588e+00,1.696500e+00,1.721717e+00,1.787306e+00,1.739476e+00,2.050105e+00,1.867919e+00,1.736036e-01,1.633255e+00,2.131535e+00
6.518000e+00,1.080350e+00,2.000840e+00,1.673953e+00,1.830194e+00,1.825830e+00,1.887891e+00,1.643285e+00,2.132698e+00,2.108440e+00,2.012685e+00,1.633742e+00,2.110667e+00,2.065075e+00,1.707706e+00,1.697375e+00,1.722323e+00,1.787959e+00,1.740349e+00,2.048211e+00,1.868290e+00,1.735284e-01,1.633742e+00,2.132698e+00
6.519000e+00,1.080800e+00,2.001756e+00,1.674720e+00,1.830777e+00,1.826368e+00,1.888672e+00,1.644380e+00,2.133116e+00,2.107706e+00,2.013987e+00,1.634362e+00,2.111333e+00,2.065970e+00,1.707529e+00,1.698375e+00,1.723687e+00,1.789429e+00,1.740568e+00,2.048526e+00,1.868959e+00,1.733948e-01,1.634362e+00,2.133116e+00
6.520000e+00,1.080940e+00,2.001527e+00,1.675398e+00,1.831650e+00,1.827623e+00,1.888984e+00,1.644380e+00,2.133767e+00,2.110367e+00,2.015080e+00,1.634312e+00,2.112000e+00,2.066866e+00,1.707824e+00,1.698562e+00,1.724040e+00,1.790163e+00,1.739956e+00,2.050211e+00,1.869595e+00,1.738009e-01,1.634312e+00,2.133767e+00
6.521000e+00,1.081290e+00,2.002672e+00,1.675988e+00,1.832330e+00,1.827265e+00,1.888125e+00,1.645620e+00,2.135070e+00,2.110183e+00,2.015611e+00,1.634950e+00,2.112667e+00,2.066269e+00,1.709000e+00,1.700187e+00,1.725000e+00,1.790776e+00,1.740961e+00,2.049368e+00,1.870113e+00,1.735023e-01,1.634950e+00,2.135070e+00
6.522000e+00,1.081460e+00,2.004427e+00,1.676401e+00,1.831845e+00,1.828296e+00,1.887734e+00,1.646131e+00,2.135628e+00,2.112110e+00,2.016383e+00,1.635268e+00,2.115500e+00,2.068507e+00,1.710471e+00,1.700062e+00,1.726212e+00,1.791633e+00,1.741528e+00,2.050316e+00,1.871025e+00,1.739573e-01,1.635268e+00,2.135628e+00
6.523000e+00,1.081750e+00,2.004733e+00,1.676903e+00,1.832039e+00,1.829417e+00,1.888906e+00,1.647153e+00,2.137023e+00,2.113303e+00,2.017621e+00,1.635889e+00,2.111667e+00,2.070448e+00,1.710588e+00,1.701063e+00,1.726364e+00,1.793184e+00,1.744192e+00,2.051789e+00,1.871793e+00,1.737697e-01,1.635889e+00,2.137023e+00
6.524000e+00,1.081910e+00,2.005344e+00,1.677965e+00,1.832524e+00,1.829372e+00,1.889844e+00,1.648759e+00,2.136930e+00,2.113486e+00,2.018746e+00,1.636661e+00,2.115333e+00,2.070746e+00,1.710765e+00,1.701437e+00,1.726263e+00,1.794245e+00,1.745677e+00,2.054737e+00,1.872713e+00,1.739746e-01,1.636661e+00,2.136930e+00
6.525000e+00,1.082260e+00,2.006183e+00,1.677994e+00,1.831845e+00,1.828475e+00,1.889844e+00,1.647956e+00,2.138372e+00,2.114404e+00,2.019936e+00,1.637315e+00,2.115167e+00,2.074627e+00,1.711294e+00,1.701937e+00,1.726263e+00,1.794653e+00,1.745764e+00,2.056105e+00,1.873230e+00,1.745311e-01,1.637315e+00,2.138372e+00
6.526000e+00,1.082590e+00,2.005038e+00,1.678378e+00,1.832427e+00,1.827265e+00,1.889609e+00,1.649270e+00,2.139721e+00,2.114404e+00,2.020852e+00,1.638054e+00,2.118667e+00,2.074478e+00,1.712529e+00,1.702625e+00,1.726970e+00,1.794653e+00,1.747991e+00,2.058421e+00,1.873964e+00,1.746480e-01,1.638054e+00,2.139721e+00
6.527000e+00,1.082920e+00,2.006412e+00,1.678820e+00,1.833204e+00,1.825964e+00,1.888750e+00,1.649270e+00,2.140372e+00,2.116147e+00,2.021752e+00,1.638792e+00,2.121167e+00,2.076866e+00,1.713059e+00,1.704813e+00,1.727879e+00,1.796816e+00,1.749913e+00,2.060842e+00,1.875047e+00,1.750290e-01,1.638792e+00,2.140372e+00
6.528000e+00,1.082990e+00,2.007328e+00,1.678938e+00,1.833204e+00,1.826457e+00,1.891328e+00,1.651022e+00,2.141488e+00,2.114954e+00,2.022974e+00,1.639513e+00,2.119333e+00,2.077910e+00,1.713941e+00,1.705250e+00,1.728636e+00,1.797061e+00,1.750349e+00,2.062842e+00,1.875696e+00,1.748600e-01,1.639513e+00,2.141488e+00
6.529000e+00,1.083410e+00,2.009237e+00,1.679292e+00,1.834175e+00,1.827265e+00,1.890156e+00,1.651168e+00,2.142744e+00,2.117890e+00,2.023859e+00,1.640101e+00,2.121667e+00,2.079104e+00,1.714412e+00,1.706187e+00,1.728586e+00,1.798245e+00,1.751092e+00,2.063895e+00,1.876615e+00,1.753918e-01,1.640101e+00,2.142744e+00
6.530000e+00,1.083610e+00,2.008702e+00,1.679292e+00,1.834175e+00,1.827175e+00,1.892031e+00,1.651752e+00,2.145116e+00,2.118807e+00,2.024646e+00,1.640973e+00,2.121333e+00,2.080448e+00,1.715118e+00,1.707750e+00,1.729343e+00,1.798939e+00,1.752533e+00,2.064737e+00,1.877382e+00,1.754597e-01,1.640973e+00,2.145116e+00
6.531000e+00,1.083870e+00,2.009695e+00,1.679735e+00,1.834563e+00,1.828251e+00,1.893203e+00,1.653066e+00,2.145581e+00,2.120550e+00,2.025482e+00,1.641242e+00,2.125167e+00,2.083731e+00,1.717000e+00,1.708375e+00,1.729495e+00,1.800122e+00,1.753188e+00,2.066316e+00,1.878598e+00,1.759641e-01,1.641242e+00,2.145581e+00
6.532000e+00,1.084100e+00,2.011298e+00,1.679882e+00,1.836214e+00,1.829821e+00,1.894453e+00,1.653650e+00,2.147023e+00,2.121560e+00,2.026190e+00,1.641628e+00,2.124500e+00,2.082537e+00,1.717059e+00,1.709250e+00,1.730960e+00,1.801184e+00,1.754105e+00,2.068947e+00,1.879459e+00,1.759873e-01,1.641628e+00,2.147023e+00
6.533000e+00,1.084450e+00,2.010382e+00,1.680029e+00,1.836893e+00,1.830404e+00,1.895156e+00,1.655766e+00,2.147302e+00,2.123119e+00,2.026576e+00,1.642265e+00,2.123333e+00,2.086119e+00,1.717529e+00,1.710375e+00,1.731616e+00,1.801673e+00,1.755371e+00,2.068421e+00,1.880130e+00,1.758201e-01,1.642265e+00,2.147302e+00
6.534000e+00,1.084660e+00,2.012748e+00,1.680649e+00,1.837864e+00,1.831211e+00,1.895156e+00,1.654380e+00,2.148605e+00,2.124312e+00,2.026624e+00,1.642919e+00,2.125333e+00,2.086418e+00,1.717706e+00,1.711438e+00,1.732576e+00,1.802367e+00,1.756332e+00,2.069474e+00,1.880895e+00,1.761763e-01,1.642919e+00,2.148605e+00
6.535000e+00,1.084760e+00,2.013206e+00,1.680501e+00,1.838447e+00,1.831659e+00,1.895938e+00,1.655036e+00,2.149767e+00,2.124037e+00,2.026672e+00,1.643523e+00,2.126167e+00,2.088358e+00,1.717588e+00,1.711250e+00,1.732626e+00,1.802694e+00,1.757729e+00,2.071158e+00,1.881464e+00,1.764220e-01,1.643523e+00,2.149767e+00
6.536000e+00,1.084860e+00,2.015420e+00,1.680855e+00,1.839320e+00,1.833543e+00,1.896328e+00,1.656423e+00,2.149674e+00,2.127615e+00,2.026881e+00,1.643725e+00,2.128167e+00,2.090597e+00,1.718588e+00,1.711438e+00,1.733636e+00,1.803388e+00,1.759651e+00,2.072211e+00,1.882637e+00,1.767768e-01,1.643725e+00,2.149674e+00
6.537000e+00,1.085330e+00,2.015191e+00,1.680501e+00,1.840874e+00,1.834215e+00,1.898359e+00,1.655985e+00,2.150372e+00,2.128807e+00,2.027138e+00,1.644346e+00,2.127833e+00,2.089851e+00,1.719059e+00,1.712312e+00,1.734343e+00,1.803592e+00,1.760306e+00,2.074211e+00,1.883183e+00,1.768250e-01,1.644346e+00,2.150372e+00
6.538000e+00,1.085590e+00,2.014580e+00,1.680531e+00,1.840583e+00,1.834753e+00,1.898281e+00,1.655620e+00,2.150372e+00,2.132018e+00,2.027412e+00,1.644782e+00,2.128833e+00,2.091493e+00,1.719412e+00,1.712813e+00,1.733434e+00,1.801429e+00,1.761223e+00,2.075579e+00,1.883508e+00,1.773310e-01,1.644782e+00,2.150372e+00
6.539000e+00,1.085770e+00,2.012595e+00,1.680501e+00,1.840874e+00,1.835874e+00,1.898750e+00,1.655109e+00,2.148698e+00,2.131284e+00,2.027605e+00,1.645252e+00,2.131500e+00,2.094478e+00,1.720118e+00,1.713187e+00,1.732374e+00,1.801347e+00,1.762838e+00,2.077053e+00,1.883858e+00,1.774719e-01,1.645252e+00,2.148698e+00
6.540000e+00,1.085990e+00,2.013664e+00,1.681209e+00,1.841845e+00,1.837758e+00,1.900547e+00,1.655182e+00,2.149070e+00,2.133119e+00,2.027637e+00,1.645285e+00,2.130833e+00,2.095373e+00,1.721118e+00,1.714313e+00,1.731061e+00,1.801306e+00,1.762358e+00,2.078000e+00,1.884427e+00,1.776404e-01,1.645285e+00,2.149070e+00
6.541000e+00,1.086280e+00,2.015191e+00,1.682271e+00,1.840874e+00,1.837534e+00,1.900391e+00,1.655109e+00,2.148651e+00,2.133761e+00,2.028087e+00,1.645336e+00,2.132167e+00,2.094925e+00,1.721941e+00,1.715000e+00,1.730556e+00,1.801102e+00,1.763799e+00,2.078947e+00,1.884758e+00,1.777149e-01,1.645336e+00,2.148651e+00
6.542000e+00,1.086580e+00,2.015344e+00,1.682979e+00,1.842621e+00,1.838565e+00,1.901094e+00,1.656277e+00,2.148791e+00,2.134312e+00,2.028746e+00,1.645671e+00,2.130000e+00,2.096716e+00,1.721941e+00,1.713688e+00,1.731162e+00,1.801633e+00,1.764760e+00,2.079579e+00,1.885215e+00,1.775965e-01,1.645671e+00,2.148791e+00
6.543000e+00,1.086680e+00,2.015573e+00,1.683864e+00,1.843786e+00,1.839283e+00,1.901172e+00,1.655839e+00,2.150279e+00,2.136422e+00,2.029019e+00,1.646258e+00,2.132000e+00,2.098209e+00,1.722235e+00,1.714875e+00,1.732374e+00,1.802082e+00,1.765459e+00,2.080842e+00,1.886087e+00,1.779653e-01,1.646258e+00,2.150279e+00
6.544000e+00,1.087000e+00,2.016183e+00,1.684100e+00,1.843981e+00,1.840448e+00,1.902266e+00,1.656569e+00,2.150977e+00,2.135963e+00,2.029132e+00,1.647030e+00,2.135833e+00,2.099701e+00,1.722353e+00,1.714938e+00,1.732020e+00,1.803102e+00,1.766376e+00,2.081053e+00,1.886779e+00,1.782315e-01,1.647030e+00,2.150977e+00
6.545000e+00,1.087510e+00,2.016794e+00,1.684159e+00,1.845243e+00,1.841300e+00,1.902734e+00,1.657445e+00,2.151302e+00,2.137064e+00,2.029341e+00,1.647131e+00,2.132833e+00,2.101791e+00,1.722824e+00,1.715312e+00,1.733283e+00,1.804367e+00,1.767991e+00,2.081368e+00,1.887349e+00,1.780057e-01,1.647131e+00,2.151302e+00
6.546000e+00,1.087560e+00,2.018168e+00,1.685221e+00,1.846893e+00,1.841749e+00,1.902344e+00,1.658613e+00,2.152047e+00,2.137431e+00,2.029711e+00,1.647836e+00,2.136167e+00,2.101493e+00,1.723529e+00,1.716000e+00,1.733939e+00,1.805388e+00,1.769301e+00,2.083789e+00,1.888312e+00,1.781376e-01,1.647836e+00,2.152047e+00
6.547000e+00,1.087810e+00,2.017710e+00,1.686106e+00,1.845631e+00,1.843498e+00,1.903828e+00,1.659197e+00,2.154233e+00,2.138440e+00,2.030354e+00,1.648020e+00,2.134167e+00,2.103433e+00,1.724412e+00,1.717500e+00,1.735455e+00,1.806449e+00,1.770175e+00,2.083263e+00,1.888993e+00,1.779781e-01,1.648020e+00,2.154233e+00
6.548000e+00,1.088040e+00,2.019237e+00,1.685900e+00,1.848058e+00,1.844619e+00,1.903047e+00,1.659562e+00,2.156000e+00,2.138624e+00,2.031109e+00,1.647517e+00,2.134833e+00,2.103582e+00,1.725235e+00,1.718375e+00,1.736566e+00,1.807510e+00,1.770000e+00,2.084105e+00,1.889660e+00,1.781563e-01,1.647517e+00,2.156000e+00
6.549000e+00,1.088360e+00,2.019695e+00,1.686342e+00,1.847767e+00,1.845247e+00,1.904141e+00,1.660657e+00,2.156698e+00,2.140000e+00,2.031817e+00,1.647232e+00,2.136667e+00,2.105075e+00,1.726118e+00,1.718562e+00,1.737374e+00,1.808816e+00,1.770655e+00,2.085684e+00,1.890475e+00,1.784696e-01,1.647232e+00,2.156698e+00
6.550000e+00,1.088610e+00,2.020687e+00,1.686342e+00,1.847864e+00,1.846099e+00,1.905625e+00,1.661387e+00,2.158512e+00,2.140092e+00,2.032878e+00,1.647584e+00,2.137500e+00,2.105075e+00,1.727059e+00,1.719063e+00,1.738636e+00,1.810041e+00,1.772227e+00,2.086526e+00,1.891289e+00,1.785187e-01,1.647584e+00,2.158512e+00
6.551000e+00,1.088690e+00,2.021374e+00,1.686224e+00,1.850485e+00,1.847803e+00,1.905781e+00,1.662190e+00,2.158977e+00,2.141009e+00,2.034019e+00,1.647718e+00,2.138333e+00,2.106119e+00,1.727059e+00,1.719688e+00,1.739545e+00,1.810531e+00,1.772533e+00,2.088000e+00,1.892077e+00,1.787112e-01,1.647718e+00,2.158977e+00
6.552000e+00,1.089090e+00,2.021527e+00,1.686106e+00,1.849417e+00,1.848430e+00,1.906797e+00,1.663650e+00,2.160000e+00,2.141743e+00,2.035048e+00,1.647701e+00,2.137833e+00,2.107910e+00,1.727118e+00,1.721188e+00,1.740152e+00,1.811755e+00,1.773581e+00,2.089263e+00,1.892734e+00,1.787956e-01,1.647701e+00,2.160000e+00
6.553000e+00,1.089340e+00,2.023817e+00,1.686195e+00,1.849126e+00,1.848341e+00,1.907500e+00,1.663066e+00,2.161302e+00,2.142844e+00,2.035048e+00,1.648473e+00,2.138667e+00,2.109403e+00,1.726118e+00,1.722312e+00,1.741414e+00,1.812939e+00,1.774323e+00,2.088632e+00,1.893307e+00,1.790668e-01,1.648473e+00,2.161302e+00
6.554000e+00,1.089470e+00,2.023664e+00,1.686726e+00,1.850485e+00,1.848072e+00,1.905547e+00,1.665474e+00,2.162326e+00,2.145046e+00,2.035048e+00,1.649211e+00,2.141000e+00,2.111940e+00,1.724824e+00,1.722125e+00,1.741970e+00,1.813714e+00,1.774760e+00,2.091053e+00,1.894055e+00,1.795442e-01,1.649211e+00,2.162326e+00
6.555000e+00,1.089830e+00,2.024885e+00,1.686814e+00,1.848738e+00,1.849955e+00,1.907500e+00,1.665401e+00,2.163209e+00,2.145596e+00,2.035675e+00,1.649211e+00,2.137833e+00,2.112090e+00,1.723412e+00,1.722813e+00,1.742222e+00,1.814694e+00,1.776157e+00,2.093158e+00,1.894409e+00,1.795906e-01,1.649211e+00,2.163209e+00
6.556000e+00,1.090150e+00,2.025725e+00,1.687463e+00,1.850388e+00,1.850448e+00,1.906875e+00,1.666569e+00,2.163767e+00,2.149083e+00,2.036576e+00,1.649782e+00,2.140833e+00,2.114030e+00,1.723647e+00,1.723750e+00,1.743232e+00,1.816082e+00,1.776769e+00,2.094211e+00,1.895513e+00,1.800376e-01,1.649782e+00,2.163767e+00
6.557000e+00,1.090440e+00,2.026183e+00,1.687788e+00,1.849126e+00,1.851300e+00,1.907188e+00,1.666496e+00,2.165395e+00,2.149174e+00,2.038039e+00,1.650117e+00,2.138667e+00,2.115970e+00,1.723588e+00,1.723625e+00,1.744293e+00,1.816286e+00,1.776769e+00,2.094842e+00,1.895825e+00,1.801901e-01,1.650117e+00,2.165395e+00
6.558000e+00,1.090660e+00,2.027557e+00,1.687935e+00,1.847961e+00,1.851928e+00,1.908047e+00,1.667226e+00,2.165535e+00,2.151743e+00,2.039100e+00,1.650738e+00,2.142000e+00,2.113284e+00,1.724118e+00,1.724500e+00,1.746010e+00,1.816245e+00,1.777642e+00,2.095053e+00,1.896479e+00,1.803058e-01,1.650738e+00,2.165535e+00
6.559000e+00,1.090920e+00,2.027634e+00,1.688142e+00,1.851262e+00,1.852466e+00,1.908594e+00,1.668248e+00,2.165953e+00,2.151743e+00,2.039855e+00,1.651191e+00,2.144500e+00,2.115821e+00,1.724647e+00,1.724562e+00,1.747172e+00,1.817673e+00,1.779039e+00,2.096632e+00,1.897508e+00,1.804880e-01,1.651191e+00,2.165953e+00
6.560000e+00,1.091160e+00,2.029313e+00,1.688584e+00,1.850971e+00,1.853991e+00,1.910234e+00,1.667883e+00,2.167209e+00,2.151835e+00,2.040804e+00,1.651745e+00,2.141500e+00,2.116119e+00,1.725059e+00,1.725062e+00,1.747374e+00,1.818612e+00,1.778996e+00,2.097789e+00,1.897949e+00,1.804382e-01,1.651745e+00,2.167209e+00
6.561000e+00,1.091310e+00,2.031069e+00,1.688702e+00,1.850971e+00,1.854439e+00,1.910312e+00,1.669489e+00,2.168000e+00,2.150550e+00,2.042026e+00,1.652164e+00,2.143500e+00,2.116269e+00,1.725882e+00,1.725187e+00,1.748636e+00,1.819224e+00,1.778079e+00,2.099158e+00,1.898537e+00,1.805250e-01,1.652164e+00,2.168000e+00
6.562000e+00,1.091590e+00,2.031145e+00,1.688997e+00,1.854078e+00,1.855022e+00,1.911016e+00,1.669416e+00,2.168884e+00,2.150092e+00,2.042621e+00,1.652416e+00,2.143500e+00,2.119403e+00,1.727059e+00,1.725375e+00,1.749747e+00,1.819429e+00,1.779083e+00,2.099263e+00,1.899252e+00,1.805613e-01,1.652416e+00,2.168884e+00
6.563000e+00,1.091980e+00,2.032595e+00,1.689853e+00,1.852718e+00,1.856413e+00,1.910234e+00,1.670876e+00,2.168977e+00,2.149450e+00,2.042878e+00,1.653138e+00,2.145000e+00,2.119254e+00,1.727059e+00,1.725250e+00,1.750707e+00,1.820816e+00,1.779214e+00,2.102000e+00,1.899802e+00,1.805708e-01,1.653138e+00,2.168977e+00
6.564000e+00,1.092100e+00,2.032977e+00,1.690708e+00,1.853981e+00,1.857892e+00,1.911797e+00,1.671387e+00,2.170512e+00,2.148899e+00,2.043424e+00,1.653775e+00,2.146000e+00,2.122687e+00,1.727235e+00,1.725875e+00,1.751061e+00,1.821714e+00,1.779432e+00,2.101579e+00,1.900608e+00,1.807166e-01,1.653775e+00,2.170512e+00
6.565000e+00,1.092550e+00,2.032901e+00,1.690944e+00,1.855437e+00,1.858565e+00,1.911172e+00,1.671898e+00,2.171721e+00,2.149633e+00,2.044228e+00,1.654161e+00,2.147333e+00,2.122836e+00,1.728941e+00,1.726813e+00,1.752121e+00,1.822408e+00,1.779476e+00,2.102526e+00,1.901284e+00,1.807545e-01,1.654161e+00,2.171721e+00
6.566000e+00,1.092700e+00,2.034046e+00,1.691445e+00,1.854563e+00,1.859238e+00,1.911797e+00,1.672847e+00,2.172977e+00,2.150826e+00,2.045756e+00,1.654715e+00,2.147333e+00,2.121642e+00,1.729765e+00,1.728000e+00,1.753182e+00,1.823224e+00,1.780961e+00,2.103474e+00,1.901988e+00,1.806747e-01,1.654715e+00,2.172977e+00
6.567000e+00,1.092950e+00,2.035344e+00,1.691947e+00,1.856311e+00,1.859641e+00,1.912891e+00,1.672482e+00,2.174186e+00,2.151376e+00,2.047990e+00,1.655537e+00,2.147833e+00,2.123433e+00,1.730353e+00,1.728125e+00,1.753586e+00,1.823837e+00,1.782314e+00,2.105684e+00,1.902937e+00,1.810474e-01,1.655537e+00,2.174186e+00
6.568000e+00,1.093200e+00,2.034809e+00,1.692153e+00,1.857670e+00,1.861031e+00,1.912422e+00,1.673942e+00,2.174465e+00,2.151468e+00,2.050145e+00,1.656443e+00,2.149167e+00,2.125075e+00,1.730882e+00,1.727250e+00,1.753939e+00,1.824776e+00,1.783275e+00,2.106421e+00,1.903630e+00,1.811303e-01,1.656443e+00,2.174465e+00
6.569000e+00,1.093360e+00,2.034809e+00,1.692153e+00,1.857670e+00,1.861749e+00,1.913516e+00,1.673869e+00,2.175953e+00,2.152936e+00,2.051302e+00,1.656913e+00,2.152167e+00,2.126716e+00,1.731824e+00,1.725687e+00,1.754899e+00,1.826204e+00,1.783668e+00,2.106737e+00,1.904376e+00,1.816808e-01,1.656913e+00,2.175953e+00
6.570000e+00,1.093760e+00,2.035878e+00,1.692419e+00,1.858641e+00,1.862197e+00,1.915703e+00,1.674672e+00,2.177721e+00,2.155046e+00,2.051640e+00,1.658003e+00,2.152000e+00,2.128209e+00,1.732235e+00,1.724812e+00,1.755707e+00,1.826327e+00,1.784454e+00,2.107789e+00,1.905192e+00,1.819883e-01,1.658003e+00,2.177721e+00
6.571000e+00,1.093970e+00,2.037023e+00,1.692773e+00,1.859126e+00,1.863094e+00,1.914531e+00,1.674380e+00,2.177395e+00,2.155321e+00,2.051977e+00,1.658389e+00,2.154167e+00,2.129254e+00,1.733176e+00,1.723500e+00,1.756162e+00,1.825061e+00,1.785808e+00,2.107684e+00,1.905490e+00,1.822014e-01,1.658389e+00,2.177395e+00
6.572000e+00,1.094240e+00,2.037939e+00,1.692625e+00,1.858932e+00,1.864574e+00,1.915938e+00,1.673504e+00,2.176512e+00,2.156422e+00,2.052444e+00,1.658658e+00,2.152667e+00,2.130896e+00,1.733176e+00,1.723687e+00,1.756465e+00,1.824531e+00,1.786900e+00,2.109474e+00,1.905852e+00,1.823680e-01,1.658658e+00,2.176512e+00
6.573000e+00,1.094600e+00,2.038321e+00,1.692920e+00,1.859903e+00,1.864081e+00,1.918281e+00,1.674161e+00,2.176047e+00,2.157248e+00,2.052797e+00,1.658859e+00,2.156500e+00,2.129851e+00,1.733588e+00,1.724625e+00,1.757727e+00,1.823959e+00,1.787904e+00,2.110316e+00,1.906505e+00,1.824612e-01,1.658859e+00,2.176047e+00
6.574000e+00,1.094760e+00,2.039847e+00,1.693274e+00,1.861553e+00,1.864664e+00,1.918359e+00,1.673869e+00,2.176791e+00,2.160734e+00,2.052990e+00,1.659547e+00,2.152167e+00,2.131194e+00,1.734824e+00,1.725875e+00,1.757929e+00,1.823388e+00,1.787729e+00,2.109684e+00,1.906912e+00,1.823791e-01,1.659547e+00,2.176791e+00
6.575000e+00,1.094950e+00,2.039466e+00,1.693628e+00,1.860583e+00,1.864305e+00,1.918438e+00,1.674015e+00,2.177163e+00,2.161193e+00,2.053537e+00,1.659883e+00,2.152167e+00,2.132537e+00,1.735353e+00,1.725562e+00,1.758535e+00,1.823959e+00,1.787860e+00,2.110211e+00,1.907133e+00,1.824812e-01,1.659883e+00,2.177163e+00
6.576000e+00,1.095310e+00,2.039847e+00,1.693687e+00,1.862621e+00,1.865471e+00,1.918984e+00,1.674380e+00,2.176930e+00,2.162936e+00,2.054051e+00,1.660369e+00,2.154333e+00,2.132687e+00,1.735588e+00,1.726437e+00,1.759293e+00,1.824776e+00,1.788996e+00,2.111263e+00,1.907925e+00,1.826079e-01,1.660369e+00,2.176930e+00
6.577000e+00,1.095470e+00,2.041679e+00,1.694454e+00,1.861650e+00,1.866592e+00,1.919766e+00,1.675328e+00,2.178186e+00,2.164128e+00,2.054260e+00,1.660906e+00,2.153833e+00,2.131045e+00,1.737059e+00,1.726875e+00,1.760051e+00,1.825184e+00,1.789170e+00,2.111368e+00,1.908419e+00,1.824361e-01,1.660906e+00,2.178186e+00
6.578000e+00,1.095640e+00,2.041679e+00,1.694631e+00,1.864563e+00,1.866547e+00,1.921406e+00,1.675839e+00,2.178744e+00,2.166055e+00,2.054486e+00,1.661862e+00,2.156167e+00,2.130000e+00,1.737824e+00,1.728000e+00,1.761768e+00,1.825755e+00,1.789956e+00,2.108632e+00,1.909106e+00,1.822026e-01,1.661862e+00,2.178744e+00
6.579000e+00,1.095840e+00,2.042519e+00,1.695103e+00,1.865534e+00,1.865067e+00,1.920703e+00,1.675693e+00,2.179395e+00,2.166239e+00,2.054952e+00,1.662131e+00,2.155167e+00,2.128358e+00,1.738471e+00,1.728750e+00,1.762879e+00,1.826327e+00,1.791354e+00,2.104947e+00,1.909088e+00,1.816908e-01,1.662131e+00,2.179395e+00
6.580000e+00,1.096050e+00,2.042061e+00,1.694602e+00,1.864078e+00,1.864305e+00,1.921016e+00,1.676642e+00,2.179767e+00,2.167615e+00,2.056029e+00,1.662601e+00,2.156500e+00,2.127761e+00,1.739353e+00,1.730562e+00,1.763384e+00,1.827510e+00,1.791092e+00,2.105158e+00,1.909446e+00,1.817053e-01,1.662601e+00,2.179767e+00
6.581000e+00,1.096440e+00,2.040534e+00,1.695192e+00,1.866699e+00,1.864260e+00,1.920703e+00,1.676131e+00,2.180140e+00,2.169541e+00,2.057267e+00,1.663356e+00,2.159000e+00,2.127463e+00,1.740059e+00,1.730625e+00,1.764646e+00,1.827837e+00,1.791790e+00,2.105684e+00,1.910052e+00,1.818587e-01,1.663356e+00,2.180140e+00
6.582000e+00,1.096680e+00,2.041145e+00,1.695339e+00,1.866893e+00,1.863901e+00,1.923672e+00,1.677372e+00,2.181442e+00,2.170183e+00,2.058006e+00,1.663809e+00,2.156833e+00,2.128209e+00,1.740647e+00,1.731062e+00,1.764747e+00,1.828571e+00,1.792183e+00,2.105474e+00,1.910527e+00,1.817373e-01,1.663809e+00,2.181442e+00
6.583000e+00,1.096920e+00,2.040458e+00,1.696077e+00,1.866990e+00,1.864709e+00,1.922422e+00,1.678759e+00,2.182977e+00,2.172018e+00,2.058408e+00,1.664060e+00,2.161000e+00,2.128657e+00,1.741647e+00,1.731500e+00,1.765505e+00,1.829918e+00,1.793275e+00,2.106632e+00,1.911390e+00,1.820491e-01,1.664060e+00,2.182977e+00
6.584000e+00,1.097220e+00,2.041527e+00,1.696726e+00,1.868738e+00,1.864798e+00,1.923594e+00,1.679197e+00,2.184558e+00,2.172110e+00,2.059293e+00,1.664966e+00,2.158667e+00,2.130448e+00,1.740588e+00,1.732625e+00,1.766313e+00,1.831306e+00,1.794192e+00,2.107263e+00,1.912050e+00,1.819770e-01,1.664966e+00,2.184558e+00
6.585000e+00,1.097410e+00,2.041756e+00,1.697404e+00,1.869029e+00,1.866368e+00,1.924063e+00,1.680365e+00,2.185395e+00,2.174220e+00,2.059968e+00,1.665000e+00,2.163333e+00,2.130448e+00,1.741706e+00,1.733812e+00,1.766212e+00,1.832531e+00,1.795328e+00,2.108632e+00,1.913087e+00,1.823441e-01,1.665000e+00,2.185395e+00
6.586000e+00,1.097750e+00,2.044427e+00,1.697817e+00,1.867670e+00,1.866816e+00,1.924219e+00,1.680219e+00,2.186372e+00,2.175321e+00,2.060482e+00,1.664597e+00,2.163000e+00,2.132090e+00,1.742294e+00,1.733688e+00,1.764141e+00,1.833061e+00,1.795502e+00,2.110632e+00,1.913464e+00,1.829207e-01,1.664597e+00,2.186372e+00
6.587000e+00,1.097870e+00,2.043664e+00,1.697699e+00,1.867961e+00,1.868072e+00,1.922578e+00,1.681387e+00,2.187581e+00,2.177156e+00,2.061254e+00,1.664094e+00,2.161333e+00,2.134328e+00,1.743706e+00,1.734563e+00,1.762879e+00,1.834082e+00,1.796114e+00,2.111579e+00,1.913891e+00,1.830786e-01,1.664094e+00,2.187581e+00
6.588000e+00,1.098150e+00,2.044580e+00,1.698201e+00,1.868058e+00,1.869238e+00,1.922031e+00,1.681314e+00,2.189116e+00,2.177248e+00,2.061752e+00,1.664262e+00,2.165667e+00,2.133582e+00,1.744235e+00,1.735063e+00,1.761818e+00,1.835469e+00,1.796157e+00,2.114211e+00,1.914556e+00,1.836079e-01,1.664262e+00,2.189116e+00
6.589000e+00,1.098500e+00,2.045267e+00,1.697906e+00,1.867670e+00,1.870090e+00,1.923984e+00,1.682482e+00,2.190512e+00,2.177890e+00,2.062363e+00,1.664144e+00,2.165167e+00,2.136716e+00,1.745412e+00,1.734938e+00,1.762222e+00,1.836163e+00,1.796419e+00,2.115684e+00,1.915279e+00,1.839352e-01,1.664144e+00,2.190512e+00
6.590000e+00,1.098680e+00,2.045649e+00,1.698112e+00,1.869320e+00,1.870448e+00,1.923516e+00,1.682263e+00,2.191349e+00,2.179358e+00,2.063135e+00,1.664631e+00,2.165000e+00,2.139552e+00,1.746000e+00,1.735813e+00,1.762828e+00,1.836776e+00,1.798253e+00,2.118526e+00,1.916140e+00,1.842703e-01,1.664631e+00,2.191349e+00
6.591000e+00,1.098980e+00,2.047252e+00,1.697965e+00,1.868738e+00,1.871883e+00,1.924375e+00,1.683650e+00,2.192372e+00,2.178991e+00,2.063842e+00,1.665285e+00,2.165333e+00,2.141045e+00,1.746353e+00,1.736687e+00,1.763081e+00,1.838000e+00,1.799782e+00,2.119474e+00,1.916895e+00,1.842962e-01,1.665285e+00,2.192372e+00
6.592000e+00,1.099290e+00,2.047405e+00,1.699027e+00,1.869417e+00,1.872780e+00,1.924844e+00,1.684818e+00,2.193860e+00,2.180183e+00,2.064614e+00,1.665789e+00,2.165000e+00,2.142985e+00,1.745824e+00,1.737750e+00,1.764343e+00,1.838122e+00,1.800175e+00,2.121684e+00,1.917701e+00,1.844794e-01,1.665789e+00,2.193860e+00
6.593000e+00,1.099450e+00,2.048779e+00,1.699145e+00,1.870485e+00,1.873812e+00,1.924844e+00,1.684672e+00,2.194512e+00,2.181101e+00,2.065386e+00,1.665973e+00,2.169500e+00,2.142836e+00,1.747176e+00,1.738625e+00,1.765152e+00,1.838898e+00,1.801004e+00,2.123263e+00,1.918620e+00,1.848745e-01,1.665973e+00,2.194512e+00
6.594000e+00,1.099670e+00,2.047863e+00,1.699528e+00,1.869903e+00,1.874395e+00,1.926953e+00,1.686642e+00,2.194791e+00,2.182752e+00,2.065981e+00,1.666611e+00,2.167000e+00,2.145224e+00,1.747824e+00,1.739313e+00,1.766414e+00,1.839224e+00,1.800175e+00,2.122421e+00,1.919056e+00,1.846277e-01,1.666611e+00,2.194791e+00
6.595000e+00,1.099870e+00,2.049084e+00,1.700324e+00,1.871748e+00,1.875247e+00,1.927109e+00,1.685547e+00,2.194930e+00,2.184220e+00,2.066929e+00,1.667366e+00,2.169667e+00,2.145522e+00,1.748059e+00,1.740125e+00,1.766919e+00,1.840000e+00,1.801354e+00,2.124000e+00,1.919897e+00,1.849504e-01,1.667366e+00,2.194930e+00
6.596000e+00,1.100190e+00,2.050229e+00,1.701091e+00,1.873107e+00,1.876771e+00,1.926484e+00,1.686131e+00,2.195349e+00,2.185780e+00,2.068215e+00,1.667651e+00,2.169667e+00,2.145970e+00,1.748176e+00,1.740500e+00,1.767677e+00,1.840939e+00,1.801747e+00,2.124211e+00,1.920539e+00,1.850018e-01,1.667651e+00,2.195349e+00
6.597000e+00,1.100510e+00,2.050153e+00,1.701357e+00,1.872039e+00,1.877937e+00,1.931719e+00,1.687007e+00,2.196651e+00,2.186881e+00,2.069164e+00,1.668289e+00,2.171167e+00,2.147015e+00,1.749000e+00,1.742125e+00,1.769040e+00,1.841755e+00,1.802576e+00,2.126842e+00,1.921706e+00,1.852233e-01,1.668289e+00,2.196651e+00
6.598000e+00,1.100800e+00,2.052061e+00,1.701652e+00,1.875340e+00,1.879013e+00,1.929453e+00,1.687445e+00,2.196977e+00,2.188165e+00,2.069228e+00,1.669027e+00,2.172667e+00,2.147761e+00,1.750176e+00,1.741625e+00,1.770000e+00,1.842776e+00,1.802795e+00,2.126632e+00,1.922377e+00,1.852949e-01,1.669027e+00,2.196977e+00
6.599000e+00,1.100980e+00,2.052366e+00,1.702094e+00,1.875728e+00,1.879686e+00,1.928828e+00,1.686934e+00,2.197767e+00,2.189450e+00,2.069244e+00,1.669262e+00,2.172000e+00,2.149851e+00,1.750529e+00,1.742000e+00,1.771818e+00,1.842694e+00,1.803362e+00,2.128842e+00,1.922914e+00,1.855365e-01,1.669262e+00,2.197767e+00
6.600000e+00,1.101300e+00,2.052595e+00,1.701829e+00,1.874757e+00,1.881390e+00,1.930937e+00,1.688029e+00,2.198744e+00,2.189817e+00,2.069421e+00,1.669446e+00,2.174667e+00,2.150448e+00,1.751059e+00,1.742813e+00,1.772626e+00,1.843551e+00,1.804410e+00,2.129158e+00,1.923650e+00,1.856790e-01,1.669446e+00,2.198744e+00
6.601000e+00,1.101670e+00,2.054962e+00,1.701180e+00,1.877087e+00,1.882018e+00,1.932109e+00,1.689343e+00,2.199767e+00,2.191835e+00,2.069421e+00,1.670319e+00,2.172000e+00,2.149701e+00,1.752529e+00,1.743625e+00,1.773737e+00,1.844571e+00,1.805109e+00,2.130947e+00,1.924459e+00,1.855032e-01,1.670319e+00,2.199767e+00
6.602000e+00,1.101800e+00,2.054885e+00,1.702065e+00,1.876699e+00,1.882511e+00,1.932031e+00,1.688978e+00,2.201535e+00,2.192936e+00,2.069421e+00,1.671124e+00,2.173500e+00,2.152239e+00,1.752882e+00,1.743688e+00,1.774747e+00,1.845061e+00,1.806288e+00,2.129684e+00,1.925015e+00,1.857236e-01,1.671124e+00,2.201535e+00
6.603000e+00,1.102070e+00,2.057252e+00,1.702330e+00,1.877087e+00,1.883632e+00,1.932969e+00,1.689708e+00,2.201674e+00,2.194037e+00,2.069421e+00,1.671560e+00,2.175000e+00,2.154179e+00,1.753412e+00,1.744750e+00,1.775152e+00,1.846408e+00,1.808384e+00,2.132421e+00,1.926077e+00,1.859977e-01,1.671560e+00,2.201674e+00
6.604000e+00,1.102320e+00,2.057328e+00,1.702655e+00,1.879029e+00,1.884350e+00,1.933672e+00,1.690146e+00,2.201814e+00,2.193394e+00,2.069421e+00,1.672500e+00,2.173000e+00,2.153284e+00,1.753471e+00,1.745375e+00,1.775556e+00,1.846531e+00,1.809607e+00,2.134842e+00,1.926443e+00,1.856413e-01,1.672500e+00,2.201814e+00
6.605000e+00,1.102590e+00,2.059313e+00,1.703304e+00,1.877961e+00,1.885067e+00,1.934922e+00,1.688467e+00,2.200930e+00,2.192477e+00,2.069421e+00,1.673070e+00,2.174333e+00,2.155672e+00,1.754588e+00,1.746188e+00,1.777222e+00,1.844612e+00,1.809694e+00,2.135789e+00,1.926835e+00,1.858028e-01,1.673070e+00,2.200930e+00
6.606000e+00,1.102860e+00,2.059160e+00,1.703274e+00,1.878835e+00,1.885964e+00,1.937031e+00,1.689343e+00,2.200930e+00,2.190734e+00,2.069662e+00,1.673893e+00,2.175333e+00,2.158806e+00,1.754412e+00,1.746312e+00,1.778081e+00,1.843878e+00,1.810524e+00,2.135158e+00,1.927296e+00,1.857318e-01,1.673893e+00,2.200930e+00
6.607000e+00,1.103000e+00,2.060305e+00,1.704395e+00,1.880485e+00,1.886323e+00,1.936016e+00,1.688905e+00,2.201628e+00,2.190275e+00,2.070305e+00,1.674262e+00,2.177667e+00,2.159254e+00,1.754765e+00,1.746687e+00,1.778838e+00,1.843959e+00,1.811616e+00,2.136737e+00,1.927912e+00,1.859134e-01,1.674262e+00,2.201628e+00
6.608000e+00,1.103370e+00,2.061527e+00,1.704720e+00,1.879806e+00,1.887309e+00,1.935469e+00,1.690000e+00,2.201395e+00,2.190275e+00,2.071077e+00,1.674916e+00,2.177500e+00,2.159254e+00,1.755059e+00,1.747563e+00,1.780202e+00,1.843837e+00,1.811572e+00,2.137789e+00,1.928293e+00,1.857575e-01,1.674916e+00,2.201395e+00
6.609000e+00,1.103670e+00,2.061908e+00,1.705398e+00,1.882039e+00,1.887937e+00,1.937109e+00,1.689416e+00,2.202000e+00,2.191101e+00,2.071543e+00,1.675872e+00,2.179167e+00,2.161493e+00,1.755176e+00,1.748125e+00,1.781414e+00,1.845265e+00,1.810437e+00,2.140316e+00,1.929207e+00,1.861464e-01,1.675872e+00,2.202000e+00
6.610000e+00,1.103890e+00,2.062672e+00,1.705900e+00,1.884175e+00,1.888700e+00,1.938359e+00,1.690949e+00,2.203256e+00,2.191835e+00,2.071785e+00,1.676409e+00,2.178167e+00,2.160896e+00,1.755706e+00,1.748000e+00,1.782626e+00,1.845551e+00,1.811703e+00,2.140947e+00,1.929869e+00,1.859250e-01,1.676409e+00,2.203256e+00
6.611000e+00,1.104150e+00,2.063359e+00,1.706608e+00,1.884369e+00,1.889686e+00,1.938828e+00,1.690876e+00,2.204465e+00,2.193945e+00,2.071785e+00,1.676560e+00,2.178000e+00,2.162537e+00,1.755059e+00,1.748562e+00,1.783232e+00,1.845837e+00,1.812314e+00,2.143579e+00,1.930533e+00,1.863648e-01,1.676560e+00,2.204465e+00
6.612000e+00,1.104330e+00,2.064580e+00,1.707109e+00,1.884951e+00,1.891345e+00,1.939922e+00,1.691825e+00,2.204744e+00,2.194312e+00,2.071785e+00,1.676913e+00,2.179833e+00,2.164179e+00,1.753176e+00,1.748000e+00,1.783485e+00,1.847796e+00,1.814323e+00,2.143158e+00,1.931191e+00,1.865336e-01,1.676913e+00,2.204744e+00
6.613000e+00,1.104670e+00,2.063969e+00,1.707109e+00,1.884757e+00,1.891973e+00,1.941328e+00,1.692993e+00,2.205721e+00,2.193761e+00,2.071785e+00,1.677433e+00,2.182167e+00,2.164030e+00,1.753706e+00,1.749688e+00,1.783687e+00,1.848490e+00,1.814760e+00,2.144421e+00,1.931765e+00,1.865043e-01,1.677433e+00,2.205721e+00
6.614000e+00,1.104880e+00,2.064351e+00,1.707257e+00,1.884951e+00,1.893049e+00,1.941094e+00,1.693139e+00,2.206884e+00,2.197431e+00,2.071785e+00,1.678188e+00,2.181500e+00,2.167015e+00,1.752294e+00,1.749500e+00,1.785303e+00,1.849551e+00,1.815677e+00,2.146211e+00,1.932510e+00,1.870358e-01,1.678188e+00,2.206884e+00
6.615000e+00,1.105100e+00,2.066107e+00,1.707463e+00,1.886311e+00,1.893632e+00,1.941641e+00,1.694453e+00,2.208651e+00,2.198349e+00,2.071785e+00,1.678540e+00,2.183333e+00,2.168209e+00,1.753471e+00,1.750000e+00,1.786010e+00,1.850082e+00,1.817686e+00,2.146947e+00,1.933482e+00,1.872248e-01,1.678540e+00,2.208651e+00
6.616000e+00,1.105540e+00,2.067405e+00,1.707965e+00,1.885728e+00,1.895561e+00,1.943828e+00,1.694307e+00,2.209209e+00,2.199541e+00,2.074325e+00,1.678725e+00,2.184167e+00,2.167015e+00,1.753176e+00,1.750812e+00,1.786919e+00,1.850898e+00,1.818384e+00,2.148421e+00,1.934244e+00,1.874344e-01,1.678725e+00,2.209209e+00
6.617000e+00,1.105740e+00,2.068092e+00,1.707758e+00,1.886699e+00,1.895336e+00,1.943672e+00,1.695182e+00,2.209953e+00,2.201284e+00,2.078167e+00,1.679111e+00,2.186000e+00,2.171343e+00,1.754118e+00,1.752125e+00,1.787778e+00,1.852408e+00,1.815328e+00,2.148421e+00,1.935154e+00,1.880773e-01,1.679111e+00,2.209953e+00
6.618000e+00,1.105850e+00,2.067176e+00,1.708289e+00,1.885728e+00,1.896323e+00,1.943203e+00,1.695693e+00,2.211116e+00,2.203119e+00,2.080852e+00,1.679547e+00,2.186167e+00,2.169701e+00,1.754824e+00,1.752187e+00,1.789091e+00,1.853959e+00,1.811878e+00,2.149263e+00,1.935451e+00,1.882313e-01,1.679547e+00,2.211116e+00
6.619000e+00,1.106100e+00,2.069160e+00,1.709233e+00,1.884854e+00,1.896278e+00,1.943672e+00,1.695255e+00,2.213209e+00,2.204495e+00,2.082637e+00,1.680084e+00,2.187167e+00,2.170448e+00,1.755824e+00,1.752000e+00,1.790354e+00,1.854653e+00,1.810568e+00,2.150105e+00,1.936111e+00,1.887194e-01,1.680084e+00,2.213209e+00
6.620000e+00,1.106370e+00,2.069542e+00,1.709617e+00,1.887282e+00,1.897534e+00,1.942656e+00,1.697007e+00,2.213209e+00,2.205229e+00,2.084277e+00,1.680117e+00,2.190667e+00,2.169552e+00,1.756176e+00,1.752875e+00,1.791010e+00,1.855347e+00,1.808908e+00,2.152632e+00,1.936869e+00,1.889675e-01,1.680117e+00,2.213209e+00
6.621000e+00,1.106650e+00,2.070000e+00,1.709735e+00,1.886893e+00,1.897578e+00,1.944297e+00,1.697664e+00,2.215116e+00,2.207523e+00,2.085418e+00,1.680453e+00,2.187500e+00,2.171045e+00,1.757529e+00,1.753875e+00,1.791212e+00,1.856408e+00,1.808646e+00,2.151474e+00,1.937354e+00,1.889453e-01,1.680453e+00,2.215116e+00
6.622000e+00,1.106740e+00,2.069618e+00,1.710000e+00,1.886117e+00,1.898430e+00,1.946016e+00,1.699343e+00,2.215674e+00,2.208899e+00,2.085997e+00,1.681242e+00,2.190500e+00,2.171194e+00,1.757824e+00,1.754500e+00,1.791970e+00,1.857143e+00,1.809432e+00,2.152421e+00,1.938129e+00,1.890831e-01,1.681242e+00,2.215674e+00
6.623000e+00,1.107040e+00,2.069008e+00,1.709882e+00,1.888738e+00,1.898924e+00,1.942734e+00,1.698467e+00,2.216186e+00,2.209450e+00,2.086286e+00,1.681846e+00,2.191333e+00,2.173881e+00,1.758706e+00,1.754750e+00,1.792879e+00,1.857673e+00,1.809651e+00,2.153474e+00,1.938548e+00,1.893238e-01,1.681846e+00,2.216186e+00
6.624000e+00,1.107350e+00,2.070076e+00,1.710708e+00,1.888447e+00,1.899507e+00,1.946172e+00,1.699562e+00,2.216651e+00,2.209174e+00,2.086367e+00,1.681661e+00,2.192000e+00,2.173881e+00,1.759176e+00,1.754750e+00,1.793889e+00,1.858245e+00,1.810961e+00,2.153895e+00,1.939173e+00,1.892139e-01,1.681661e+00,2.216651e+00
6.625000e+00,1.107510e+00,2.070458e+00,1.710590e+00,1.888544e+00,1.899865e+00,1.946719e+00,1.700292e+00,2.216698e+00,2.211743e+00,2.086511e+00,1.681275e+00,2.193000e+00,2.175522e+00,1.761412e+00,1.755625e+00,1.794596e+00,1.859061e+00,1.811528e+00,2.154632e+00,1.939893e+00,1.894223e-01,1.681275e+00,2.216698e+00
6.626000e+00,1.107860e+00,2.069313e+00,1.711209e+00,1.890777e+00,1.900224e+00,1.947500e+00,1.700511e+00,2.218372e+00,2.212569e+00,2.086961e+00,1.681661e+00,2.192500e+00,2.177164e+00,1.761353e+00,1.756000e+00,1.795455e+00,1.860531e+00,1.814716e+00,2.157158e+00,1.940776e+00,1.895067e-01,1.681661e+00,2.218372e+00
6.627000e+00,1.108090e+00,2.070763e+00,1.711150e+00,1.890971e+00,1.900538e+00,1.947422e+00,1.701971e+00,2.218791e+00,2.212661e+00,2.087878e+00,1.681930e+00,2.196500e+00,2.178806e+00,1.762412e+00,1.756125e+00,1.797020e+00,1.861306e+00,1.815895e+00,2.157895e+00,1.941669e+00,1.897829e-01,1.681930e+00,2.218791e+00
6.628000e+00,1.108330e+00,2.070687e+00,1.712183e+00,1.891068e+00,1.901166e+00,1.946250e+00,1.701533e+00,2.220605e+00,2.215413e+00,2.088762e+00,1.682047e+00,2.195833e+00,2.177463e+00,1.763000e+00,1.757687e+00,1.798030e+00,1.862980e+00,1.817729e+00,2.158947e+00,1.942299e+00,1.897858e-01,1.682047e+00,2.220605e+00
6.629000e+00,1.108590e+00,2.071985e+00,1.712743e+00,1.892524e+00,1.901973e+00,1.947422e+00,1.703212e+00,2.221442e+00,2.214954e+00,2.089550e+00,1.682718e+00,2.194833e+00,2.179552e+00,1.764529e+00,1.757313e+00,1.798333e+00,1.863510e+00,1.819039e+00,2.160947e+00,1.943143e+00,1.897278e-01,1.682718e+00,2.221442e+00
6.630000e+00,1.108910e+00,2.072061e+00,1.713304e+00,1.891068e+00,1.903139e+00,1.950312e+00,1.703358e+00,2.222000e+00,2.217523e+00,2.090482e+00,1.683389e+00,2.196167e+00,2.179403e+00,1.765471e+00,1.754625e+00,1.798838e+00,1.864163e+00,1.820742e+00,2.160211e+00,1.943681e+00,1.899760e-01,1.683389e+00,2.222000e+00
6.631000e+00,1.109210e+00,2.073053e+00,1.713864e+00,1.893786e+00,1.903857e+00,1.950156e+00,1.703650e+00,2.223907e+00,2.217339e+00,2.091318e+00,1.683809e+00,2.194833e+00,2.180000e+00,1.765706e+00,1.752687e+00,1.799949e+00,1.864898e+00,1.821179e+00,2.163158e+00,1.944286e+00,1.901965e-01,1.683809e+00,2.223907e+00
6.632000e+00,1.109360e+00,2.073893e+00,1.714425e+00,1.894175e+00,1.903229e+00,1.950000e+00,1.704891e+00,2.223767e+00,2.219725e+00,2.091479e+00,1.684648e+00,2.197833e+00,2.181343e+00,1.766294e+00,1.752938e+00,1.800152e+00,1.865673e+00,1.821572e+00,2.163895e+00,1.944996e+00,1.905020e-01,1.684648e+00,2.223767e+00
6.633000e+00,1.109510e+00,2.074580e+00,1.715015e+00,1.894563e+00,1.903139e+00,1.951250e+00,1.704964e+00,2.225535e+00,2.221376e+00,2.091479e+00,1.684060e+00,2.195000e+00,2.182687e+00,1.767706e+00,1.752438e+00,1.798586e+00,1.866653e+00,1.822183e+00,2.163368e+00,1.945255e+00,1.906302e-01,1.684060e+00,2.225535e+00
6.634000e+00,1.109910e+00,2.075344e+00,1.715339e+00,1.896990e+00,1.902063e+00,1.952266e+00,1.705693e+00,2.226465e+00,2.222936e+00,2.091479e+00,1.684027e+00,2.197500e+00,2.184030e+00,1.768176e+00,1.753313e+00,1.796970e+00,1.867469e+00,1.823974e+00,2.165895e+00,1.946107e+00,1.911199e-01,1.684027e+00,2.226465e+00
6.635000e+00,1.110160e+00,2.075115e+00,1.716136e+00,1.896893e+00,1.902287e+00,1.953359e+00,1.706350e+00,2.227116e+00,2.222385e+00,2.091736e+00,1.685050e+00,2.197667e+00,2.183582e+00,1.768647e+00,1.753313e+00,1.795404e+00,1.868082e+00,1.825109e+00,2.165579e+00,1.946323e+00,1.909054e-01,1.685050e+00,2.227116e+00
6.636000e+00,1.110400e+00,2.077023e+00,1.716342e+00,1.896893e+00,1.902960e+00,1.953437e+00,1.706496e+00,2.227721e+00,2.224862e+00,2.091881e+00,1.685604e+00,2.198167e+00,2.185224e+00,1.769706e+00,1.755188e+00,1.795303e+00,1.868694e+00,1.826201e+00,2.167263e+00,1.947165e+00,1.912074e-01,1.685604e+00,2.227721e+00
6.637000e+00,1.110720e+00,2.077939e+00,1.716313e+00,1.898932e+00,1.903677e+00,1.955859e+00,1.706715e+00,2.229070e+00,2.225688e+00,2.092219e+00,1.686443e+00,2.200500e+00,2.185373e+00,1.770706e+00,1.754937e+00,1.795404e+00,1.868653e+00,1.826463e+00,2.167368e+00,1.947903e+00,1.914595e-01,1.686443e+00,2.229070e+00
6.638000e+00,1.110960e+00,2.079313e+00,1.716637e+00,1.899903e+00,1.903857e+00,1.956641e+00,1.706496e+00,2.228186e+00,2.225596e+00,2.092814e+00,1.687030e+00,2.200000e+00,2.186269e+00,1.771176e+00,1.755938e+00,1.796970e+00,1.867918e+00,1.826769e+00,2.168421e+00,1.948330e+00,1.913413e-01,1.687030e+00,2.228186e+00
6.639000e+00,1.111210e+00,2.080153e+00,1.717729e+00,1.901165e+00,1.903857e+00,1.954922e+00,1.705912e+00,2.227116e+00,2.227982e+00,2.093215e+00,1.687869e+00,2.201667e+00,2.186269e+00,1.771588e+00,1.756625e+00,1.798030e+00,1.866327e+00,1.828297e+00,2.168211e+00,1.948718e+00,1.913657e-01,1.687869e+00,2.227982e+00
6.640000e+00,1.111360e+00,2.079695e+00,1.717994e+00,1.902233e+00,1.904439e+00,1.957344e+00,1.705182e+00,2.226372e+00,2.228257e+00,2.093360e+00,1.688993e+00,2.201833e+00,2.182836e+00,1.772000e+00,1.757437e+00,1.799343e+00,1.866082e+00,1.828734e+00,2.167053e+00,1.948844e+00,1.908183e-01,1.688993e+00,2.228257e+00
6.641000e+00,1.111690e+00,2.082137e+00,1.717906e+00,1.902427e+00,1.905022e+00,1.957891e+00,1.707007e+00,2.226837e+00,2.228716e+00,2.094035e+00,1.689748e+00,2.201167e+00,2.179851e+00,1.772588e+00,1.757687e+00,1.800051e+00,1.866735e+00,1.830131e+00,2.163684e+00,1.949090e+00,1.902233e-01,1.689748e+00,2.228716e+00
6.642000e+00,1.111910e+00,2.082137e+00,1.717463e+00,1.903495e+00,1.905919e+00,1.959688e+00,1.705912e+00,2.227116e+00,2.229450e+00,2.094871e+00,1.690352e+00,2.205833e+00,2.181343e+00,1.773412e+00,1.758250e+00,1.800556e+00,1.866980e+00,1.830568e+00,2.162421e+00,1.949765e+00,1.906328e-01,1.690352e+00,2.229450e+00
6.643000e+00,1.112200e+00,2.083588e+00,1.717906e+00,1.904272e+00,1.907175e+00,1.960391e+00,1.707518e+00,2.227442e+00,2.230642e+00,2.095113e+00,1.691091e+00,2.204500e+00,2.182836e+00,1.774235e+00,1.759187e+00,1.801263e+00,1.868163e+00,1.831441e+00,2.162105e+00,1.950493e+00,1.903966e-01,1.691091e+00,2.230642e+00
6.644000e+00,1.112400e+00,2.084122e+00,1.717758e+00,1.905728e+00,1.907354e+00,1.960469e+00,1.707518e+00,2.229349e+00,2.232018e+00,2.095273e+00,1.691795e+00,2.205167e+00,2.182239e+00,1.774059e+00,1.760437e+00,1.802323e+00,1.869429e+00,1.831528e+00,2.164947e+00,1.951195e+00,1.906715e-01,1.691795e+00,2.232018e+00
6.645000e+00,1.112750e+00,2.085344e+00,1.718260e+00,1.906214e+00,1.908834e+00,1.960391e+00,1.708102e+00,2.229070e+00,2.231927e+00,2.095675e+00,1.692332e+00,2.205000e+00,2.183881e+00,1.774824e+00,1.760500e+00,1.803232e+00,1.869755e+00,1.832227e+00,2.164105e+00,1.951648e+00,1.904960e-01,1.692332e+00,2.231927e+00
6.646000e+00,1.112960e+00,2.085038e+00,1.718850e+00,1.906019e+00,1.909731e+00,1.959375e+00,1.709562e+00,2.231070e+00,2.233761e+00,2.095675e+00,1.692936e+00,2.206000e+00,2.184030e+00,1.774529e+00,1.761563e+00,1.805404e+00,1.871102e+00,1.834279e+00,2.164526e+00,1.952414e+00,1.904657e-01,1.692936e+00,2.233761e+00
6.647000e+00,1.113280e+00,2.086641e+00,1.719174e+00,1.905437e+00,1.910269e+00,1.961172e+00,1.709416e+00,2.231349e+00,2.234128e+00,2.095675e+00,1.693658e+00,2.208000e+00,2.184328e+00,1.776176e+00,1.762938e+00,1.806465e+00,1.871837e+00,1.834760e+00,2.166842e+00,1.953237e+00,1.905905e-01,1.693658e+00,2.234128e+00
6.648000e+00,1.113520e+00,2.087481e+00,1.720472e+00,1.906602e+00,1.911614e+00,1.961563e+00,1.710876e+00,2.233628e+00,2.235046e+00,2.095675e+00,1.694195e+00,2.207833e+00,2.185522e+00,1.776824e+00,1.764438e+00,1.807626e+00,1.872612e+00,1.835590e+00,2.167053e+00,1.954147e+00,1.904865e-01,1.694195e+00,2.235046e+00
6.649000e+00,1.113740e+00,2.087557e+00,1.721121e+00,1.904854e+00,1.913274e+00,1.961016e+00,1.709635e+00,2.234186e+00,2.235138e+00,2.097138e+00,1.694883e+00,2.211000e+00,2.186567e+00,1.777588e+00,1.764813e+00,1.809091e+00,1.874163e+00,1.835852e+00,2.168316e+00,1.954788e+00,1.908143e-01,1.694883e+00,2.235138e+00
6.650000e+00,1.114010e+00,2.088397e+00,1.721740e+00,1.904466e+00,1.914170e+00,1.960391e+00,1.711241e+00,2.235581e+00,2.235229e+00,2.098617e+00,1.695419e+00,2.212167e+00,2.187015e+00,1.778765e+00,1.765437e+00,1.810505e+00,1.875224e+00,1.837467e+00,2.168737e+00,1.955587e+00,1.907337e-01,1.695419e+00,2.235581e+00
6.651000e+00,1.114360e+00,2.089160e+00,1.722183e+00,1.906893e+00,1.915336e+00,1.960938e+00,1.711533e+00,2.237116e+00,2.233945e+00,2.099984e+00,1.696326e+00,2.210833e+00,2.189104e+00,1.778882e+00,1.765875e+00,1.811970e+00,1.876490e+00,1.839170e+00,2.170947e+00,1.956483e+00,1.906724e-01,1.696326e+00,2.237116e+00
6.652000e+00,1.114540e+00,2.089389e+00,1.722979e+00,1.906505e+00,1.915919e+00,1.962266e+00,1.712628e+00,2.237349e+00,2.233945e+00,2.101383e+00,1.696477e+00,2.214167e+00,2.189701e+00,1.780235e+00,1.767750e+00,1.812172e+00,1.877592e+00,1.840087e+00,2.172421e+00,1.957387e+00,1.907569e-01,1.696477e+00,2.237349e+00
6.653000e+00,1.114700e+00,2.089847e+00,1.723097e+00,1.907379e+00,1.916323e+00,1.962734e+00,1.713650e+00,2.239395e+00,2.234587e+00,2.102572e+00,1.696963e+00,2.213333e+00,2.192239e+00,1.780824e+00,1.768312e+00,1.812980e+00,1.878122e+00,1.841528e+00,2.172737e+00,1.958146e+00,1.908812e-01,1.696963e+00,2.239395e+00
6.654000e+00,1.115000e+00,2.090382e+00,1.723776e+00,1.909029e+00,1.917848e+00,1.962969e+00,1.713650e+00,2.239535e+00,2.236055e+00,2.103296e+00,1.697416e+00,2.213500e+00,2.193284e+00,1.781176e+00,1.769063e+00,1.814091e+00,1.879510e+00,1.842533e+00,2.173895e+00,1.958945e+00,1.909217e-01,1.697416e+00,2.239535e+00
6.655000e+00,1.115250e+00,2.092061e+00,1.723982e+00,1.908835e+00,1.917892e+00,1.962344e+00,1.714745e+00,2.240605e+00,2.235872e+00,2.103746e+00,1.698372e+00,2.214667e+00,2.195224e+00,1.780941e+00,1.769313e+00,1.815000e+00,1.880286e+00,1.842969e+00,2.175789e+00,1.959591e+00,1.911797e-01,1.698372e+00,2.240605e+00
6.656000e+00,1.115550e+00,2.092824e+00,1.724218e+00,1.910874e+00,1.920000e+00,1.964219e+00,1.715182e+00,2.240977e+00,2.237615e+00,2.104196e+00,1.698658e+00,2.216667e+00,2.197164e+00,1.781118e+00,1.770563e+00,1.816313e+00,1.880531e+00,1.844279e+00,2.177579e+00,1.960721e+00,1.914863e-01,1.698658e+00,2.240977e+00
6.657000e+00,1.115690e+00,2.093359e+00,1.724336e+00,1.911068e+00,1.920717e+00,1.964453e+00,1.716861e+00,2.241581e+00,2.239358e+00,2.104405e+00,1.699262e+00,2.217167e+00,2.195373e+00,1.781824e+00,1.771250e+00,1.817424e+00,1.880816e+00,1.844236e+00,2.179263e+00,1.961264e+00,1.914154e-01,1.699262e+00,2.241581e+00
6.658000e+00,1.116050e+00,2.092595e+00,1.724513e+00,1.909903e+00,1.922152e+00,1.963906e+00,1.716131e+00,2.243023e+00,2.239541e+00,2.104550e+00,1.699899e+00,2.216333e+00,2.194328e+00,1.782765e+00,1.772563e+00,1.818182e+00,1.881388e+00,1.844541e+00,2.179684e+00,1.961444e+00,1.912337e-01,1.699899e+00,2.243023e+00
6.659000e+00,1.116330e+00,2.092977e+00,1.724867e+00,1.911845e+00,1.923139e+00,1.965000e+00,1.716569e+00,2.243674e+00,2.241651e+00,2.104711e+00,1.700302e+00,2.218167e+00,2.196866e+00,1.783118e+00,1.772063e+00,1.819596e+00,1.882082e+00,1.845066e+00,2.180526e+00,1.962345e+00,1.916311e-01,1.700302e+00,2.243674e+00
6.660000e+00,1.116410e+00,2.094580e+00,1.725841e+00,1.912816e+00,1.923229e+00,1.965781e+00,1.718686e+00,2.244372e+00,2.242477e+00,2.105209e+00,1.700487e+00,2.217667e+00,2.198806e+00,1.783588e+00,1.772563e+00,1.820455e+00,1.882898e+00,1.845502e+00,2.182737e+00,1.963205e+00,1.917042e-01,1.700487e+00,2.244372e+00
6.661000e+00,1.116600e+00,2.094427e+00,1.726136e+00,1.913107e+00,1.923139e+00,1.966719e+00,1.718321e+00,2.244744e+00,2.243761e+00,2.105981e+00,1.700923e+00,2.216167e+00,2.197761e+00,1.785000e+00,1.773375e+00,1.820909e+00,1.884000e+00,1.846900e+00,2.184000e+00,1.963632e+00,1.915237e-01,1.700923e+00,2.244744e+00
6.662000e+00,1.116940e+00,2.095725e+00,1.726549e+00,1.913495e+00,1.924395e+00,1.967891e+00,1.720073e+00,2.246233e+00,2.245138e+00,2.106495e+00,1.700856e+00,2.218667e+00,2.200000e+00,1.784941e+00,1.773562e+00,1.821414e+00,1.885429e+00,1.848166e+00,2.184316e+00,1.964630e+00,1.919123e-01,1.700856e+00,2.246233e+00
6.663000e+00,1.117130e+00,2.095267e+00,1.726372e+00,1.913495e+00,1.924126e+00,1.965469e+00,1.719927e+00,2.247488e+00,2.247248e+00,2.107492e+00,1.700017e+00,2.216667e+00,2.200149e+00,1.785529e+00,1.773250e+00,1.821818e+00,1.886041e+00,1.849607e+00,2.186421e+00,1.964799e+00,1.922047e-01,1.700017e+00,2.247488e+00
6.664000e+00,1.117470e+00,2.094885e+00,1.726519e+00,1.914660e+00,1.925426e+00,1.969141e+00,1.720511e+00,2.247628e+00,2.248165e+00,2.108682e+00,1.699648e+00,2.220833e+00,2.202388e+00,1.786353e+00,1.774437e+00,1.822323e+00,1.886776e+00,1.851703e+00,2.186632e+00,1.965928e+00,1.925274e-01,1.699648e+00,2.248165e+00
6.665000e+00,1.117740e+00,2.094427e+00,1.726637e+00,1.915534e+00,1.926278e+00,1.968672e+00,1.720657e+00,2.248093e+00,2.250000e+00,2.109534e+00,1.700101e+00,2.219833e+00,2.203582e+00,1.786765e+00,1.774500e+00,1.823081e+00,1.887510e+00,1.852926e+00,2.188105e+00,1.966458e+00,1.926458e-01,1.700101e+00,2.250000e+00
6.666000e+00,1.117950e+00,2.093053e+00,1.727080e+00,1.916311e+00,1.926413e+00,1.969062e+00,1.721387e+00,2.249628e+00,2.250642e+00,2.110434e+00,1.700453e+00,2.222000e+00,2.203284e+00,1.786824e+00,1.775625e+00,1.823939e+00,1.888735e+00,1.853886e+00,2.188211e+00,1.967054e+00,1.926732e-01,1.700453e+00,2.250642e+00
6.667000e+00,1.118240e+00,2.095649e+00,1.728112e+00,1.917282e+00,1.927265e+00,1.968828e+00,1.722336e+00,2.250605e+00,2.250734e+00,2.110916e+00,1.700587e+00,2.221167e+00,2.205075e+00,1.787647e+00,1.776250e+00,1.824646e+00,1.889306e+00,1.855633e+00,2.189053e+00,1.967838e+00,1.926408e-01,1.700587e+00,2.250734e+00
6.668000e+00,1.118540e+00,2.095725e+00,1.728289e+00,1.917961e+00,1.928475e+00,1.970312e+00,1.721095e+00,2.251302e+00,2.251651e+00,2.110981e+00,1.701275e+00,2.222833e+00,2.207313e+00,1.787471e+00,1.777250e+00,1.826364e+00,1.889878e+00,1.856070e+00,2.190737e+00,1.968610e+00,1.930166e-01,1.701275e+00,2.251651e+00
6.669000e+00,1.118720e+00,2.095420e+00,1.728643e+00,1.919417e+00,1.930000e+00,1.970703e+00,1.724015e+00,2.253116e+00,2.253853e+00,2.111077e+00,1.702030e+00,2.225000e+00,2.207015e+00,1.786765e+00,1.778125e+00,1.826919e+00,1.891306e+00,1.856201e+00,2.192105e+00,1.969540e+00,1.931642e-01,1.702030e+00,2.253853e+00
6.670000e+00,1.119000e+00,2.096412e+00,1.729381e+00,1.920583e+00,1.930673e+00,1.972109e+00,1.723358e+00,2.253349e+00,2.256055e+00,2.111158e+00,1.702886e+00,2.222833e+00,2.208358e+00,1.786118e+00,1.778188e+00,1.827929e+00,1.891347e+00,1.856681e+00,2.193579e+00,1.970055e+00,1.933098e-01,1.702886e+00,2.256055e+00
6.671000e+00,1.119200e+00,2.097634e+00,1.729823e+00,1.921748e+00,1.932377e+00,1.971484e+00,1.722409e+00,2.252744e+00,2.256055e+00,2.111158e+00,1.703792e+00,2.225667e+00,2.209701e+00,1.785118e+00,1.779062e+00,1.829394e+00,1.889878e+00,1.856419e+00,2.193368e+00,1.970435e+00,1.935097e-01,1.703792e+00,2.256055e+00
6.672000e+00,1.119460e+00,2.098855e+00,1.730295e+00,1.921553e+00,1.934036e+00,1.970625e+00,1.722482e+00,2.252279e+00,2.256697e+00,2.111174e+00,1.704379e+00,2.226667e+00,2.209254e+00,1.784882e+00,1.779625e+00,1.829747e+00,1.889469e+00,1.856419e+00,2.194947e+00,1.970744e+00,1.935930e-01,1.704379e+00,2.256697e+00
6.673000e+00,1.119850e+00,2.098550e+00,1.730855e+00,1.923107e+00,1.934798e+00,1.973906e+00,1.722336e+00,2.252558e+00,2.257982e+00,2.111286e+00,1.705168e+00,2.225667e+00,2.209254e+00,1.786118e+00,1.780063e+00,1.830808e+00,1.888612e+00,1.856725e+00,2.196211e+00,1.971333e+00,1.934830e-01,1.705168e+00,2.257982e+00
6.674000e+00,1.120060e+00,2.100534e+00,1.731917e+00,1.922524e+00,1.934484e+00,1.973125e+00,1.724088e+00,2.252930e+00,2.259633e+00,2.111543e+00,1.705990e+00,2.227333e+00,2.210000e+00,1.785588e+00,1.780625e+00,1.831818e+00,1.889755e+00,1.858341e+00,2.196000e+00,1.972013e+00,1.935184e-01,1.705990e+00,2.259633e+00
6.675000e+00,1.120410e+00,2.100153e+00,1.732655e+00,1.923301e+00,1.935426e+00,1.974766e+00,1.723431e+00,2.253721e+00,2.261284e+00,2.112042e+00,1.706644e+00,2.227667e+00,2.211940e+00,1.786471e+00,1.781312e+00,1.833131e+00,1.890286e+00,1.859214e+00,2.198000e+00,1.972858e+00,1.937575e-01,1.706644e+00,2.261284e+00
6.676000e+00,1.120550e+00,2.100229e+00,1.732979e+00,1.925534e+00,1.936726e+00,1.974375e+00,1.725547e+00,2.254651e+00,2.261651e+00,2.112605e+00,1.707349e+00,2.230167e+00,2.212687e+00,1.787176e+00,1.782687e+00,1.833838e+00,1.891020e+00,1.858996e+00,2.197789e+00,1.973667e+00,1.936846e-01,1.707349e+00,2.261651e+00
6.677000e+00,1.120650e+00,2.100840e+00,1.733127e+00,1.924757e+00,1.937175e+00,1.976172e+00,1.724088e+00,2.255209e+00,2.262752e+00,2.113006e+00,1.707785e+00,2.228500e+00,2.212836e+00,1.788118e+00,1.782812e+00,1.834697e+00,1.891551e+00,1.859825e+00,2.198316e+00,1.973976e+00,1.937171e-01,1.707785e+00,2.262752e+00
6.678000e+00,1.121010e+00,2.101298e+00,1.733746e+00,1.926893e+00,1.938700e+00,1.974922e+00,1.724672e+00,2.256326e+00,2.263211e+00,2.113344e+00,1.708154e+00,2.229333e+00,2.211791e+00,1.788588e+00,1.783500e+00,1.835455e+00,1.891714e+00,1.860611e+00,2.199684e+00,1.974552e+00,1.936717e-01,1.708154e+00,2.263211e+00
6.679000e+00,1.121260e+00,2.102672e+00,1.734307e+00,1.926214e+00,1.939372e+00,1.976875e+00,1.726277e+00,2.256698e+00,2.266147e+00,2.113344e+00,1.708540e+00,2.231167e+00,2.214776e+00,1.789765e+00,1.784562e+00,1.836465e+00,1.892531e+00,1.861223e+00,2.200632e+00,1.975643e+00,1.940135e-01,1.708540e+00,2.266147e+00
6.680000e+00,1.121560e+00,2.103740e+00,1.734425e+00,1.926699e+00,1.939776e+00,1.977500e+00,1.727372e+00,2.257674e+00,2.267982e+00,2.113344e+00,1.709128e+00,2.230833e+00,2.214328e+00,1.790588e+00,1.785688e+00,1.836212e+00,1.894000e+00,1.860568e+00,2.202526e+00,1.976244e+00,1.941011e-01,1.709128e+00,2.267982e+00
6.681000e+00,1.121850e+00,2.104122e+00,1.734808e+00,1.925922e+00,1.940135e+00,1.975703e+00,1.728102e+00,2.257674e+00,2.268899e+00,2.113344e+00,1.709329e+00,2.232667e+00,2.214328e+00,1.791471e+00,1.785188e+00,1.834141e+00,1.894122e+00,1.860480e+00,2.201579e+00,1.976223e+00,1.942421e-01,1.709329e+00,2.268899e+00
6.682000e+00,1.122070e+00,2.105344e+00,1.734602e+00,1.926117e+00,1.940404e+00,1.976016e+00,1.727591e+00,2.258837e+00,2.269633e+00,2.113617e+00,1.709681e+00,2.233167e+00,2.212985e+00,1.792118e+00,1.785562e+00,1.832980e+00,1.895959e+00,1.861921e+00,2.202842e+00,1.976632e+00,1.944005e-01,1.709681e+00,2.269633e+00
6.683000e+00,1.122310e+00,2.106336e+00,1.734867e+00,1.924951e+00,1.941076e+00,1.977266e+00,1.728102e+00,2.260000e+00,2.271376e+00,2.114759e+00,1.710671e+00,2.232833e+00,2.215970e+00,1.793529e+00,1.785813e+00,1.832172e+00,1.897510e+00,1.862576e+00,2.203474e+00,1.977405e+00,1.947086e-01,1.710671e+00,2.271376e+00
6.684000e+00,1.122610e+00,2.106718e+00,1.734661e+00,1.927184e+00,1.941166e+00,1.976719e+00,1.728321e+00,2.260326e+00,2.272110e+00,2.116270e+00,1.711174e+00,2.234667e+00,2.217761e+00,1.794353e+00,1.786312e+00,1.832071e+00,1.898408e+00,1.863799e+00,2.206316e+00,1.978241e+00,1.951094e-01,1.711174e+00,2.272110e+00
6.685000e+00,1.122950e+00,2.108473e+00,1.734985e+00,1.926019e+00,1.940314e+00,1.977109e+00,1.728759e+00,2.262419e+00,2.273211e+00,2.118023e+00,1.711292e+00,2.233667e+00,2.217761e+00,1.795941e+00,1.786750e+00,1.832323e+00,1.899918e+00,1.864978e+00,2.205474e+00,1.978745e+00,1.951504e-01,1.711292e+00,2.273211e+00
6.686000e+00,1.123060e+00,2.110382e+00,1.735516e+00,1.926990e+00,1.938430e+00,1.977812e+00,1.729489e+00,2.262977e+00,2.274587e+00,2.119614e+00,1.712332e+00,2.236000e+00,2.219552e+00,1.795882e+00,1.786750e+00,1.833333e+00,1.901755e+00,1.867031e+00,2.205789e+00,1.979679e+00,1.954491e-01,1.712332e+00,2.274587e+00
6.687000e+00,1.123380e+00,2.110076e+00,1.735900e+00,1.927864e+00,1.937937e+00,1.979219e+00,1.728978e+00,2.264465e+00,2.274128e+00,2.120916e+00,1.712970e+00,2.232000e+00,2.218806e+00,1.796529e+00,1.788250e+00,1.834697e+00,1.901510e+00,1.868341e+00,2.206842e+00,1.979968e+00,1.950441e-01,1.712970e+00,2.274128e+00
6.688000e+00,1.123610e+00,2.111450e+00,1.736578e+00,1.927379e+00,1.938475e+00,1.978359e+00,1.730803e+00,2.265302e+00,2.275688e+00,2.122186e+00,1.713255e+00,2.234500e+00,2.220448e+00,1.797118e+00,1.788438e+00,1.835960e+00,1.903306e+00,1.868515e+00,2.207684e+00,1.980858e+00,1.953544e-01,1.713255e+00,2.275688e+00
6.689000e+00,1.123830e+00,2.112290e+00,1.737109e+00,1.928058e+00,1.938161e+00,1.978125e+00,1.730730e+00,2.266744e+00,2.275872e+00,2.123441e+00,1.714128e+00,2.238333e+00,2.220746e+00,1.798353e+00,1.788750e+00,1.836768e+00,1.904857e+00,1.869301e+00,2.208211e+00,1.981665e+00,1.956220e-01,1.714128e+00,2.275872e+00
6.690000e+00,1.124160e+00,2.112977e+00,1.738437e+00,1.929709e+00,1.938969e+00,1.980625e+00,1.732263e+00,2.268279e+00,2.277706e+00,2.124164e+00,1.715034e+00,2.235000e+00,2.221791e+00,1.799000e+00,1.786750e+00,1.838131e+00,1.905469e+00,1.869563e+00,2.210211e+00,1.982449e+00,1.956057e-01,1.715034e+00,2.277706e+00
6.691000e+00,1.124410e+00,2.113359e+00,1.738732e+00,1.929320e+00,1.940314e+00,1.981016e+00,1.733504e+00,2.269116e+00,2.278349e+00,2.124550e+00,1.715822e+00,2.237833e+00,2.221940e+00,1.800471e+00,1.784687e+00,1.839596e+00,1.906408e+00,1.870306e+00,2.210737e+00,1.983114e+00,1.957610e-01,1.715822e+00,2.278349e+00
6.692000e+00,1.124690e+00,2.113588e+00,1.739233e+00,1.930194e+00,1.941704e+00,1.980078e+00,1.732190e+00,2.269581e+00,2.278991e+00,2.125273e+00,1.716275e+00,2.237333e+00,2.223881e+00,1.801235e+00,1.784188e+00,1.841414e+00,1.906245e+00,1.870917e+00,2.211895e+00,1.983568e+00,1.959547e-01,1.716275e+00,2.278991e+00
6.693000e+00,1.124880e+00,2.114580e+00,1.739440e+00,1.932136e+00,1.941973e+00,1.980625e+00,1.734526e+00,2.270419e+00,2.279450e+00,2.126125e+00,1.717131e+00,2.239833e+00,2.224030e+00,1.801941e+00,1.784562e+00,1.841818e+00,1.907510e+00,1.871572e+00,2.212842e+00,1.984473e+00,1.959829e-01,1.717131e+00,2.279450e+00
6.694000e+00,1.125180e+00,2.114198e+00,1.740560e+00,1.932427e+00,1.943722e+00,1.981719e+00,1.734745e+00,2.271395e+00,2.278073e+00,2.127058e+00,1.717785e+00,2.242333e+00,2.223582e+00,1.802765e+00,1.784313e+00,1.843434e+00,1.908367e+00,1.872795e+00,2.213474e+00,1.985153e+00,1.958426e-01,1.717785e+00,2.278073e+00
6.695000e+00,1.125440e+00,2.115725e+00,1.741003e+00,1.935049e+00,1.944574e+00,1.983125e+00,1.736569e+00,2.272605e+00,2.278165e+00,2.127910e+00,1.718423e+00,2.241000e+00,2.225373e+00,1.802882e+00,1.785250e+00,1.845000e+00,1.908939e+00,1.874192e+00,2.214421e+00,1.986123e+00,1.956869e-01,1.718423e+00,2.278165e+00
6.696000e+00,1.125570e+00,2.115878e+00,1.741150e+00,1.934951e+00,1.945695e+00,1.983359e+00,1.735766e+00,2.273116e+00,2.279083e+00,2.128103e+00,1.718725e+00,2.242333e+00,2.224925e+00,1.803471e+00,1.785875e+00,1.845455e+00,1.909878e+00,1.874760e+00,2.214737e+00,1.986514e+00,1.957937e-01,1.718725e+00,2.279083e+00
6.697000e+00,1.125900e+00,2.114962e+00,1.741386e+00,1.935631e+00,1.947220e+00,1.983906e+00,1.737007e+00,2.273535e+00,2.278532e+00,2.128103e+00,1.719631e+00,2.241833e+00,2.224925e+00,1.804059e+00,1.787375e+00,1.847121e+00,1.910735e+00,1.875764e+00,2.214105e+00,1.986991e+00,1.952371e-01,1.719631e+00,2.278532e+00
6.698000e+00,1.126150e+00,2.116260e+00,1.742006e+00,1.936602e+00,1.947623e+00,1.985313e+00,1.737153e+00,2.274605e+00,2.278257e+00,2.128103e+00,1.720235e+00,2.244500e+00,2.224925e+00,1.805294e+00,1.787375e+00,1.848485e+00,1.912000e+00,1.875983e+00,2.215158e+00,1.987771e+00,1.953389e-01,1.720235e+00,2.278257e+00
6.699000e+00,1.126450e+00,2.116641e+00,1.742684e+00,1.937670e+00,1.949103e+00,1.986563e+00,1.738102e+00,2.275349e+00,2.279633e+00,2.128103e+00,1.720285e+00,2.244000e+00,2.227015e+00,1.805412e+00,1.788250e+00,1.849596e+00,1.912163e+00,1.875852e+00,2.214737e+00,1.988398e+00,1.953541e-01,1.720285e+00,2.279633e+00
6.700000e+00,1.126700e+00,2.117252e+00,1.743422e+00,1.938738e+00,1.949910e+00,1.985547e+00,1.739343e+00,2.276744e+00,2.280092e+00,2.128248e+00,1.719933e+00,2.242333e+00,2.227463e+00,1.806176e+00,1.789250e+00,1.850101e+00,1.912816e+00,1.876419e+00,2.216842e+00,1.988924e+00,1.952947e-01,1.719933e+00,2.280092e+00
6.701000e+00,1.126980e+00,2.117634e+00,1.743746e+00,1.940291e+00,1.950897e+00,1.987031e+00,1.738029e+00,2.277581e+00,2.282569e+00,2.128569e+00,1.719362e+00,2.247667e+00,2.225970e+00,1.806765e+00,1.790688e+00,1.851263e+00,1.913429e+00,1.877031e+00,2.217579e+00,1.989783e+00,1.958194e-01,1.719362e+00,2.282569e+00
6.702000e+00,1.127020e+00,2.119542e+00,1.744484e+00,1.937573e+00,1.951614e+00,1.987891e+00,1.738978e+00,2.278372e+00,2.283486e+00,2.129019e+00,1.719094e+00,2.247000e+00,2.222090e+00,1.806882e+00,1.791438e+00,1.852626e+00,1.914816e+00,1.877424e+00,2.212947e+00,1.989738e+00,1.952324e-01,1.719094e+00,2.283486e+00
6.703000e+00,1.127320e+00,2.120153e+00,1.745428e+00,1.939806e+00,1.952601e+00,1.988906e+00,1.740219e+00,2.278651e+00,2.284312e+00,2.129180e+00,1.719161e+00,2.246000e+00,2.220299e+00,1.807824e+00,1.792750e+00,1.853030e+00,1.915755e+00,1.877031e+00,2.211895e+00,1.990167e+00,1.947463e-01,1.719161e+00,2.284312e+00
6.704000e+00,1.127610e+00,2.119847e+00,1.744926e+00,1.940874e+00,1.953857e+00,1.988047e+00,1.739562e+00,2.278140e+00,2.285321e+00,2.129244e+00,1.719497e+00,2.247000e+00,2.221045e+00,1.808412e+00,1.792875e+00,1.853636e+00,1.914449e+00,1.877380e+00,2.210947e+00,1.990281e+00,1.948261e-01,1.719497e+00,2.285321e+00
6.705000e+00,1.127740e+00,2.120153e+00,1.744661e+00,1.940388e+00,1.954933e+00,1.989375e+00,1.738540e+00,2.277535e+00,2.285413e+00,2.129502e+00,1.719480e+00,2.247167e+00,2.219104e+00,1.808706e+00,1.794250e+00,1.854596e+00,1.913510e+00,1.878253e+00,2.209895e+00,1.990303e+00,1.945757e-01,1.719480e+00,2.285413e+00
6.706000e+00,1.127970e+00,2.119389e+00,1.745575e+00,1.942330e+00,1.955112e+00,1.991094e+00,1.737299e+00,2.277209e+00,2.287798e+00,2.129775e+00,1.719883e+00,2.252000e+00,2.222239e+00,1.809588e+00,1.794500e+00,1.855758e+00,1.913306e+00,1.879476e+00,2.210421e+00,1.991264e+00,1.951537e-01,1.719883e+00,2.287798e+00
6.707000e+00,1.128270e+00,2.119924e+00,1.745782e+00,1.942718e+00,1.955874e+00,1.989766e+00,1.738905e+00,2.278047e+00,2.287982e+00,2.129855e+00,1.720403e+00,2.251000e+00,2.220896e+00,1.810588e+00,1.795500e+00,1.856667e+00,1.913388e+00,1.880524e+00,2.213053e+00,1.991715e+00,1.949020e-01,1.720403e+00,2.287982e+00
6.708000e+00,1.128610e+00,2.120305e+00,1.745457e+00,1.942233e+00,1.956278e+00,1.991016e+00,1.738686e+00,2.278000e+00,2.288991e+00,2.130096e+00,1.720856e+00,2.253667e+00,2.221343e+00,1.812176e+00,1.797187e+00,1.857879e+00,1.914000e+00,1.882052e+00,2.213368e+00,1.992422e+00,1.949750e-01,1.720856e+00,2.288991e+00
6.709000e+00,1.128880e+00,2.119618e+00,1.746283e+00,1.944272e+00,1.957578e+00,1.992266e+00,1.739635e+00,2.279116e+00,2.291651e+00,2.130386e+00,1.721862e+00,2.252000e+00,2.222239e+00,1.812765e+00,1.798562e+00,1.859495e+00,1.914898e+00,1.882358e+00,2.214421e+00,1.993300e+00,1.948338e-01,1.721862e+00,2.291651e+00
6.710000e+00,1.129060e+00,2.120687e+00,1.746873e+00,1.944369e+00,1.958969e+00,1.992734e+00,1.739489e+00,2.279721e+00,2.292477e+00,2.130482e+00,1.722617e+00,2.253667e+00,2.221791e+00,1.813235e+00,1.798500e+00,1.861212e+00,1.915959e+00,1.883755e+00,2.215368e+00,1.993995e+00,1.948906e-01,1.722617e+00,2.292477e+00
6.711000e+00,1.129300e+00,2.121374e+00,1.747286e+00,1.944466e+00,1.959731e+00,1.994063e+00,1.739854e+00,2.280605e+00,2.293211e+00,2.130547e+00,1.723607e+00,2.257500e+00,2.224478e+00,1.814000e+00,1.798375e+00,1.861717e+00,1.916245e+00,1.884279e+00,2.216737e+00,1.994893e+00,1.953826e-01,1.723607e+00,2.293211e+00
6.712000e+00,1.129650e+00,2.122519e+00,1.748112e+00,1.945631e+00,1.960179e+00,1.994141e+00,1.741460e+00,2.281860e+00,2.295138e+00,2.130756e+00,1.724295e+00,2.256667e+00,2.225821e+00,1.814529e+00,1.799750e+00,1.862020e+00,1.917061e+00,1.884978e+00,2.217895e+00,1.995712e+00,1.953922e-01,1.724295e+00,2.295138e+00
6.713000e+00,1.129830e+00,2.123359e+00,1.748525e+00,1.944854e+00,1.961704e+00,1.992109e+00,1.741460e+00,2.282558e+00,2.296881e+00,2.131479e+00,1.725168e+00,2.261500e+00,2.223731e+00,1.816000e+00,1.801125e+00,1.862879e+00,1.918694e+00,1.885764e+00,2.218842e+00,1.996480e+00,1.955964e-01,1.725168e+00,2.296881e+00
6.714000e+00,1.130180e+00,2.124351e+00,1.748997e+00,1.943689e+00,1.963184e+00,1.994531e+00,1.741898e+00,2.284140e+00,2.298899e+00,2.132347e+00,1.725436e+00,2.257833e+00,2.227313e+00,1.815941e+00,1.801688e+00,1.863333e+00,1.919551e+00,1.885808e+00,2.219263e+00,1.997122e+00,1.958014e-01,1.725436e+00,2.298899e+00
6.715000e+00,1.130390e+00,2.124122e+00,1.749853e+00,1.944078e+00,1.964395e+00,1.993359e+00,1.743869e+00,2.284651e+00,2.299450e+00,2.132733e+00,1.726326e+00,2.257167e+00,2.230000e+00,1.815882e+00,1.802438e+00,1.863182e+00,1.920245e+00,1.886376e+00,2.222105e+00,1.997790e+00,1.958504e-01,1.726326e+00,2.299450e+00
6.716000e+00,1.130720e+00,2.125115e+00,1.750029e+00,1.944369e+00,1.965202e+00,1.993203e+00,1.744015e+00,2.286233e+00,2.300734e+00,2.133505e+00,1.727148e+00,2.259000e+00,2.228955e+00,1.817118e+00,1.804187e+00,1.863939e+00,1.921796e+00,1.885764e+00,2.223579e+00,1.998549e+00,1.960129e-01,1.727148e+00,2.300734e+00
6.717000e+00,1.130890e+00,2.125038e+00,1.750737e+00,1.944951e+00,1.966413e+00,1.995000e+00,1.744599e+00,2.287535e+00,2.301651e+00,2.134550e+00,1.727534e+00,2.258833e+00,2.230746e+00,1.817000e+00,1.804125e+00,1.864798e+00,1.923143e+00,1.886026e+00,2.224000e+00,1.999260e+00,1.961616e-01,1.727534e+00,2.301651e+00
6.718000e+00,1.131300e+00,2.126107e+00,1.751150e+00,1.946602e+00,1.966233e+00,1.996484e+00,1.745328e+00,2.288512e+00,2.303303e+00,2.134855e+00,1.728037e+00,2.261333e+00,2.231194e+00,1.818000e+00,1.804812e+00,1.865354e+00,1.924041e+00,1.886507e+00,2.224842e+00,2.000150e+00,1.964085e-01,1.728037e+00,2.303303e+00
6.719000e+00,1.131390e+00,2.126718e+00,1.751799e+00,1.945728e+00,1.967578e+00,1.996484e+00,1.747153e+00,2.289209e+00,2.304404e+00,2.135498e+00,1.728523e+00,2.260500e+00,2.232687e+00,1.818588e+00,1.805437e+00,1.867121e+00,1.924857e+00,1.884498e+00,2.224947e+00,2.000652e+00,1.963514e-01,1.728523e+00,2.304404e+00
6.720000e+00,1.131700e+00,2.127786e+00,1.752094e+00,1.946505e+00,1.968251e+00,1.998281e+00,1.745693e+00,2.289349e+00,2.305413e+00,2.136752e+00,1.728842e+00,2.262000e+00,2.234179e+00,1.818824e+00,1.806563e+00,1.867929e+00,1.925918e+00,1.879694e+00,2.226632e+00,2.001150e+00,1.969246e-01,1.728842e+00,2.305413e+00
6.721000e+00,1.131990e+00,2.129542e+00,1.752596e+00,1.948544e+00,1.968924e+00,1.997891e+00,1.747372e+00,2.290651e+00,2.306239e+00,2.138071e+00,1.729060e+00,2.263000e+00,2.234925e+00,1.819529e+00,1.807438e+00,1.868586e+00,1.926776e+00,1.877118e+00,2.226000e+00,2.001792e+00,1.970504e-01,1.729060e+00,2.306239e+00
6.722000e+00,1.132140e+00,2.129771e+00,1.753245e+00,1.947767e+00,1.969731e+00,2.000312e+00,1.745766e+00,2.291256e+00,2.306972e+00,2.139325e+00,1.730067e+00,2.261833e+00,2.235373e+00,1.820706e+00,1.807313e+00,1.869293e+00,1.927878e+00,1.877162e+00,2.227789e+00,2.002309e+00,1.971667e-01,1.730067e+00,2.306972e+00
6.723000e+00,1.132310e+00,2.130840e+00,1.753628e+00,1.949709e+00,1.970942e+00,2.001172e+00,1.747810e+00,2.292000e+00,2.307615e+00,2.140273e+00,1.730386e+00,2.263833e+00,2.237015e+00,1.820765e+00,1.807750e+00,1.869192e+00,1.928816e+00,1.877031e+00,2.228632e+00,2.003189e+00,1.973871e-01,1.730386e+00,2.307615e+00
6.724000e+00,1.132660e+00,2.131908e+00,1.753894e+00,1.950971e+00,1.971435e+00,2.000938e+00,1.747810e+00,2.292605e+00,2.308257e+00,2.141238e+00,1.730755e+00,2.262667e+00,2.236269e+00,1.821824e+00,1.808937e+00,1.870404e+00,1.929755e+00,1.877162e+00,2.229789e+00,2.003701e+00,1.972467e-01,1.730755e+00,2.308257e+00
6.725000e+00,1.132960e+00,2.132824e+00,1.753776e+00,1.950485e+00,1.972466e+00,2.003047e+00,1.749197e+00,2.292977e+00,2.309358e+00,2.142251e+00,1.731275e+00,2.265000e+00,2.236119e+00,1.821471e+00,1.809562e+00,1.871717e+00,1.931102e+00,1.877380e+00,2.230105e+00,2.004451e+00,1.973890e-01,1.731275e+00,2.309358e+00
6.726000e+00,1.133150e+00,2.133969e+00,1.753569e+00,1.952427e+00,1.972825e+00,2.004141e+00,1.749051e+00,2.294372e+00,2.310092e+00,2.143312e+00,1.732399e+00,2.265667e+00,2.238209e+00,1.822118e+00,1.810813e+00,1.872778e+00,1.931714e+00,1.877555e+00,2.230737e+00,2.005319e+00,1.976189e-01,1.732399e+00,2.310092e+00
6.727000e+00,1.133480e+00,2.135038e+00,1.753776e+00,1.952718e+00,1.974170e+00,2.004609e+00,1.750146e+00,2.295860e+00,2.310550e+00,2.144196e+00,1.733138e+00,2.263667e+00,2.237463e+00,1.821118e+00,1.811000e+00,1.873485e+00,1.931878e+00,1.879301e+00,2.231368e+00,2.005749e+00,1.974807e-01,1.733138e+00,2.310550e+00
6.728000e+00,1.133770e+00,2.135573e+00,1.753805e+00,1.953107e+00,1.974395e+00,2.004063e+00,1.750584e+00,2.296651e+00,2.312477e+00,2.144662e+00,1.733977e+00,2.267333e+00,2.238358e+00,1.819941e+00,1.811313e+00,1.873182e+00,1.932612e+00,1.878865e+00,2.232632e+00,2.006307e+00,1.981043e-01,1.733977e+00,2.312477e+00
6.729000e+00,1.134040e+00,2.136718e+00,1.754690e+00,1.954466e+00,1.975291e+00,2.005469e+00,1.750876e+00,2.298233e+00,2.313761e+00,2.144984e+00,1.734950e+00,2.266167e+00,2.239403e+00,1.819471e+00,1.811313e+00,1.872020e+00,1.933673e+00,1.880131e+00,2.233263e+00,2.006938e+00,1.982353e-01,1.734950e+00,2.313761e+00
6.730000e+00,1.134210e+00,2.137634e+00,1.755457e+00,1.953981e+00,1.976054e+00,2.007031e+00,1.752263e+00,2.298000e+00,2.315596e+00,2.145129e+00,1.735839e+00,2.269167e+00,2.240896e+00,1.819471e+00,1.813375e+00,1.871364e+00,1.934531e+00,1.881659e+00,2.234211e+00,2.007870e+00,1.984084e-01,1.735839e+00,2.315596e+00
6.731000e+00,1.134540e+00,2.139008e+00,1.755664e+00,1.955243e+00,1.976951e+00,2.007031e+00,1.752847e+00,2.299674e+00,2.317798e+00,2.145129e+00,1.736007e+00,2.270167e+00,2.241642e+00,1.819118e+00,1.813812e+00,1.871061e+00,1.934939e+00,1.881397e+00,2.234316e+00,2.008433e+00,1.988244e-01,1.736007e+00,2.317798e+00
6.732000e+00,1.134850e+00,2.138015e+00,1.756814e+00,1.955631e+00,1.977668e+00,2.006641e+00,1.753212e+00,2.300233e+00,2.317798e+00,2.145129e+00,1.736342e+00,2.268833e+00,2.242687e+00,1.819824e+00,1.815125e+00,1.871515e+00,1.936000e+00,1.882183e+00,2.236737e+00,2.008910e+00,1.986380e-01,1.736342e+00,2.317798e+00
6.733000e+00,1.134980e+00,2.140076e+00,1.757345e+00,1.956699e+00,1.978027e+00,2.008437e+00,1.753577e+00,2.301674e+00,2.319541e+00,2.145209e+00,1.737030e+00,2.272833e+00,2.242687e+00,1.820941e+00,1.815500e+00,1.871313e+00,1.936449e+00,1.883799e+00,2.236842e+00,2.009888e+00,1.990090e-01,1.737030e+00,2.319541e+00
6.734000e+00,1.135220e+00,2.141374e+00,1.757965e+00,1.958155e+00,1.979462e+00,2.008828e+00,1.753723e+00,2.302233e+00,2.321376e+00,2.145466e+00,1.737919e+00,2.271333e+00,2.243582e+00,1.821824e+00,1.817125e+00,1.872879e+00,1.937959e+00,1.885546e+00,2.236947e+00,2.010761e+00,1.987820e-01,1.737919e+00,2.321376e+00
6.735000e+00,1.135520e+00,2.141298e+00,1.758378e+00,1.957670e+00,1.980314e+00,2.009922e+00,1.755912e+00,2.302512e+00,2.321560e+00,2.145804e+00,1.738154e+00,2.273833e+00,2.244478e+00,1.822529e+00,1.817562e+00,1.873131e+00,1.938327e+00,1.887467e+00,2.239053e+00,2.011550e+00,1.988550e-01,1.738154e+00,2.321560e+00
6.736000e+00,1.135760e+00,2.141832e+00,1.759086e+00,1.960097e+00,1.981076e+00,2.010234e+00,1.755912e+00,2.303674e+00,2.322661e+00,2.146013e+00,1.738322e+00,2.274167e+00,2.245821e+00,1.823882e+00,1.818750e+00,1.874646e+00,1.939265e+00,1.888690e+00,2.240105e+00,2.012457e+00,1.988895e-01,1.738322e+00,2.322661e+00
6.737000e+00,1.136160e+00,2.142290e+00,1.759233e+00,1.960097e+00,1.981839e+00,2.009844e+00,1.755839e+00,2.303860e+00,2.323028e+00,2.146158e+00,1.738607e+00,2.274333e+00,2.246119e+00,1.824059e+00,1.818625e+00,1.875101e+00,1.938776e+00,1.889738e+00,2.240737e+00,2.012682e+00,1.989508e-01,1.738607e+00,2.323028e+00
6.738000e+00,1.136240e+00,2.143511e+00,1.759882e+00,1.960194e+00,1.981345e+00,2.013125e+00,1.755620e+00,2.303116e+00,2.321468e+00,2.146431e+00,1.737919e+00,2.277833e+00,2.245970e+00,1.825000e+00,1.819875e+00,1.876263e+00,1.936327e+00,1.890393e+00,2.241158e+00,2.013080e+00,1.989761e-01,1.737919e+00,2.321468e+00
6.739000e+00,1.136390e+00,2.143969e+00,1.760236e+00,1.961359e+00,1.980762e+00,2.012891e+00,1.753796e+00,2.302605e+00,2.321468e+00,2.146768e+00,1.737081e+00,2.274167e+00,2.247313e+00,1.825235e+00,1.819875e+00,1.877273e+00,1.935102e+00,1.890961e+00,2.242526e+00,2.012966e+00,1.989855e-01,1.737081e+00,2.321468e+00
6.740000e+00,1.136810e+00,2.144504e+00,1.761003e+00,1.962427e+00,1.978924e+00,2.012578e+00,1.754745e+00,2.302047e+00,2.320459e+00,2.146961e+00,1.736812e+00,2.278667e+00,2.248657e+00,1.825941e+00,1.821000e+00,1.878030e+00,1.935755e+00,1.891965e+00,2.242316e+00,2.013488e+00,1.990111e-01,1.736812e+00,2.320459e+00
6.741000e+00,1.137040e+00,2.144580e+00,1.761593e+00,1.961845e+00,1.978520e+00,2.015234e+00,1.754161e+00,2.302744e+00,2.320092e+00,2.147074e+00,1.737181e+00,2.277500e+00,2.249701e+00,1.826118e+00,1.821375e+00,1.878990e+00,1.936735e+00,1.891747e+00,2.244000e+00,2.013844e+00,1.990387e-01,1.737181e+00,2.320092e+00
6.742000e+00,1.137360e+00,2.145191e+00,1.761711e+00,1.963398e+00,1.978341e+00,2.015156e+00,1.754526e+00,2.303535e+00,2.320275e+00,2.147283e+00,1.737634e+00,2.278000e+00,2.250448e+00,1.827706e+00,1.821125e+00,1.880505e+00,1.937551e+00,1.892751e+00,2.244316e+00,2.014414e+00,1.989860e-01,1.737634e+00,2.320275e+00
6.743000e+00,1.137500e+00,2.146107e+00,1.762920e+00,1.964757e+00,1.979417e+00,2.015313e+00,1.755109e+00,2.303953e+00,2.321468e+00,2.147524e+00,1.738389e+00,2.277667e+00,2.252388e+00,1.827882e+00,1.821813e+00,1.881010e+00,1.938571e+00,1.893493e+00,2.245895e+00,2.015204e+00,1.990409e-01,1.738389e+00,2.321468e+00
6.744000e+00,1.137650e+00,2.146260e+00,1.763599e+00,1.963398e+00,1.980359e+00,2.015469e+00,1.756496e+00,2.304233e+00,2.322018e+00,2.147958e+00,1.738876e+00,2.276500e+00,2.251791e+00,1.829706e+00,1.822062e+00,1.881364e+00,1.939673e+00,1.895633e+00,2.248421e+00,2.015768e+00,1.987774e-01,1.738876e+00,2.322018e+00
6.745000e+00,1.137850e+00,2.147252e+00,1.763835e+00,1.963592e+00,1.981704e+00,2.013750e+00,1.756496e+00,2.305488e+00,2.322936e+00,2.148344e+00,1.739715e+00,2.278167e+00,2.254030e+00,1.830353e+00,1.822937e+00,1.883081e+00,1.939878e+00,1.896812e+00,2.247895e+00,2.016459e+00,1.989574e-01,1.739715e+00,2.322936e+00
6.746000e+00,1.138260e+00,2.147099e+00,1.764189e+00,1.963592e+00,1.981704e+00,2.014062e+00,1.756131e+00,2.306093e+00,2.324404e+00,2.148360e+00,1.740403e+00,2.277500e+00,2.253731e+00,1.830353e+00,1.824187e+00,1.884495e+00,1.940612e+00,1.898122e+00,2.249158e+00,2.016900e+00,1.989094e-01,1.740403e+00,2.324404e+00
6.747000e+00,1.138480e+00,2.146412e+00,1.763717e+00,1.962621e+00,1.982870e+00,2.016719e+00,1.757080e+00,2.307116e+00,2.325505e+00,2.148360e+00,1.741309e+00,2.279000e+00,2.255672e+00,1.831000e+00,1.825187e+00,1.886465e+00,1.942367e+00,1.899039e+00,2.251263e+00,2.017872e+00,1.991049e-01,1.741309e+00,2.325505e+00
6.748000e+00,1.138610e+00,2.146794e+00,1.763363e+00,1.963981e+00,1.983991e+00,2.014375e+00,1.757518e+00,2.308326e+00,2.328257e+00,2.148762e+00,1.742081e+00,2.279333e+00,2.255522e+00,1.832824e+00,1.825687e+00,1.887727e+00,1.944776e+00,1.899345e+00,2.251053e+00,2.018540e+00,1.991442e-01,1.742081e+00,2.328257e+00
6.749000e+00,1.138950e+00,2.145802e+00,1.764012e+00,1.962718e+00,1.985247e+00,2.015313e+00,1.758905e+00,2.308372e+00,2.328624e+00,2.149293e+00,1.742634e+00,2.277500e+00,2.254179e+00,1.834235e+00,1.826937e+00,1.889596e+00,1.945592e+00,1.900349e+00,2.252947e+00,2.019014e+00,1.986238e-01,1.742634e+00,2.328624e+00
6.750000e+00,1.139300e+00,2.147176e+00,1.764307e+00,1.964078e+00,1.985785e+00,2.017500e+00,1.759927e+00,2.309628e+00,2.330000e+00,2.150273e+00,1.743238e+00,2.282333e+00,2.255672e+00,1.834471e+00,1.826625e+00,1.890354e+00,1.946898e+00,1.901179e+00,2.254105e+00,2.020197e+00,1.992064e-01,1.743238e+00,2.330000e+00
6.751000e+00,1.139510e+00,2.146794e+00,1.764425e+00,1.965534e+00,1.987175e+00,2.017969e+00,1.760876e+00,2.310930e+00,2.331009e+00,2.151495e+00,1.744094e+00,2.281000e+00,2.255075e+00,1.835412e+00,1.825375e+00,1.891364e+00,1.947796e+00,1.901878e+00,2.255263e+00,2.020748e+00,1.991309e-01,1.744094e+00,2.331009e+00
6.752000e+00,1.139750e+00,2.147939e+00,1.765162e+00,1.965825e+00,1.987982e+00,2.017734e+00,1.761241e+00,2.311442e+00,2.332385e+00,2.152749e+00,1.744799e+00,2.281833e+00,2.255224e+00,1.836471e+00,1.824312e+00,1.892172e+00,1.948490e+00,1.902489e+00,2.255474e+00,2.021318e+00,1.992564e-01,1.744799e+00,2.332385e+00
6.753000e+00,1.140070e+00,2.149160e+00,1.765605e+00,1.966893e+00,1.988655e+00,2.019531e+00,1.761533e+00,2.313256e+00,2.334587e+00,2.154389e+00,1.745218e+00,2.282833e+00,2.258209e+00,1.837353e+00,1.823875e+00,1.893131e+00,1.949306e+00,1.903057e+00,2.256211e+00,2.022378e+00,1.998124e-01,1.745218e+00,2.334587e+00
6.754000e+00,1.140230e+00,2.149084e+00,1.766696e+00,1.969126e+00,1.989596e+00,2.018906e+00,1.764161e+00,2.313953e+00,2.336055e+00,2.155531e+00,1.745520e+00,2.283167e+00,2.258209e+00,1.837765e+00,1.823750e+00,1.894242e+00,1.950122e+00,1.906114e+00,2.256421e+00,2.023245e+00,1.995686e-01,1.745520e+00,2.336055e+00
6.755000e+00,1.140560e+00,2.150687e+00,1.767080e+00,1.967573e+00,1.990717e+00,2.019844e+00,1.764234e+00,2.315302e+00,2.337156e+00,2.156559e+00,1.746477e+00,2.284833e+00,2.257761e+00,1.838647e+00,1.824625e+00,1.894495e+00,1.951469e+00,1.907860e+00,2.258105e+00,2.024079e+00,1.997875e-01,1.746477e+00,2.337156e+00
6.756000e+00,1.140760e+00,2.150382e+00,1.767817e+00,1.970291e+00,1.992556e+00,2.020625e+00,1.765985e+00,2.316000e+00,2.337523e+00,2.157846e+00,1.746946e+00,2.282167e+00,2.260000e+00,1.839000e+00,1.824375e+00,1.895051e+00,1.952490e+00,1.908472e+00,2.259263e+00,2.024822e+00,1.996022e-01,1.746946e+00,2.337523e+00
6.757000e+00,1.140940e+00,2.151145e+00,1.768525e+00,1.970777e+00,1.993004e+00,2.019609e+00,1.765620e+00,2.316977e+00,2.339358e+00,2.158762e+00,1.747517e+00,2.288833e+00,2.260000e+00,1.839765e+00,1.825937e+00,1.896212e+00,1.953510e+00,1.908297e+00,2.260421e+00,2.025793e+00,2.001975e-01,1.747517e+00,2.339358e+00
6.758000e+00,1.141220e+00,2.150611e+00,1.769469e+00,1.971748e+00,1.995426e+00,2.021328e+00,1.765766e+00,2.318233e+00,2.339358e+00,2.159277e+00,1.748104e+00,2.286667e+00,2.260896e+00,1.840765e+00,1.826750e+00,1.897222e+00,1.953143e+00,1.909170e+00,2.259579e+00,2.026306e+00,1.998296e-01,1.748104e+00,2.339358e+00
6.759000e+00,1.141410e+00,2.152672e+00,1.769764e+00,1.973398e+00,1.995830e+00,2.022188e+00,1.767007e+00,2.318605e+00,2.342752e+00,2.159823e+00,1.748758e+00,2.287667e+00,2.261343e+00,1.841118e+00,1.828750e+00,1.897929e+00,1.954163e+00,1.909258e+00,2.262000e+00,2.027390e+00,2.001375e-01,1.748758e+00,2.342752e+00
6.760000e+00,1.141720e+00,2.152214e+00,1.770590e+00,1.973495e+00,1.997085e+00,2.023750e+00,1.765839e+00,2.319721e+00,2.342202e+00,2.160257e+00,1.748926e+00,2.286833e+00,2.260896e+00,1.842412e+00,1.829625e+00,1.898535e+00,1.954735e+00,1.908952e+00,2.262000e+00,2.027670e+00,1.999508e-01,1.748926e+00,2.342202e+00
6.761000e+00,1.141990e+00,2.153359e+00,1.770855e+00,1.973689e+00,1.998027e+00,2.023125e+00,1.766934e+00,2.320326e+00,2.344771e+00,2.160434e+00,1.749530e+00,2.287333e+00,2.260896e+00,1.842706e+00,1.830063e+00,1.899192e+00,1.955878e+00,1.909170e+00,2.263474e+00,2.028320e+00,2.001547e-01,1.749530e+00,2.344771e+00
6.762000e+00,1.142250e+00,2.153664e+00,1.771357e+00,1.975340e+00,1.998924e+00,2.023281e+00,1.766788e+00,2.320837e+00,2.345138e+00,2.160579e+00,1.750503e+00,2.289667e+00,2.263433e+00,1.842824e+00,1.830688e+00,1.899545e+00,1.957102e+00,1.909563e+00,2.264105e+00,2.029074e+00,2.003942e-01,1.750503e+00,2.345138e+00
6.763000e+00,1.142490e+00,2.153817e+00,1.771799e+00,1.975049e+00,1.999865e+00,2.023672e+00,1.768321e+00,2.321907e+00,2.346239e+00,2.160740e+00,1.751174e+00,2.288667e+00,2.263284e+00,1.843059e+00,1.831312e+00,1.900455e+00,1.958122e+00,1.909607e+00,2.264105e+00,2.029511e+00,2.002071e-01,1.751174e+00,2.346239e+00
6.764000e+00,1.142800e+00,2.155649e+00,1.771947e+00,1.975922e+00,2.001973e+00,2.025156e+00,1.768978e+00,2.321860e+00,2.346422e+00,2.161158e+00,1.751443e+00,2.289333e+00,2.260746e+00,1.844235e+00,1.832000e+00,1.901111e+00,1.959510e+00,1.909607e+00,2.261474e+00,2.029918e+00,1.997516e-01,1.751443e+00,2.346422e+00
6.765000e+00,1.143040e+00,2.156031e+00,1.772537e+00,1.977476e+00,2.002825e+00,2.026016e+00,1.768540e+00,2.322605e+00,2.347523e+00,2.161576e+00,1.751963e+00,2.292333e+00,2.260000e+00,1.845882e+00,1.832500e+00,1.901616e+00,1.960286e+00,1.911572e+00,2.258421e+00,2.030539e+00,1.996195e-01,1.751963e+00,2.347523e+00
6.766000e+00,1.143340e+00,2.156336e+00,1.772419e+00,1.976408e+00,2.003587e+00,2.025859e+00,1.770365e+00,2.323116e+00,2.349266e+00,2.161801e+00,1.752852e+00,2.291833e+00,2.257612e+00,1.846059e+00,1.833875e+00,1.902727e+00,1.960490e+00,1.912489e+00,2.258526e+00,2.030868e+00,1.993112e-01,1.752852e+00,2.349266e+00
6.767000e+00,1.143450e+00,2.157099e+00,1.772389e+00,1.977864e+00,2.004305e+00,2.026484e+00,1.769562e+00,2.324651e+00,2.348899e+00,2.161929e+00,1.753641e+00,2.294833e+00,2.257015e+00,1.846824e+00,1.835562e+00,1.904242e+00,1.961592e+00,1.914279e+00,2.258105e+00,2.031627e+00,1.992952e-01,1.753641e+00,2.348899e+00
6.768000e+00,1.143840e+00,2.159008e+00,1.772271e+00,1.980097e+00,2.005067e+00,2.027734e+00,1.771168e+00,2.324977e+00,2.350367e+00,2.161994e+00,1.753842e+00,2.292333e+00,2.255821e+00,1.848000e+00,1.835937e+00,1.905202e+00,1.963306e+00,1.915633e+00,2.258947e+00,2.032317e+00,1.989599e-01,1.753842e+00,2.350367e+00
6.769000e+00,1.144050e+00,2.159466e+00,1.772714e+00,1.979709e+00,2.006233e+00,2.026172e+00,1.770949e+00,2.325814e+00,2.350275e+00,2.162379e+00,1.754547e+00,2.294500e+00,2.255373e+00,1.848412e+00,1.836687e+00,1.905859e+00,1.964612e+00,1.916419e+00,2.259789e+00,2.032773e+00,1.990259e-01,1.754547e+00,2.350275e+00
6.770000e+00,1.144310e+00,2.160458e+00,1.773186e+00,1.981553e+00,2.006906e+00,2.027656e+00,1.772774e+00,2.326419e+00,2.353486e+00,2.162781e+00,1.755419e+00,2.296833e+00,2.259701e+00,1.849235e+00,1.838438e+00,1.906566e+00,1.964449e+00,1.917380e+00,2.261789e+00,2.034168e+00,1.995163e-01,1.755419e+00,2.353486e+00
6.771000e+00,1.144630e+00,2.162672e+00,1.773628e+00,1.981748e+00,2.007309e+00,2.029141e+00,1.771898e+00,2.325767e+00,2.353394e+00,2.162926e+00,1.756057e+00,2.294833e+00,2.260299e+00,1.850353e+00,1.840250e+00,1.907424e+00,1.963510e+00,1.918253e+00,2.262000e+00,2.034526e+00,1.992215e-01,1.756057e+00,2.353394e+00
6.772000e+00,1.144960e+00,2.161832e+00,1.774454e+00,1.982039e+00,2.008251e+00,2.029531e+00,1.771533e+00,2.325581e+00,2.355046e+00,2.163296e+00,1.756242e+00,2.297667e+00,2.261045e+00,1.850588e+00,1.839875e+00,1.908030e+00,1.962980e+00,1.918559e+00,2.262211e+00,2.034931e+00,1.995316e-01,1.756242e+00,2.355046e+00
6.773000e+00,1.145090e+00,2.163511e+00,1.775133e+00,1.983107e+00,2.008969e+00,2.028672e+00,1.772774e+00,2.324930e+00,2.357156e+00,2.163698e+00,1.756862e+00,2.293833e+00,2.260597e+00,1.851882e+00,1.840625e+00,1.908687e+00,1.962735e+00,1.918515e+00,2.262842e+00,2.035252e+00,1.991435e-01,1.756862e+00,2.357156e+00
6.774000e+00,1.145280e+00,2.164885e+00,1.775811e+00,1.982718e+00,2.009776e+00,2.029453e+00,1.771533e+00,2.326279e+00,2.358899e+00,2.164003e+00,1.757567e+00,2.297667e+00,2.263284e+00,1.852647e+00,1.841625e+00,1.909394e+00,1.962612e+00,1.918253e+00,2.263789e+00,2.036122e+00,1.998543e-01,1.757567e+00,2.358899e+00
6.775000e+00,1.145660e+00,2.164351e+00,1.776726e+00,1.982718e+00,2.010897e+00,2.030625e+00,1.772482e+00,2.326372e+00,2.359817e+00,2.164212e+00,1.757718e+00,2.296333e+00,2.264925e+00,1.852765e+00,1.842187e+00,1.910101e+00,1.962653e+00,1.919607e+00,2.264842e+00,2.036630e+00,1.997425e-01,1.757718e+00,2.359817e+00
6.776000e+00,1.145830e+00,2.166794e+00,1.777257e+00,1.983107e+00,2.011614e+00,2.030469e+00,1.772190e+00,2.327674e+00,2.360183e+00,2.164244e+00,1.756862e+00,2.297667e+00,2.265821e+00,1.852765e+00,1.843062e+00,1.908586e+00,1.963796e+00,1.919389e+00,2.267368e+00,2.037158e+00,2.003119e-01,1.756862e+00,2.360183e+00
6.777000e+00,1.146100e+00,2.166947e+00,1.777611e+00,1.980971e+00,2.012556e+00,2.029687e+00,1.772774e+00,2.328372e+00,2.362110e+00,2.164277e+00,1.756460e+00,2.298667e+00,2.264478e+00,1.853765e+00,1.844875e+00,1.907222e+00,1.964245e+00,1.919869e+00,2.267789e+00,2.037371e+00,2.004288e-01,1.756460e+00,2.362110e+00
6.778000e+00,1.146270e+00,2.167557e+00,1.777788e+00,1.982136e+00,2.013767e+00,2.029844e+00,1.774818e+00,2.328791e+00,2.362936e+00,2.164357e+00,1.756275e+00,2.298667e+00,2.266567e+00,1.854294e+00,1.846750e+00,1.907222e+00,1.965265e+00,1.920175e+00,2.269158e+00,2.038131e+00,2.004490e-01,1.756275e+00,2.362936e+00
6.779000e+00,1.146560e+00,2.166870e+00,1.777965e+00,1.983981e+00,2.014664e+00,2.031641e+00,1.773431e+00,2.330000e+00,2.365046e+00,2.164759e+00,1.756057e+00,2.302167e+00,2.265672e+00,1.855118e+00,1.847250e+00,1.906869e+00,1.966286e+00,1.920830e+00,2.268211e+00,2.038712e+00,2.008335e-01,1.756057e+00,2.365046e+00
6.780000e+00,1.146840e+00,2.167557e+00,1.778584e+00,1.982913e+00,2.015426e+00,2.031484e+00,1.775255e+00,2.330419e+00,2.365138e+00,2.165370e+00,1.756292e+00,2.301000e+00,2.267761e+00,1.856118e+00,1.848500e+00,1.907525e+00,1.966898e+00,1.920830e+00,2.270421e+00,2.039305e+00,2.007708e-01,1.756292e+00,2.365138e+00
6.781000e+00,1.147200e+00,2.169008e+00,1.778643e+00,1.984951e+00,2.017399e+00,2.031484e+00,1.775401e+00,2.332186e+00,2.365780e+00,2.165370e+00,1.756963e+00,2.305500e+00,2.268209e+00,1.856882e+00,1.849125e+00,1.907576e+00,1.967347e+00,1.921223e+00,2.270947e+00,2.040222e+00,2.012051e-01,1.756963e+00,2.365780e+00
6.782000e+00,1.147380e+00,2.168397e+00,1.779086e+00,1.984563e+00,2.018386e+00,2.033047e+00,1.775912e+00,2.332465e+00,2.366422e+00,2.165370e+00,1.757299e+00,2.304667e+00,2.268060e+00,1.857647e+00,1.849250e+00,1.907626e+00,1.968939e+00,1.922751e+00,2.271789e+00,2.040649e+00,2.010188e-01,1.757299e+00,2.366422e+00
6.783000e+00,1.147520e+00,2.169160e+00,1.779587e+00,1.984369e+00,2.018789e+00,2.033594e+00,1.776350e+00,2.333070e+00,2.364037e+00,2.165370e+00,1.757903e+00,2.305000e+00,2.269254e+00,1.858176e+00,1.849812e+00,1.908535e+00,1.970816e+00,1.923100e+00,2.272737e+00,2.041092e+00,2.007864e-01,1.757903e+00,2.364037e+00
6.784000e+00,1.147910e+00,2.169313e+00,1.780590e+00,1.985437e+00,2.019910e+00,2.033828e+00,1.775547e+00,2.333860e+00,2.362477e+00,2.165370e+00,1.758607e+00,2.308833e+00,2.272687e+00,1.858059e+00,1.851187e+00,1.908939e+00,1.971224e+00,1.923362e+00,2.273474e+00,2.041817e+00,2.010726e-01,1.758607e+00,2.362477e+00
6.785000e+00,1.148070e+00,2.171756e+00,1.780855e+00,1.986311e+00,2.020762e+00,2.035234e+00,1.777810e+00,2.334233e+00,2.362844e+00,2.165370e+00,1.759614e+00,2.305500e+00,2.272388e+00,1.857353e+00,1.852750e+00,1.910707e+00,1.973061e+00,1.924498e+00,2.273474e+00,2.042473e+00,2.004889e-01,1.759614e+00,2.362844e+00
6.786000e+00,1.148350e+00,2.171145e+00,1.781475e+00,1.987087e+00,2.021480e+00,2.035000e+00,1.777883e+00,2.335581e+00,2.362477e+00,2.165981e+00,1.760285e+00,2.308167e+00,2.274179e+00,1.856118e+00,1.853500e+00,1.912071e+00,1.974082e+00,1.924236e+00,2.275053e+00,2.043100e+00,2.008200e-01,1.760285e+00,2.362477e+00
6.787000e+00,1.148550e+00,2.171832e+00,1.781770e+00,1.989903e+00,2.021614e+00,2.036719e+00,1.780000e+00,2.336419e+00,2.362477e+00,2.166833e+00,1.761393e+00,2.309333e+00,2.274776e+00,1.855765e+00,1.853563e+00,1.913232e+00,1.975755e+00,1.924934e+00,2.276211e+00,2.044029e+00,2.007469e-01,1.761393e+00,2.362477e+00
6.788000e+00,1.148820e+00,2.171527e+00,1.781711e+00,1.988738e+00,2.022108e+00,2.036406e+00,1.780292e+00,2.337349e+00,2.364404e+00,2.167363e+00,1.762483e+00,2.307333e+00,2.275821e+00,1.855176e+00,1.853937e+00,1.915000e+00,1.977306e+00,1.924891e+00,2.279158e+00,2.044500e+00,2.009433e-01,1.762483e+00,2.364404e+00
6.789000e+00,1.149060e+00,2.170611e+00,1.781888e+00,1.989223e+00,2.022915e+00,2.034844e+00,1.781168e+00,2.338419e+00,2.364679e+00,2.167588e+00,1.763339e+00,2.309167e+00,2.275821e+00,1.855294e+00,1.854500e+00,1.915505e+00,1.977347e+00,1.926332e+00,2.280737e+00,2.044965e+00,2.010122e-01,1.763339e+00,2.364679e+00
6.790000e+00,1.149220e+00,2.171756e+00,1.782271e+00,1.990874e+00,2.024036e+00,2.037813e+00,1.781095e+00,2.339814e+00,2.365780e+00,2.168296e+00,1.763977e+00,2.309167e+00,2.277761e+00,1.856412e+00,1.856500e+00,1.916768e+00,1.978327e+00,1.926943e+00,2.280105e+00,2.045983e+00,2.010105e-01,1.763977e+00,2.365780e+00
6.791000e+00,1.149550e+00,2.172672e+00,1.782566e+00,1.990777e+00,2.024619e+00,2.039062e+00,1.782263e+00,2.340419e+00,2.366606e+00,2.169003e+00,1.764883e+00,2.311500e+00,2.279552e+00,1.856588e+00,1.855938e+00,1.917879e+00,1.979388e+00,1.927642e+00,2.280000e+00,2.046742e+00,2.012222e-01,1.764883e+00,2.366606e+00
6.792000e+00,1.149640e+00,2.172901e+00,1.783186e+00,1.991456e+00,2.023812e+00,2.038516e+00,1.783650e+00,2.341628e+00,2.369358e+00,2.169598e+00,1.765436e+00,2.313667e+00,2.281642e+00,1.857235e+00,1.856750e+00,1.918737e+00,1.980082e+00,1.929170e+00,2.281579e+00,2.047689e+00,2.016228e-01,1.765436e+00,2.369358e+00
6.793000e+00,1.150140e+00,2.172443e+00,1.783658e+00,1.991359e+00,2.022511e+00,2.038516e+00,1.783066e+00,2.342558e+00,2.370826e+00,2.170659e+00,1.765872e+00,2.315167e+00,2.281343e+00,1.858235e+00,1.857875e+00,1.919495e+00,1.981551e+00,1.930175e+00,2.282316e+00,2.048201e+00,2.017731e-01,1.765872e+00,2.370826e+00
6.794000e+00,1.150330e+00,2.173664e+00,1.784248e+00,1.991748e+00,2.021749e+00,2.039062e+00,1.784161e+00,2.343953e+00,2.373945e+00,2.171495e+00,1.766258e+00,2.318833e+00,2.279851e+00,1.858765e+00,1.858688e+00,1.921919e+00,1.982980e+00,1.931616e+00,2.283895e+00,2.049268e+00,2.021277e-01,1.766258e+00,2.373945e+00
6.795000e+00,1.150600e+00,2.175344e+00,1.784513e+00,1.994369e+00,2.021973e+00,2.039844e+00,1.785036e+00,2.345070e+00,2.374220e+00,2.172283e+00,1.766846e+00,2.315500e+00,2.282239e+00,1.860176e+00,1.859313e+00,1.922879e+00,1.984082e+00,1.931354e+00,2.284526e+00,2.049976e+00,2.019491e-01,1.766846e+00,2.374220e+00
6.796000e+00,1.150820e+00,2.176183e+00,1.785044e+00,1.994854e+00,2.022691e+00,2.041875e+00,1.784745e+00,2.345860e+00,2.375229e+00,2.173183e+00,1.767131e+00,2.317500e+00,2.283134e+00,1.860706e+00,1.861250e+00,1.924040e+00,1.984408e+00,1.931179e+00,2.285579e+00,2.050811e+00,2.022062e-01,1.767131e+00,2.375229e+00
6.797000e+00,1.151120e+00,2.176641e+00,1.785487e+00,1.995049e+00,2.022960e+00,2.039766e+00,1.784526e+00,2.346279e+00,2.376697e+00,2.173183e+00,1.767450e+00,2.316667e+00,2.282537e+00,1.861706e+00,1.861812e+00,1.924697e+00,1.984571e+00,1.931179e+00,2.287053e+00,2.051014e+00,2.022359e-01,1.767450e+00,2.376697e+00
6.798000e+00,1.151400e+00,2.175878e+00,1.785841e+00,1.996117e+00,2.024081e+00,2.042344e+00,1.785474e+00,2.347488e+00,2.376422e+00,2.173183e+00,1.768205e+00,2.319667e+00,2.286269e+00,1.862824e+00,1.862938e+00,1.926616e+00,1.985347e+00,1.931921e+00,2.287474e+00,2.052116e+00,2.023605e-01,1.768205e+00,2.376422e+00
6.799000e+00,1.151600e+00,2.177328e+00,1.786313e+00,1.996796e+00,2.024933e+00,2.043359e+00,1.787153e+00,2.348512e+00,2.379633e+00,2.173183e+00,1.768993e+00,2.322500e+00,2.285373e+00,1.864647e+00,1.863375e+00,1.927677e+00,1.986735e+00,1.932009e+00,2.288947e+00,2.053193e+00,2.026056e-01,1.768993e+00,2.379633e+00
6.800000e+00,1.151890e+00,2.177634e+00,1.786696e+00,1.996408e+00,2.026233e+00,2.043203e+00,1.786642e+00,2.348698e+00,2.378899e+00,2.170531e+00,1.770050e+00,2.319167e+00,2.285672e+00,1.865353e+00,1.864938e+00,1.928232e+00,1.986816e+00,1.932140e+00,2.289368e+00,2.053149e+00,2.020613e-01,1.770050e+00,2.378899e+00
