time,lN,fN01,fN02,fN03,fN04,fN05,fN06,fN07,fN08,fN09,fN10,fN11,fN12,fN13,fN14,fN15,fN16,fN17,fN18,fN19,fN20,fN21,fN22,fN23,fN24,fNavg,fNstd,fNmin,fNmax
5.000000e+00,8.481300e-01,8.767939e-01,8.291480e-01,7.520312e-01,7.706000e-01,7.541395e-01,1.004457e+00,8.934190e-01,8.162081e-01,8.958077e-01,8.294720e-01,8.613203e-01,8.904743e-01,8.532800e-01,8.853045e-01,8.490164e-01,8.638144e-01,8.240000e-01,8.173410e-01,8.795000e-01,8.354808e-01,8.271717e-01,8.425106e-01,7.651092e-01,9.044118e-01,8.467005e-01,5.483687e-02,7.520312e-01,1.004457e+00
5.001000e+00,8.483000e-01,8.770992e-01,8.295964e-01,7.515625e-01,7.706667e-01,7.536279e-01,1.005206e+00,8.930848e-01,8.160906e-01,8.958846e-01,8.291615e-01,8.614286e-01,8.909486e-01,8.526400e-01,8.852259e-01,8.491803e-01,8.633677e-01,8.221111e-01,8.176301e-01,8.798750e-01,8.353846e-01,8.273232e-01,8.430638e-01,7.657642e-01,9.039412e-01,8.466610e-01,5.497086e-02,7.515625e-01,1.005206e+00
5.002000e+00,8.483700e-01,8.769466e-01,8.299552e-01,7.526562e-01,7.707667e-01,7.542326e-01,1.004869e+00,8.931877e-01,8.161242e-01,8.960385e-01,8.289130e-01,8.613203e-01,8.906324e-01,8.522400e-01,8.850688e-01,8.491803e-01,8.638832e-01,8.225556e-01,8.175145e-01,8.790625e-01,8.359135e-01,8.276768e-01,8.430638e-01,7.649782e-01,9.037647e-01,8.466893e-01,5.480118e-02,7.526562e-01,1.004869e+00
5.003000e+00,8.487400e-01,8.769466e-01,8.299552e-01,7.529687e-01,7.710667e-01,7.540930e-01,1.005019e+00,8.928535e-01,8.165436e-01,8.964231e-01,8.291925e-01,8.613203e-01,8.906719e-01,8.529600e-01,8.856582e-01,8.490574e-01,8.642268e-01,8.231111e-01,8.170520e-01,8.798750e-01,8.359615e-01,8.273232e-01,8.431915e-01,7.656769e-01,9.037059e-01,8.468689e-01,5.478378e-02,7.529687e-01,1.005019e+00
5.004000e+00,8.489800e-01,8.776336e-01,8.301794e-01,7.543750e-01,7.718333e-01,7.552093e-01,1.005693e+00,8.947558e-01,8.187248e-01,8.978846e-01,8.300932e-01,8.624892e-01,8.903953e-01,8.532800e-01,8.863851e-01,8.495902e-01,8.648110e-01,8.228889e-01,8.195376e-01,8.811875e-01,8.378365e-01,8.291919e-01,8.445957e-01,7.665502e-01,9.052941e-01,8.479340e-01,5.470115e-02,7.543750e-01,1.005693e+00
5.005000e+00,8.493600e-01,8.799237e-01,8.334978e-01,7.558594e-01,7.756333e-01,7.577209e-01,1.007603e+00,8.977378e-01,8.235235e-01,9.016538e-01,8.321429e-01,8.639394e-01,8.923320e-01,8.545600e-01,8.881139e-01,8.510656e-01,8.666323e-01,8.257778e-01,8.217341e-01,8.827500e-01,8.400000e-01,8.325758e-01,8.491064e-01,7.677729e-01,9.070000e-01,8.503607e-01,5.457754e-02,7.558594e-01,1.007603e+00
5.006000e+00,8.495900e-01,8.838931e-01,8.373094e-01,7.585156e-01,7.806000e-01,7.604651e-01,1.009963e+00,9.021594e-01,8.299664e-01,9.068077e-01,8.349379e-01,8.662338e-01,8.937945e-01,8.555200e-01,8.905108e-01,8.526639e-01,8.686254e-01,8.304444e-01,8.268208e-01,8.875625e-01,8.442788e-01,8.395455e-01,8.551915e-01,7.717031e-01,9.108824e-01,8.540998e-01,5.432018e-02,7.585156e-01,1.009963e+00
5.007000e+00,8.498600e-01,8.903053e-01,8.426009e-01,7.621875e-01,7.865333e-01,7.648837e-01,1.013521e+00,9.072751e-01,8.376007e-01,9.133462e-01,8.391304e-01,8.693723e-01,8.966008e-01,8.587200e-01,8.939686e-01,8.551230e-01,8.712371e-01,8.328889e-01,8.332948e-01,8.920000e-01,8.497596e-01,8.470202e-01,8.622128e-01,7.756332e-01,9.147059e-01,8.587467e-01,5.415091e-02,7.621875e-01,1.013521e+00
5.008000e+00,8.500900e-01,8.937405e-01,8.478924e-01,7.669531e-01,7.921000e-01,7.697209e-01,1.017116e+00,9.124936e-01,8.459732e-01,9.205000e-01,8.433851e-01,8.725325e-01,8.995257e-01,8.599200e-01,8.978193e-01,8.576230e-01,8.754639e-01,8.393333e-01,8.404046e-01,8.982500e-01,8.555769e-01,8.536869e-01,8.703404e-01,7.795633e-01,9.204118e-01,8.637636e-01,5.396456e-02,7.669531e-01,1.017116e+00
5.009000e+00,8.502900e-01,8.988550e-01,8.526906e-01,7.730469e-01,7.983667e-01,7.747442e-01,1.021723e+00,9.178920e-01,8.539597e-01,9.281923e-01,8.477019e-01,8.764935e-01,9.018972e-01,8.631200e-01,9.015521e-01,8.604918e-01,8.791065e-01,8.428889e-01,8.476879e-01,9.041250e-01,8.618269e-01,8.624242e-01,8.785106e-01,7.839738e-01,9.255294e-01,8.690333e-01,5.382178e-02,7.730469e-01,1.021723e+00
5.010000e+00,8.506100e-01,9.059542e-01,8.580717e-01,7.760937e-01,8.040000e-01,7.800465e-01,1.025843e+00,9.231362e-01,8.627685e-01,9.351154e-01,8.513975e-01,8.799134e-01,9.041897e-01,8.660000e-01,9.060707e-01,8.634836e-01,8.835052e-01,8.467778e-01,8.543931e-01,9.088125e-01,8.680288e-01,8.698485e-01,8.870638e-01,7.889083e-01,9.305294e-01,8.741646e-01,5.387744e-02,7.760937e-01,1.025843e+00
5.011000e+00,8.509300e-01,9.106107e-01,8.636323e-01,7.807812e-01,8.108667e-01,7.855814e-01,1.028727e+00,9.287147e-01,8.727013e-01,9.419231e-01,8.560559e-01,8.837879e-01,9.069960e-01,8.704000e-01,9.105894e-01,8.663525e-01,8.873540e-01,8.524444e-01,8.623121e-01,9.163750e-01,8.747115e-01,8.782323e-01,8.960851e-01,7.937991e-01,9.357647e-01,8.797832e-01,5.359298e-02,7.807812e-01,1.028727e+00
5.012000e+00,8.511600e-01,9.174809e-01,8.692825e-01,7.860938e-01,8.167333e-01,7.920930e-01,1.033708e+00,9.341902e-01,8.833221e-01,9.487308e-01,8.601863e-01,8.883550e-01,9.112253e-01,8.712800e-01,9.157367e-01,8.704098e-01,8.918557e-01,8.575556e-01,8.690751e-01,9.218750e-01,8.812500e-01,8.862626e-01,9.048511e-01,7.993013e-01,9.412353e-01,8.855037e-01,5.360315e-02,7.860938e-01,1.033708e+00
5.013000e+00,8.514000e-01,9.242748e-01,8.749327e-01,7.910938e-01,8.230667e-01,7.984186e-01,1.038652e+00,9.399229e-01,8.941946e-01,9.560000e-01,8.647205e-01,8.922511e-01,9.143874e-01,8.739200e-01,9.212770e-01,8.737295e-01,8.969416e-01,8.605556e-01,8.781503e-01,9.270625e-01,8.880288e-01,8.950000e-01,9.143404e-01,8.036681e-01,9.467059e-01,8.913039e-01,5.378722e-02,7.910938e-01,1.038652e+00
5.014000e+00,8.515700e-01,9.306870e-01,8.809417e-01,7.951562e-01,8.290667e-01,8.058140e-01,1.044345e+00,9.466324e-01,9.057047e-01,9.635385e-01,8.692857e-01,8.967532e-01,9.183399e-01,8.788000e-01,9.272495e-01,8.774590e-01,9.029210e-01,8.668889e-01,8.869364e-01,9.339375e-01,8.944712e-01,9.025758e-01,9.243404e-01,8.088210e-01,9.518824e-01,8.976061e-01,5.408112e-02,7.951562e-01,1.044345e+00
5.015000e+00,8.518400e-01,9.361832e-01,8.866816e-01,7.993750e-01,8.364333e-01,8.134419e-01,1.049738e+00,9.531877e-01,9.182718e-01,9.714231e-01,8.736335e-01,9.010390e-01,9.224506e-01,8.812000e-01,9.334971e-01,8.811885e-01,9.086254e-01,8.712222e-01,8.953757e-01,9.390625e-01,9.022596e-01,9.110101e-01,9.344255e-01,8.134061e-01,9.578824e-01,9.037922e-01,5.443847e-02,7.993750e-01,1.049738e+00
5.016000e+00,8.521500e-01,9.445038e-01,8.938117e-01,8.055469e-01,8.443667e-01,8.214419e-01,1.055581e+00,9.606170e-01,9.315436e-01,9.791154e-01,8.786335e-01,9.055628e-01,9.270356e-01,8.853600e-01,9.398428e-01,8.859016e-01,9.143986e-01,8.747778e-01,9.043931e-01,9.449375e-01,9.096154e-01,9.205051e-01,9.446809e-01,8.172489e-01,9.637647e-01,9.105494e-01,5.484592e-02,8.055469e-01,1.055581e+00
5.017000e+00,8.524100e-01,9.505344e-01,9.010762e-01,8.089844e-01,8.527667e-01,8.297209e-01,1.061723e+00,9.687404e-01,9.448658e-01,9.874231e-01,8.836646e-01,9.105628e-01,9.315415e-01,8.886400e-01,9.470923e-01,8.909016e-01,9.208591e-01,8.806667e-01,9.141040e-01,9.501875e-01,9.175000e-01,9.301515e-01,9.544681e-01,8.218777e-01,9.693529e-01,9.173919e-01,5.541852e-02,8.089844e-01,1.061723e+00
5.018000e+00,8.526000e-01,9.558015e-01,9.078475e-01,8.121875e-01,8.611333e-01,8.379535e-01,1.067865e+00,9.765296e-01,9.585906e-01,9.957308e-01,8.888509e-01,9.151948e-01,9.362451e-01,8.931200e-01,9.544597e-01,8.958197e-01,9.275945e-01,8.844444e-01,9.252023e-01,9.566875e-01,9.261538e-01,9.400000e-01,9.653617e-01,8.265939e-01,9.753529e-01,9.243634e-01,5.620205e-02,8.121875e-01,1.067865e+00
5.019000e+00,8.528200e-01,9.641985e-01,9.139013e-01,8.164844e-01,8.700667e-01,8.466512e-01,1.074532e+00,9.848072e-01,9.723154e-01,1.004269e+00,8.947826e-01,9.202814e-01,9.406324e-01,8.977600e-01,9.621022e-01,9.013934e-01,9.340893e-01,8.875556e-01,9.368786e-01,9.631250e-01,9.355769e-01,9.495455e-01,9.765957e-01,8.305677e-01,9.809412e-01,9.316272e-01,5.713827e-02,8.164844e-01,1.074532e+00
5.020000e+00,8.530700e-01,9.711450e-01,9.204036e-01,8.221094e-01,8.794000e-01,8.556744e-01,1.081086e+00,9.939075e-01,9.866443e-01,1.013500e+00,9.001242e-01,9.255628e-01,9.455336e-01,9.016800e-01,9.695874e-01,9.072131e-01,9.407560e-01,8.952222e-01,9.486705e-01,9.692500e-01,9.437500e-01,9.603030e-01,9.880851e-01,8.354585e-01,9.870000e-01,9.392528e-01,5.790507e-02,8.221094e-01,1.081086e+00
5.021000e+00,8.532100e-01,9.779389e-01,9.262780e-01,8.267187e-01,8.890667e-01,8.642791e-01,1.088127e+00,1.002596e+00,1.000621e+00,1.023038e+00,9.053727e-01,9.307576e-01,9.506719e-01,9.060800e-01,9.769745e-01,9.143443e-01,9.481100e-01,8.988889e-01,9.601156e-01,9.756250e-01,9.531731e-01,9.710101e-01,9.996170e-01,8.395197e-01,9.931765e-01,9.467542e-01,5.906948e-02,8.267187e-01,1.088127e+00
5.022000e+00,8.535900e-01,9.854198e-01,9.336323e-01,8.307031e-01,8.988000e-01,8.738140e-01,1.094682e+00,1.011645e+00,1.013993e+00,1.033154e+00,9.112112e-01,9.364719e-01,9.555336e-01,9.110400e-01,9.845972e-01,9.207787e-01,9.552921e-01,9.043333e-01,9.718497e-01,9.825625e-01,9.626442e-01,9.819697e-01,1.011277e+00,8.438428e-01,9.999412e-01,9.545495e-01,6.023018e-02,8.307031e-01,1.094682e+00
5.023000e+00,8.537000e-01,9.905344e-01,9.405830e-01,8.337500e-01,9.091333e-01,8.831628e-01,1.100412e+00,1.020977e+00,1.027936e+00,1.043231e+00,9.168012e-01,9.422727e-01,9.607905e-01,9.136800e-01,9.921218e-01,9.270082e-01,9.623711e-01,9.095556e-01,9.832948e-01,9.886875e-01,9.721635e-01,9.930808e-01,1.022851e+00,8.481223e-01,1.006235e+00,9.620315e-01,6.151786e-02,8.337500e-01,1.100412e+00
5.024000e+00,8.540100e-01,9.964885e-01,9.485650e-01,8.392188e-01,9.183667e-01,8.928372e-01,1.105993e+00,1.030797e+00,1.041728e+00,1.052923e+00,9.222360e-01,9.472294e-01,9.663241e-01,9.182400e-01,9.998625e-01,9.336066e-01,9.689691e-01,9.141111e-01,9.954913e-01,9.947500e-01,9.814904e-01,1.004091e+00,1.033447e+00,8.520961e-01,1.012471e+00,9.696388e-01,6.265440e-02,8.392188e-01,1.105993e+00
5.025000e+00,8.544100e-01,1.002824e+00,9.568610e-01,8.428906e-01,9.284333e-01,9.020000e-01,1.112846e+00,1.040051e+00,1.055369e+00,1.063346e+00,9.278882e-01,9.530087e-01,9.704348e-01,9.220000e-01,1.007623e+00,9.404508e-01,9.762887e-01,9.180000e-01,1.008324e+00,1.002063e+00,9.902885e-01,1.014495e+00,1.044000e+00,8.563319e-01,1.018059e+00,9.772449e-01,6.416299e-02,8.428906e-01,1.112846e+00
5.026000e+00,8.545500e-01,1.010305e+00,9.643946e-01,8.478125e-01,9.377333e-01,9.111628e-01,1.119101e+00,1.049306e+00,1.068758e+00,1.072923e+00,9.339441e-01,9.584199e-01,9.755336e-01,9.264800e-01,1.015599e+00,9.469262e-01,9.829897e-01,9.240000e-01,1.020289e+00,1.008000e+00,9.991827e-01,1.025505e+00,1.055021e+00,8.610917e-01,1.024353e+00,9.849514e-01,6.544561e-02,8.478125e-01,1.119101e+00
5.027000e+00,8.547500e-01,1.016412e+00,9.726457e-01,8.512500e-01,9.470000e-01,9.211628e-01,1.125918e+00,1.059100e+00,1.082517e+00,1.083269e+00,9.397826e-01,9.641342e-01,9.801976e-01,9.310400e-01,1.023360e+00,9.531557e-01,9.897595e-01,9.282222e-01,1.033121e+00,1.015250e+00,1.008317e+00,1.036414e+00,1.065745e+00,8.657205e-01,1.029176e+00,9.926113e-01,6.706202e-02,8.512500e-01,1.125918e+00
5.028000e+00,8.550500e-01,1.023511e+00,9.807623e-01,8.551562e-01,9.564000e-01,9.296744e-01,1.132659e+00,1.068226e+00,1.096292e+00,1.093231e+00,9.451553e-01,9.702381e-01,9.858103e-01,9.358400e-01,1.031709e+00,9.599180e-01,9.972852e-01,9.334444e-01,1.045434e+00,1.021437e+00,1.017452e+00,1.046970e+00,1.076340e+00,8.698690e-01,1.034471e+00,1.000304e+00,6.868093e-02,8.551562e-01,1.132659e+00
5.029000e+00,8.553600e-01,1.030534e+00,9.886547e-01,8.606250e-01,9.649667e-01,9.391163e-01,1.139513e+00,1.077249e+00,1.109748e+00,1.103654e+00,9.497205e-01,9.759091e-01,9.906324e-01,9.396800e-01,1.039862e+00,9.659426e-01,1.004467e+00,9.387778e-01,1.056532e+00,1.026313e+00,1.026154e+00,1.057626e+00,1.086340e+00,8.746725e-01,1.038824e+00,1.007730e+00,7.015472e-02,8.606250e-01,1.139513e+00
5.030000e+00,8.556000e-01,1.036260e+00,9.973991e-01,8.657812e-01,9.742000e-01,9.477674e-01,1.146517e+00,1.085964e+00,1.123356e+00,1.112692e+00,9.557764e-01,9.821861e-01,9.953360e-01,9.436000e-01,1.047701e+00,9.728279e-01,1.011134e+00,9.418889e-01,1.068613e+00,1.032500e+00,1.034423e+00,1.067576e+00,1.096553e+00,8.789956e-01,1.044882e+00,1.015164e+00,7.172561e-02,8.657812e-01,1.146517e+00
5.031000e+00,8.558400e-01,1.043435e+00,1.005067e+00,8.708594e-01,9.826000e-01,9.566512e-01,1.152772e+00,1.095219e+00,1.136661e+00,1.122115e+00,9.611180e-01,9.885281e-01,1.000711e+00,9.492000e-01,1.055187e+00,9.787295e-01,1.016838e+00,9.472222e-01,1.080405e+00,1.037250e+00,1.042596e+00,1.078081e+00,1.105660e+00,8.842795e-01,1.050765e+00,1.022581e+00,7.309100e-02,8.708594e-01,1.152772e+00
5.032000e+00,8.560800e-01,1.049924e+00,1.012735e+00,8.741406e-01,9.914667e-01,9.656279e-01,1.158951e+00,1.104961e+00,1.149815e+00,1.130000e+00,9.648137e-01,9.947403e-01,1.005296e+00,9.524000e-01,1.062908e+00,9.856557e-01,1.022165e+00,9.514444e-01,1.090983e+00,1.044375e+00,1.050769e+00,1.087172e+00,1.114936e+00,8.889956e-01,1.056647e+00,1.029622e+00,7.473673e-02,8.741406e-01,1.158951e+00
5.033000e+00,8.563800e-01,1.056718e+00,1.020852e+00,8.785938e-01,1.000000e+00,9.738140e-01,1.164869e+00,1.113625e+00,1.161208e+00,1.139038e+00,9.687578e-01,1.001147e+00,1.009368e+00,9.582400e-01,1.069175e+00,9.927049e-01,1.026907e+00,9.563333e-01,1.101850e+00,1.049813e+00,1.058606e+00,1.096263e+00,1.123872e+00,8.934061e-01,1.062941e+00,1.036588e+00,7.606565e-02,8.785938e-01,1.164869e+00
5.034000e+00,8.565300e-01,1.063435e+00,1.028610e+00,8.834375e-01,1.008333e+00,9.822791e-01,1.171161e+00,1.121748e+00,1.171057e+00,1.146000e+00,9.723913e-01,1.006991e+00,1.013953e+00,9.612000e-01,1.074283e+00,9.986885e-01,1.032715e+00,9.627778e-01,1.113006e+00,1.055125e+00,1.066154e+00,1.104747e+00,1.131915e+00,8.982096e-01,1.068529e+00,1.043198e+00,7.714330e-02,8.834375e-01,1.171161e+00
5.035000e+00,8.569100e-01,1.069237e+00,1.035112e+00,8.871094e-01,1.016400e+00,9.906512e-01,1.177116e+00,1.129949e+00,1.180201e+00,1.152615e+00,9.758385e-01,1.011407e+00,1.018024e+00,9.649600e-01,1.080118e+00,1.005533e+00,1.038797e+00,9.656667e-01,1.122832e+00,1.061375e+00,1.073269e+00,1.111970e+00,1.141021e+00,9.024017e-01,1.074765e+00,1.049432e+00,7.843943e-02,8.871094e-01,1.180201e+00
5.036000e+00,8.571800e-01,1.075496e+00,1.042108e+00,8.909375e-01,1.024333e+00,9.981395e-01,1.182584e+00,1.137995e+00,1.189664e+00,1.158923e+00,9.786335e-01,1.016450e+00,1.022688e+00,9.689600e-01,1.086483e+00,1.011885e+00,1.043540e+00,9.702222e-01,1.133410e+00,1.065937e+00,1.080048e+00,1.118434e+00,1.148766e+00,9.070306e-01,1.080529e+00,1.055550e+00,7.957203e-02,8.909375e-01,1.189664e+00
5.037000e+00,8.573700e-01,1.081221e+00,1.049641e+00,8.938281e-01,1.032100e+00,1.005907e+00,1.188764e+00,1.145861e+00,1.199010e+00,1.165269e+00,9.809627e-01,1.021797e+00,1.026206e+00,9.725600e-01,1.093065e+00,1.017951e+00,1.049931e+00,9.754444e-01,1.144277e+00,1.072188e+00,1.086058e+00,1.126263e+00,1.155957e+00,9.117904e-01,1.085118e+00,1.061715e+00,8.085346e-02,8.938281e-01,1.199010e+00
5.038000e+00,8.576900e-01,1.086718e+00,1.056771e+00,9.002344e-01,1.039700e+00,1.012372e+00,1.193596e+00,1.154422e+00,1.208775e+00,1.172038e+00,9.840683e-01,1.027208e+00,1.029881e+00,9.775200e-01,1.099607e+00,1.024795e+00,1.056117e+00,9.792222e-01,1.152601e+00,1.077312e+00,1.092692e+00,1.133182e+00,1.163617e+00,9.165939e-01,1.090765e+00,1.067909e+00,8.173258e-02,9.002344e-01,1.208775e+00
5.039000e+00,8.579000e-01,1.091756e+00,1.064126e+00,9.044531e-01,1.047200e+00,1.018326e+00,1.198764e+00,1.162674e+00,1.217936e+00,1.179231e+00,9.876708e-01,1.032446e+00,1.033162e+00,9.817600e-01,1.105717e+00,1.031557e+00,1.061753e+00,9.828889e-01,1.162717e+00,1.083313e+00,1.098558e+00,1.140808e+00,1.167574e+00,9.212664e-01,1.096353e+00,1.073834e+00,8.276914e-02,9.044531e-01,1.217936e+00
5.040000e+00,8.581000e-01,1.097328e+00,1.070852e+00,9.084375e-01,1.054467e+00,1.024326e+00,1.203558e+00,1.170386e+00,1.226544e+00,1.187077e+00,9.915217e-01,1.037424e+00,1.037510e+00,9.843200e-01,1.112711e+00,1.037336e+00,1.068041e+00,9.870000e-01,1.169827e+00,1.089250e+00,1.104279e+00,1.149192e+00,1.170894e+00,9.258079e-01,1.102235e+00,1.079597e+00,8.373770e-02,9.084375e-01,1.226544e+00
5.041000e+00,8.583900e-01,1.102824e+00,1.077937e+00,9.135156e-01,1.061867e+00,1.029814e+00,1.208727e+00,1.178483e+00,1.235034e+00,1.193769e+00,9.948137e-01,1.042879e+00,1.041146e+00,9.875200e-01,1.118802e+00,1.042992e+00,1.073058e+00,9.905556e-01,1.178035e+00,1.092313e+00,1.108990e+00,1.156465e+00,1.160255e+00,9.310480e-01,1.107118e+00,1.084498e+00,8.398551e-02,9.135156e-01,1.235034e+00
5.042000e+00,8.586400e-01,1.107328e+00,1.084529e+00,9.166406e-01,1.067467e+00,1.036186e+00,1.214607e+00,1.185707e+00,1.242550e+00,1.201038e+00,9.965839e-01,1.047944e+00,1.044783e+00,9.921600e-01,1.124833e+00,1.049098e+00,1.078557e+00,9.947778e-01,1.185087e+00,1.098125e+00,1.113317e+00,1.163333e+00,1.131106e+00,9.354585e-01,1.112118e+00,1.088472e+00,8.399087e-02,9.166406e-01,1.242550e+00
5.043000e+00,8.588100e-01,1.112748e+00,1.089596e+00,9.203125e-01,1.072800e+00,1.040837e+00,1.218801e+00,1.193033e+00,1.251191e+00,1.208308e+00,9.996273e-01,1.052706e+00,1.049012e+00,9.962400e-01,1.130295e+00,1.053566e+00,1.084433e+00,9.997778e-01,1.189422e+00,1.103438e+00,1.116683e+00,1.169949e+00,1.107234e+00,9.396507e-01,1.116588e+00,1.092344e+00,8.441139e-02,9.203125e-01,1.251191e+00
5.044000e+00,8.591500e-01,1.117557e+00,1.096816e+00,9.247656e-01,1.078533e+00,1.046930e+00,1.222772e+00,1.200694e+00,1.259279e+00,1.214615e+00,1.002919e+00,1.058485e+00,1.052530e+00,9.995200e-01,1.135403e+00,1.058607e+00,1.089141e+00,1.001889e+00,1.193410e+00,1.108750e+00,1.120144e+00,1.176313e+00,1.093745e+00,9.442358e-01,1.121882e+00,1.096622e+00,8.509007e-02,9.247656e-01,1.259279e+00
5.045000e+00,8.595800e-01,1.122519e+00,1.104081e+00,9.287500e-01,1.084633e+00,1.052372e+00,1.227303e+00,1.207584e+00,1.266577e+00,1.222115e+00,1.006615e+00,1.063420e+00,1.056601e+00,1.002080e+00,1.140589e+00,1.063443e+00,1.095120e+00,1.006444e+00,1.198613e+00,1.113187e+00,1.123173e+00,1.183434e+00,1.086128e+00,9.484279e-01,1.126353e+00,1.101232e+00,8.595244e-02,9.287500e-01,1.266577e+00
5.046000e+00,8.597700e-01,1.127023e+00,1.109641e+00,9.331250e-01,1.090333e+00,1.057163e+00,1.230787e+00,1.214036e+00,1.273523e+00,1.229346e+00,1.011087e+00,1.067987e+00,1.060395e+00,1.006400e+00,1.145737e+00,1.068566e+00,1.099897e+00,1.010333e+00,1.203410e+00,1.116437e+00,1.126587e+00,1.188586e+00,1.083617e+00,9.514847e-01,1.131588e+00,1.105712e+00,8.659945e-02,9.331250e-01,1.273523e+00
5.047000e+00,8.599400e-01,1.132290e+00,1.116323e+00,9.382031e-01,1.095400e+00,1.062419e+00,1.234944e+00,1.220797e+00,1.280403e+00,1.235923e+00,1.014503e+00,1.072987e+00,1.063794e+00,1.009040e+00,1.150668e+00,1.073484e+00,1.104983e+00,1.011667e+00,1.210116e+00,1.121875e+00,1.130192e+00,1.194495e+00,1.085404e+00,9.560262e-01,1.136235e+00,1.110507e+00,8.744390e-02,9.382031e-01,1.280403e+00
5.048000e+00,8.602500e-01,1.135954e+00,1.122511e+00,9.430469e-01,1.100933e+00,1.067070e+00,1.238801e+00,1.227352e+00,1.286493e+00,1.242038e+00,1.018602e+00,1.077922e+00,1.067708e+00,1.012800e+00,1.155639e+00,1.077828e+00,1.109897e+00,1.013778e+00,1.214798e+00,1.126688e+00,1.133558e+00,1.199040e+00,1.088936e+00,9.601747e-01,1.140882e+00,1.115102e+00,8.792379e-02,9.430469e-01,1.286493e+00
5.049000e+00,8.603500e-01,1.140534e+00,1.127937e+00,9.478906e-01,1.106467e+00,1.072372e+00,1.242097e+00,1.233111e+00,1.292248e+00,1.249423e+00,1.022422e+00,1.083312e+00,1.071660e+00,1.016640e+00,1.159823e+00,1.082705e+00,1.114536e+00,1.017667e+00,1.219191e+00,1.131625e+00,1.136827e+00,1.203990e+00,1.094681e+00,9.641048e-01,1.145118e+00,1.119849e+00,8.825432e-02,9.478906e-01,1.292248e+00
5.050000e+00,8.607600e-01,1.144580e+00,1.134260e+00,9.500781e-01,1.111200e+00,1.076698e+00,1.245693e+00,1.239023e+00,1.297903e+00,1.255154e+00,1.026522e+00,1.088117e+00,1.076008e+00,1.019840e+00,1.164008e+00,1.086885e+00,1.120206e+00,1.018000e+00,1.223121e+00,1.135250e+00,1.139038e+00,1.207828e+00,1.100596e+00,9.684279e-01,1.150000e+00,1.124102e+00,8.885000e-02,9.500781e-01,1.297903e+00
5.051000e+00,8.610400e-01,1.148626e+00,1.140000e+00,9.546094e-01,1.115900e+00,1.080465e+00,1.247903e+00,1.244910e+00,1.302802e+00,1.261577e+00,1.030528e+00,1.092814e+00,1.079130e+00,1.022240e+00,1.168605e+00,1.091885e+00,1.124399e+00,1.021333e+00,1.228439e+00,1.139375e+00,1.141635e+00,1.211869e+00,1.107404e+00,9.721397e-01,1.154294e+00,1.128453e+00,8.920465e-02,9.546094e-01,1.302802e+00
5.052000e+00,8.612400e-01,1.154046e+00,1.144933e+00,9.564844e-01,1.120300e+00,1.084558e+00,1.252135e+00,1.250668e+00,1.307315e+00,1.267115e+00,1.034379e+00,1.097121e+00,1.083399e+00,1.024880e+00,1.172652e+00,1.096230e+00,1.128969e+00,1.026333e+00,1.231561e+00,1.142750e+00,1.144087e+00,1.215152e+00,1.114766e+00,9.763319e-01,1.159118e+00,1.132720e+00,8.953198e-02,9.564844e-01,1.307315e+00
5.053000e+00,8.614600e-01,1.157481e+00,1.150359e+00,9.627344e-01,1.125400e+00,1.087907e+00,1.254607e+00,1.255861e+00,1.310956e+00,1.272962e+00,1.038509e+00,1.101926e+00,1.086957e+00,1.029280e+00,1.175776e+00,1.099918e+00,1.133127e+00,1.026333e+00,1.235029e+00,1.146250e+00,1.145913e+00,1.217525e+00,1.122128e+00,9.808297e-01,1.164059e+00,1.136743e+00,8.944179e-02,9.627344e-01,1.310956e+00
5.054000e+00,8.617500e-01,1.162290e+00,1.154439e+00,9.650000e-01,1.129400e+00,1.091023e+00,1.256479e+00,1.260977e+00,1.314379e+00,1.278692e+00,1.043447e+00,1.105801e+00,1.090909e+00,1.031200e+00,1.179627e+00,1.103648e+00,1.137354e+00,1.030778e+00,1.238266e+00,1.148375e+00,1.146298e+00,1.219444e+00,1.129617e+00,9.852402e-01,1.166765e+00,1.140394e+00,8.946695e-02,9.650000e-01,1.314379e+00
5.055000e+00,8.621400e-01,1.164351e+00,1.159552e+00,9.685938e-01,1.133467e+00,1.094465e+00,1.258652e+00,1.266530e+00,1.317248e+00,1.282962e+00,1.046894e+00,1.109913e+00,1.094229e+00,1.032880e+00,1.182927e+00,1.108279e+00,1.141478e+00,1.035000e+00,1.241040e+00,1.152937e+00,1.147692e+00,1.220909e+00,1.136681e+00,9.893450e-01,1.171294e+00,1.144055e+00,8.937485e-02,9.685938e-01,1.317248e+00
5.056000e+00,8.622800e-01,1.168779e+00,1.164036e+00,9.712500e-01,1.138233e+00,1.097860e+00,1.261199e+00,1.271928e+00,1.320386e+00,1.288885e+00,1.050870e+00,1.114113e+00,1.097747e+00,1.035920e+00,1.185540e+00,1.111434e+00,1.144983e+00,1.037556e+00,1.242948e+00,1.156062e+00,1.148462e+00,1.221970e+00,1.143489e+00,9.928821e-01,1.174882e+00,1.147559e+00,8.950125e-02,9.712500e-01,1.320386e+00
5.057000e+00,8.625700e-01,1.171908e+00,1.168700e+00,9.754687e-01,1.141933e+00,1.100605e+00,1.262697e+00,1.277095e+00,1.322265e+00,1.292808e+00,1.054099e+00,1.118117e+00,1.100711e+00,1.039200e+00,1.188291e+00,1.114959e+00,1.148900e+00,1.041222e+00,1.245954e+00,1.158625e+00,1.147500e+00,1.222980e+00,1.151021e+00,9.961135e-01,1.177941e+00,1.150796e+00,8.926260e-02,9.754687e-01,1.322265e+00
5.058000e+00,8.627500e-01,1.174351e+00,1.172870e+00,9.802344e-01,1.145900e+00,1.102930e+00,1.264494e+00,1.282288e+00,1.324262e+00,1.298308e+00,1.058043e+00,1.121775e+00,1.103953e+00,1.039200e+00,1.190138e+00,1.118156e+00,1.152818e+00,1.045111e+00,1.247861e+00,1.160625e+00,1.146923e+00,1.223889e+00,1.157362e+00,9.997817e-01,1.180235e+00,1.153813e+00,8.915536e-02,9.802344e-01,1.324262e+00
5.059000e+00,8.630000e-01,1.178550e+00,1.176682e+00,9.803906e-01,1.149067e+00,1.105488e+00,1.265431e+00,1.286812e+00,1.325638e+00,1.302231e+00,1.062112e+00,1.125758e+00,1.107312e+00,1.041280e+00,1.192849e+00,1.121844e+00,1.155704e+00,1.045778e+00,1.247514e+00,1.164625e+00,1.146106e+00,1.223737e+00,1.162979e+00,1.003057e+00,1.183941e+00,1.156454e+00,8.918790e-02,9.803906e-01,1.325638e+00
5.060000e+00,8.634100e-01,1.181298e+00,1.180762e+00,9.849219e-01,1.151833e+00,1.107814e+00,1.266929e+00,1.291722e+00,1.327030e+00,1.306115e+00,1.065373e+00,1.129372e+00,1.110632e+00,1.042240e+00,1.195246e+00,1.124754e+00,1.158625e+00,1.050889e+00,1.249075e+00,1.166813e+00,1.144615e+00,1.222980e+00,1.168511e+00,1.006114e+00,1.186471e+00,1.159172e+00,8.887508e-02,9.849219e-01,1.327030e+00
5.061000e+00,8.635200e-01,1.184580e+00,1.185336e+00,9.891406e-01,1.154967e+00,1.109814e+00,1.267903e+00,1.296170e+00,1.328221e+00,1.310731e+00,1.068509e+00,1.132749e+00,1.113913e+00,1.044080e+00,1.197033e+00,1.127254e+00,1.162337e+00,1.054778e+00,1.248208e+00,1.167687e+00,1.143077e+00,1.222929e+00,1.172936e+00,1.010044e+00,1.190000e+00,1.161767e+00,8.849378e-02,9.891406e-01,1.328221e+00
5.062000e+00,8.636100e-01,1.186183e+00,1.189955e+00,9.911719e-01,1.157567e+00,1.111395e+00,1.268876e+00,1.300514e+00,1.328557e+00,1.315423e+00,1.072267e+00,1.136147e+00,1.117905e+00,1.046240e+00,1.198998e+00,1.130328e+00,1.166117e+00,1.056667e+00,1.247977e+00,1.168188e+00,1.141154e+00,1.221818e+00,1.178553e+00,1.013319e+00,1.192588e+00,1.164080e+00,8.832277e-02,9.911719e-01,1.328557e+00
5.063000e+00,8.639900e-01,1.189924e+00,1.193991e+00,9.924219e-01,1.160333e+00,1.112791e+00,1.269251e+00,1.304679e+00,1.328523e+00,1.320154e+00,1.075590e+00,1.139286e+00,1.120632e+00,1.049040e+00,1.200059e+00,1.132008e+00,1.169141e+00,1.060667e+00,1.247572e+00,1.170250e+00,1.138846e+00,1.220404e+00,1.183234e+00,1.016332e+00,1.195118e+00,1.166260e+00,8.812332e-02,9.924219e-01,1.328523e+00
5.064000e+00,8.643000e-01,1.191221e+00,1.198161e+00,9.953125e-01,1.162200e+00,1.114837e+00,1.269625e+00,1.307918e+00,1.328641e+00,1.325000e+00,1.078975e+00,1.142662e+00,1.123557e+00,1.049360e+00,1.201788e+00,1.134918e+00,1.172199e+00,1.063778e+00,1.246243e+00,1.171438e+00,1.136442e+00,1.218384e+00,1.187106e+00,1.020044e+00,1.198059e+00,1.168245e+00,8.780884e-02,9.953125e-01,1.328641e+00
5.065000e+00,8.643600e-01,1.192672e+00,1.201345e+00,9.992969e-01,1.164133e+00,1.116186e+00,1.268989e+00,1.311003e+00,1.327718e+00,1.329462e+00,1.082702e+00,1.145260e+00,1.126996e+00,1.052080e+00,1.202927e+00,1.136598e+00,1.175601e+00,1.065111e+00,1.244682e+00,1.173250e+00,1.133654e+00,1.216818e+00,1.190553e+00,1.023450e+00,1.201176e+00,1.170069e+00,8.725981e-02,9.992969e-01,1.329462e+00
5.066000e+00,8.647100e-01,1.195267e+00,1.205112e+00,1.001719e+00,1.165500e+00,1.116651e+00,1.267903e+00,1.312314e+00,1.325319e+00,1.333577e+00,1.085559e+00,1.147662e+00,1.129842e+00,1.055040e+00,1.203379e+00,1.139262e+00,1.178488e+00,1.069111e+00,1.243584e+00,1.173812e+00,1.130096e+00,1.214040e+00,1.193234e+00,1.027380e+00,1.202588e+00,1.171518e+00,8.645590e-02,1.001719e+00,1.333577e+00
5.067000e+00,8.648600e-01,1.195496e+00,1.208969e+00,1.004531e+00,1.167067e+00,1.117721e+00,1.267678e+00,1.314139e+00,1.322802e+00,1.336769e+00,1.089783e+00,1.149892e+00,1.132885e+00,1.056960e+00,1.203713e+00,1.140697e+00,1.180687e+00,1.072000e+00,1.241734e+00,1.174938e+00,1.127212e+00,1.210404e+00,1.195702e+00,1.030655e+00,1.204706e+00,1.172797e+00,8.568440e-02,1.004531e+00,1.336769e+00
5.068000e+00,8.651800e-01,1.198168e+00,1.211659e+00,1.007266e+00,1.168633e+00,1.118233e+00,1.266479e+00,1.316452e+00,1.321158e+00,1.340846e+00,1.093168e+00,1.152208e+00,1.136403e+00,1.057360e+00,1.203988e+00,1.142254e+00,1.182818e+00,1.073667e+00,1.240925e+00,1.177188e+00,1.123365e+00,1.206970e+00,1.197574e+00,1.034017e+00,1.208118e+00,1.174122e+00,8.534560e-02,1.007266e+00,1.340846e+00
5.069000e+00,8.654900e-01,1.200000e+00,1.215695e+00,1.008750e+00,1.168633e+00,1.119395e+00,1.265618e+00,1.318355e+00,1.319799e+00,1.344615e+00,1.096025e+00,1.154567e+00,1.139526e+00,1.060480e+00,1.203851e+00,1.144385e+00,1.185979e+00,1.077222e+00,1.238844e+00,1.177937e+00,1.118750e+00,1.202929e+00,1.199021e+00,1.036376e+00,1.209353e+00,1.175254e+00,8.490937e-02,1.008750e+00,1.344615e+00
5.070000e+00,8.659300e-01,1.200916e+00,1.218879e+00,1.009062e+00,1.169633e+00,1.119395e+00,1.264382e+00,1.320643e+00,1.318591e+00,1.347808e+00,1.098789e+00,1.156797e+00,1.141818e+00,1.062160e+00,1.203615e+00,1.144836e+00,1.188385e+00,1.080222e+00,1.236936e+00,1.178563e+00,1.114279e+00,1.199141e+00,1.200383e+00,1.039039e+00,1.211882e+00,1.176090e+00,8.474933e-02,1.009062e+00,1.347808e+00
5.071000e+00,8.659700e-01,1.203206e+00,1.221076e+00,1.014453e+00,1.169933e+00,1.119488e+00,1.263034e+00,1.323265e+00,1.318339e+00,1.351154e+00,1.101894e+00,1.158615e+00,1.144625e+00,1.064080e+00,1.203536e+00,1.145615e+00,1.189931e+00,1.081000e+00,1.234682e+00,1.179938e+00,1.109808e+00,1.194747e+00,1.201617e+00,1.042052e+00,1.214706e+00,1.177116e+00,8.435150e-02,1.014453e+00,1.351154e+00
5.072000e+00,8.661200e-01,1.205344e+00,1.223812e+00,1.015391e+00,1.168933e+00,1.119349e+00,1.261573e+00,1.325527e+00,1.317198e+00,1.352269e+00,1.104627e+00,1.160368e+00,1.146403e+00,1.064480e+00,1.202927e+00,1.146762e+00,1.192027e+00,1.084889e+00,1.231214e+00,1.180250e+00,1.104904e+00,1.189545e+00,1.201106e+00,1.045764e+00,1.216647e+00,1.177555e+00,8.395689e-02,1.015391e+00,1.352269e+00
5.073000e+00,8.665900e-01,1.206565e+00,1.224574e+00,1.018750e+00,1.167767e+00,1.117907e+00,1.259888e+00,1.327481e+00,1.316174e+00,1.352808e+00,1.107950e+00,1.162208e+00,1.149209e+00,1.065840e+00,1.202534e+00,1.147295e+00,1.193677e+00,1.087889e+00,1.228902e+00,1.181062e+00,1.099231e+00,1.183939e+00,1.199532e+00,1.048603e+00,1.218471e+00,1.177844e+00,8.339714e-02,1.018750e+00,1.352808e+00
5.074000e+00,8.667200e-01,1.206718e+00,1.225561e+00,1.021641e+00,1.167067e+00,1.117628e+00,1.257865e+00,1.329460e+00,1.314581e+00,1.355000e+00,1.111211e+00,1.163398e+00,1.150435e+00,1.067680e+00,1.202672e+00,1.146885e+00,1.195636e+00,1.089556e+00,1.226185e+00,1.181188e+00,1.093654e+00,1.178838e+00,1.198936e+00,1.052445e+00,1.220471e+00,1.178113e+00,8.300813e-02,1.021641e+00,1.355000e+00
5.075000e+00,8.670500e-01,1.209389e+00,1.227175e+00,1.024687e+00,1.165933e+00,1.116419e+00,1.255918e+00,1.331877e+00,1.313440e+00,1.357577e+00,1.113292e+00,1.164762e+00,1.151621e+00,1.068960e+00,1.202750e+00,1.145861e+00,1.197045e+00,1.092000e+00,1.222197e+00,1.181062e+00,1.088221e+00,1.173333e+00,1.197830e+00,1.055852e+00,1.222471e+00,1.178320e+00,8.288359e-02,1.024687e+00,1.357577e+00
5.076000e+00,8.672400e-01,1.209618e+00,1.228386e+00,1.026172e+00,1.165633e+00,1.116698e+00,1.252959e+00,1.333522e+00,1.312215e+00,1.358962e+00,1.116118e+00,1.165736e+00,1.152767e+00,1.069360e+00,1.202456e+00,1.144590e+00,1.199038e+00,1.095000e+00,1.218844e+00,1.180875e+00,1.081731e+00,1.167828e+00,1.197234e+00,1.058646e+00,1.223941e+00,1.178264e+00,8.274071e-02,1.026172e+00,1.358962e+00
5.077000e+00,8.674100e-01,1.211527e+00,1.230000e+00,1.028047e+00,1.164800e+00,1.116186e+00,1.251536e+00,1.335424e+00,1.309883e+00,1.360923e+00,1.119006e+00,1.166472e+00,1.154071e+00,1.072320e+00,1.201631e+00,1.144631e+00,1.200378e+00,1.097444e+00,1.214740e+00,1.179688e+00,1.075769e+00,1.163333e+00,1.196638e+00,1.061179e+00,1.224765e+00,1.178350e+00,8.255458e-02,1.028047e+00,1.360923e+00
5.078000e+00,8.677700e-01,1.212061e+00,1.230897e+00,1.031484e+00,1.163467e+00,1.116419e+00,1.248727e+00,1.336761e+00,1.307768e+00,1.362154e+00,1.121925e+00,1.166602e+00,1.155889e+00,1.072720e+00,1.200629e+00,1.144221e+00,1.201409e+00,1.098667e+00,1.211214e+00,1.178250e+00,1.070192e+00,1.157172e+00,1.196511e+00,1.064061e+00,1.225706e+00,1.178121e+00,8.228252e-02,1.031484e+00,1.362154e+00
5.079000e+00,8.681000e-01,1.211756e+00,1.232691e+00,1.034453e+00,1.162367e+00,1.115814e+00,1.246105e+00,1.337969e+00,1.305872e+00,1.364038e+00,1.125528e+00,1.166797e+00,1.157273e+00,1.073200e+00,1.200373e+00,1.143689e+00,1.202302e+00,1.101444e+00,1.206474e+00,1.176937e+00,1.064279e+00,1.151768e+00,1.196681e+00,1.067336e+00,1.226176e+00,1.177972e+00,8.210954e-02,1.034453e+00,1.364038e+00
5.080000e+00,8.683300e-01,1.213282e+00,1.234439e+00,1.036250e+00,1.160433e+00,1.115581e+00,1.243071e+00,1.339280e+00,1.303389e+00,1.366346e+00,1.128043e+00,1.165952e+00,1.160079e+00,1.073920e+00,1.199018e+00,1.141967e+00,1.202784e+00,1.103556e+00,1.199827e+00,1.175313e+00,1.058173e+00,1.146414e+00,1.195404e+00,1.070873e+00,1.226882e+00,1.177512e+00,8.212383e-02,1.036250e+00,1.366346e+00
5.081000e+00,8.685100e-01,1.214427e+00,1.236054e+00,1.037187e+00,1.159533e+00,1.115721e+00,1.240037e+00,1.339769e+00,1.301191e+00,1.368385e+00,1.130528e+00,1.165584e+00,1.162055e+00,1.076640e+00,1.198173e+00,1.141680e+00,1.203780e+00,1.106889e+00,1.193699e+00,1.173437e+00,1.051058e+00,1.141111e+00,1.193830e+00,1.073057e+00,1.227412e+00,1.177135e+00,8.215791e-02,1.037187e+00,1.368385e+00
5.082000e+00,8.687900e-01,1.214046e+00,1.238027e+00,1.040547e+00,1.158100e+00,1.115256e+00,1.237528e+00,1.340540e+00,1.299094e+00,1.370500e+00,1.132609e+00,1.163615e+00,1.163478e+00,1.077440e+00,1.196699e+00,1.140738e+00,1.204399e+00,1.107778e+00,1.188613e+00,1.171375e+00,1.045337e+00,1.134848e+00,1.192213e+00,1.075590e+00,1.228059e+00,1.176518e+00,8.229253e-02,1.040547e+00,1.370500e+00
5.083000e+00,8.690200e-01,1.214809e+00,1.239283e+00,1.043516e+00,1.155867e+00,1.114140e+00,1.234569e+00,1.340720e+00,1.297315e+00,1.372192e+00,1.135280e+00,1.160952e+00,1.164585e+00,1.078080e+00,1.195383e+00,1.138975e+00,1.204880e+00,1.109556e+00,1.184393e+00,1.169250e+00,1.039663e+00,1.128081e+00,1.190426e+00,1.078428e+00,1.228353e+00,1.175779e+00,8.244530e-02,1.039663e+00,1.372192e+00
5.084000e+00,8.692300e-01,1.216183e+00,1.240135e+00,1.045391e+00,1.153800e+00,1.113442e+00,1.231461e+00,1.341234e+00,1.295789e+00,1.373577e+00,1.138012e+00,1.158896e+00,1.166324e+00,1.079600e+00,1.193988e+00,1.137049e+00,1.205361e+00,1.112111e+00,1.180520e+00,1.166312e+00,1.034760e+00,1.121313e+00,1.188426e+00,1.080655e+00,1.227941e+00,1.175095e+00,8.262390e-02,1.034760e+00,1.373577e+00
5.085000e+00,8.695100e-01,1.216947e+00,1.242556e+00,1.047969e+00,1.151167e+00,1.113721e+00,1.228165e+00,1.341697e+00,1.293826e+00,1.375692e+00,1.140062e+00,1.156255e+00,1.167431e+00,1.079760e+00,1.191159e+00,1.135533e+00,1.206186e+00,1.113667e+00,1.176532e+00,1.164000e+00,1.029423e+00,1.115606e+00,1.187362e+00,1.083886e+00,1.226471e+00,1.174378e+00,8.291203e-02,1.029423e+00,1.375692e+00
5.086000e+00,8.697500e-01,1.216412e+00,1.244484e+00,1.048281e+00,1.148533e+00,1.112279e+00,1.225169e+00,1.341748e+00,1.292013e+00,1.377577e+00,1.141988e+00,1.154004e+00,1.169842e+00,1.081680e+00,1.188527e+00,1.133361e+00,1.206082e+00,1.113444e+00,1.173931e+00,1.160937e+00,1.024952e+00,1.111061e+00,1.185064e+00,1.086245e+00,1.225118e+00,1.173447e+00,8.328130e-02,1.024952e+00,1.377577e+00
5.087000e+00,8.699100e-01,1.218015e+00,1.244978e+00,1.049922e+00,1.145367e+00,1.112140e+00,1.222584e+00,1.341620e+00,1.290084e+00,1.378231e+00,1.144255e+00,1.152100e+00,1.170751e+00,1.082080e+00,1.186110e+00,1.131189e+00,1.206323e+00,1.118000e+00,1.170636e+00,1.156625e+00,1.020769e+00,1.106263e+00,1.182979e+00,1.089432e+00,1.224412e+00,1.172703e+00,8.335630e-02,1.020769e+00,1.378231e+00
5.088000e+00,8.703500e-01,1.216794e+00,1.245695e+00,1.051406e+00,1.142667e+00,1.112419e+00,1.218839e+00,1.341517e+00,1.288826e+00,1.379192e+00,1.147050e+00,1.149351e+00,1.172372e+00,1.084160e+00,1.184047e+00,1.128934e+00,1.205120e+00,1.118000e+00,1.168960e+00,1.153938e+00,1.016010e+00,1.101667e+00,1.181106e+00,1.091310e+00,1.223824e+00,1.171800e+00,8.358015e-02,1.016010e+00,1.379192e+00
5.089000e+00,8.706000e-01,1.216336e+00,1.246726e+00,1.055391e+00,1.139000e+00,1.111256e+00,1.215918e+00,1.341183e+00,1.286879e+00,1.379885e+00,1.148820e+00,1.146385e+00,1.173557e+00,1.084080e+00,1.182299e+00,1.126025e+00,1.203883e+00,1.119556e+00,1.165029e+00,1.150687e+00,1.011923e+00,1.098030e+00,1.179191e+00,1.094498e+00,1.223941e+00,1.170853e+00,8.369766e-02,1.011923e+00,1.379885e+00
5.090000e+00,8.708700e-01,1.217481e+00,1.247623e+00,1.057578e+00,1.136500e+00,1.110605e+00,1.212434e+00,1.339871e+00,1.285705e+00,1.381038e+00,1.151025e+00,1.144156e+00,1.174466e+00,1.085360e+00,1.180491e+00,1.122664e+00,1.202818e+00,1.121556e+00,1.162832e+00,1.146125e+00,1.008750e+00,1.094646e+00,1.176340e+00,1.097293e+00,1.223353e+00,1.170030e+00,8.381802e-02,1.008750e+00,1.381038e+00
5.091000e+00,8.712100e-01,1.215878e+00,1.248610e+00,1.059609e+00,1.133067e+00,1.109907e+00,1.209326e+00,1.338920e+00,1.284010e+00,1.381808e+00,1.153261e+00,1.141147e+00,1.175375e+00,1.086400e+00,1.179411e+00,1.119754e+00,1.201134e+00,1.122556e+00,1.159884e+00,1.143000e+00,1.004471e+00,1.091414e+00,1.173617e+00,1.100262e+00,1.223000e+00,1.168993e+00,8.401861e-02,1.004471e+00,1.381808e+00
5.092000e+00,8.713500e-01,1.216794e+00,1.249327e+00,1.059922e+00,1.129500e+00,1.109674e+00,1.206517e+00,1.337918e+00,1.282634e+00,1.382077e+00,1.154783e+00,1.138355e+00,1.176561e+00,1.086560e+00,1.177976e+00,1.116598e+00,1.200309e+00,1.124778e+00,1.157225e+00,1.139375e+00,1.000673e+00,1.087374e+00,1.170851e+00,1.102271e+00,1.221765e+00,1.167909e+00,8.439782e-02,1.000673e+00,1.382077e+00
5.093000e+00,8.716700e-01,1.216565e+00,1.248655e+00,1.061797e+00,1.125967e+00,1.109116e+00,1.204345e+00,1.336710e+00,1.281158e+00,1.381846e+00,1.156118e+00,1.135563e+00,1.178458e+00,1.085840e+00,1.177033e+00,1.113320e+00,1.199588e+00,1.126667e+00,1.154566e+00,1.134937e+00,9.966346e-01,1.084192e+00,1.168043e+00,1.105066e+00,1.222000e+00,1.166841e+00,8.466462e-02,9.966346e-01,1.381846e+00
5.094000e+00,8.718700e-01,1.215496e+00,1.248655e+00,1.065859e+00,1.122467e+00,1.108186e+00,1.201498e+00,1.335450e+00,1.279832e+00,1.382038e+00,1.156957e+00,1.131407e+00,1.178379e+00,1.087600e+00,1.175344e+00,1.110656e+00,1.199416e+00,1.126889e+00,1.153237e+00,1.130437e+00,9.932692e-01,1.080303e+00,1.166170e+00,1.107598e+00,1.221588e+00,1.165781e+00,8.481185e-02,9.932692e-01,1.382038e+00
5.095000e+00,8.720700e-01,1.215344e+00,1.248879e+00,1.066328e+00,1.119000e+00,1.107163e+00,1.199401e+00,1.334216e+00,1.278238e+00,1.381346e+00,1.157981e+00,1.127251e+00,1.178972e+00,1.086480e+00,1.173458e+00,1.106393e+00,1.198935e+00,1.129556e+00,1.150289e+00,1.126062e+00,9.900000e-01,1.076515e+00,1.162638e+00,1.108603e+00,1.221176e+00,1.164343e+00,8.526459e-02,9.900000e-01,1.381346e+00
5.096000e+00,8.723400e-01,1.215802e+00,1.247758e+00,1.068359e+00,1.115267e+00,1.106558e+00,1.196891e+00,1.332674e+00,1.277215e+00,1.381846e+00,1.159410e+00,1.123398e+00,1.179091e+00,1.087600e+00,1.172377e+00,1.102336e+00,1.197457e+00,1.130556e+00,1.148671e+00,1.122125e+00,9.869712e-01,1.074293e+00,1.159957e+00,1.107467e+00,1.219882e+00,1.163082e+00,8.560138e-02,9.869712e-01,1.381846e+00
5.097000e+00,8.725100e-01,1.213893e+00,1.247848e+00,1.068672e+00,1.111733e+00,1.105860e+00,1.195431e+00,1.330360e+00,1.274899e+00,1.382269e+00,1.160932e+00,1.119199e+00,1.178854e+00,1.089360e+00,1.170766e+00,1.099016e+00,1.196014e+00,1.131667e+00,1.145838e+00,1.117563e+00,9.836538e-01,1.071364e+00,1.157234e+00,1.107424e+00,1.219765e+00,1.161651e+00,8.594730e-02,9.836538e-01,1.382269e+00
5.098000e+00,8.729900e-01,1.213740e+00,1.247175e+00,1.069922e+00,1.108333e+00,1.104837e+00,1.193521e+00,1.327943e+00,1.271963e+00,1.381115e+00,1.162764e+00,1.114524e+00,1.180040e+00,1.090240e+00,1.168959e+00,1.094918e+00,1.194330e+00,1.132556e+00,1.143931e+00,1.112000e+00,9.810096e-01,1.068990e+00,1.154766e+00,1.108734e+00,1.219176e+00,1.160229e+00,8.604761e-02,9.810096e-01,1.381115e+00
5.099000e+00,8.731500e-01,1.213206e+00,1.245785e+00,1.071562e+00,1.104633e+00,1.104837e+00,1.191311e+00,1.325501e+00,1.269950e+00,1.379769e+00,1.164876e+00,1.110065e+00,1.180553e+00,1.089680e+00,1.167092e+00,1.090861e+00,1.193093e+00,1.133889e+00,1.143179e+00,1.108562e+00,9.787019e-01,1.065051e+00,1.152766e+00,1.109301e+00,1.217529e+00,1.158823e+00,8.613999e-02,9.787019e-01,1.379769e+00
5.100000e+00,8.734100e-01,1.213282e+00,1.244619e+00,1.074531e+00,1.101233e+00,1.103767e+00,1.190412e+00,1.323470e+00,1.268523e+00,1.379077e+00,1.166429e+00,1.105325e+00,1.181423e+00,1.091040e+00,1.165403e+00,1.086352e+00,1.191306e+00,1.133556e+00,1.140636e+00,1.104250e+00,9.765385e-01,1.062980e+00,1.150213e+00,1.110699e+00,1.215882e+00,1.157539e+00,8.630737e-02,9.765385e-01,1.379077e+00
5.101000e+00,8.736500e-01,1.212824e+00,1.244036e+00,1.074453e+00,1.097200e+00,1.103209e+00,1.189288e+00,1.321902e+00,1.267383e+00,1.377923e+00,1.167547e+00,1.100000e+00,1.181739e+00,1.092640e+00,1.163183e+00,1.081967e+00,1.189794e+00,1.136222e+00,1.139133e+00,1.099500e+00,9.743269e-01,1.061061e+00,1.147872e+00,1.113231e+00,1.213941e+00,1.156266e+00,8.658308e-02,9.743269e-01,1.377923e+00
5.102000e+00,8.737700e-01,1.212519e+00,1.242646e+00,1.076016e+00,1.093333e+00,1.102093e+00,1.188052e+00,1.319589e+00,1.266309e+00,1.378654e+00,1.168975e+00,1.095173e+00,1.180672e+00,1.091440e+00,1.160806e+00,1.078074e+00,1.187938e+00,1.138111e+00,1.138382e+00,1.095438e+00,9.716827e-01,1.059192e+00,1.144766e+00,1.115240e+00,1.212059e+00,1.154882e+00,8.702669e-02,9.716827e-01,1.378654e+00
5.103000e+00,8.739900e-01,1.212366e+00,1.241076e+00,1.078281e+00,1.089067e+00,1.102047e+00,1.187453e+00,1.317918e+00,1.265973e+00,1.377077e+00,1.170745e+00,1.090000e+00,1.180870e+00,1.092160e+00,1.159077e+00,1.073770e+00,1.185842e+00,1.137667e+00,1.136879e+00,1.091000e+00,9.696154e-01,1.057121e+00,1.142255e+00,1.117249e+00,1.209941e+00,1.153560e+00,8.728585e-02,9.696154e-01,1.377077e+00
5.104000e+00,8.742800e-01,1.211603e+00,1.240538e+00,1.080000e+00,1.085800e+00,1.100930e+00,1.186404e+00,1.316298e+00,1.265336e+00,1.376000e+00,1.172174e+00,1.084870e+00,1.180474e+00,1.092400e+00,1.156857e+00,1.069221e+00,1.184192e+00,1.140333e+00,1.135491e+00,1.087188e+00,9.678846e-01,1.054798e+00,1.139617e+00,1.119389e+00,1.207471e+00,1.152303e+00,8.760728e-02,9.678846e-01,1.376000e+00
5.105000e+00,8.744900e-01,1.210840e+00,1.240090e+00,1.082969e+00,1.082567e+00,1.099535e+00,1.185581e+00,1.314344e+00,1.265168e+00,1.374808e+00,1.174006e+00,1.079524e+00,1.180791e+00,1.093360e+00,1.154853e+00,1.064426e+00,1.181478e+00,1.140889e+00,1.134740e+00,1.083250e+00,9.659135e-01,1.053485e+00,1.136468e+00,1.121878e+00,1.205824e+00,1.151116e+00,8.792834e-02,9.659135e-01,1.374808e+00
5.106000e+00,8.747100e-01,1.208702e+00,1.239193e+00,1.083984e+00,1.079767e+00,1.098884e+00,1.184607e+00,1.311825e+00,1.264799e+00,1.374115e+00,1.174907e+00,1.073961e+00,1.180553e+00,1.092080e+00,1.152809e+00,1.060246e+00,1.179313e+00,1.140000e+00,1.132659e+00,1.077750e+00,9.641827e-01,1.051515e+00,1.132553e+00,1.124017e+00,1.203059e+00,1.149395e+00,8.835155e-02,9.641827e-01,1.374115e+00
5.107000e+00,8.749600e-01,1.208015e+00,1.237265e+00,1.084531e+00,1.076533e+00,1.097023e+00,1.183521e+00,1.310129e+00,1.264279e+00,1.373038e+00,1.176056e+00,1.068593e+00,1.180277e+00,1.092000e+00,1.150786e+00,1.055246e+00,1.176392e+00,1.143444e+00,1.131272e+00,1.075000e+00,9.630288e-01,1.049596e+00,1.129064e+00,1.126463e+00,1.201353e+00,1.148038e+00,8.871737e-02,9.630288e-01,1.373038e+00
5.108000e+00,8.754000e-01,1.206031e+00,1.236457e+00,1.085391e+00,1.073333e+00,1.095674e+00,1.182509e+00,1.307866e+00,1.264010e+00,1.372962e+00,1.177671e+00,1.063485e+00,1.179684e+00,1.092800e+00,1.149686e+00,1.051475e+00,1.173814e+00,1.144000e+00,1.130578e+00,1.069875e+00,9.613462e-01,1.048081e+00,1.125872e+00,1.129083e+00,1.199294e+00,1.146707e+00,8.920593e-02,9.613462e-01,1.372962e+00
5.109000e+00,8.756600e-01,1.205954e+00,1.234843e+00,1.088750e+00,1.071200e+00,1.095767e+00,1.183521e+00,1.305990e+00,1.264044e+00,1.371769e+00,1.179317e+00,1.058182e+00,1.178972e+00,1.092560e+00,1.147976e+00,1.046516e+00,1.170344e+00,1.143667e+00,1.130231e+00,1.068000e+00,9.593269e-01,1.046061e+00,1.124043e+00,1.131790e+00,1.197000e+00,1.145659e+00,8.956089e-02,9.593269e-01,1.371769e+00
5.110000e+00,8.758900e-01,1.204580e+00,1.233229e+00,1.091172e+00,1.068533e+00,1.094744e+00,1.183184e+00,1.304139e+00,1.264346e+00,1.369923e+00,1.180186e+00,1.053052e+00,1.178972e+00,1.092800e+00,1.145403e+00,1.041885e+00,1.167629e+00,1.144444e+00,1.129249e+00,1.064063e+00,9.579327e-01,1.044848e+00,1.121660e+00,1.134279e+00,1.195471e+00,1.144405e+00,8.989807e-02,9.579327e-01,1.369923e+00
5.111000e+00,8.760900e-01,1.204427e+00,1.231390e+00,1.091562e+00,1.066200e+00,1.093581e+00,1.182996e+00,1.302365e+00,1.264883e+00,1.367115e+00,1.182329e+00,1.048030e+00,1.178775e+00,1.094480e+00,1.143242e+00,1.036844e+00,1.164433e+00,1.142889e+00,1.129075e+00,1.060813e+00,9.557692e-01,1.043636e+00,1.119702e+00,1.136245e+00,1.192941e+00,1.143072e+00,9.026362e-02,9.557692e-01,1.367115e+00
5.112000e+00,8.762700e-01,1.202977e+00,1.229596e+00,1.092188e+00,1.063433e+00,1.093907e+00,1.183820e+00,1.300463e+00,1.265570e+00,1.365500e+00,1.182795e+00,1.042922e+00,1.178300e+00,1.091920e+00,1.140943e+00,1.033033e+00,1.160481e+00,1.141222e+00,1.127688e+00,1.058000e+00,9.553846e-01,1.041818e+00,1.118851e+00,1.139083e+00,1.190824e+00,1.141697e+00,9.060250e-02,9.553846e-01,1.365500e+00
5.113000e+00,8.766200e-01,1.204427e+00,1.227623e+00,1.092656e+00,1.061333e+00,1.093488e+00,1.184120e+00,1.298843e+00,1.266342e+00,1.364115e+00,1.184317e+00,1.037706e+00,1.177352e+00,1.093760e+00,1.138644e+00,1.028566e+00,1.157320e+00,1.143111e+00,1.127746e+00,1.054500e+00,9.545673e-01,1.040354e+00,1.117106e+00,1.141397e+00,1.188529e+00,1.140747e+00,9.108677e-02,9.545673e-01,1.364115e+00
5.114000e+00,8.767900e-01,1.201374e+00,1.225516e+00,1.094688e+00,1.058667e+00,1.092791e+00,1.185693e+00,1.297712e+00,1.267047e+00,1.363962e+00,1.185652e+00,1.032857e+00,1.176680e+00,1.092480e+00,1.136739e+00,1.024508e+00,1.153402e+00,1.143778e+00,1.127630e+00,1.052188e+00,9.530288e-01,1.039697e+00,1.115872e+00,1.143668e+00,1.186176e+00,1.139659e+00,9.164142e-02,9.530288e-01,1.363962e+00
5.115000e+00,8.769700e-01,1.201145e+00,1.223812e+00,1.094609e+00,1.056833e+00,1.093163e+00,1.186404e+00,1.296272e+00,1.267550e+00,1.362038e+00,1.186429e+00,1.028203e+00,1.175731e+00,1.093280e+00,1.134813e+00,1.019836e+00,1.149966e+00,1.142889e+00,1.127225e+00,1.050188e+00,9.521154e-01,1.038283e+00,1.114766e+00,1.145590e+00,1.183294e+00,1.138518e+00,9.199912e-02,9.521154e-01,1.362038e+00
5.116000e+00,8.773000e-01,1.201603e+00,1.221345e+00,1.097031e+00,1.055000e+00,1.092419e+00,1.186779e+00,1.294602e+00,1.267987e+00,1.360654e+00,1.187516e+00,1.023160e+00,1.175099e+00,1.094720e+00,1.132692e+00,1.015943e+00,1.146048e+00,1.144444e+00,1.126821e+00,1.047125e+00,9.511058e-01,1.037424e+00,1.113404e+00,1.147686e+00,1.181235e+00,1.137577e+00,9.240433e-02,9.511058e-01,1.360654e+00
5.117000e+00,8.777600e-01,1.200687e+00,1.219596e+00,1.097891e+00,1.053467e+00,1.093070e+00,1.187903e+00,1.292751e+00,1.267919e+00,1.359538e+00,1.188571e+00,1.018745e+00,1.174664e+00,1.093760e+00,1.131002e+00,1.011926e+00,1.142646e+00,1.143778e+00,1.126416e+00,1.044438e+00,9.497115e-01,1.036818e+00,1.111660e+00,1.151179e+00,1.178529e+00,1.136528e+00,9.284244e-02,9.497115e-01,1.359538e+00
5.118000e+00,8.779100e-01,1.199847e+00,1.216951e+00,1.100156e+00,1.051700e+00,1.092512e+00,1.188427e+00,1.291080e+00,1.268322e+00,1.358846e+00,1.189565e+00,1.014437e+00,1.173913e+00,1.095360e+00,1.129666e+00,1.009057e+00,1.138591e+00,1.144000e+00,1.123931e+00,1.041375e+00,9.471635e-01,1.036111e+00,1.109532e+00,1.154891e+00,1.176059e+00,1.135479e+00,9.337047e-02,9.471635e-01,1.358846e+00
5.119000e+00,8.781600e-01,1.200076e+00,1.213901e+00,1.101719e+00,1.049867e+00,1.092605e+00,1.189101e+00,1.289383e+00,1.268205e+00,1.357808e+00,1.190932e+00,1.009805e+00,1.173202e+00,1.094400e+00,1.128330e+00,1.004713e+00,1.134674e+00,1.147000e+00,1.122486e+00,1.039250e+00,9.457212e-01,1.034848e+00,1.109064e+00,1.156594e+00,1.173000e+00,1.134445e+00,9.389511e-02,9.457212e-01,1.357808e+00
5.120000e+00,8.782500e-01,1.199466e+00,1.212152e+00,1.102578e+00,1.048500e+00,1.092698e+00,1.190449e+00,1.287995e+00,1.268406e+00,1.356577e+00,1.191491e+00,1.005216e+00,1.172292e+00,1.093120e+00,1.127033e+00,1.001557e+00,1.130722e+00,1.146667e+00,1.121792e+00,1.036625e+00,9.445673e-01,1.034091e+00,1.108383e+00,1.158734e+00,1.171118e+00,1.133426e+00,9.439001e-02,9.445673e-01,1.356577e+00
5.121000e+00,8.786000e-01,1.198855e+00,1.210135e+00,1.104688e+00,1.047000e+00,1.092326e+00,1.191536e+00,1.286015e+00,1.268339e+00,1.355346e+00,1.191429e+00,1.001039e+00,1.170988e+00,1.094480e+00,1.125481e+00,9.986885e-01,1.127251e+00,1.146889e+00,1.121503e+00,1.033563e+00,9.439904e-01,1.033384e+00,1.106809e+00,1.161921e+00,1.167941e+00,1.132483e+00,9.469571e-02,9.439904e-01,1.355346e+00
5.122000e+00,8.787700e-01,1.198015e+00,1.207982e+00,1.103359e+00,1.046167e+00,1.092605e+00,1.191948e+00,1.284473e+00,1.268423e+00,1.354615e+00,1.192640e+00,9.970563e-01,1.170000e+00,1.093760e+00,1.124361e+00,9.952459e-01,1.123196e+00,1.148889e+00,1.121676e+00,1.029625e+00,9.435577e-01,1.033333e+00,1.106043e+00,1.163406e+00,1.166765e+00,1.131548e+00,9.519588e-02,9.435577e-01,1.354615e+00
5.123000e+00,8.791400e-01,1.197099e+00,1.206188e+00,1.105000e+00,1.044167e+00,1.092372e+00,1.192285e+00,1.283316e+00,1.268490e+00,1.353808e+00,1.193261e+00,9.929654e-01,1.168696e+00,1.094400e+00,1.122849e+00,9.924590e-01,1.120137e+00,1.149111e+00,1.121098e+00,1.026375e+00,9.428365e-01,1.032626e+00,1.104809e+00,1.164803e+00,1.163588e+00,1.130531e+00,9.566490e-02,9.428365e-01,1.353808e+00
5.124000e+00,8.794400e-01,1.196718e+00,1.204574e+00,1.106641e+00,1.043733e+00,1.093023e+00,1.192809e+00,1.282031e+00,1.268977e+00,1.353500e+00,1.194006e+00,9.893074e-01,1.168617e+00,1.093520e+00,1.121493e+00,9.895082e-01,1.116048e+00,1.149111e+00,1.120636e+00,1.023813e+00,9.428365e-01,1.032222e+00,1.104170e+00,1.167642e+00,1.161235e+00,1.129840e+00,9.613124e-02,9.428365e-01,1.353500e+00
5.125000e+00,8.795500e-01,1.198015e+00,1.202197e+00,1.109141e+00,1.042400e+00,1.092465e+00,1.194457e+00,1.281028e+00,1.268725e+00,1.353308e+00,1.194565e+00,9.856710e-01,1.167668e+00,1.094720e+00,1.120472e+00,9.870902e-01,1.112543e+00,1.151667e+00,1.121329e+00,1.021813e+00,9.428846e-01,1.031919e+00,1.102809e+00,1.170873e+00,1.158706e+00,1.129436e+00,9.661367e-02,9.428846e-01,1.353308e+00
5.126000e+00,8.800000e-01,1.197481e+00,1.199552e+00,1.108516e+00,1.040900e+00,1.092884e+00,1.195431e+00,1.279974e+00,1.269027e+00,1.352577e+00,1.194845e+00,9.820346e-01,1.166482e+00,1.094960e+00,1.118350e+00,9.849180e-01,1.109244e+00,1.149778e+00,1.121965e+00,1.020250e+00,9.422596e-01,1.031616e+00,1.102468e+00,1.172707e+00,1.155529e+00,1.128489e+00,9.697287e-02,9.422596e-01,1.352577e+00
5.127000e+00,8.801900e-01,1.196718e+00,1.196906e+00,1.109063e+00,1.040033e+00,1.093163e+00,1.195468e+00,1.279332e+00,1.270168e+00,1.351346e+00,1.194441e+00,9.789610e-01,1.165178e+00,1.093600e+00,1.117367e+00,9.826639e-01,1.105739e+00,1.150556e+00,1.122948e+00,1.019000e+00,9.420673e-01,1.031414e+00,1.102000e+00,1.175240e+00,1.153294e+00,1.127778e+00,9.727837e-02,9.420673e-01,1.351346e+00
5.128000e+00,8.806000e-01,1.197023e+00,1.193498e+00,1.110859e+00,1.038633e+00,1.093907e+00,1.196704e+00,1.278252e+00,1.270654e+00,1.350308e+00,1.195124e+00,9.756061e-01,1.164150e+00,1.095280e+00,1.116562e+00,9.792623e-01,1.102405e+00,1.153111e+00,1.123468e+00,1.017875e+00,9.418269e-01,1.031313e+00,1.101149e+00,1.177031e+00,1.152294e+00,1.127346e+00,9.769673e-02,9.418269e-01,1.350308e+00
5.129000e+00,8.807500e-01,1.196565e+00,1.191704e+00,1.111719e+00,1.038133e+00,1.093674e+00,1.198464e+00,1.276555e+00,1.270554e+00,1.350538e+00,1.195000e+00,9.726623e-01,1.163557e+00,1.094240e+00,1.115442e+00,9.779098e-01,1.099038e+00,1.152556e+00,1.124220e+00,1.015937e+00,9.420673e-01,1.030455e+00,1.100809e+00,1.179301e+00,1.149941e+00,1.126710e+00,9.805992e-02,9.420673e-01,1.350538e+00
5.130000e+00,8.809300e-01,1.195954e+00,1.190224e+00,1.113359e+00,1.036900e+00,1.093581e+00,1.199251e+00,1.274602e+00,1.269748e+00,1.350692e+00,1.195311e+00,9.691126e-01,1.162688e+00,1.093680e+00,1.114303e+00,9.760656e-01,1.096117e+00,1.152333e+00,1.124913e+00,1.014250e+00,9.419712e-01,1.028586e+00,1.099915e+00,1.181441e+00,1.147471e+00,1.125936e+00,9.849671e-02,9.419712e-01,1.350692e+00
5.131000e+00,8.812000e-01,1.196412e+00,1.188520e+00,1.113125e+00,1.034867e+00,1.093907e+00,1.199101e+00,1.273136e+00,1.269732e+00,1.350231e+00,1.195776e+00,9.658009e-01,1.162213e+00,1.093040e+00,1.113183e+00,9.734426e-01,1.093608e+00,1.153222e+00,1.125491e+00,1.013313e+00,9.382366e-01,1.014913e+00,1.100255e+00,1.183144e+00,1.145765e+00,1.124601e+00,9.979632e-02,9.382366e-01,1.350231e+00
5.132000e+00,8.814600e-01,1.194351e+00,1.187354e+00,1.114531e+00,1.033133e+00,1.094326e+00,1.199888e+00,1.271337e+00,1.270067e+00,1.349500e+00,1.195280e+00,9.630303e-01,1.161502e+00,1.093280e+00,1.113084e+00,9.721311e-01,1.090241e+00,1.153222e+00,1.126012e+00,1.012250e+00,9.389720e-01,1.015915e+00,1.100213e+00,1.185459e+00,1.143941e+00,1.124126e+00,9.989830e-02,9.389720e-01,1.349500e+00
5.133000e+00,8.817200e-01,1.194504e+00,1.186054e+00,1.113984e+00,1.032200e+00,1.094605e+00,1.201461e+00,1.270257e+00,1.271477e+00,1.348500e+00,1.195559e+00,9.607792e-01,1.160395e+00,1.095440e+00,1.112515e+00,9.702049e-01,1.087904e+00,1.154333e+00,1.127110e+00,1.011813e+00,9.396953e-01,1.016914e+00,1.099149e+00,1.187686e+00,1.142353e+00,1.123954e+00,1.001468e-01,9.396953e-01,1.348500e+00
5.134000e+00,8.819500e-01,1.195267e+00,1.184215e+00,1.114688e+00,1.031067e+00,1.094093e+00,1.201948e+00,1.269434e+00,1.272215e+00,1.347615e+00,1.196118e+00,9.587662e-01,1.159447e+00,1.094240e+00,1.112574e+00,9.684426e-01,1.085498e+00,1.154889e+00,1.128902e+00,1.010375e+00,9.404231e-01,1.017911e+00,1.098723e+00,1.189956e+00,1.140588e+00,1.123641e+00,1.004330e-01,9.404231e-01,1.347615e+00
5.135000e+00,8.823000e-01,1.193359e+00,1.183543e+00,1.116172e+00,1.030500e+00,1.094884e+00,1.202959e+00,1.268689e+00,1.273389e+00,1.346769e+00,1.196056e+00,9.565368e-01,1.157984e+00,1.093520e+00,1.112004e+00,9.659016e-01,1.083299e+00,1.153556e+00,1.129306e+00,1.009750e+00,9.411557e-01,1.018905e+00,1.098511e+00,1.192445e+00,1.139765e+00,1.123290e+00,1.006723e-01,9.411557e-01,1.346769e+00
5.136000e+00,8.825000e-01,1.192977e+00,1.181704e+00,1.116875e+00,1.029933e+00,1.095209e+00,1.203895e+00,1.268458e+00,1.273876e+00,1.346654e+00,1.196273e+00,9.546104e-01,1.157510e+00,1.093120e+00,1.111434e+00,9.647131e-01,1.080859e+00,1.154000e+00,1.129711e+00,1.009562e+00,9.418932e-01,1.019897e+00,1.098213e+00,1.194629e+00,1.137941e+00,1.123081e+00,1.009012e-01,9.418932e-01,1.346654e+00
5.137000e+00,8.828800e-01,1.194275e+00,1.181031e+00,1.119531e+00,1.030167e+00,1.095163e+00,1.204682e+00,1.267866e+00,1.274346e+00,1.345500e+00,1.195807e+00,9.528788e-01,1.156087e+00,1.093200e+00,1.110452e+00,9.632377e-01,1.078625e+00,1.155667e+00,1.131272e+00,1.008188e+00,9.426360e-01,1.020886e+00,1.098085e+00,1.196943e+00,1.136294e+00,1.123034e+00,1.011062e-01,9.426360e-01,1.345500e+00
5.138000e+00,8.830500e-01,1.192519e+00,1.179193e+00,1.119141e+00,1.030000e+00,1.095674e+00,1.204682e+00,1.267326e+00,1.275268e+00,1.344731e+00,1.195683e+00,9.509957e-01,1.155138e+00,1.090320e+00,1.108998e+00,9.618852e-01,1.076804e+00,1.154778e+00,1.131965e+00,1.008312e+00,9.433844e-01,1.021872e+00,1.097362e+00,1.198472e+00,1.134471e+00,1.122457e+00,1.011847e-01,9.433844e-01,1.344731e+00
5.139000e+00,8.832100e-01,1.191298e+00,1.177892e+00,1.120234e+00,1.029633e+00,1.094047e+00,1.206180e+00,1.266889e+00,1.276460e+00,1.343538e+00,1.196335e+00,9.493506e-01,1.153439e+00,1.091680e+00,1.108212e+00,9.610246e-01,1.075361e+00,1.154444e+00,1.131908e+00,1.007625e+00,9.441389e-01,1.022855e+00,1.095489e+00,1.199345e+00,1.132647e+00,1.122084e+00,1.012985e-01,9.441389e-01,1.343538e+00
5.140000e+00,8.833400e-01,1.191908e+00,1.176861e+00,1.118984e+00,1.029700e+00,1.094047e+00,1.206854e+00,1.266864e+00,1.277953e+00,1.342731e+00,1.195497e+00,9.480303e-01,1.151621e+00,1.090720e+00,1.107250e+00,9.590270e-01,1.073402e+00,1.156444e+00,1.132948e+00,1.007000e+00,9.449000e-01,1.023836e+00,1.093957e+00,1.200830e+00,1.131118e+00,1.121770e+00,1.015941e-01,9.449000e-01,1.342731e+00
5.141000e+00,8.838000e-01,1.190916e+00,1.176054e+00,1.120469e+00,1.030133e+00,1.093721e+00,1.207903e+00,1.266735e+00,1.278674e+00,1.342154e+00,1.195124e+00,9.467749e-01,1.149447e+00,1.090640e+00,1.106916e+00,9.593953e-01,1.071546e+00,1.154556e+00,1.132832e+00,1.006813e+00,9.456683e-01,1.024813e+00,1.092979e+00,1.202751e+00,1.129059e+00,1.121503e+00,1.015805e-01,9.456683e-01,1.342154e+00
5.142000e+00,8.840900e-01,1.190992e+00,1.175291e+00,1.122344e+00,1.030000e+00,1.094093e+00,1.208652e+00,1.266324e+00,1.279732e+00,1.342308e+00,1.194720e+00,9.447619e-01,1.148142e+00,1.091680e+00,1.106483e+00,9.597640e-01,1.069794e+00,1.155444e+00,1.133179e+00,1.005562e+00,9.464442e-01,1.025788e+00,1.092255e+00,1.205022e+00,1.126882e+00,1.121486e+00,1.018289e-01,9.447619e-01,1.342308e+00
5.143000e+00,8.841900e-01,1.192290e+00,1.174215e+00,1.122891e+00,1.030167e+00,1.094605e+00,1.209101e+00,1.266170e+00,1.280604e+00,1.341538e+00,1.193975e+00,9.439610e-01,1.147273e+00,1.090720e+00,1.106719e+00,9.601332e-01,1.068694e+00,1.156000e+00,1.134046e+00,1.005000e+00,9.472286e-01,1.026760e+00,1.092511e+00,1.206594e+00,1.124647e+00,1.121493e+00,1.018535e-01,9.439610e-01,1.341538e+00
5.144000e+00,8.845600e-01,1.191374e+00,1.173453e+00,1.125078e+00,1.030300e+00,1.095023e+00,1.209738e+00,1.266375e+00,1.281644e+00,1.340731e+00,1.192981e+00,9.428571e-01,1.146443e+00,1.090880e+00,1.106739e+00,9.605028e-01,1.067216e+00,1.155000e+00,1.134393e+00,1.004750e+00,9.480219e-01,1.027728e+00,1.092638e+00,1.207729e+00,1.122941e+00,1.121439e+00,1.018251e-01,9.428571e-01,1.340731e+00
5.145000e+00,8.846900e-01,1.191069e+00,1.172825e+00,1.124844e+00,1.030333e+00,1.095581e+00,1.210637e+00,1.266144e+00,1.282433e+00,1.339731e+00,1.191366e+00,9.417100e-01,1.145613e+00,1.090960e+00,1.106817e+00,9.608729e-01,1.065739e+00,1.154667e+00,1.134798e+00,1.004312e+00,9.488248e-01,1.028694e+00,1.093319e+00,1.209476e+00,1.121118e+00,1.121328e+00,1.017919e-01,9.417100e-01,1.339731e+00
5.146000e+00,8.849200e-01,1.191221e+00,1.172960e+00,1.124922e+00,1.030267e+00,1.096186e+00,1.211461e+00,1.266324e+00,1.284279e+00,1.339846e+00,1.189845e+00,9.403896e-01,1.144111e+00,1.091920e+00,1.106660e+00,9.612434e-01,1.064089e+00,1.155111e+00,1.136474e+00,1.004563e+00,9.496378e-01,1.029656e+00,1.093745e+00,1.212052e+00,1.119471e+00,1.121518e+00,1.020120e-01,9.403896e-01,1.339846e+00
5.147000e+00,8.851900e-01,1.190840e+00,1.172601e+00,1.126172e+00,1.030567e+00,1.096465e+00,1.210787e+00,1.266478e+00,1.285789e+00,1.339192e+00,1.188602e+00,9.396970e-01,1.143874e+00,1.090240e+00,1.107033e+00,9.616143e-01,1.062371e+00,1.154111e+00,1.136416e+00,1.003812e+00,9.504614e-01,1.030719e+00,1.094128e+00,1.213231e+00,1.118765e+00,1.121415e+00,1.020239e-01,9.396970e-01,1.339192e+00
5.148000e+00,8.854400e-01,1.188244e+00,1.171794e+00,1.128672e+00,1.030900e+00,1.096977e+00,1.211199e+00,1.266247e+00,1.286997e+00,1.337692e+00,1.187826e+00,9.391558e-01,1.143715e+00,1.091680e+00,1.107485e+00,9.619856e-01,1.060447e+00,1.154667e+00,1.136647e+00,1.003875e+00,9.512960e-01,1.031782e+00,1.094809e+00,1.214760e+00,1.118471e+00,1.121555e+00,1.018524e-01,9.391558e-01,1.337692e+00
5.149000e+00,8.856600e-01,1.188397e+00,1.171839e+00,1.128750e+00,1.031267e+00,1.098326e+00,1.211124e+00,1.266427e+00,1.288322e+00,1.336154e+00,1.187578e+00,9.385281e-01,1.143439e+00,1.092480e+00,1.107957e+00,9.623574e-01,1.059691e+00,1.155556e+00,1.138092e+00,1.003500e+00,9.521418e-01,1.032845e+00,1.094979e+00,1.216769e+00,1.117353e+00,1.121828e+00,1.018325e-01,9.385281e-01,1.336154e+00
5.150000e+00,8.858600e-01,1.188321e+00,1.171659e+00,1.129531e+00,1.031300e+00,1.098419e+00,1.211910e+00,1.266889e+00,1.289329e+00,1.334538e+00,1.187267e+00,9.382035e-01,1.142925e+00,1.092560e+00,1.108782e+00,9.627297e-01,1.058694e+00,1.154000e+00,1.138324e+00,1.003500e+00,9.529988e-01,1.033907e+00,1.095319e+00,1.218996e+00,1.117000e+00,1.121963e+00,1.017854e-01,9.382035e-01,1.334538e+00
5.151000e+00,8.863500e-01,1.187328e+00,1.171166e+00,1.129219e+00,1.031433e+00,1.099256e+00,1.212547e+00,1.267198e+00,1.290738e+00,1.334462e+00,1.186863e+00,9.376407e-01,1.143043e+00,1.091520e+00,1.109332e+00,9.631024e-01,1.058316e+00,1.153333e+00,1.139884e+00,1.003437e+00,9.538671e-01,1.034969e+00,1.095872e+00,1.220306e+00,1.116412e+00,1.122135e+00,1.018499e-01,9.376407e-01,1.334462e+00
5.152000e+00,8.864500e-01,1.187252e+00,1.171256e+00,1.129844e+00,1.031400e+00,1.100558e+00,1.213109e+00,1.267841e+00,1.291678e+00,1.333692e+00,1.186398e+00,9.370779e-01,1.142095e+00,1.093440e+00,1.109470e+00,9.634755e-01,1.057869e+00,1.154111e+00,1.140405e+00,1.003375e+00,9.547462e-01,1.036031e+00,1.096170e+00,1.221572e+00,1.115765e+00,1.122443e+00,1.018521e-01,9.370779e-01,1.333692e+00
5.153000e+00,8.868000e-01,1.187863e+00,1.170583e+00,1.130234e+00,1.032367e+00,1.101256e+00,1.214232e+00,1.268226e+00,1.292886e+00,1.333308e+00,1.185932e+00,9.370779e-01,1.140870e+00,1.092960e+00,1.110432e+00,9.638491e-01,1.057285e+00,1.152889e+00,1.140751e+00,1.003313e+00,9.556358e-01,1.037093e+00,1.097149e+00,1.223057e+00,1.116059e+00,1.122721e+00,1.018414e-01,9.370779e-01,1.333308e+00
5.154000e+00,8.870300e-01,1.186718e+00,1.170942e+00,1.131328e+00,1.032633e+00,1.101721e+00,1.214757e+00,1.268560e+00,1.293775e+00,1.333538e+00,1.185466e+00,9.365152e-01,1.140079e+00,1.092880e+00,1.110570e+00,9.642231e-01,1.056495e+00,1.153444e+00,1.141387e+00,1.003250e+00,9.565350e-01,1.038154e+00,1.097702e+00,1.225546e+00,1.116235e+00,1.123019e+00,1.019651e-01,9.365152e-01,1.333538e+00
5.155000e+00,8.872000e-01,1.187405e+00,1.171076e+00,1.133359e+00,1.032967e+00,1.102512e+00,1.215468e+00,1.268715e+00,1.295352e+00,1.332385e+00,1.186025e+00,9.360606e-01,1.139960e+00,1.093440e+00,1.111395e+00,9.645975e-01,1.055739e+00,1.152444e+00,1.139249e+00,1.003313e+00,9.574431e-01,1.039214e+00,1.098255e+00,1.226900e+00,1.116000e+00,1.123303e+00,1.019788e-01,9.360606e-01,1.332385e+00
5.156000e+00,8.875100e-01,1.188092e+00,1.169596e+00,1.133359e+00,1.033500e+00,1.104512e+00,1.216517e+00,1.269177e+00,1.296040e+00,1.331654e+00,1.185466e+00,9.361255e-01,1.140119e+00,1.094160e+00,1.111631e+00,9.649725e-01,1.055636e+00,1.151333e+00,1.138266e+00,1.004750e+00,9.583589e-01,1.040275e+00,1.098511e+00,1.229607e+00,1.116471e+00,1.123672e+00,1.018607e-01,9.361255e-01,1.331654e+00
5.157000e+00,8.877500e-01,1.187405e+00,1.169507e+00,1.133594e+00,1.033967e+00,1.105535e+00,1.217790e+00,1.269486e+00,1.296443e+00,1.331500e+00,1.184627e+00,9.361039e-01,1.140119e+00,1.094800e+00,1.111847e+00,9.653478e-01,1.055189e+00,1.153000e+00,1.139075e+00,1.004188e+00,9.592813e-01,1.041335e+00,1.098596e+00,1.231747e+00,1.116176e+00,1.124027e+00,1.019062e-01,9.361039e-01,1.331500e+00
5.158000e+00,8.879600e-01,1.187634e+00,1.169103e+00,1.136484e+00,1.034700e+00,1.105581e+00,1.217828e+00,1.269486e+00,1.296493e+00,1.331808e+00,1.184193e+00,9.357576e-01,1.139644e+00,1.093360e+00,1.112750e+00,9.657237e-01,1.055258e+00,1.151556e+00,1.139364e+00,1.005000e+00,9.602091e-01,1.042395e+00,1.099745e+00,1.234148e+00,1.115824e+00,1.124335e+00,1.018648e-01,9.357576e-01,1.331808e+00
5.159000e+00,8.881700e-01,1.187786e+00,1.168700e+00,1.137344e+00,1.035300e+00,1.106977e+00,1.218577e+00,1.269563e+00,1.297685e+00,1.331231e+00,1.184255e+00,9.359091e-01,1.139209e+00,1.093360e+00,1.112986e+00,9.660999e-01,1.054742e+00,1.150222e+00,1.139711e+00,1.005000e+00,9.611409e-01,1.043455e+00,1.099830e+00,1.235546e+00,1.115294e+00,1.124580e+00,1.018324e-01,9.359091e-01,1.331231e+00
5.160000e+00,8.884600e-01,1.189313e+00,1.168924e+00,1.137031e+00,1.035767e+00,1.107674e+00,1.219925e+00,1.269692e+00,1.298171e+00,1.330962e+00,1.183416e+00,9.358874e-01,1.138419e+00,1.094400e+00,1.113261e+00,9.664767e-01,1.054708e+00,1.152889e+00,1.140867e+00,1.005125e+00,9.620752e-01,1.044516e+00,1.100596e+00,1.237467e+00,1.115294e+00,1.125119e+00,1.018759e-01,9.358874e-01,1.330962e+00
5.161000e+00,8.887700e-01,1.188626e+00,1.168879e+00,1.137500e+00,1.035200e+00,1.108698e+00,1.220487e+00,1.268689e+00,1.297567e+00,1.330423e+00,1.183323e+00,9.356710e-01,1.138300e+00,1.095040e+00,1.113772e+00,9.668539e-01,1.054674e+00,1.150889e+00,1.140694e+00,1.004875e+00,9.630107e-01,1.045576e+00,1.101021e+00,1.239782e+00,1.115000e+00,1.125190e+00,1.017247e-01,9.356710e-01,1.330423e+00
5.162000e+00,8.890800e-01,1.188550e+00,1.168027e+00,1.139531e+00,1.034733e+00,1.109209e+00,1.221498e+00,1.267712e+00,1.296611e+00,1.331231e+00,1.182981e+00,9.357576e-01,1.138379e+00,1.094480e+00,1.114676e+00,9.672315e-01,1.055120e+00,1.149667e+00,1.143121e+00,1.004938e+00,9.639460e-01,1.046638e+00,1.101277e+00,1.241834e+00,1.115353e+00,1.125521e+00,1.016642e-01,9.357576e-01,1.331231e+00
5.163000e+00,8.892900e-01,1.189466e+00,1.168206e+00,1.137656e+00,1.034933e+00,1.110512e+00,1.221461e+00,1.267455e+00,1.296745e+00,1.330846e+00,1.182050e+00,9.358874e-01,1.138735e+00,1.094720e+00,1.115187e+00,9.676096e-01,1.056048e+00,1.150889e+00,1.143584e+00,1.004875e+00,9.648542e-01,1.047700e+00,1.102255e+00,1.242402e+00,1.115294e+00,1.125807e+00,1.014816e-01,9.358874e-01,1.330846e+00
5.164000e+00,8.895300e-01,1.189542e+00,1.168117e+00,1.137812e+00,1.035567e+00,1.111163e+00,1.222884e+00,1.267738e+00,1.297634e+00,1.330385e+00,1.180590e+00,9.359307e-01,1.137549e+00,1.093840e+00,1.115914e+00,9.679882e-01,1.055704e+00,1.149222e+00,1.144220e+00,1.006000e+00,9.657343e-01,1.048764e+00,1.102553e+00,1.243493e+00,1.115471e+00,1.125992e+00,1.013922e-01,9.359307e-01,1.330385e+00
5.165000e+00,8.898000e-01,1.190076e+00,1.168386e+00,1.138125e+00,1.035967e+00,1.111488e+00,1.223596e+00,1.267892e+00,1.298356e+00,1.330500e+00,1.180000e+00,9.359740e-01,1.137470e+00,1.096000e+00,1.116876e+00,9.683672e-01,1.056289e+00,1.147444e+00,1.145260e+00,1.006125e+00,9.665854e-01,1.049828e+00,1.102894e+00,1.244410e+00,1.116118e+00,1.126418e+00,1.013377e-01,9.359740e-01,1.330500e+00
5.166000e+00,8.900400e-01,1.190840e+00,1.168341e+00,1.139609e+00,1.035800e+00,1.112791e+00,1.224120e+00,1.268843e+00,1.299715e+00,1.330500e+00,1.180280e+00,9.363853e-01,1.137154e+00,1.095760e+00,1.117308e+00,9.687467e-01,1.056667e+00,1.151111e+00,1.146994e+00,1.005812e+00,9.674083e-01,1.050893e+00,1.103489e+00,1.246245e+00,1.115588e+00,1.127100e+00,1.015351e-01,9.363853e-01,1.330500e+00
5.167000e+00,8.902500e-01,1.191527e+00,1.168789e+00,1.139609e+00,1.036733e+00,1.113395e+00,1.225019e+00,1.269897e+00,1.300688e+00,1.330115e+00,1.179596e+00,9.363636e-01,1.136640e+00,1.095520e+00,1.118448e+00,9.691267e-01,1.056048e+00,1.147222e+00,1.147977e+00,1.006688e+00,9.682044e-01,1.051960e+00,1.104170e+00,1.246856e+00,1.115882e+00,1.127353e+00,1.015002e-01,9.363636e-01,1.330115e+00
5.168000e+00,8.904100e-01,1.191603e+00,1.169058e+00,1.139375e+00,1.037567e+00,1.114651e+00,1.225431e+00,1.270051e+00,1.302013e+00,1.330615e+00,1.179286e+00,9.366450e-01,1.136443e+00,1.096560e+00,1.119234e+00,9.695071e-01,1.056701e+00,1.147778e+00,1.149364e+00,1.007500e+00,9.689758e-01,1.053028e+00,1.104766e+00,1.248690e+00,1.115471e+00,1.127930e+00,1.015195e-01,9.366450e-01,1.330615e+00
5.169000e+00,8.909100e-01,1.191908e+00,1.169552e+00,1.138984e+00,1.038667e+00,1.115581e+00,1.226479e+00,1.270823e+00,1.303255e+00,1.330808e+00,1.178478e+00,9.368398e-01,1.137194e+00,1.096720e+00,1.119509e+00,9.698880e-01,1.056804e+00,1.147444e+00,1.150116e+00,1.008000e+00,9.697251e-01,1.054098e+00,1.105191e+00,1.250742e+00,1.116118e+00,1.128455e+00,1.016127e-01,9.368398e-01,1.330808e+00
5.170000e+00,8.912000e-01,1.193206e+00,1.169238e+00,1.138437e+00,1.039200e+00,1.117023e+00,1.227266e+00,1.271799e+00,1.305201e+00,1.331154e+00,1.178261e+00,9.370346e-01,1.136640e+00,1.096960e+00,1.120472e+00,9.702694e-01,1.058041e+00,1.147556e+00,1.151040e+00,1.007313e+00,9.704546e-01,1.055169e+00,1.105915e+00,1.253493e+00,1.116647e+00,1.129075e+00,1.018729e-01,9.370346e-01,1.331154e+00
5.171000e+00,8.912900e-01,1.192061e+00,1.169821e+00,1.140781e+00,1.041033e+00,1.117163e+00,1.228315e+00,1.272057e+00,1.306678e+00,1.331462e+00,1.177547e+00,9.371212e-01,1.136126e+00,1.097440e+00,1.121690e+00,9.706512e-01,1.058488e+00,1.144667e+00,1.151561e+00,1.007875e+00,9.711667e-01,1.056241e+00,1.106468e+00,1.255066e+00,1.117588e+00,1.129544e+00,1.018626e-01,9.371212e-01,1.331462e+00
5.172000e+00,8.916400e-01,1.194046e+00,1.170045e+00,1.140625e+00,1.041067e+00,1.118047e+00,1.228689e+00,1.273085e+00,1.308188e+00,1.331385e+00,1.177081e+00,9.379870e-01,1.136206e+00,1.096720e+00,1.122475e+00,9.710391e-01,1.058419e+00,1.143778e+00,1.152312e+00,1.009000e+00,9.718639e-01,1.057316e+00,1.105319e+00,1.257249e+00,1.118647e+00,1.130024e+00,1.019844e-01,9.379870e-01,1.331385e+00
5.173000e+00,8.917500e-01,1.193817e+00,1.170942e+00,1.142031e+00,1.042733e+00,1.117767e+00,1.229363e+00,1.273933e+00,1.309564e+00,1.331692e+00,1.176118e+00,9.382900e-01,1.136047e+00,1.096560e+00,1.122534e+00,9.714276e-01,1.059381e+00,1.141556e+00,1.154451e+00,1.009250e+00,9.725480e-01,1.058392e+00,1.104851e+00,1.259301e+00,1.119118e+00,1.130486e+00,1.020802e-01,9.382900e-01,1.331692e+00
5.174000e+00,8.921100e-01,1.193817e+00,1.171659e+00,1.142344e+00,1.043500e+00,1.117907e+00,1.230037e+00,1.274576e+00,1.311141e+00,1.330846e+00,1.175776e+00,9.386147e-01,1.135929e+00,1.098000e+00,1.122240e+00,9.718109e-01,1.059141e+00,1.139667e+00,1.154682e+00,1.009750e+00,9.732209e-01,1.059469e+00,1.104468e+00,1.260175e+00,1.118882e+00,1.130736e+00,1.020545e-01,9.386147e-01,1.330846e+00
5.175000e+00,8.923600e-01,1.194427e+00,1.171121e+00,1.143281e+00,1.043967e+00,1.118791e+00,1.230749e+00,1.274936e+00,1.312869e+00,1.331077e+00,1.175217e+00,9.394156e-01,1.135731e+00,1.099600e+00,1.122593e+00,9.722006e-01,1.060515e+00,1.140444e+00,1.155838e+00,1.010938e+00,9.738842e-01,1.060507e+00,1.104936e+00,1.261135e+00,1.119882e+00,1.131419e+00,1.020040e-01,9.394156e-01,1.331077e+00
5.176000e+00,8.926300e-01,1.194504e+00,1.171659e+00,1.143672e+00,1.044767e+00,1.119442e+00,1.231835e+00,1.275913e+00,1.314279e+00,1.331308e+00,1.174130e+00,9.397186e-01,1.136166e+00,1.098960e+00,1.122633e+00,9.725909e-01,1.060309e+00,1.138444e+00,1.156936e+00,1.011250e+00,9.745393e-01,1.061565e+00,1.105447e+00,1.261092e+00,1.119647e+00,1.131700e+00,1.020669e-01,9.397186e-01,1.331308e+00
5.177000e+00,8.928900e-01,1.194809e+00,1.171883e+00,1.143594e+00,1.045600e+00,1.120465e+00,1.232884e+00,1.277147e+00,1.315268e+00,1.332154e+00,1.173665e+00,9.395238e-01,1.135731e+00,1.100320e+00,1.123792e+00,9.729819e-01,1.061856e+00,1.137778e+00,1.157399e+00,1.012500e+00,9.751874e-01,1.062642e+00,1.105404e+00,1.262751e+00,1.120059e+00,1.132308e+00,1.021722e-01,9.395238e-01,1.332154e+00
5.178000e+00,8.930700e-01,1.195954e+00,1.172377e+00,1.143984e+00,1.046567e+00,1.121302e+00,1.233258e+00,1.277763e+00,1.316242e+00,1.330500e+00,1.172826e+00,9.392208e-01,1.135889e+00,1.099520e+00,1.124322e+00,9.733736e-01,1.061718e+00,1.139222e+00,1.159249e+00,1.012437e+00,9.760015e-01,1.063737e+00,1.106468e+00,1.264367e+00,1.120706e+00,1.132792e+00,1.021757e-01,9.392208e-01,1.330500e+00
5.179000e+00,8.934100e-01,1.196870e+00,1.172108e+00,1.145312e+00,1.047233e+00,1.122605e+00,1.234195e+00,1.279075e+00,1.316980e+00,1.330385e+00,1.172205e+00,9.393723e-01,1.135455e+00,1.099600e+00,1.124578e+00,9.737659e-01,1.062131e+00,1.137333e+00,1.160289e+00,1.012812e+00,9.768129e-01,1.064850e+00,1.107319e+00,1.265109e+00,1.121412e+00,1.133242e+00,1.022056e-01,9.393723e-01,1.330385e+00
5.180000e+00,8.935800e-01,1.197328e+00,1.170628e+00,1.146406e+00,1.049333e+00,1.123070e+00,1.235281e+00,1.279794e+00,1.318087e+00,1.329923e+00,1.171615e+00,9.399134e-01,1.135455e+00,1.101840e+00,1.125285e+00,9.741588e-01,1.061856e+00,1.138222e+00,1.161329e+00,1.014375e+00,9.776216e-01,1.065979e+00,1.108255e+00,1.266638e+00,1.121412e+00,1.133909e+00,1.020829e-01,9.399134e-01,1.329923e+00
5.181000e+00,8.939800e-01,1.199389e+00,1.170493e+00,1.147188e+00,1.049500e+00,1.124558e+00,1.236292e+00,1.280103e+00,1.319329e+00,1.329654e+00,1.170404e+00,9.402165e-01,1.136166e+00,1.100160e+00,1.125972e+00,9.745524e-01,1.062749e+00,1.139111e+00,1.161734e+00,1.013562e+00,9.784276e-01,1.067120e+00,1.109532e+00,1.268428e+00,1.122294e+00,1.134456e+00,1.022288e-01,9.402165e-01,1.329654e+00
5.182000e+00,8.940700e-01,1.198855e+00,1.169417e+00,1.148906e+00,1.051067e+00,1.125860e+00,1.237453e+00,1.280874e+00,1.320705e+00,1.330231e+00,1.169752e+00,9.403896e-01,1.136047e+00,1.100960e+00,1.127014e+00,9.749466e-01,1.063058e+00,1.136778e+00,1.162832e+00,1.013562e+00,9.792307e-01,1.068272e+00,1.110809e+00,1.270087e+00,1.121941e+00,1.134960e+00,1.023279e-01,9.403896e-01,1.330231e+00
5.183000e+00,8.943600e-01,1.198931e+00,1.169507e+00,1.150703e+00,1.051567e+00,1.126558e+00,1.238277e+00,1.281851e+00,1.321896e+00,1.329538e+00,1.168882e+00,9.414286e-01,1.136206e+00,1.102000e+00,1.127701e+00,9.753344e-01,1.063677e+00,1.137667e+00,1.162717e+00,1.012563e+00,9.800311e-01,1.069430e+00,1.112000e+00,1.271616e+00,1.123000e+00,1.135545e+00,1.023303e-01,9.414286e-01,1.329538e+00
5.184000e+00,8.946500e-01,1.200305e+00,1.169731e+00,1.149766e+00,1.052933e+00,1.127581e+00,1.239326e+00,1.281954e+00,1.322315e+00,1.329538e+00,1.167981e+00,9.415801e-01,1.136206e+00,1.103360e+00,1.128546e+00,9.757227e-01,1.064021e+00,1.138556e+00,1.162948e+00,1.012625e+00,9.808287e-01,1.070594e+00,1.112383e+00,1.271354e+00,1.123529e+00,1.135987e+00,1.022129e-01,9.415801e-01,1.329538e+00
5.185000e+00,8.948500e-01,1.201832e+00,1.170987e+00,1.150391e+00,1.053900e+00,1.129116e+00,1.239738e+00,1.283033e+00,1.322735e+00,1.330038e+00,1.167547e+00,9.421212e-01,1.135929e+00,1.102400e+00,1.129293e+00,9.761115e-01,1.065395e+00,1.137222e+00,1.164104e+00,1.013000e+00,9.816234e-01,1.071758e+00,1.113064e+00,1.272620e+00,1.124294e+00,1.136594e+00,1.022580e-01,9.421212e-01,1.330038e+00
5.186000e+00,8.950500e-01,1.201221e+00,1.171570e+00,1.151406e+00,1.054433e+00,1.130233e+00,1.240524e+00,1.283907e+00,1.323507e+00,1.328846e+00,1.167205e+00,9.428788e-01,1.135771e+00,1.102640e+00,1.130334e+00,9.765079e-01,1.065052e+00,1.137333e+00,1.164335e+00,1.013313e+00,9.824153e-01,1.072921e+00,1.114511e+00,1.273886e+00,1.124765e+00,1.137063e+00,1.021594e-01,9.428788e-01,1.328846e+00
5.187000e+00,8.952300e-01,1.202443e+00,1.172556e+00,1.152422e+00,1.055333e+00,1.131395e+00,1.241985e+00,1.284807e+00,1.324547e+00,1.327577e+00,1.166739e+00,9.435498e-01,1.136166e+00,1.103680e+00,1.131611e+00,9.769049e-01,1.066495e+00,1.137333e+00,1.165665e+00,1.013938e+00,9.830390e-01,1.074079e+00,1.115191e+00,1.274410e+00,1.125176e+00,1.137793e+00,1.020637e-01,9.435498e-01,1.327577e+00
5.188000e+00,8.954600e-01,1.201756e+00,1.172960e+00,1.153203e+00,1.055800e+00,1.133721e+00,1.243184e+00,1.285630e+00,1.325738e+00,1.327538e+00,1.166056e+00,9.441775e-01,1.136561e+00,1.103920e+00,1.132200e+00,9.773025e-01,1.066804e+00,1.135333e+00,1.165954e+00,1.014625e+00,9.836603e-01,1.075231e+00,1.116511e+00,1.274279e+00,1.126294e+00,1.138268e+00,1.020020e-01,9.441775e-01,1.327538e+00
5.189000e+00,8.957900e-01,1.201756e+00,1.174664e+00,1.155312e+00,1.056767e+00,1.135116e+00,1.243521e+00,1.286581e+00,1.327248e+00,1.327346e+00,1.165248e+00,9.447835e-01,1.136324e+00,1.104800e+00,1.132692e+00,9.777008e-01,1.067629e+00,1.137556e+00,1.167341e+00,1.015875e+00,9.842798e-01,1.076373e+00,1.117404e+00,1.275852e+00,1.126882e+00,1.139127e+00,1.020159e-01,9.447835e-01,1.327346e+00
5.190000e+00,8.961500e-01,1.202290e+00,1.175919e+00,1.153828e+00,1.056900e+00,1.136326e+00,1.243446e+00,1.287609e+00,1.327768e+00,1.327308e+00,1.164938e+00,9.454545e-01,1.136008e+00,1.104880e+00,1.131591e+00,9.780996e-01,1.068694e+00,1.136444e+00,1.167803e+00,1.016687e+00,9.848978e-01,1.077504e+00,1.118383e+00,1.277424e+00,1.127647e+00,1.139494e+00,1.019907e-01,9.454545e-01,1.327768e+00
5.191000e+00,8.962600e-01,1.202137e+00,1.176816e+00,1.155469e+00,1.056467e+00,1.137349e+00,1.243558e+00,1.288586e+00,1.329295e+00,1.327077e+00,1.164969e+00,9.461472e-01,1.136126e+00,1.103920e+00,1.132279e+00,9.784991e-01,1.069691e+00,1.135778e+00,1.167919e+00,1.017625e+00,9.855145e-01,1.078621e+00,1.119277e+00,1.277991e+00,1.128000e+00,1.139963e+00,1.020006e-01,9.461472e-01,1.329295e+00
5.192000e+00,8.964500e-01,1.200687e+00,1.178161e+00,1.156016e+00,1.057267e+00,1.138558e+00,1.244944e+00,1.289229e+00,1.330369e+00,1.328115e+00,1.164441e+00,9.471861e-01,1.135810e+00,1.105280e+00,1.132770e+00,9.788992e-01,1.070172e+00,1.137889e+00,1.166879e+00,1.019437e+00,9.861301e-01,1.079725e+00,1.120170e+00,1.279170e+00,1.129471e+00,1.140699e+00,1.019526e-01,9.471861e-01,1.330369e+00
5.193000e+00,8.968500e-01,1.202901e+00,1.179641e+00,1.155859e+00,1.058067e+00,1.139767e+00,1.246067e+00,1.289126e+00,1.330000e+00,1.329115e+00,1.163665e+00,9.479004e-01,1.136245e+00,1.104800e+00,1.133360e+00,9.793000e-01,1.070687e+00,1.137889e+00,1.166416e+00,1.019813e+00,9.869132e-01,1.080813e+00,1.120681e+00,1.281179e+00,1.130765e+00,1.141290e+00,1.019948e-01,9.479004e-01,1.330000e+00
5.194000e+00,8.971900e-01,1.202672e+00,1.180852e+00,1.156953e+00,1.059000e+00,1.140651e+00,1.247491e+00,1.289177e+00,1.329799e+00,1.329231e+00,1.163602e+00,9.486364e-01,1.136877e+00,1.105600e+00,1.133988e+00,9.797013e-01,1.071512e+00,1.137111e+00,1.167457e+00,1.020938e+00,9.876939e-01,1.081885e+00,1.121319e+00,1.282489e+00,1.130706e+00,1.141889e+00,1.018666e-01,9.486364e-01,1.329799e+00
5.195000e+00,8.973000e-01,1.203740e+00,1.181614e+00,1.158047e+00,1.059533e+00,1.142140e+00,1.248052e+00,1.289820e+00,1.330705e+00,1.328115e+00,1.162826e+00,9.496537e-01,1.136719e+00,1.107040e+00,1.134067e+00,9.801033e-01,1.071856e+00,1.137333e+00,1.167746e+00,1.021062e+00,9.884721e-01,1.082940e+00,1.122681e+00,1.282533e+00,1.132353e+00,1.142465e+00,1.017023e-01,9.496537e-01,1.330705e+00
5.196000e+00,8.974900e-01,1.204198e+00,1.183543e+00,1.160078e+00,1.061033e+00,1.142791e+00,1.249438e+00,1.290386e+00,1.330956e+00,1.328154e+00,1.161118e+00,9.506277e-01,1.137036e+00,1.107680e+00,1.134401e+00,9.805059e-01,1.073093e+00,1.137222e+00,1.168266e+00,1.021625e+00,9.892478e-01,1.083977e+00,1.123319e+00,1.282358e+00,1.133412e+00,1.143103e+00,1.015445e-01,9.506277e-01,1.330956e+00
5.197000e+00,8.980000e-01,1.203969e+00,1.183229e+00,1.159062e+00,1.061533e+00,1.144093e+00,1.250599e+00,1.290797e+00,1.331946e+00,1.329038e+00,1.160155e+00,9.512987e-01,1.136680e+00,1.107360e+00,1.134695e+00,9.809090e-01,1.073711e+00,1.135111e+00,1.169306e+00,1.023313e+00,9.900209e-01,1.084997e+00,1.124340e+00,1.282926e+00,1.133941e+00,1.143460e+00,1.015119e-01,9.512987e-01,1.331946e+00
5.198000e+00,8.981400e-01,1.205344e+00,1.184260e+00,1.159687e+00,1.063267e+00,1.145442e+00,1.252022e+00,1.291208e+00,1.333104e+00,1.328846e+00,1.158820e+00,9.523377e-01,1.136877e+00,1.108880e+00,1.135540e+00,9.813128e-01,1.073952e+00,1.136667e+00,1.170000e+00,1.024750e+00,9.907916e-01,1.086000e+00,1.125106e+00,1.281790e+00,1.134824e+00,1.144201e+00,1.013070e-01,9.523377e-01,1.333104e+00
5.199000e+00,8.985000e-01,1.206641e+00,1.184978e+00,1.159453e+00,1.063967e+00,1.146047e+00,1.253408e+00,1.292134e+00,1.334262e+00,1.329154e+00,1.158199e+00,9.529437e-01,1.137036e+00,1.109440e+00,1.136798e+00,9.817172e-01,1.074708e+00,1.136444e+00,1.171850e+00,1.025813e+00,9.915597e-01,1.086986e+00,1.125532e+00,1.278777e+00,1.135471e+00,1.144721e+00,1.011679e-01,9.529437e-01,1.334262e+00
5.200000e+00,8.987000e-01,1.208779e+00,1.185561e+00,1.161406e+00,1.065067e+00,1.147302e+00,1.254345e+00,1.293496e+00,1.335621e+00,1.328115e+00,1.157702e+00,9.540260e-01,1.137115e+00,1.108800e+00,1.138114e+00,9.821222e-01,1.075155e+00,1.134333e+00,1.172428e+00,1.026125e+00,9.923254e-01,1.087955e+00,1.126809e+00,1.277031e+00,1.134824e+00,1.145190e+00,1.010648e-01,9.540260e-01,1.335621e+00
5.201000e+00,8.988500e-01,1.208092e+00,1.186413e+00,1.162969e+00,1.066000e+00,1.148558e+00,1.255506e+00,1.294242e+00,1.336913e+00,1.328192e+00,1.158075e+00,9.546970e-01,1.137233e+00,1.109440e+00,1.139312e+00,9.825278e-01,1.075498e+00,1.137000e+00,1.173410e+00,1.027375e+00,9.930885e-01,1.088907e+00,1.126809e+00,1.277336e+00,1.134294e+00,1.145912e+00,1.010335e-01,9.546970e-01,1.336913e+00
5.202000e+00,8.990900e-01,1.209771e+00,1.187444e+00,1.164766e+00,1.067133e+00,1.150047e+00,1.257228e+00,1.295193e+00,1.337852e+00,1.328308e+00,1.157950e+00,9.553030e-01,1.137787e+00,1.111760e+00,1.140314e+00,9.829340e-01,1.076632e+00,1.136333e+00,1.173988e+00,1.027688e+00,9.938491e-01,1.089843e+00,1.128043e+00,1.277991e+00,1.133588e+00,1.146739e+00,1.010966e-01,9.553030e-01,1.337852e+00
5.203000e+00,8.994000e-01,1.211450e+00,1.188072e+00,1.165312e+00,1.068633e+00,1.151302e+00,1.258577e+00,1.296581e+00,1.338674e+00,1.328231e+00,1.157733e+00,9.560390e-01,1.137510e+00,1.111360e+00,1.141847e+00,9.833322e-01,1.077560e+00,1.135111e+00,1.174509e+00,1.030188e+00,9.946073e-01,1.090763e+00,1.129617e+00,1.278515e+00,1.133059e+00,1.147441e+00,1.010442e-01,9.560390e-01,1.338674e+00
5.204000e+00,8.996600e-01,1.211069e+00,1.190314e+00,1.165547e+00,1.069500e+00,1.152512e+00,1.259363e+00,1.297558e+00,1.339664e+00,1.329269e+00,1.157671e+00,9.570996e-01,1.137194e+00,1.112880e+00,1.143851e+00,9.837308e-01,1.077285e+00,1.137889e+00,1.175376e+00,1.031062e+00,9.953630e-01,1.091668e+00,1.129660e+00,1.280349e+00,1.133706e+00,1.148316e+00,1.011522e-01,9.570996e-01,1.339664e+00
5.205000e+00,8.998600e-01,1.212443e+00,1.190628e+00,1.167109e+00,1.070633e+00,1.152372e+00,1.261124e+00,1.298817e+00,1.340017e+00,1.330077e+00,1.157981e+00,9.580952e-01,1.137747e+00,1.112400e+00,1.145540e+00,9.841301e-01,1.076289e+00,1.137222e+00,1.176301e+00,1.031688e+00,9.961162e-01,1.092559e+00,1.129660e+00,1.281703e+00,1.134824e+00,1.148978e+00,1.013235e-01,9.580952e-01,1.340017e+00
5.206000e+00,9.001700e-01,1.213893e+00,1.192152e+00,1.167109e+00,1.071667e+00,1.152558e+00,1.263221e+00,1.300103e+00,1.341275e+00,1.329923e+00,1.158820e+00,9.587446e-01,1.137589e+00,1.112560e+00,1.147151e+00,9.845300e-01,1.076632e+00,1.136333e+00,1.178035e+00,1.033188e+00,9.968670e-01,1.093436e+00,1.128085e+00,1.283144e+00,1.135235e+00,1.149677e+00,1.015046e-01,9.587446e-01,1.341275e+00
5.207000e+00,9.004300e-01,1.214656e+00,1.193453e+00,1.168438e+00,1.073133e+00,1.152698e+00,1.264644e+00,1.301234e+00,1.342701e+00,1.330115e+00,1.159006e+00,9.597835e-01,1.136877e+00,1.113200e+00,1.148134e+00,9.849304e-01,1.077595e+00,1.138111e+00,1.178497e+00,1.032813e+00,9.976154e-01,1.094300e+00,1.128596e+00,1.284236e+00,1.136000e+00,1.150449e+00,1.016278e-01,9.597835e-01,1.342701e+00
5.208000e+00,9.006900e-01,1.215267e+00,1.193812e+00,1.168672e+00,1.073400e+00,1.153395e+00,1.265506e+00,1.302314e+00,1.344262e+00,1.331154e+00,1.158199e+00,9.606710e-01,1.136364e+00,1.114720e+00,1.149548e+00,9.853315e-01,1.077629e+00,1.137444e+00,1.179769e+00,1.034500e+00,9.983614e-01,1.095152e+00,1.128553e+00,1.284192e+00,1.138000e+00,1.151092e+00,1.016876e-01,9.606710e-01,1.344262e+00
5.209000e+00,9.010000e-01,1.216107e+00,1.195381e+00,1.171016e+00,1.075600e+00,1.154884e+00,1.267341e+00,1.303445e+00,1.345218e+00,1.331885e+00,1.158851e+00,9.616017e-01,1.136087e+00,1.116080e+00,1.150275e+00,9.857332e-01,1.078832e+00,1.135222e+00,1.180173e+00,1.036312e+00,9.989712e-01,1.095991e+00,1.129489e+00,1.285066e+00,1.139235e+00,1.152033e+00,1.017272e-01,9.616017e-01,1.345218e+00
5.210000e+00,9.011400e-01,1.217099e+00,1.196682e+00,1.172500e+00,1.076233e+00,1.155674e+00,1.268315e+00,1.304679e+00,1.347248e+00,1.332692e+00,1.159193e+00,9.625974e-01,1.135810e+00,1.116560e+00,1.151434e+00,9.861355e-01,1.080137e+00,1.136444e+00,1.181965e+00,1.036375e+00,9.997148e-01,1.096819e+00,1.130000e+00,1.286376e+00,1.139471e+00,1.152923e+00,1.019724e-01,9.625974e-01,1.347248e+00
5.211000e+00,9.013000e-01,1.218626e+00,1.197489e+00,1.170625e+00,1.077433e+00,1.157488e+00,1.270112e+00,1.305347e+00,1.348691e+00,1.332769e+00,1.160000e+00,9.631602e-01,1.136206e+00,1.114400e+00,1.152436e+00,9.865385e-01,1.080653e+00,1.137222e+00,1.182890e+00,1.037000e+00,1.000325e+00,1.097636e+00,1.131064e+00,1.287118e+00,1.140647e+00,1.153578e+00,1.021140e-01,9.631602e-01,1.348691e+00
5.212000e+00,9.016800e-01,1.218855e+00,1.199462e+00,1.173281e+00,1.078433e+00,1.158698e+00,1.271498e+00,1.306632e+00,1.350050e+00,1.332654e+00,1.160186e+00,9.638312e-01,1.136047e+00,1.118320e+00,1.152338e+00,9.869421e-01,1.081890e+00,1.136333e+00,1.183584e+00,1.037438e+00,1.000936e+00,1.098443e+00,1.131957e+00,1.287598e+00,1.142235e+00,1.154485e+00,1.021636e-01,9.638312e-01,1.350050e+00
5.213000e+00,9.020300e-01,1.219008e+00,1.199821e+00,1.174766e+00,1.079600e+00,1.160000e+00,1.273333e+00,1.307841e+00,1.351191e+00,1.332500e+00,1.160155e+00,9.647403e-01,1.136601e+00,1.117360e+00,1.153320e+00,9.873463e-01,1.082784e+00,1.138000e+00,1.185607e+00,1.038625e+00,1.001547e+00,1.099241e+00,1.132766e+00,1.288515e+00,1.144118e+00,1.155366e+00,1.022120e-01,9.647403e-01,1.351191e+00
5.214000e+00,9.020700e-01,1.220763e+00,1.201166e+00,1.176641e+00,1.080800e+00,1.161163e+00,1.275243e+00,1.308817e+00,1.352685e+00,1.333538e+00,1.160186e+00,9.655628e-01,1.137115e+00,1.119280e+00,1.154067e+00,9.877512e-01,1.083505e+00,1.137778e+00,1.186879e+00,1.039000e+00,1.002288e+00,1.100029e+00,1.134000e+00,1.290655e+00,1.145000e+00,1.156413e+00,1.024984e-01,9.655628e-01,1.352685e+00
5.215000e+00,9.023900e-01,1.221527e+00,1.201704e+00,1.177188e+00,1.081633e+00,1.162465e+00,1.275880e+00,1.310514e+00,1.354279e+00,1.333000e+00,1.160839e+00,9.666017e-01,1.137391e+00,1.117840e+00,1.154519e+00,9.881568e-01,1.084124e+00,1.137778e+00,1.187399e+00,1.040563e+00,1.003027e+00,1.100809e+00,1.135574e+00,1.292882e+00,1.146471e+00,1.157173e+00,1.025980e-01,9.666017e-01,1.354279e+00
5.216000e+00,9.026900e-01,1.223053e+00,1.202287e+00,1.179141e+00,1.083200e+00,1.163535e+00,1.277865e+00,1.311774e+00,1.355235e+00,1.332923e+00,1.160994e+00,9.677056e-01,1.137352e+00,1.118400e+00,1.155560e+00,9.885630e-01,1.085464e+00,1.139222e+00,1.188382e+00,1.041125e+00,1.003764e+00,1.101580e+00,1.136723e+00,1.293188e+00,1.147294e+00,1.158097e+00,1.026161e-01,9.677056e-01,1.355235e+00
5.217000e+00,9.030500e-01,1.224122e+00,1.204260e+00,1.178984e+00,1.084000e+00,1.164837e+00,1.279213e+00,1.312159e+00,1.356091e+00,1.332462e+00,1.161460e+00,9.686797e-01,1.137708e+00,1.118000e+00,1.156385e+00,9.889699e-01,1.086392e+00,1.138667e+00,1.189191e+00,1.041813e+00,1.004498e+00,1.102344e+00,1.138170e+00,1.294760e+00,1.149059e+00,1.158843e+00,1.026408e-01,9.686797e-01,1.356091e+00
5.218000e+00,9.033000e-01,1.223817e+00,1.205471e+00,1.180391e+00,1.084967e+00,1.166140e+00,1.280749e+00,1.313599e+00,1.357148e+00,1.332577e+00,1.162267e+00,9.698268e-01,1.137945e+00,1.118480e+00,1.157544e+00,9.893774e-01,1.087148e+00,1.138444e+00,1.190694e+00,1.043500e+00,1.005230e+00,1.103101e+00,1.138426e+00,1.295721e+00,1.150294e+00,1.159702e+00,1.026729e-01,9.698268e-01,1.357148e+00
5.219000e+00,9.035600e-01,1.225878e+00,1.205336e+00,1.182031e+00,1.085333e+00,1.166698e+00,1.282360e+00,1.314422e+00,1.358289e+00,1.332308e+00,1.163043e+00,9.709740e-01,1.138024e+00,1.118720e+00,1.159116e+00,9.897856e-01,1.088316e+00,1.139889e+00,1.191792e+00,1.043687e+00,1.005959e+00,1.103851e+00,1.139745e+00,1.296157e+00,1.151882e+00,1.160566e+00,1.027129e-01,9.709740e-01,1.358289e+00
5.220000e+00,9.036600e-01,1.225649e+00,1.206054e+00,1.182813e+00,1.085867e+00,1.168419e+00,1.283858e+00,1.315373e+00,1.358742e+00,1.332500e+00,1.164099e+00,9.722078e-01,1.139012e+00,1.118560e+00,1.160766e+00,9.901946e-01,1.088694e+00,1.139778e+00,1.191908e+00,1.045250e+00,1.006687e+00,1.104594e+00,1.140255e+00,1.297031e+00,1.153353e+00,1.161319e+00,1.026629e-01,9.722078e-01,1.358742e+00
5.221000e+00,9.039500e-01,1.226870e+00,1.206951e+00,1.185234e+00,1.085767e+00,1.169953e+00,1.285843e+00,1.316093e+00,1.359547e+00,1.332615e+00,1.165186e+00,9.727489e-01,1.139605e+00,1.120720e+00,1.162063e+00,9.906041e-01,1.089794e+00,1.140333e+00,1.192775e+00,1.045875e+00,1.007412e+00,1.105331e+00,1.140809e+00,1.297162e+00,1.154882e+00,1.162257e+00,1.027250e-01,9.727489e-01,1.359547e+00
5.222000e+00,9.042700e-01,1.228931e+00,1.207309e+00,1.185156e+00,1.086133e+00,1.170651e+00,1.287004e+00,1.316735e+00,1.360302e+00,1.332808e+00,1.166118e+00,9.731818e-01,1.138933e+00,1.120640e+00,1.163242e+00,9.910144e-01,1.090756e+00,1.141444e+00,1.193353e+00,1.047187e+00,1.008135e+00,1.106063e+00,1.141617e+00,1.297293e+00,1.154882e+00,1.162870e+00,1.027407e-01,9.731818e-01,1.360302e+00
5.223000e+00,9.044900e-01,1.229542e+00,1.208117e+00,1.184687e+00,1.087433e+00,1.171721e+00,1.287940e+00,1.317198e+00,1.360940e+00,1.332885e+00,1.166087e+00,9.742208e-01,1.139407e+00,1.122560e+00,1.164361e+00,9.914253e-01,1.092096e+00,1.140222e+00,1.194451e+00,1.047875e+00,1.008747e+00,1.106789e+00,1.142851e+00,1.298646e+00,1.155353e+00,1.163565e+00,1.026780e-01,9.742208e-01,1.360940e+00
5.224000e+00,9.047500e-01,1.230763e+00,1.209596e+00,1.184453e+00,1.088033e+00,1.173721e+00,1.289663e+00,1.317069e+00,1.360168e+00,1.331846e+00,1.166056e+00,9.750433e-01,1.139209e+00,1.123440e+00,1.165717e+00,9.918370e-01,1.093265e+00,1.141000e+00,1.195202e+00,1.048813e+00,1.009359e+00,1.107510e+00,1.144596e+00,1.298384e+00,1.156000e+00,1.164198e+00,1.024055e-01,9.750433e-01,1.360168e+00
5.225000e+00,9.049700e-01,1.231221e+00,1.211076e+00,1.185469e+00,1.088967e+00,1.174837e+00,1.290974e+00,1.316710e+00,1.359362e+00,1.331346e+00,1.167081e+00,9.749784e-01,1.140000e+00,1.125200e+00,1.166798e+00,9.922493e-01,1.093608e+00,1.142556e+00,1.196474e+00,1.049875e+00,1.009971e+00,1.108226e+00,1.145064e+00,1.298428e+00,1.157412e+00,1.164912e+00,1.021979e-01,9.749784e-01,1.359362e+00
5.226000e+00,9.051600e-01,1.231679e+00,1.212063e+00,1.185781e+00,1.089500e+00,1.176047e+00,1.292996e+00,1.317147e+00,1.359044e+00,1.330731e+00,1.167422e+00,9.753030e-01,1.140514e+00,1.124000e+00,1.167485e+00,9.926623e-01,1.094777e+00,1.141667e+00,1.196532e+00,1.050312e+00,1.010584e+00,1.108938e+00,1.145915e+00,1.298777e+00,1.158235e+00,1.165338e+00,1.021556e-01,9.753030e-01,1.359044e+00
5.227000e+00,9.055600e-01,1.233053e+00,1.214081e+00,1.186719e+00,1.090667e+00,1.177628e+00,1.294345e+00,1.317892e+00,1.360285e+00,1.330385e+00,1.168385e+00,9.752597e-01,1.140909e+00,1.125680e+00,1.167839e+00,9.930760e-01,1.095017e+00,1.142222e+00,1.197168e+00,1.051625e+00,1.011197e+00,1.109646e+00,1.146979e+00,1.298341e+00,1.158765e+00,1.166132e+00,1.021913e-01,9.752597e-01,1.360285e+00
5.228000e+00,9.056100e-01,1.234275e+00,1.214574e+00,1.187500e+00,1.091700e+00,1.179023e+00,1.296479e+00,1.319254e+00,1.360839e+00,1.330500e+00,1.168571e+00,9.764502e-01,1.140791e+00,1.126640e+00,1.168193e+00,9.934903e-01,1.096186e+00,1.143778e+00,1.198208e+00,1.053000e+00,1.011811e+00,1.110349e+00,1.147447e+00,1.298734e+00,1.159353e+00,1.166964e+00,1.021890e-01,9.764502e-01,1.360839e+00
5.229000e+00,9.059100e-01,1.234733e+00,1.216009e+00,1.187266e+00,1.093233e+00,1.180093e+00,1.297828e+00,1.320103e+00,1.361225e+00,1.330846e+00,1.168727e+00,9.773593e-01,1.141621e+00,1.125760e+00,1.169096e+00,9.939054e-01,1.096804e+00,1.143889e+00,1.197861e+00,1.053313e+00,1.012425e+00,1.111049e+00,1.148213e+00,1.298428e+00,1.160353e+00,1.167506e+00,1.021525e-01,9.773593e-01,1.361225e+00
5.230000e+00,9.060900e-01,1.233664e+00,1.217309e+00,1.190156e+00,1.093867e+00,1.181581e+00,1.298839e+00,1.321568e+00,1.361930e+00,1.331308e+00,1.169441e+00,9.782035e-01,1.141502e+00,1.126800e+00,1.169096e+00,9.943211e-01,1.097423e+00,1.144222e+00,1.197803e+00,1.053562e+00,1.013039e+00,1.111745e+00,1.149617e+00,1.299083e+00,1.161176e+00,1.168219e+00,1.022168e-01,9.782035e-01,1.361930e+00
5.231000e+00,9.063700e-01,1.234351e+00,1.218341e+00,1.191172e+00,1.095033e+00,1.183023e+00,1.299139e+00,1.323188e+00,1.363389e+00,1.331577e+00,1.170373e+00,9.788745e-01,1.142332e+00,1.127280e+00,1.169862e+00,9.947375e-01,1.098522e+00,1.144444e+00,1.197283e+00,1.054188e+00,1.013653e+00,1.112437e+00,1.150851e+00,1.299301e+00,1.162471e+00,1.168993e+00,1.022653e-01,9.788745e-01,1.363389e+00
5.232000e+00,9.065800e-01,1.234962e+00,1.218520e+00,1.191406e+00,1.096100e+00,1.183767e+00,1.299588e+00,1.324344e+00,1.364950e+00,1.332962e+00,1.171584e+00,9.798701e-01,1.142806e+00,1.129040e+00,1.171277e+00,9.951546e-01,1.099038e+00,1.143111e+00,1.196532e+00,1.054812e+00,1.014268e+00,1.113126e+00,1.151745e+00,1.298297e+00,1.164294e+00,1.169648e+00,1.022747e-01,9.798701e-01,1.364950e+00
5.233000e+00,9.069700e-01,1.235573e+00,1.217937e+00,1.191797e+00,1.097633e+00,1.184791e+00,1.300749e+00,1.325656e+00,1.366930e+00,1.333308e+00,1.172143e+00,9.806710e-01,1.143715e+00,1.129920e+00,1.172475e+00,9.955724e-01,1.100653e+00,1.145222e+00,1.196416e+00,1.056563e+00,1.014883e+00,1.113813e+00,1.151915e+00,1.299913e+00,1.165412e+00,1.170569e+00,1.023284e-01,9.806710e-01,1.366930e+00
5.234000e+00,9.071900e-01,1.235878e+00,1.216906e+00,1.193047e+00,1.098800e+00,1.185628e+00,1.302247e+00,1.326787e+00,1.368423e+00,1.333731e+00,1.172298e+00,9.817532e-01,1.144269e+00,1.131440e+00,1.173477e+00,9.959908e-01,1.101546e+00,1.145556e+00,1.197919e+00,1.057063e+00,1.015497e+00,1.114496e+00,1.152468e+00,1.300611e+00,1.166706e+00,1.171356e+00,1.023924e-01,9.817532e-01,1.368423e+00
5.235000e+00,9.074400e-01,1.235725e+00,1.216861e+00,1.196172e+00,1.100300e+00,1.186837e+00,1.303296e+00,1.328201e+00,1.370017e+00,1.333692e+00,1.173447e+00,9.829870e-01,1.144071e+00,1.131040e+00,1.174460e+00,9.964100e-01,1.102749e+00,1.142889e+00,1.198902e+00,1.058875e+00,1.016112e+00,1.115177e+00,1.153447e+00,1.300699e+00,1.167824e+00,1.172091e+00,1.023990e-01,9.829870e-01,1.370017e+00
5.236000e+00,9.077300e-01,1.237252e+00,1.218161e+00,1.194922e+00,1.101700e+00,1.187628e+00,1.304607e+00,1.329434e+00,1.371124e+00,1.334154e+00,1.173944e+00,9.841342e-01,1.144862e+00,1.131920e+00,1.175481e+00,9.968298e-01,1.103814e+00,1.143333e+00,1.199538e+00,1.058875e+00,1.016727e+00,1.115855e+00,1.153957e+00,1.301266e+00,1.168706e+00,1.172843e+00,1.024836e-01,9.841342e-01,1.371124e+00
5.237000e+00,9.080600e-01,1.238626e+00,1.219283e+00,1.196094e+00,1.102767e+00,1.188744e+00,1.306292e+00,1.330180e+00,1.371963e+00,1.334038e+00,1.175217e+00,9.854329e-01,1.144664e+00,1.133760e+00,1.176896e+00,9.972502e-01,1.104708e+00,1.141778e+00,1.201098e+00,1.060375e+00,1.017342e+00,1.116531e+00,1.154809e+00,1.302271e+00,1.170235e+00,1.173765e+00,1.025006e-01,9.854329e-01,1.371963e+00
5.238000e+00,9.082600e-01,1.239466e+00,1.219417e+00,1.196562e+00,1.103500e+00,1.189488e+00,1.307753e+00,1.330643e+00,1.373221e+00,1.334462e+00,1.175839e+00,9.859957e-01,1.144862e+00,1.134560e+00,1.177308e+00,9.976714e-01,1.105979e+00,1.142222e+00,1.202370e+00,1.061063e+00,1.017958e+00,1.117204e+00,1.154809e+00,1.302969e+00,1.170824e+00,1.174423e+00,1.025846e-01,9.859957e-01,1.373221e+00
5.239000e+00,9.083400e-01,1.239695e+00,1.220897e+00,1.197891e+00,1.104667e+00,1.189256e+00,1.309213e+00,1.331388e+00,1.374262e+00,1.334192e+00,1.176615e+00,9.874026e-01,1.145336e+00,1.135440e+00,1.178389e+00,9.980932e-01,1.106186e+00,1.143556e+00,1.203815e+00,1.061250e+00,1.018573e+00,1.117875e+00,1.153872e+00,1.303231e+00,1.171647e+00,1.175114e+00,1.025830e-01,9.874026e-01,1.374262e+00
5.240000e+00,9.088400e-01,1.241679e+00,1.221749e+00,1.197813e+00,1.105467e+00,1.189814e+00,1.311049e+00,1.332288e+00,1.375168e+00,1.334154e+00,1.177422e+00,9.883983e-01,1.146561e+00,1.135840e+00,1.178939e+00,9.985156e-01,1.107148e+00,1.145000e+00,1.204277e+00,1.063125e+00,1.019188e+00,1.118544e+00,1.153489e+00,1.304105e+00,1.173176e+00,1.175955e+00,1.025989e-01,9.883983e-01,1.375168e+00
5.241000e+00,9.089800e-01,1.242977e+00,1.223453e+00,1.200937e+00,1.106933e+00,1.190512e+00,1.312622e+00,1.333522e+00,1.376258e+00,1.333962e+00,1.179099e+00,9.893939e-01,1.147273e+00,1.137760e+00,1.178212e+00,9.989387e-01,1.107904e+00,1.144556e+00,1.204682e+00,1.063500e+00,1.019904e+00,1.119211e+00,1.154383e+00,1.305371e+00,1.173882e+00,1.176885e+00,1.027202e-01,9.893939e-01,1.376258e+00
5.242000e+00,9.093400e-01,1.242977e+00,1.224709e+00,1.202422e+00,1.108167e+00,1.191767e+00,1.314082e+00,1.335013e+00,1.377248e+00,1.333654e+00,1.180062e+00,9.903463e-01,1.146759e+00,1.139280e+00,1.177171e+00,9.993625e-01,1.108282e+00,1.147667e+00,1.204971e+00,1.064188e+00,1.020519e+00,1.119877e+00,1.154766e+00,1.305677e+00,1.174882e+00,1.177660e+00,1.027253e-01,9.903463e-01,1.377248e+00
5.243000e+00,9.095400e-01,1.244122e+00,1.225157e+00,1.201094e+00,1.109033e+00,1.193442e+00,1.315730e+00,1.335630e+00,1.377852e+00,1.334346e+00,1.181056e+00,9.908442e-01,1.147470e+00,1.137840e+00,1.176130e+00,9.997869e-01,1.110481e+00,1.147222e+00,1.206647e+00,1.062812e+00,1.021133e+00,1.120540e+00,1.155872e+00,1.305328e+00,1.175471e+00,1.178127e+00,1.028515e-01,9.908442e-01,1.377852e+00
5.244000e+00,9.097100e-01,1.247099e+00,1.226547e+00,1.203125e+00,1.109500e+00,1.194140e+00,1.316891e+00,1.337147e+00,1.378708e+00,1.334231e+00,1.181739e+00,9.919264e-01,1.147905e+00,1.139920e+00,1.176582e+00,1.000212e+00,1.110653e+00,1.146889e+00,1.208324e+00,1.062437e+00,1.021748e+00,1.121202e+00,1.156553e+00,1.304541e+00,1.176176e+00,1.178925e+00,1.029773e-01,9.919264e-01,1.378708e+00
5.245000e+00,9.101000e-01,1.246794e+00,1.228430e+00,1.205234e+00,1.110933e+00,1.195302e+00,1.318801e+00,1.338663e+00,1.379195e+00,1.334577e+00,1.182640e+00,9.930736e-01,1.148617e+00,1.141920e+00,1.177210e+00,1.000638e+00,1.112096e+00,1.151000e+00,1.208439e+00,1.062437e+00,1.022362e+00,1.121862e+00,1.157404e+00,1.304279e+00,1.177471e+00,1.179974e+00,1.029353e-01,9.930736e-01,1.379195e+00
5.246000e+00,9.103700e-01,1.247710e+00,1.230045e+00,1.206172e+00,1.111733e+00,1.196419e+00,1.320075e+00,1.340154e+00,1.379966e+00,1.334731e+00,1.183509e+00,9.936364e-01,1.149130e+00,1.142400e+00,1.178173e+00,1.001064e+00,1.113058e+00,1.150778e+00,1.210231e+00,1.063562e+00,1.022976e+00,1.122521e+00,1.158511e+00,1.304629e+00,1.177765e+00,1.180790e+00,1.030343e-01,9.936364e-01,1.379966e+00
5.247000e+00,9.104600e-01,1.248702e+00,1.231570e+00,1.205703e+00,1.113367e+00,1.197628e+00,1.321498e+00,1.341388e+00,1.380956e+00,1.334885e+00,1.183075e+00,9.945022e-01,1.149960e+00,1.141920e+00,1.180020e+00,1.001491e+00,1.114021e+00,1.149778e+00,1.211272e+00,1.064188e+00,1.023591e+00,1.123178e+00,1.159574e+00,1.305808e+00,1.178471e+00,1.181523e+00,1.031604e-01,9.945022e-01,1.380956e+00
5.248000e+00,9.107800e-01,1.249389e+00,1.232960e+00,1.208438e+00,1.114167e+00,1.199163e+00,1.322247e+00,1.342751e+00,1.382265e+00,1.335692e+00,1.182640e+00,9.959957e-01,1.150040e+00,1.144960e+00,1.181238e+00,1.001919e+00,1.114983e+00,1.154222e+00,1.212428e+00,1.065375e+00,1.024205e+00,1.123834e+00,1.160170e+00,1.305240e+00,1.178882e+00,1.182633e+00,1.031038e-01,9.959957e-01,1.382265e+00
5.249000e+00,9.111500e-01,1.251298e+00,1.234170e+00,1.208125e+00,1.114133e+00,1.200047e+00,1.323670e+00,1.343753e+00,1.382483e+00,1.336846e+00,1.182795e+00,9.964286e-01,1.149842e+00,1.143760e+00,1.182652e+00,1.002347e+00,1.115636e+00,1.153556e+00,1.213353e+00,1.066062e+00,1.024819e+00,1.124488e+00,1.161617e+00,1.306550e+00,1.180118e+00,1.183273e+00,1.033395e-01,9.964286e-01,1.382483e+00
5.250000e+00,9.113300e-01,1.252061e+00,1.236099e+00,1.208750e+00,1.113967e+00,1.201488e+00,1.325243e+00,1.344396e+00,1.383003e+00,1.337654e+00,1.183696e+00,9.971212e-01,1.149960e+00,1.144080e+00,1.183497e+00,1.002776e+00,1.117182e+00,1.152667e+00,1.214104e+00,1.066250e+00,1.025433e+00,1.125141e+00,1.162426e+00,1.307380e+00,1.181118e+00,1.183979e+00,1.035009e-01,9.971212e-01,1.383003e+00
5.251000e+00,9.115200e-01,1.252901e+00,1.237085e+00,1.210156e+00,1.113833e+00,1.202093e+00,1.326592e+00,1.345578e+00,1.384027e+00,1.338692e+00,1.184596e+00,9.982468e-01,1.150870e+00,1.146240e+00,1.184440e+00,1.003205e+00,1.117113e+00,1.154333e+00,1.214971e+00,1.067750e+00,1.026047e+00,1.125793e+00,1.163106e+00,1.308122e+00,1.182294e+00,1.184920e+00,1.035989e-01,9.982468e-01,1.384027e+00
5.252000e+00,9.118600e-01,1.253893e+00,1.238251e+00,1.212187e+00,1.114300e+00,1.203116e+00,1.328577e+00,1.346478e+00,1.385772e+00,1.338269e+00,1.184969e+00,9.995671e-01,1.151897e+00,1.146560e+00,1.186031e+00,1.003635e+00,1.117732e+00,1.154444e+00,1.215376e+00,1.068500e+00,1.026660e+00,1.126444e+00,1.164298e+00,1.308253e+00,1.183118e+00,1.185764e+00,1.036931e-01,9.995671e-01,1.385772e+00
5.253000e+00,9.121000e-01,1.255115e+00,1.239910e+00,1.212969e+00,1.115167e+00,1.204837e+00,1.329401e+00,1.347429e+00,1.386644e+00,1.339038e+00,1.185839e+00,1.000065e+00,1.152095e+00,1.147040e+00,1.187151e+00,1.004066e+00,1.118832e+00,1.155667e+00,1.216879e+00,1.070062e+00,1.027274e+00,1.127094e+00,1.164766e+00,1.308908e+00,1.183882e+00,1.186672e+00,1.037760e-01,1.000065e+00,1.386644e+00
5.254000e+00,9.123400e-01,1.255878e+00,1.240448e+00,1.212656e+00,1.115967e+00,1.205209e+00,1.330787e+00,1.348098e+00,1.388087e+00,1.339731e+00,1.187050e+00,1.000736e+00,1.152451e+00,1.149920e+00,1.188212e+00,1.004498e+00,1.119485e+00,1.157333e+00,1.217052e+00,1.070875e+00,1.027888e+00,1.127743e+00,1.166468e+00,1.309476e+00,1.185059e+00,1.187546e+00,1.038170e-01,1.000736e+00,1.388087e+00
5.255000e+00,9.126400e-01,1.257481e+00,1.241749e+00,1.214766e+00,1.117200e+00,1.206558e+00,1.331985e+00,1.348972e+00,1.388960e+00,1.340462e+00,1.188043e+00,1.001667e+00,1.152292e+00,1.150320e+00,1.189234e+00,1.004929e+00,1.121065e+00,1.157556e+00,1.218092e+00,1.071563e+00,1.028501e+00,1.128390e+00,1.167915e+00,1.309039e+00,1.186412e+00,1.188465e+00,1.038647e-01,1.001667e+00,1.388960e+00
5.256000e+00,9.128500e-01,1.258015e+00,1.243049e+00,1.216172e+00,1.118567e+00,1.207767e+00,1.333446e+00,1.349177e+00,1.388238e+00,1.340269e+00,1.189255e+00,1.002814e+00,1.152411e+00,1.151200e+00,1.189253e+00,1.005362e+00,1.121065e+00,1.156556e+00,1.218613e+00,1.072812e+00,1.029115e+00,1.129037e+00,1.168511e+00,1.309651e+00,1.187118e+00,1.189061e+00,1.037172e-01,1.002814e+00,1.388238e+00
5.257000e+00,9.130100e-01,1.258626e+00,1.243677e+00,1.215781e+00,1.119900e+00,1.209070e+00,1.334532e+00,1.349049e+00,1.387718e+00,1.339577e+00,1.190745e+00,1.003723e+00,1.153676e+00,1.152560e+00,1.190570e+00,1.005795e+00,1.122646e+00,1.159333e+00,1.219249e+00,1.073813e+00,1.029823e+00,1.129683e+00,1.169021e+00,1.309258e+00,1.188412e+00,1.189843e+00,1.033459e-01,1.003723e+00,1.387718e+00
5.258000e+00,9.134600e-01,1.261069e+00,1.244664e+00,1.217500e+00,1.121400e+00,1.210326e+00,1.335918e+00,1.349794e+00,1.387802e+00,1.339769e+00,1.191894e+00,1.004957e+00,1.154269e+00,1.152800e+00,1.190550e+00,1.006229e+00,1.123368e+00,1.158556e+00,1.220983e+00,1.074375e+00,1.030528e+00,1.130328e+00,1.170000e+00,1.308996e+00,1.188235e+00,1.190596e+00,1.033357e-01,1.004957e+00,1.387802e+00
5.259000e+00,9.135300e-01,1.261908e+00,1.246547e+00,1.217812e+00,1.122400e+00,1.211767e+00,1.336629e+00,1.350488e+00,1.388121e+00,1.339500e+00,1.192950e+00,1.005931e+00,1.154743e+00,1.153440e+00,1.192043e+00,1.006663e+00,1.124536e+00,1.159556e+00,1.221850e+00,1.075313e+00,1.031232e+00,1.130972e+00,1.171064e+00,1.308035e+00,1.186529e+00,1.191251e+00,1.031721e-01,1.005931e+00,1.388121e+00
5.260000e+00,9.138700e-01,1.262595e+00,1.246816e+00,1.218125e+00,1.123500e+00,1.213256e+00,1.337978e+00,1.351311e+00,1.388758e+00,1.339192e+00,1.194938e+00,1.006385e+00,1.155652e+00,1.154720e+00,1.193242e+00,1.007098e+00,1.125567e+00,1.162444e+00,1.222601e+00,1.077063e+00,1.031934e+00,1.131616e+00,1.171532e+00,1.307991e+00,1.187941e+00,1.192177e+00,1.030446e-01,1.006385e+00,1.388758e+00
5.261000e+00,9.143000e-01,1.263817e+00,1.248700e+00,1.218750e+00,1.125133e+00,1.214651e+00,1.339026e+00,1.352648e+00,1.389362e+00,1.339731e+00,1.196584e+00,1.007619e+00,1.155494e+00,1.156960e+00,1.194165e+00,1.007534e+00,1.125808e+00,1.162222e+00,1.223699e+00,1.076688e+00,1.032633e+00,1.132258e+00,1.172638e+00,1.309301e+00,1.188412e+00,1.193076e+00,1.031867e-01,1.007534e+00,1.389362e+00
5.262000e+00,9.143800e-01,1.264351e+00,1.249327e+00,1.221641e+00,1.125467e+00,1.216186e+00,1.340375e+00,1.353445e+00,1.390084e+00,1.338769e+00,1.198137e+00,1.008182e+00,1.155652e+00,1.155680e+00,1.194931e+00,1.007970e+00,1.125464e+00,1.162333e+00,1.224104e+00,1.078437e+00,1.033331e+00,1.132900e+00,1.173277e+00,1.311223e+00,1.188118e+00,1.193724e+00,1.032842e-01,1.007970e+00,1.390084e+00
5.263000e+00,9.146700e-01,1.264809e+00,1.249507e+00,1.222969e+00,1.126800e+00,1.217116e+00,1.341086e+00,1.354165e+00,1.390906e+00,1.336615e+00,1.199783e+00,1.008853e+00,1.156285e+00,1.157120e+00,1.196090e+00,1.008406e+00,1.125292e+00,1.164778e+00,1.224162e+00,1.079688e+00,1.034027e+00,1.133541e+00,1.174170e+00,1.311441e+00,1.188765e+00,1.194432e+00,1.030644e-01,1.008406e+00,1.390906e+00
5.264000e+00,9.148700e-01,1.266107e+00,1.251928e+00,1.224375e+00,1.127500e+00,1.218605e+00,1.341498e+00,1.355347e+00,1.391728e+00,1.336038e+00,1.200683e+00,1.010152e+00,1.157115e+00,1.157440e+00,1.197682e+00,1.008843e+00,1.126770e+00,1.164556e+00,1.225318e+00,1.079625e+00,1.034721e+00,1.134182e+00,1.175064e+00,1.312489e+00,1.190176e+00,1.195331e+00,1.031123e-01,1.008843e+00,1.391728e+00
5.265000e+00,9.152100e-01,1.267710e+00,1.252466e+00,1.225703e+00,1.128733e+00,1.219395e+00,1.342921e+00,1.356478e+00,1.391879e+00,1.336808e+00,1.201832e+00,1.010758e+00,1.157510e+00,1.160800e+00,1.198841e+00,1.009281e+00,1.126735e+00,1.165444e+00,1.225145e+00,1.080750e+00,1.035414e+00,1.134822e+00,1.176000e+00,1.312533e+00,1.190765e+00,1.196197e+00,1.031103e-01,1.009281e+00,1.391879e+00
5.266000e+00,9.153700e-01,1.267710e+00,1.253498e+00,1.227344e+00,1.129733e+00,1.219721e+00,1.343970e+00,1.357455e+00,1.392752e+00,1.337423e+00,1.203230e+00,1.011710e+00,1.158775e+00,1.160960e+00,1.199666e+00,1.009719e+00,1.127698e+00,1.168000e+00,1.225318e+00,1.081500e+00,1.036023e+00,1.135461e+00,1.176638e+00,1.312183e+00,1.191353e+00,1.196993e+00,1.030675e-01,1.009719e+00,1.392752e+00
5.267000e+00,9.156000e-01,1.267786e+00,1.253946e+00,1.227656e+00,1.130367e+00,1.221628e+00,1.344382e+00,1.358380e+00,1.394094e+00,1.337308e+00,1.204130e+00,1.012511e+00,1.158735e+00,1.161600e+00,1.201415e+00,1.010158e+00,1.128351e+00,1.167333e+00,1.224855e+00,1.082625e+00,1.036633e+00,1.136100e+00,1.177489e+00,1.311921e+00,1.192824e+00,1.197593e+00,1.030260e-01,1.010158e+00,1.394094e+00
5.268000e+00,9.158600e-01,1.269695e+00,1.255516e+00,1.227969e+00,1.131233e+00,1.221814e+00,1.345805e+00,1.359357e+00,1.395403e+00,1.337538e+00,1.204845e+00,1.012922e+00,1.159012e+00,1.162000e+00,1.202299e+00,1.010598e+00,1.129725e+00,1.168111e+00,1.223237e+00,1.084688e+00,1.037242e+00,1.136738e+00,1.177745e+00,1.311485e+00,1.193882e+00,1.198286e+00,1.030532e-01,1.010598e+00,1.395403e+00
5.269000e+00,9.160600e-01,1.270916e+00,1.256951e+00,1.229531e+00,1.132600e+00,1.223907e+00,1.345730e+00,1.360411e+00,1.396376e+00,1.338346e+00,1.205528e+00,1.014048e+00,1.159051e+00,1.163920e+00,1.202790e+00,1.011038e+00,1.130412e+00,1.170111e+00,1.223468e+00,1.084812e+00,1.037852e+00,1.137376e+00,1.178936e+00,1.312052e+00,1.194529e+00,1.199196e+00,1.030808e-01,1.011038e+00,1.396376e+00
5.270000e+00,9.163500e-01,1.271374e+00,1.258251e+00,1.231094e+00,1.133567e+00,1.224698e+00,1.347154e+00,1.361671e+00,1.397282e+00,1.338885e+00,1.206025e+00,1.014459e+00,1.159921e+00,1.163760e+00,1.202731e+00,1.011478e+00,1.131134e+00,1.170222e+00,1.224277e+00,1.086375e+00,1.038460e+00,1.138013e+00,1.179234e+00,1.311135e+00,1.195529e+00,1.199864e+00,1.031335e-01,1.011478e+00,1.397282e+00
5.271000e+00,9.165600e-01,1.272061e+00,1.258924e+00,1.232187e+00,1.134700e+00,1.225163e+00,1.348390e+00,1.362982e+00,1.398658e+00,1.339923e+00,1.207733e+00,1.014719e+00,1.160711e+00,1.164080e+00,1.203202e+00,1.011919e+00,1.131856e+00,1.172111e+00,1.224104e+00,1.086202e+00,1.039069e+00,1.138649e+00,1.179574e+00,1.310873e+00,1.197118e+00,1.200621e+00,1.033110e-01,1.011919e+00,1.398658e+00
5.272000e+00,9.167100e-01,1.272748e+00,1.260717e+00,1.233203e+00,1.135900e+00,1.225535e+00,1.347978e+00,1.364190e+00,1.399983e+00,1.340962e+00,1.209410e+00,1.015087e+00,1.161779e+00,1.165520e+00,1.204008e+00,1.012361e+00,1.133093e+00,1.173889e+00,1.224682e+00,1.086685e+00,1.039677e+00,1.139285e+00,1.179149e+00,1.311266e+00,1.198353e+00,1.201477e+00,1.033763e-01,1.012361e+00,1.399983e+00
5.273000e+00,9.171200e-01,1.271450e+00,1.261749e+00,1.236875e+00,1.136667e+00,1.225116e+00,1.348464e+00,1.365758e+00,1.400990e+00,1.340846e+00,1.210311e+00,1.014870e+00,1.161028e+00,1.167440e+00,1.204617e+00,1.012803e+00,1.134536e+00,1.173333e+00,1.226705e+00,1.087169e+00,1.040285e+00,1.139921e+00,1.178340e+00,1.311834e+00,1.199294e+00,1.202100e+00,1.035060e-01,1.012803e+00,1.400990e+00
5.274000e+00,9.173200e-01,1.272061e+00,1.262601e+00,1.237734e+00,1.137833e+00,1.226140e+00,1.348127e+00,1.367095e+00,1.401829e+00,1.341269e+00,1.211460e+00,1.015043e+00,1.159644e+00,1.168560e+00,1.205442e+00,1.013245e+00,1.135704e+00,1.173333e+00,1.227341e+00,1.087653e+00,1.040893e+00,1.140556e+00,1.178511e+00,1.312664e+00,1.199941e+00,1.202695e+00,1.035909e-01,1.013245e+00,1.401829e+00
5.275000e+00,9.174900e-01,1.273664e+00,1.264260e+00,1.236875e+00,1.138633e+00,1.226047e+00,1.349288e+00,1.368303e+00,1.403238e+00,1.341231e+00,1.212795e+00,1.015736e+00,1.159091e+00,1.168480e+00,1.206169e+00,1.013688e+00,1.136082e+00,1.176000e+00,1.228439e+00,1.088138e+00,1.041501e+00,1.141191e+00,1.178851e+00,1.313406e+00,1.201647e+00,1.203448e+00,1.037522e-01,1.013688e+00,1.403238e+00
5.276000e+00,9.178000e-01,1.273282e+00,1.264619e+00,1.238828e+00,1.140067e+00,1.227814e+00,1.350187e+00,1.369692e+00,1.403943e+00,1.341269e+00,1.214410e+00,1.016364e+00,1.159605e+00,1.168560e+00,1.207348e+00,1.014132e+00,1.137526e+00,1.176000e+00,1.229769e+00,1.088623e+00,1.042108e+00,1.141825e+00,1.178766e+00,1.313319e+00,1.202588e+00,1.204193e+00,1.037691e-01,1.014132e+00,1.403943e+00
5.277000e+00,9.181100e-01,1.274427e+00,1.265695e+00,1.240781e+00,1.140833e+00,1.228837e+00,1.350337e+00,1.370823e+00,1.404161e+00,1.342885e+00,1.215621e+00,1.017446e+00,1.159802e+00,1.170400e+00,1.208094e+00,1.014576e+00,1.138454e+00,1.176444e+00,1.230867e+00,1.089108e+00,1.042714e+00,1.142459e+00,1.179830e+00,1.313886e+00,1.203294e+00,1.205074e+00,1.038131e-01,1.014576e+00,1.404161e+00
5.278000e+00,9.183400e-01,1.275802e+00,1.266592e+00,1.242812e+00,1.141800e+00,1.229674e+00,1.351086e+00,1.371928e+00,1.404799e+00,1.343423e+00,1.217516e+00,1.018442e+00,1.160079e+00,1.169760e+00,1.209705e+00,1.015021e+00,1.139313e+00,1.178000e+00,1.231676e+00,1.089594e+00,1.043321e+00,1.143093e+00,1.180851e+00,1.313712e+00,1.204235e+00,1.205926e+00,1.038606e-01,1.015021e+00,1.404799e+00
5.279000e+00,9.187000e-01,1.276412e+00,1.267040e+00,1.243359e+00,1.141467e+00,1.231070e+00,1.351685e+00,1.372802e+00,1.405705e+00,1.343500e+00,1.218292e+00,1.019416e+00,1.160237e+00,1.171120e+00,1.211041e+00,1.015466e+00,1.140378e+00,1.176222e+00,1.233006e+00,1.090080e+00,1.043927e+00,1.143726e+00,1.182043e+00,1.312402e+00,1.205529e+00,1.206497e+00,1.038242e-01,1.015466e+00,1.405705e+00
5.280000e+00,9.188400e-01,1.276947e+00,1.268520e+00,1.245625e+00,1.141133e+00,1.232837e+00,1.352360e+00,1.373702e+00,1.406846e+00,1.343462e+00,1.219379e+00,1.020671e+00,1.160870e+00,1.173440e+00,1.212043e+00,1.015911e+00,1.141031e+00,1.178222e+00,1.233410e+00,1.090566e+00,1.044533e+00,1.144359e+00,1.183404e+00,1.311965e+00,1.206235e+00,1.207395e+00,1.038118e-01,1.015911e+00,1.406846e+00
5.281000e+00,9.190100e-01,1.278931e+00,1.269910e+00,1.246172e+00,1.141600e+00,1.233674e+00,1.353109e+00,1.374473e+00,1.407668e+00,1.343731e+00,1.220901e+00,1.021082e+00,1.161304e+00,1.174320e+00,1.213556e+00,1.016358e+00,1.142096e+00,1.180444e+00,1.233468e+00,1.091051e+00,1.045139e+00,1.144992e+00,1.184511e+00,1.312445e+00,1.207118e+00,1.208252e+00,1.038846e-01,1.016358e+00,1.407668e+00
5.282000e+00,9.193500e-01,1.278168e+00,1.270269e+00,1.247031e+00,1.142000e+00,1.235070e+00,1.353820e+00,1.375321e+00,1.407953e+00,1.344154e+00,1.222298e+00,1.021926e+00,1.162213e+00,1.174560e+00,1.213969e+00,1.016804e+00,1.143093e+00,1.179111e+00,1.235491e+00,1.091537e+00,1.045744e+00,1.145624e+00,1.185702e+00,1.312620e+00,1.209000e+00,1.208895e+00,1.038499e-01,1.016804e+00,1.407953e+00
5.283000e+00,9.197300e-01,1.279771e+00,1.271300e+00,1.249375e+00,1.143233e+00,1.236558e+00,1.354719e+00,1.376041e+00,1.408742e+00,1.344885e+00,1.223199e+00,1.022857e+00,1.162846e+00,1.175440e+00,1.214126e+00,1.017251e+00,1.144192e+00,1.183222e+00,1.236358e+00,1.092023e+00,1.046349e+00,1.146256e+00,1.186638e+00,1.312882e+00,1.209765e+00,1.209918e+00,1.038759e-01,1.017251e+00,1.408742e+00
5.284000e+00,9.198400e-01,1.282214e+00,1.272018e+00,1.250234e+00,1.144233e+00,1.237581e+00,1.355019e+00,1.377352e+00,1.409581e+00,1.345962e+00,1.224006e+00,1.023571e+00,1.163913e+00,1.176560e+00,1.214833e+00,1.017699e+00,1.144948e+00,1.183000e+00,1.236301e+00,1.092509e+00,1.046953e+00,1.146887e+00,1.187064e+00,1.313144e+00,1.210412e+00,1.210666e+00,1.039824e-01,1.017699e+00,1.409581e+00
5.285000e+00,9.201600e-01,1.282748e+00,1.273184e+00,1.252422e+00,1.145267e+00,1.239023e+00,1.356030e+00,1.377918e+00,1.410017e+00,1.345731e+00,1.224938e+00,1.024134e+00,1.163953e+00,1.177040e+00,1.215462e+00,1.018147e+00,1.145326e+00,1.183778e+00,1.237457e+00,1.092996e+00,1.047558e+00,1.147518e+00,1.188043e+00,1.313362e+00,1.212471e+00,1.211438e+00,1.040049e-01,1.018147e+00,1.410017e+00
5.286000e+00,9.204300e-01,1.282748e+00,1.272601e+00,1.252891e+00,1.146133e+00,1.239628e+00,1.356330e+00,1.379049e+00,1.410822e+00,1.346577e+00,1.226646e+00,1.024827e+00,1.163676e+00,1.178160e+00,1.216267e+00,1.018596e+00,1.146151e+00,1.184889e+00,1.237919e+00,1.093483e+00,1.048162e+00,1.148149e+00,1.189064e+00,1.313843e+00,1.212353e+00,1.212040e+00,1.040008e-01,1.018596e+00,1.410822e+00
5.287000e+00,9.205600e-01,1.285344e+00,1.271704e+00,1.255312e+00,1.147167e+00,1.240930e+00,1.357378e+00,1.379949e+00,1.411342e+00,1.346615e+00,1.227950e+00,1.025346e+00,1.164743e+00,1.178000e+00,1.216739e+00,1.019045e+00,1.146873e+00,1.185667e+00,1.238092e+00,1.093971e+00,1.048766e+00,1.148780e+00,1.189830e+00,1.314760e+00,1.213471e+00,1.212824e+00,1.040880e-01,1.019045e+00,1.411342e+00
5.288000e+00,9.210200e-01,1.285649e+00,1.271928e+00,1.253906e+00,1.148267e+00,1.242093e+00,1.357603e+00,1.379563e+00,1.409883e+00,1.348038e+00,1.228571e+00,1.026104e+00,1.165336e+00,1.180240e+00,1.217564e+00,1.019494e+00,1.147835e+00,1.186333e+00,1.239306e+00,1.094458e+00,1.049370e+00,1.149411e+00,1.191149e+00,1.315066e+00,1.214294e+00,1.213394e+00,1.037842e-01,1.019494e+00,1.409883e+00
5.289000e+00,9.211200e-01,1.286412e+00,1.273004e+00,1.254375e+00,1.149467e+00,1.243581e+00,1.358427e+00,1.379743e+00,1.409077e+00,1.349346e+00,1.229627e+00,1.027013e+00,1.165692e+00,1.180480e+00,1.217701e+00,1.019944e+00,1.148969e+00,1.187889e+00,1.240116e+00,1.094947e+00,1.049973e+00,1.150041e+00,1.191489e+00,1.316201e+00,1.215412e+00,1.214122e+00,1.037125e-01,1.019944e+00,1.409077e+00
5.290000e+00,9.213300e-01,1.287786e+00,1.274350e+00,1.254844e+00,1.150600e+00,1.244279e+00,1.358914e+00,1.380463e+00,1.408792e+00,1.349462e+00,1.229783e+00,1.027576e+00,1.166364e+00,1.181200e+00,1.218291e+00,1.020395e+00,1.150344e+00,1.187889e+00,1.240694e+00,1.095435e+00,1.050577e+00,1.150671e+00,1.192000e+00,1.315895e+00,1.215412e+00,1.214667e+00,1.036066e-01,1.020395e+00,1.408792e+00
5.291000e+00,9.216500e-01,1.288855e+00,1.275067e+00,1.255391e+00,1.152000e+00,1.245442e+00,1.359064e+00,1.381157e+00,1.409144e+00,1.349692e+00,1.232298e+00,1.028377e+00,1.166957e+00,1.181360e+00,1.219646e+00,1.020846e+00,1.150619e+00,1.187889e+00,1.241850e+00,1.095924e+00,1.051180e+00,1.151300e+00,1.193319e+00,1.316114e+00,1.217118e+00,1.215442e+00,1.035695e-01,1.020846e+00,1.409144e+00
5.292000e+00,9.218800e-01,1.290076e+00,1.275516e+00,1.256563e+00,1.152767e+00,1.246930e+00,1.360300e+00,1.382288e+00,1.410034e+00,1.350885e+00,1.233199e+00,1.029351e+00,1.167431e+00,1.183200e+00,1.220177e+00,1.021297e+00,1.152131e+00,1.190444e+00,1.242486e+00,1.096413e+00,1.051783e+00,1.151930e+00,1.194383e+00,1.315721e+00,1.217294e+00,1.216358e+00,1.036137e-01,1.021297e+00,1.410034e+00
5.293000e+00,9.222800e-01,1.291527e+00,1.277848e+00,1.258516e+00,1.153167e+00,1.246651e+00,1.361423e+00,1.383085e+00,1.410923e+00,1.351154e+00,1.234224e+00,1.030411e+00,1.168300e+00,1.182640e+00,1.219902e+00,1.021749e+00,1.152749e+00,1.191556e+00,1.243237e+00,1.096903e+00,1.052385e+00,1.152559e+00,1.195234e+00,1.315895e+00,1.219059e+00,1.217129e+00,1.037166e-01,1.021749e+00,1.410923e+00
5.294000e+00,9.224100e-01,1.292748e+00,1.279417e+00,1.259531e+00,1.154800e+00,1.249023e+00,1.361685e+00,1.383882e+00,1.412416e+00,1.352731e+00,1.235342e+00,1.030887e+00,1.168261e+00,1.182880e+00,1.219175e+00,1.022201e+00,1.153574e+00,1.192556e+00,1.244855e+00,1.097393e+00,1.052988e+00,1.153188e+00,1.196043e+00,1.316769e+00,1.219353e+00,1.217987e+00,1.039321e-01,1.022201e+00,1.412416e+00
5.295000e+00,9.226600e-01,1.292366e+00,1.279641e+00,1.260703e+00,1.155100e+00,1.249860e+00,1.361835e+00,1.384910e+00,1.413691e+00,1.352923e+00,1.236025e+00,1.031688e+00,1.168814e+00,1.183040e+00,1.218310e+00,1.022654e+00,1.154605e+00,1.194556e+00,1.244220e+00,1.097883e+00,1.053591e+00,1.153817e+00,1.196809e+00,1.318341e+00,1.220000e+00,1.218558e+00,1.039548e-01,1.022654e+00,1.413691e+00
5.296000e+00,9.229400e-01,1.293511e+00,1.281435e+00,1.260859e+00,1.156633e+00,1.252047e+00,1.362060e+00,1.385990e+00,1.415101e+00,1.354038e+00,1.237081e+00,1.032359e+00,1.169802e+00,1.182320e+00,1.219077e+00,1.023107e+00,1.155258e+00,1.191778e+00,1.245376e+00,1.098374e+00,1.054193e+00,1.154446e+00,1.197532e+00,1.318777e+00,1.220647e+00,1.219242e+00,1.041483e-01,1.023107e+00,1.415101e+00
5.297000e+00,9.231300e-01,1.295573e+00,1.283184e+00,1.260156e+00,1.157467e+00,1.252233e+00,1.362472e+00,1.386170e+00,1.415671e+00,1.354423e+00,1.238075e+00,1.033355e+00,1.171028e+00,1.184400e+00,1.219784e+00,1.023561e+00,1.155945e+00,1.191111e+00,1.246705e+00,1.098865e+00,1.054795e+00,1.155074e+00,1.198851e+00,1.319345e+00,1.221882e+00,1.220005e+00,1.041038e-01,1.023561e+00,1.415671e+00
5.298000e+00,9.235400e-01,1.296489e+00,1.283632e+00,1.263672e+00,1.158133e+00,1.253814e+00,1.362472e+00,1.387686e+00,1.416913e+00,1.354269e+00,1.237981e+00,1.033831e+00,1.171581e+00,1.184480e+00,1.220864e+00,1.024015e+00,1.157182e+00,1.191333e+00,1.247919e+00,1.099356e+00,1.055397e+00,1.155702e+00,1.199915e+00,1.319476e+00,1.222706e+00,1.220784e+00,1.042070e-01,1.024015e+00,1.416913e+00
5.299000e+00,9.237000e-01,1.297099e+00,1.284350e+00,1.264453e+00,1.159067e+00,1.254837e+00,1.363034e+00,1.388715e+00,1.417852e+00,1.354885e+00,1.237857e+00,1.034978e+00,1.171937e+00,1.186240e+00,1.221729e+00,1.024470e+00,1.157766e+00,1.190778e+00,1.247630e+00,1.099847e+00,1.055999e+00,1.156330e+00,1.200979e+00,1.318821e+00,1.223353e+00,1.221375e+00,1.041748e-01,1.024470e+00,1.417852e+00
5.300000e+00,9.238500e-01,1.299160e+00,1.285247e+00,1.265547e+00,1.160133e+00,1.255814e+00,1.364082e+00,1.389820e+00,1.418909e+00,1.354346e+00,1.238199e+00,1.035671e+00,1.172213e+00,1.186720e+00,1.222161e+00,1.024925e+00,1.158351e+00,1.192000e+00,1.248728e+00,1.100339e+00,1.056602e+00,1.156958e+00,1.201787e+00,1.317817e+00,1.224882e+00,1.222101e+00,1.042144e-01,1.024925e+00,1.418909e+00
5.301000e+00,9.242000e-01,1.298397e+00,1.287130e+00,1.268359e+00,1.160967e+00,1.257116e+00,1.364757e+00,1.391080e+00,1.419497e+00,1.352923e+00,1.238354e+00,1.036299e+00,1.173439e+00,1.185360e+00,1.223124e+00,1.025381e+00,1.159622e+00,1.193000e+00,1.248382e+00,1.100832e+00,1.057204e+00,1.157586e+00,1.202255e+00,1.314061e+00,1.226471e+00,1.222566e+00,1.040246e-01,1.025381e+00,1.419497e+00
5.302000e+00,9.245100e-01,1.300229e+00,1.287937e+00,1.268672e+00,1.162567e+00,1.257860e+00,1.364794e+00,1.392082e+00,1.420201e+00,1.352231e+00,1.239565e+00,1.037186e+00,1.174150e+00,1.188080e+00,1.223320e+00,1.025836e+00,1.160447e+00,1.193556e+00,1.248439e+00,1.101324e+00,1.057806e+00,1.158213e+00,1.202809e+00,1.310917e+00,1.227235e+00,1.223144e+00,1.037969e-01,1.025836e+00,1.420201e+00
5.303000e+00,9.247300e-01,1.300916e+00,1.288341e+00,1.270469e+00,1.163533e+00,1.258605e+00,1.365506e+00,1.393136e+00,1.420805e+00,1.352038e+00,1.241056e+00,1.038052e+00,1.174190e+00,1.188560e+00,1.224499e+00,1.026293e+00,1.160687e+00,1.193667e+00,1.249711e+00,1.101817e+00,1.058408e+00,1.158841e+00,1.203404e+00,1.309258e+00,1.228471e+00,1.223761e+00,1.037657e-01,1.026293e+00,1.420805e+00
5.304000e+00,9.250500e-01,1.302366e+00,1.289462e+00,1.269844e+00,1.164967e+00,1.259209e+00,1.365843e+00,1.394036e+00,1.421326e+00,1.352538e+00,1.241832e+00,1.038420e+00,1.174980e+00,1.188240e+00,1.225344e+00,1.026750e+00,1.161409e+00,1.196889e+00,1.249827e+00,1.102311e+00,1.059009e+00,1.159468e+00,1.203915e+00,1.308690e+00,1.228882e+00,1.224398e+00,1.037230e-01,1.026750e+00,1.421326e+00
5.305000e+00,9.251200e-01,1.302824e+00,1.291300e+00,1.272109e+00,1.166033e+00,1.260093e+00,1.366180e+00,1.395039e+00,1.421762e+00,1.353154e+00,1.243199e+00,1.039286e+00,1.175059e+00,1.191280e+00,1.226287e+00,1.027207e+00,1.162749e+00,1.196667e+00,1.248382e+00,1.102804e+00,1.059611e+00,1.160095e+00,1.202638e+00,1.309432e+00,1.230176e+00,1.225140e+00,1.037459e-01,1.027207e+00,1.421762e+00
5.306000e+00,9.255800e-01,1.303664e+00,1.292332e+00,1.272813e+00,1.166833e+00,1.259488e+00,1.366816e+00,1.396195e+00,1.422450e+00,1.353808e+00,1.244037e+00,1.039762e+00,1.175731e+00,1.192160e+00,1.226974e+00,1.027665e+00,1.162955e+00,1.196556e+00,1.247514e+00,1.103298e+00,1.060213e+00,1.160722e+00,1.201319e+00,1.309738e+00,1.230588e+00,1.225568e+00,1.038293e-01,1.027665e+00,1.422450e+00
5.307000e+00,9.258100e-01,1.305191e+00,1.293946e+00,1.273047e+00,1.168267e+00,1.259535e+00,1.367528e+00,1.397198e+00,1.423305e+00,1.354192e+00,1.245590e+00,1.040628e+00,1.176206e+00,1.192720e+00,1.227898e+00,1.028123e+00,1.163918e+00,1.200111e+00,1.247514e+00,1.103793e+00,1.060815e+00,1.161349e+00,1.200979e+00,1.310611e+00,1.230765e+00,1.226384e+00,1.038720e-01,1.028123e+00,1.423305e+00
5.308000e+00,9.261200e-01,1.305878e+00,1.295247e+00,1.274531e+00,1.168367e+00,1.260000e+00,1.367753e+00,1.397995e+00,1.424211e+00,1.354423e+00,1.247019e+00,1.041580e+00,1.176917e+00,1.193520e+00,1.229470e+00,1.028581e+00,1.165120e+00,1.199444e+00,1.246994e+00,1.104287e+00,1.061418e+00,1.161975e+00,1.201660e+00,1.311921e+00,1.232471e+00,1.227116e+00,1.039245e-01,1.028581e+00,1.424211e+00
5.309000e+00,9.262500e-01,1.306947e+00,1.296009e+00,1.276016e+00,1.168567e+00,1.261302e+00,1.367978e+00,1.398869e+00,1.424077e+00,1.356038e+00,1.248447e+00,1.042359e+00,1.178221e+00,1.194720e+00,1.230295e+00,1.029040e+00,1.165945e+00,1.201000e+00,1.248266e+00,1.104782e+00,1.062020e+00,1.162602e+00,1.202298e+00,1.312707e+00,1.232706e+00,1.227967e+00,1.039528e-01,1.029040e+00,1.424077e+00
5.310000e+00,9.263700e-01,1.307786e+00,1.297578e+00,1.278047e+00,1.168667e+00,1.262512e+00,1.368689e+00,1.399614e+00,1.424883e+00,1.356923e+00,1.249161e+00,1.042814e+00,1.178538e+00,1.196320e+00,1.230295e+00,1.029500e+00,1.166460e+00,1.203333e+00,1.249711e+00,1.105278e+00,1.062622e+00,1.163228e+00,1.203234e+00,1.314017e+00,1.233235e+00,1.228852e+00,1.041127e-01,1.029500e+00,1.424883e+00
5.311000e+00,9.267600e-01,1.309237e+00,1.298430e+00,1.279141e+00,1.168567e+00,1.262698e+00,1.369064e+00,1.400746e+00,1.426074e+00,1.357923e+00,1.250124e+00,1.043074e+00,1.179289e+00,1.195600e+00,1.232063e+00,1.029960e+00,1.166460e+00,1.202444e+00,1.250462e+00,1.105773e+00,1.063224e+00,1.163854e+00,1.204426e+00,1.314760e+00,1.234412e+00,1.229492e+00,1.043495e-01,1.029960e+00,1.426074e+00
5.312000e+00,9.268500e-01,1.309313e+00,1.300135e+00,1.281250e+00,1.169100e+00,1.264512e+00,1.369326e+00,1.401517e+00,1.427450e+00,1.359308e+00,1.251366e+00,1.043831e+00,1.179130e+00,1.197920e+00,1.232927e+00,1.030420e+00,1.167663e+00,1.203667e+00,1.252197e+00,1.106270e+00,1.063827e+00,1.164480e+00,1.205574e+00,1.316376e+00,1.235471e+00,1.230543e+00,1.045254e-01,1.030420e+00,1.427450e+00
5.313000e+00,9.272500e-01,1.311145e+00,1.300717e+00,1.282031e+00,1.169533e+00,1.265070e+00,1.369700e+00,1.402699e+00,1.428691e+00,1.360231e+00,1.252609e+00,1.044177e+00,1.179486e+00,1.199440e+00,1.233851e+00,1.030881e+00,1.168419e+00,1.205667e+00,1.252659e+00,1.106766e+00,1.064429e+00,1.165106e+00,1.206596e+00,1.317511e+00,1.236118e+00,1.231397e+00,1.046928e-01,1.030881e+00,1.428691e+00
5.314000e+00,9.273800e-01,1.310611e+00,1.302332e+00,1.283359e+00,1.169600e+00,1.266186e+00,1.368951e+00,1.403805e+00,1.430470e+00,1.360769e+00,1.253758e+00,1.045152e+00,1.180198e+00,1.199760e+00,1.234204e+00,1.031342e+00,1.169244e+00,1.205111e+00,1.253873e+00,1.107263e+00,1.065032e+00,1.165732e+00,1.207787e+00,1.317948e+00,1.237412e+00,1.232079e+00,1.047655e-01,1.031342e+00,1.430470e+00
5.315000e+00,9.276000e-01,1.309466e+00,1.303274e+00,1.283828e+00,1.170300e+00,1.267721e+00,1.368390e+00,1.404576e+00,1.431527e+00,1.362000e+00,1.255000e+00,1.045584e+00,1.180949e+00,1.199680e+00,1.234735e+00,1.031803e+00,1.169347e+00,1.207444e+00,1.254971e+00,1.107760e+00,1.065635e+00,1.166358e+00,1.208596e+00,1.318559e+00,1.237176e+00,1.232695e+00,1.047806e-01,1.031803e+00,1.431527e+00
5.316000e+00,9.279700e-01,1.310229e+00,1.305112e+00,1.283672e+00,1.171733e+00,1.268605e+00,1.368764e+00,1.405578e+00,1.432248e+00,1.363577e+00,1.255217e+00,1.046104e+00,1.182292e+00,1.200800e+00,1.235580e+00,1.032265e+00,1.169691e+00,1.207889e+00,1.256358e+00,1.108257e+00,1.066237e+00,1.166983e+00,1.209957e+00,1.318996e+00,1.237353e+00,1.233479e+00,1.048619e-01,1.032265e+00,1.432248e+00
5.317000e+00,9.282100e-01,1.310840e+00,1.306099e+00,1.284844e+00,1.172433e+00,1.270093e+00,1.368277e+00,1.406478e+00,1.432483e+00,1.364423e+00,1.256491e+00,1.047208e+00,1.182134e+00,1.202000e+00,1.236110e+00,1.032728e+00,1.170722e+00,1.209000e+00,1.257688e+00,1.108755e+00,1.066840e+00,1.167609e+00,1.210468e+00,1.319258e+00,1.236529e+00,1.234146e+00,1.048107e-01,1.032728e+00,1.432483e+00
5.318000e+00,9.284500e-01,1.311298e+00,1.306547e+00,1.286484e+00,1.173633e+00,1.271256e+00,1.368052e+00,1.406992e+00,1.432550e+00,1.365192e+00,1.257888e+00,1.048030e+00,1.182569e+00,1.202720e+00,1.237112e+00,1.033191e+00,1.171546e+00,1.211778e+00,1.258671e+00,1.109253e+00,1.067444e+00,1.168234e+00,1.211191e+00,1.320873e+00,1.236353e+00,1.234952e+00,1.047516e-01,1.033191e+00,1.432550e+00
5.319000e+00,9.286000e-01,1.312595e+00,1.307309e+00,1.288750e+00,1.174733e+00,1.272930e+00,1.368727e+00,1.407481e+00,1.431527e+00,1.365269e+00,1.259752e+00,1.048961e+00,1.182688e+00,1.202960e+00,1.237957e+00,1.033654e+00,1.171134e+00,1.212778e+00,1.260694e+00,1.109752e+00,1.068047e+00,1.168859e+00,1.212553e+00,1.321179e+00,1.236647e+00,1.235706e+00,1.046939e-01,1.033654e+00,1.431527e+00
5.320000e+00,9.289500e-01,1.313282e+00,1.307982e+00,1.287578e+00,1.176033e+00,1.273814e+00,1.369213e+00,1.407404e+00,1.430336e+00,1.366000e+00,1.260901e+00,1.049113e+00,1.183518e+00,1.204240e+00,1.238880e+00,1.034117e+00,1.170241e+00,1.210556e+00,1.259884e+00,1.110251e+00,1.068651e+00,1.169484e+00,1.213745e+00,1.322445e+00,1.237353e+00,1.236043e+00,1.045748e-01,1.034117e+00,1.430336e+00
5.321000e+00,9.292000e-01,1.314198e+00,1.310224e+00,1.288281e+00,1.177233e+00,1.274791e+00,1.370449e+00,1.407712e+00,1.429329e+00,1.366692e+00,1.261615e+00,1.048983e+00,1.184348e+00,1.205920e+00,1.240000e+00,1.034582e+00,1.170344e+00,1.213222e+00,1.261618e+00,1.110750e+00,1.069254e+00,1.170109e+00,1.214979e+00,1.323712e+00,1.238294e+00,1.236943e+00,1.045949e-01,1.034582e+00,1.429329e+00
5.322000e+00,9.294800e-01,1.314885e+00,1.310314e+00,1.288359e+00,1.178633e+00,1.276000e+00,1.371011e+00,1.407995e+00,1.429060e+00,1.367692e+00,1.263168e+00,1.049351e+00,1.184704e+00,1.205920e+00,1.240570e+00,1.035046e+00,1.170825e+00,1.216000e+00,1.262428e+00,1.111250e+00,1.069858e+00,1.170734e+00,1.215532e+00,1.324105e+00,1.238706e+00,1.237589e+00,1.045264e-01,1.035046e+00,1.429060e+00
5.323000e+00,9.296700e-01,1.315420e+00,1.310852e+00,1.288828e+00,1.179667e+00,1.276791e+00,1.371124e+00,1.408175e+00,1.429228e+00,1.367885e+00,1.264068e+00,1.049848e+00,1.184941e+00,1.205680e+00,1.241906e+00,1.035511e+00,1.171581e+00,1.214889e+00,1.263179e+00,1.111750e+00,1.070462e+00,1.171359e+00,1.216638e+00,1.324323e+00,1.239647e+00,1.238073e+00,1.044447e-01,1.035511e+00,1.429228e+00
5.324000e+00,9.299700e-01,1.318321e+00,1.312152e+00,1.292812e+00,1.180867e+00,1.278279e+00,1.371311e+00,1.408869e+00,1.429312e+00,1.368462e+00,1.265466e+00,1.050606e+00,1.186126e+00,1.206800e+00,1.242731e+00,1.035976e+00,1.171512e+00,1.217444e+00,1.263237e+00,1.112250e+00,1.071067e+00,1.171984e+00,1.217404e+00,1.324672e+00,1.240412e+00,1.239086e+00,1.045292e-01,1.035976e+00,1.429312e+00
5.325000e+00,9.303400e-01,1.318855e+00,1.313453e+00,1.291953e+00,1.182300e+00,1.278558e+00,1.372210e+00,1.409743e+00,1.430050e+00,1.369615e+00,1.267112e+00,1.051104e+00,1.185968e+00,1.207760e+00,1.243045e+00,1.036442e+00,1.172234e+00,1.217667e+00,1.263757e+00,1.112751e+00,1.071671e+00,1.172608e+00,1.218936e+00,1.325066e+00,1.241294e+00,1.239756e+00,1.045954e-01,1.036442e+00,1.430050e+00
5.326000e+00,9.306500e-01,1.318473e+00,1.314170e+00,1.293516e+00,1.183367e+00,1.280233e+00,1.372697e+00,1.410437e+00,1.431292e+00,1.370346e+00,1.267826e+00,1.051234e+00,1.186324e+00,1.208720e+00,1.243615e+00,1.036908e+00,1.173299e+00,1.217222e+00,1.266012e+00,1.113252e+00,1.072276e+00,1.173233e+00,1.218596e+00,1.325939e+00,1.242059e+00,1.240460e+00,1.047331e-01,1.036908e+00,1.431292e+00
5.327000e+00,9.307500e-01,1.319237e+00,1.315426e+00,1.295625e+00,1.184267e+00,1.280651e+00,1.372547e+00,1.411234e+00,1.432718e+00,1.372000e+00,1.268602e+00,1.051840e+00,1.187154e+00,1.209600e+00,1.243674e+00,1.037375e+00,1.173711e+00,1.219222e+00,1.266821e+00,1.113753e+00,1.072881e+00,1.173857e+00,1.219787e+00,1.326114e+00,1.242353e+00,1.241269e+00,1.048535e-01,1.037375e+00,1.432718e+00
5.328000e+00,9.309100e-01,1.321450e+00,1.316323e+00,1.296250e+00,1.185133e+00,1.282279e+00,1.373371e+00,1.411979e+00,1.433792e+00,1.372769e+00,1.269876e+00,1.052684e+00,1.187945e+00,1.210240e+00,1.244440e+00,1.037842e+00,1.174536e+00,1.221222e+00,1.267225e+00,1.114255e+00,1.073486e+00,1.174482e+00,1.220468e+00,1.326550e+00,1.243647e+00,1.242177e+00,1.049632e-01,1.037842e+00,1.433792e+00
5.329000e+00,9.312800e-01,1.322214e+00,1.318117e+00,1.298047e+00,1.186300e+00,1.282605e+00,1.374757e+00,1.412391e+00,1.434228e+00,1.374154e+00,1.271242e+00,1.053117e+00,1.188735e+00,1.213040e+00,1.244617e+00,1.038309e+00,1.174914e+00,1.221556e+00,1.266994e+00,1.114757e+00,1.074092e+00,1.175106e+00,1.220766e+00,1.327904e+00,1.244059e+00,1.243001e+00,1.051014e-01,1.038309e+00,1.434228e+00
5.330000e+00,9.315000e-01,1.322443e+00,1.318834e+00,1.299453e+00,1.186800e+00,1.283721e+00,1.374307e+00,1.413239e+00,1.435319e+00,1.374231e+00,1.271988e+00,1.054113e+00,1.188893e+00,1.212560e+00,1.244990e+00,1.038777e+00,1.176289e+00,1.222556e+00,1.268844e+00,1.115259e+00,1.074698e+00,1.175730e+00,1.222043e+00,1.328865e+00,1.245529e+00,1.243728e+00,1.050974e-01,1.038777e+00,1.435319e+00
5.331000e+00,9.319100e-01,1.323664e+00,1.319686e+00,1.300625e+00,1.187733e+00,1.284326e+00,1.374120e+00,1.414756e+00,1.436577e+00,1.375538e+00,1.273106e+00,1.054351e+00,1.188854e+00,1.212720e+00,1.245796e+00,1.039245e+00,1.176942e+00,1.224444e+00,1.269538e+00,1.115762e+00,1.075304e+00,1.176413e+00,1.223149e+00,1.330087e+00,1.246529e+00,1.244553e+00,1.053089e-01,1.039245e+00,1.436577e+00
5.332000e+00,9.320400e-01,1.324809e+00,1.321659e+00,1.300078e+00,1.188033e+00,1.285023e+00,1.374944e+00,1.415964e+00,1.437550e+00,1.376731e+00,1.273261e+00,1.055087e+00,1.189328e+00,1.213280e+00,1.246719e+00,1.039714e+00,1.177526e+00,1.224556e+00,1.268844e+00,1.116265e+00,1.075910e+00,1.177095e+00,1.224170e+00,1.331747e+00,1.246706e+00,1.245208e+00,1.054873e-01,1.039714e+00,1.437550e+00
5.333000e+00,9.321600e-01,1.325649e+00,1.322242e+00,1.301641e+00,1.189233e+00,1.285860e+00,1.375955e+00,1.417172e+00,1.438389e+00,1.377808e+00,1.274441e+00,1.055844e+00,1.189368e+00,1.216400e+00,1.247976e+00,1.040183e+00,1.178247e+00,1.225000e+00,1.270751e+00,1.116769e+00,1.076516e+00,1.177776e+00,1.224255e+00,1.332052e+00,1.248588e+00,1.246172e+00,1.056060e-01,1.040183e+00,1.438389e+00
5.334000e+00,9.325700e-01,1.326565e+00,1.323946e+00,1.302031e+00,1.189600e+00,1.287442e+00,1.376742e+00,1.418817e+00,1.439732e+00,1.379231e+00,1.275745e+00,1.056883e+00,1.190988e+00,1.216960e+00,1.249096e+00,1.040652e+00,1.179038e+00,1.227889e+00,1.271040e+00,1.117273e+00,1.077123e+00,1.178456e+00,1.224894e+00,1.333013e+00,1.249529e+00,1.247195e+00,1.057964e-01,1.040652e+00,1.439732e+00
5.335000e+00,9.328000e-01,1.327023e+00,1.324036e+00,1.305078e+00,1.190233e+00,1.288465e+00,1.376667e+00,1.419794e+00,1.440805e+00,1.379885e+00,1.276646e+00,1.057273e+00,1.190672e+00,1.217760e+00,1.250138e+00,1.041122e+00,1.179725e+00,1.227778e+00,1.271329e+00,1.117777e+00,1.077730e+00,1.179135e+00,1.225957e+00,1.334017e+00,1.250647e+00,1.247904e+00,1.059273e-01,1.041122e+00,1.440805e+00
5.336000e+00,9.331000e-01,1.327557e+00,1.325247e+00,1.307031e+00,1.191100e+00,1.289395e+00,1.376929e+00,1.421568e+00,1.441711e+00,1.381154e+00,1.277950e+00,1.058160e+00,1.191383e+00,1.217840e+00,1.251611e+00,1.041592e+00,1.180481e+00,1.228889e+00,1.272601e+00,1.118282e+00,1.078337e+00,1.179814e+00,1.227149e+00,1.334105e+00,1.252235e+00,1.248838e+00,1.060746e-01,1.041592e+00,1.441711e+00
5.337000e+00,9.332100e-01,1.328550e+00,1.326951e+00,1.308594e+00,1.191400e+00,1.291628e+00,1.377303e+00,1.422468e+00,1.442852e+00,1.381154e+00,1.278571e+00,1.058896e+00,1.191344e+00,1.218880e+00,1.251847e+00,1.042063e+00,1.181821e+00,1.230111e+00,1.273179e+00,1.118787e+00,1.078945e+00,1.180492e+00,1.227574e+00,1.334934e+00,1.252882e+00,1.249634e+00,1.061906e-01,1.042063e+00,1.442852e+00
5.338000e+00,9.335300e-01,1.329771e+00,1.327040e+00,1.309297e+00,1.191500e+00,1.291581e+00,1.378202e+00,1.423213e+00,1.443943e+00,1.380808e+00,1.279037e+00,1.059481e+00,1.191265e+00,1.221440e+00,1.252456e+00,1.042534e+00,1.182302e+00,1.231556e+00,1.274104e+00,1.119292e+00,1.079553e+00,1.181169e+00,1.227915e+00,1.334367e+00,1.253765e+00,1.250233e+00,1.061800e-01,1.042534e+00,1.443943e+00
5.339000e+00,9.337400e-01,1.330992e+00,1.326951e+00,1.310000e+00,1.190800e+00,1.291209e+00,1.378577e+00,1.424293e+00,1.445117e+00,1.379654e+00,1.280528e+00,1.060563e+00,1.191897e+00,1.221120e+00,1.252554e+00,1.043006e+00,1.182680e+00,1.231222e+00,1.274913e+00,1.119798e+00,1.080161e+00,1.181845e+00,1.226638e+00,1.334454e+00,1.255176e+00,1.250590e+00,1.061841e-01,1.043006e+00,1.445117e+00
5.340000e+00,9.340400e-01,1.331527e+00,1.325291e+00,1.310312e+00,1.191567e+00,1.291535e+00,1.379513e+00,1.425347e+00,1.446074e+00,1.378923e+00,1.281677e+00,1.061494e+00,1.191660e+00,1.222720e+00,1.252633e+00,1.043478e+00,1.183849e+00,1.233333e+00,1.275029e+00,1.120304e+00,1.080770e+00,1.182520e+00,1.226043e+00,1.335721e+00,1.256647e+00,1.251165e+00,1.061152e-01,1.043478e+00,1.446074e+00
5.341000e+00,9.343900e-01,1.332137e+00,1.324709e+00,1.311875e+00,1.191833e+00,1.292419e+00,1.379738e+00,1.425861e+00,1.446795e+00,1.378731e+00,1.282547e+00,1.062100e+00,1.190870e+00,1.222880e+00,1.252731e+00,1.043950e+00,1.184124e+00,1.232333e+00,1.275318e+00,1.120810e+00,1.081379e+00,1.183195e+00,1.226809e+00,1.336769e+00,1.257294e+00,1.251550e+00,1.061448e-01,1.043950e+00,1.446795e+00
5.342000e+00,9.346700e-01,1.332977e+00,1.325471e+00,1.312578e+00,1.193067e+00,1.293023e+00,1.380562e+00,1.426504e+00,1.447030e+00,1.379308e+00,1.283385e+00,1.062965e+00,1.190316e+00,1.223200e+00,1.252534e+00,1.044423e+00,1.185155e+00,1.235556e+00,1.274509e+00,1.121317e+00,1.081988e+00,1.183817e+00,1.227064e+00,1.338341e+00,1.258294e+00,1.252224e+00,1.061521e-01,1.044423e+00,1.447030e+00
5.343000e+00,9.348300e-01,1.333740e+00,1.324843e+00,1.315000e+00,1.194067e+00,1.292837e+00,1.381536e+00,1.426941e+00,1.447466e+00,1.379808e+00,1.284068e+00,1.063615e+00,1.190988e+00,1.225440e+00,1.253065e+00,1.044896e+00,1.185670e+00,1.236333e+00,1.272948e+00,1.121824e+00,1.082597e+00,1.184439e+00,1.227830e+00,1.338559e+00,1.259471e+00,1.252833e+00,1.060959e-01,1.044896e+00,1.447466e+00
5.344000e+00,9.351900e-01,1.335115e+00,1.325336e+00,1.316563e+00,1.195200e+00,1.294140e+00,1.381498e+00,1.427943e+00,1.447718e+00,1.381154e+00,1.285404e+00,1.064913e+00,1.191225e+00,1.226320e+00,1.253752e+00,1.045369e+00,1.186392e+00,1.235556e+00,1.271734e+00,1.122332e+00,1.083207e+00,1.185061e+00,1.228766e+00,1.339214e+00,1.260000e+00,1.253496e+00,1.061141e-01,1.045369e+00,1.447718e+00
5.345000e+00,9.353900e-01,1.337863e+00,1.326682e+00,1.318828e+00,1.196767e+00,1.294651e+00,1.382322e+00,1.428406e+00,1.447634e+00,1.381923e+00,1.286553e+00,1.065649e+00,1.191186e+00,1.225440e+00,1.253242e+00,1.045843e+00,1.187182e+00,1.237111e+00,1.273353e+00,1.122840e+00,1.083872e+00,1.185683e+00,1.229617e+00,1.339432e+00,1.260000e+00,1.254253e+00,1.061998e-01,1.045843e+00,1.447634e+00
5.346000e+00,9.355200e-01,1.336794e+00,1.327982e+00,1.317187e+00,1.198100e+00,1.295349e+00,1.383333e+00,1.428972e+00,1.447919e+00,1.383269e+00,1.287422e+00,1.065801e+00,1.192253e+00,1.228320e+00,1.252220e+00,1.046318e+00,1.188110e+00,1.238444e+00,1.272659e+00,1.123348e+00,1.084536e+00,1.186304e+00,1.230936e+00,1.340131e+00,1.260588e+00,1.254846e+00,1.061122e-01,1.046318e+00,1.447919e+00
5.347000e+00,9.359100e-01,1.337405e+00,1.328520e+00,1.320859e+00,1.198467e+00,1.296186e+00,1.383371e+00,1.429820e+00,1.448507e+00,1.384038e+00,1.288478e+00,1.066580e+00,1.192609e+00,1.228080e+00,1.251572e+00,1.046792e+00,1.188247e+00,1.240222e+00,1.273642e+00,1.123856e+00,1.085199e+00,1.186925e+00,1.231149e+00,1.340437e+00,1.261000e+00,1.255498e+00,1.062132e-01,1.046792e+00,1.448507e+00
5.348000e+00,9.360900e-01,1.338168e+00,1.329372e+00,1.322188e+00,1.199800e+00,1.297116e+00,1.384195e+00,1.431285e+00,1.449128e+00,1.385231e+00,1.289317e+00,1.067035e+00,1.193439e+00,1.228960e+00,1.251749e+00,1.047267e+00,1.188866e+00,1.240667e+00,1.273988e+00,1.124365e+00,1.085862e+00,1.187546e+00,1.232936e+00,1.340830e+00,1.261765e+00,1.256295e+00,1.063325e-01,1.047267e+00,1.449128e+00
5.349000e+00,9.364900e-01,1.339695e+00,1.330583e+00,1.323984e+00,1.201100e+00,1.298279e+00,1.384719e+00,1.431979e+00,1.449849e+00,1.387269e+00,1.289099e+00,1.067662e+00,1.193715e+00,1.230000e+00,1.252083e+00,1.047743e+00,1.189588e+00,1.240889e+00,1.275087e+00,1.124875e+00,1.086523e+00,1.188166e+00,1.233489e+00,1.341354e+00,1.263176e+00,1.257121e+00,1.064933e-01,1.047743e+00,1.449849e+00
5.350000e+00,9.367300e-01,1.340458e+00,1.332332e+00,1.323984e+00,1.201900e+00,1.299860e+00,1.384944e+00,1.432725e+00,1.449899e+00,1.389269e+00,1.288758e+00,1.068203e+00,1.193636e+00,1.230480e+00,1.252829e+00,1.048219e+00,1.190447e+00,1.241111e+00,1.275723e+00,1.125384e+00,1.087184e+00,1.188786e+00,1.235319e+00,1.342533e+00,1.263588e+00,1.257816e+00,1.065738e-01,1.048219e+00,1.449899e+00
5.351000e+00,9.368800e-01,1.341298e+00,1.333229e+00,1.325391e+00,1.202567e+00,1.300465e+00,1.385506e+00,1.432596e+00,1.448943e+00,1.390000e+00,1.289068e+00,1.068701e+00,1.193874e+00,1.231040e+00,1.254067e+00,1.048695e+00,1.191512e+00,1.243667e+00,1.277052e+00,1.125894e+00,1.087844e+00,1.189457e+00,1.236383e+00,1.342314e+00,1.263941e+00,1.258479e+00,1.064191e-01,1.048695e+00,1.448943e+00
5.352000e+00,9.371400e-01,1.341679e+00,1.334439e+00,1.324375e+00,1.202700e+00,1.302419e+00,1.386704e+00,1.432596e+00,1.447936e+00,1.391000e+00,1.288478e+00,1.069113e+00,1.195138e+00,1.234160e+00,1.255285e+00,1.049172e+00,1.191512e+00,1.243333e+00,1.277688e+00,1.126405e+00,1.088502e+00,1.190128e+00,1.236936e+00,1.343537e+00,1.265294e+00,1.259105e+00,1.063211e-01,1.049172e+00,1.447936e+00
5.353000e+00,9.372200e-01,1.342824e+00,1.335740e+00,1.325391e+00,1.203967e+00,1.303395e+00,1.387378e+00,1.432751e+00,1.448037e+00,1.391846e+00,1.288137e+00,1.069892e+00,1.195889e+00,1.233920e+00,1.256130e+00,1.049649e+00,1.192337e+00,1.244000e+00,1.278439e+00,1.126915e+00,1.089160e+00,1.190798e+00,1.238085e+00,1.343843e+00,1.266529e+00,1.259794e+00,1.062824e-01,1.049649e+00,1.448037e+00
5.354000e+00,9.377000e-01,1.345115e+00,1.337175e+00,1.326563e+00,1.204533e+00,1.304279e+00,1.387978e+00,1.433470e+00,1.448356e+00,1.393038e+00,1.289006e+00,1.070130e+00,1.195850e+00,1.234480e+00,1.256857e+00,1.050127e+00,1.193230e+00,1.245333e+00,1.281214e+00,1.127426e+00,1.089766e+00,1.191467e+00,1.238723e+00,1.344236e+00,1.267824e+00,1.260674e+00,1.064591e-01,1.050127e+00,1.448356e+00
5.355000e+00,9.376900e-01,1.345038e+00,1.338027e+00,1.328281e+00,1.205000e+00,1.305581e+00,1.388015e+00,1.434319e+00,1.449664e+00,1.394462e+00,1.290217e+00,1.070974e+00,1.196443e+00,1.235600e+00,1.257583e+00,1.050605e+00,1.194021e+00,1.245778e+00,1.281561e+00,1.127938e+00,1.090370e+00,1.192135e+00,1.239872e+00,1.345633e+00,1.268588e+00,1.261488e+00,1.065838e-01,1.050605e+00,1.449664e+00
5.356000e+00,9.380600e-01,1.342977e+00,1.339327e+00,1.330000e+00,1.206033e+00,1.306791e+00,1.387191e+00,1.435116e+00,1.449933e+00,1.395538e+00,1.290839e+00,1.072100e+00,1.196403e+00,1.235920e+00,1.258310e+00,1.051084e+00,1.194158e+00,1.246778e+00,1.281965e+00,1.128449e+00,1.090971e+00,1.192753e+00,1.241362e+00,1.345939e+00,1.269176e+00,1.262046e+00,1.064790e-01,1.051084e+00,1.449933e+00
5.357000e+00,9.382300e-01,1.343893e+00,1.341211e+00,1.330703e+00,1.206800e+00,1.307442e+00,1.387416e+00,1.436221e+00,1.451174e+00,1.396269e+00,1.291335e+00,1.072446e+00,1.197194e+00,1.236960e+00,1.258841e+00,1.051562e+00,1.194605e+00,1.248778e+00,1.283642e+00,1.128962e+00,1.091569e+00,1.193420e+00,1.241489e+00,1.347074e+00,1.269765e+00,1.262865e+00,1.066454e-01,1.051562e+00,1.451174e+00
5.358000e+00,9.385400e-01,1.344275e+00,1.341883e+00,1.332266e+00,1.207467e+00,1.308651e+00,1.387790e+00,1.436915e+00,1.452970e+00,1.396808e+00,1.292112e+00,1.073680e+00,1.197826e+00,1.237840e+00,1.258762e+00,1.052042e+00,1.194948e+00,1.248444e+00,1.284335e+00,1.129474e+00,1.092162e+00,1.194086e+00,1.242426e+00,1.347686e+00,1.270706e+00,1.263565e+00,1.067330e-01,1.052042e+00,1.452970e+00
5.359000e+00,9.388900e-01,1.343359e+00,1.342870e+00,1.331641e+00,1.208233e+00,1.310326e+00,1.388052e+00,1.437815e+00,1.453742e+00,1.397654e+00,1.293230e+00,1.074524e+00,1.198933e+00,1.238160e+00,1.258762e+00,1.052521e+00,1.195773e+00,1.246444e+00,1.285607e+00,1.129987e+00,1.092752e+00,1.194752e+00,1.243191e+00,1.346463e+00,1.271471e+00,1.264011e+00,1.066581e-01,1.052521e+00,1.453742e+00
5.360000e+00,9.392300e-01,1.346489e+00,1.343722e+00,1.332656e+00,1.209133e+00,1.310651e+00,1.389139e+00,1.438766e+00,1.454765e+00,1.398269e+00,1.294441e+00,1.075108e+00,1.199328e+00,1.240160e+00,1.259705e+00,1.053001e+00,1.196495e+00,1.247556e+00,1.286474e+00,1.130500e+00,1.093396e+00,1.195417e+00,1.243830e+00,1.347293e+00,1.272529e+00,1.264951e+00,1.068369e-01,1.053001e+00,1.454765e+00
5.361000e+00,9.393500e-01,1.345954e+00,1.346099e+00,1.335078e+00,1.210367e+00,1.311674e+00,1.389476e+00,1.439717e+00,1.455872e+00,1.399615e+00,1.295745e+00,1.076039e+00,1.199486e+00,1.240960e+00,1.259666e+00,1.053482e+00,1.196976e+00,1.248111e+00,1.286994e+00,1.131013e+00,1.094038e+00,1.196081e+00,1.245532e+00,1.347467e+00,1.273471e+00,1.265788e+00,1.069719e-01,1.053482e+00,1.455872e+00
5.362000e+00,9.394900e-01,1.345496e+00,1.346323e+00,1.337422e+00,1.211400e+00,1.312186e+00,1.390899e+00,1.440386e+00,1.456594e+00,1.400385e+00,1.296863e+00,1.076450e+00,1.199644e+00,1.239680e+00,1.259804e+00,1.053963e+00,1.198454e+00,1.247667e+00,1.287225e+00,1.131527e+00,1.094678e+00,1.196744e+00,1.245830e+00,1.347729e+00,1.273941e+00,1.266304e+00,1.070601e-01,1.053963e+00,1.456594e+00
5.363000e+00,9.398500e-01,1.348321e+00,1.347399e+00,1.338750e+00,1.212267e+00,1.313256e+00,1.392172e+00,1.441234e+00,1.457567e+00,1.400269e+00,1.297640e+00,1.077100e+00,1.200119e+00,1.242880e+00,1.260413e+00,1.054444e+00,1.198900e+00,1.248667e+00,1.289364e+00,1.132041e+00,1.095316e+00,1.197407e+00,1.246383e+00,1.348646e+00,1.274824e+00,1.267307e+00,1.072183e-01,1.054444e+00,1.457567e+00
5.364000e+00,9.400400e-01,1.347863e+00,1.348161e+00,1.337734e+00,1.213700e+00,1.313907e+00,1.392285e+00,1.442494e+00,1.458070e+00,1.400500e+00,1.297919e+00,1.078095e+00,1.201146e+00,1.241600e+00,1.260786e+00,1.054926e+00,1.198660e+00,1.250667e+00,1.289711e+00,1.132556e+00,1.095951e+00,1.198069e+00,1.247489e+00,1.348777e+00,1.276000e+00,1.267794e+00,1.071026e-01,1.054926e+00,1.458070e+00
5.365000e+00,9.403000e-01,1.348321e+00,1.348520e+00,1.338984e+00,1.215400e+00,1.314558e+00,1.392921e+00,1.443162e+00,1.458389e+00,1.402038e+00,1.299255e+00,1.078766e+00,1.201937e+00,1.243360e+00,1.262083e+00,1.055408e+00,1.199278e+00,1.251000e+00,1.289711e+00,1.133071e+00,1.096583e+00,1.198730e+00,1.247915e+00,1.349214e+00,1.276588e+00,1.268550e+00,1.071086e-01,1.055408e+00,1.458389e+00
5.366000e+00,9.405200e-01,1.350840e+00,1.351031e+00,1.339922e+00,1.216100e+00,1.315907e+00,1.393970e+00,1.444113e+00,1.459228e+00,1.403692e+00,1.300497e+00,1.079113e+00,1.202372e+00,1.244400e+00,1.263477e+00,1.055890e+00,1.200481e+00,1.252444e+00,1.290578e+00,1.133586e+00,1.097213e+00,1.199390e+00,1.248553e+00,1.350611e+00,1.277118e+00,1.269605e+00,1.074069e-01,1.055890e+00,1.459228e+00
5.367000e+00,9.408300e-01,1.351527e+00,1.351570e+00,1.341641e+00,1.216400e+00,1.316744e+00,1.395056e+00,1.445141e+00,1.460235e+00,1.404885e+00,1.301708e+00,1.079589e+00,1.202806e+00,1.244720e+00,1.264735e+00,1.056373e+00,1.200378e+00,1.254222e+00,1.290983e+00,1.134102e+00,1.097840e+00,1.200050e+00,1.249745e+00,1.351572e+00,1.277235e+00,1.270386e+00,1.076098e-01,1.056373e+00,1.460235e+00
5.368000e+00,9.410500e-01,1.352137e+00,1.351480e+00,1.342500e+00,1.216633e+00,1.317442e+00,1.395618e+00,1.446015e+00,1.460436e+00,1.405731e+00,1.302050e+00,1.079437e+00,1.202569e+00,1.245040e+00,1.266149e+00,1.056857e+00,1.200687e+00,1.253556e+00,1.290636e+00,1.134618e+00,1.098464e+00,1.200709e+00,1.250766e+00,1.352227e+00,1.278412e+00,1.270840e+00,1.077007e-01,1.056857e+00,1.460436e+00
5.369000e+00,9.414000e-01,1.354046e+00,1.353453e+00,1.345078e+00,1.216000e+00,1.318326e+00,1.396704e+00,1.446838e+00,1.461007e+00,1.407192e+00,1.303292e+00,1.078853e+00,1.202846e+00,1.246640e+00,1.266994e+00,1.057340e+00,1.200928e+00,1.256444e+00,1.292254e+00,1.135134e+00,1.099085e+00,1.201367e+00,1.251787e+00,1.353362e+00,1.278412e+00,1.271808e+00,1.080732e-01,1.057340e+00,1.461007e+00
5.370000e+00,9.416500e-01,1.354504e+00,1.354395e+00,1.346094e+00,1.216300e+00,1.320000e+00,1.397303e+00,1.448021e+00,1.461443e+00,1.408346e+00,1.304503e+00,1.078615e+00,1.203439e+00,1.248160e+00,1.267996e+00,1.057825e+00,1.201821e+00,1.256000e+00,1.292775e+00,1.135651e+00,1.099702e+00,1.202025e+00,1.252383e+00,1.353886e+00,1.278941e+00,1.272505e+00,1.082406e-01,1.057825e+00,1.461443e+00
5.371000e+00,9.418300e-01,1.355649e+00,1.354753e+00,1.346406e+00,1.216100e+00,1.319721e+00,1.397640e+00,1.448972e+00,1.462483e+00,1.410154e+00,1.305621e+00,1.078831e+00,1.204545e+00,1.247680e+00,1.268625e+00,1.058309e+00,1.202027e+00,1.256778e+00,1.292254e+00,1.136168e+00,1.100316e+00,1.202681e+00,1.253106e+00,1.355109e+00,1.279647e+00,1.273066e+00,1.084136e-01,1.058309e+00,1.462483e+00
5.372000e+00,9.422000e-01,1.356412e+00,1.356457e+00,1.348125e+00,1.216800e+00,1.320326e+00,1.399288e+00,1.449692e+00,1.463591e+00,1.411423e+00,1.306739e+00,1.079654e+00,1.204941e+00,1.247920e+00,1.269332e+00,1.058794e+00,1.202509e+00,1.259889e+00,1.294046e+00,1.136685e+00,1.100926e+00,1.203337e+00,1.251745e+00,1.355677e+00,1.280471e+00,1.273949e+00,1.086371e-01,1.058794e+00,1.463591e+00
5.373000e+00,9.423400e-01,1.357328e+00,1.357623e+00,1.348906e+00,1.217400e+00,1.320279e+00,1.399963e+00,1.450848e+00,1.465050e+00,1.412962e+00,1.306677e+00,1.080108e+00,1.205455e+00,1.247440e+00,1.270334e+00,1.059280e+00,1.203162e+00,1.259000e+00,1.294277e+00,1.137202e+00,1.101532e+00,1.203993e+00,1.251191e+00,1.356550e+00,1.281118e+00,1.274487e+00,1.088621e-01,1.059280e+00,1.465050e+00
5.374000e+00,9.426600e-01,1.356947e+00,1.358430e+00,1.348672e+00,1.217700e+00,1.320093e+00,1.401011e+00,1.451568e+00,1.466208e+00,1.413692e+00,1.307578e+00,1.080628e+00,1.205810e+00,1.246960e+00,1.270196e+00,1.059765e+00,1.203196e+00,1.259889e+00,1.294277e+00,1.137720e+00,1.102133e+00,1.204647e+00,1.250766e+00,1.357598e+00,1.280118e+00,1.274817e+00,1.089542e-01,1.059765e+00,1.466208e+00
5.375000e+00,9.429300e-01,1.359389e+00,1.358475e+00,1.350156e+00,1.218967e+00,1.321209e+00,1.401423e+00,1.452339e+00,1.467634e+00,1.414538e+00,1.308106e+00,1.081299e+00,1.206206e+00,1.247680e+00,1.270236e+00,1.060252e+00,1.204055e+00,1.261889e+00,1.295087e+00,1.138239e+00,1.102644e+00,1.205256e+00,1.251957e+00,1.358079e+00,1.278824e+00,1.275581e+00,1.090836e-01,1.060252e+00,1.467634e+00
5.376000e+00,9.430400e-01,1.360458e+00,1.359686e+00,1.352422e+00,1.219567e+00,1.321767e+00,1.402172e+00,1.453728e+00,1.468540e+00,1.415154e+00,1.308789e+00,1.082468e+00,1.206838e+00,1.249440e+00,1.270904e+00,1.060738e+00,1.204089e+00,1.262556e+00,1.295029e+00,1.138757e+00,1.103141e+00,1.205909e+00,1.253021e+00,1.358079e+00,1.278824e+00,1.276336e+00,1.092003e-01,1.060738e+00,1.468540e+00
5.377000e+00,9.435100e-01,1.361221e+00,1.361166e+00,1.353672e+00,1.220300e+00,1.322140e+00,1.403371e+00,1.454473e+00,1.469044e+00,1.414885e+00,1.309317e+00,1.083139e+00,1.207668e+00,1.250160e+00,1.271218e+00,1.061225e+00,1.203299e+00,1.262111e+00,1.296821e+00,1.139276e+00,1.103625e+00,1.206515e+00,1.253702e+00,1.359127e+00,1.278882e+00,1.276932e+00,1.093057e-01,1.061225e+00,1.469044e+00
5.378000e+00,9.437600e-01,1.361985e+00,1.362422e+00,1.353750e+00,1.220633e+00,1.323907e+00,1.404382e+00,1.455476e+00,1.469883e+00,1.414538e+00,1.310435e+00,1.083658e+00,1.208458e+00,1.251200e+00,1.271591e+00,1.061713e+00,1.202818e+00,1.265222e+00,1.298266e+00,1.139796e+00,1.104095e+00,1.207120e+00,1.255021e+00,1.359825e+00,1.279471e+00,1.277736e+00,1.094041e-01,1.061713e+00,1.469883e+00
5.379000e+00,9.440500e-01,1.362137e+00,1.363004e+00,1.355000e+00,1.222333e+00,1.324744e+00,1.405169e+00,1.456632e+00,1.470822e+00,1.413885e+00,1.311398e+00,1.084545e+00,1.208735e+00,1.251520e+00,1.271925e+00,1.062201e+00,1.202509e+00,1.264667e+00,1.297572e+00,1.140316e+00,1.104551e+00,1.207724e+00,1.254894e+00,1.360393e+00,1.280059e+00,1.278197e+00,1.094408e-01,1.062201e+00,1.470822e+00
5.380000e+00,9.441900e-01,1.363130e+00,1.364439e+00,1.355234e+00,1.223233e+00,1.325767e+00,1.406142e+00,1.457224e+00,1.471560e+00,1.414308e+00,1.311894e+00,1.085195e+00,1.209565e+00,1.253920e+00,1.272200e+00,1.062689e+00,1.203643e+00,1.265222e+00,1.296590e+00,1.140836e+00,1.104994e+00,1.208327e+00,1.257277e+00,1.360218e+00,1.281412e+00,1.278959e+00,1.094202e-01,1.062689e+00,1.471560e+00
5.381000e+00,9.443700e-01,1.364351e+00,1.365381e+00,1.356484e+00,1.224700e+00,1.326791e+00,1.407266e+00,1.457609e+00,1.471913e+00,1.414000e+00,1.312391e+00,1.085931e+00,1.209447e+00,1.253840e+00,1.272633e+00,1.063178e+00,1.203952e+00,1.266778e+00,1.295665e+00,1.141356e+00,1.105424e+00,1.208928e+00,1.258596e+00,1.361397e+00,1.282059e+00,1.279586e+00,1.094510e-01,1.063178e+00,1.471913e+00
5.382000e+00,9.446700e-01,1.364885e+00,1.366054e+00,1.358516e+00,1.226033e+00,1.328186e+00,1.408202e+00,1.457918e+00,1.471661e+00,1.415346e+00,1.313634e+00,1.086515e+00,1.209960e+00,1.254160e+00,1.272672e+00,1.063667e+00,1.204639e+00,1.268000e+00,1.294913e+00,1.141877e+00,1.105841e+00,1.209528e+00,1.259787e+00,1.362271e+00,1.283059e+00,1.280305e+00,1.094975e-01,1.063667e+00,1.471661e+00
5.383000e+00,9.448500e-01,1.365344e+00,1.366188e+00,1.358750e+00,1.227100e+00,1.328419e+00,1.409101e+00,1.457301e+00,1.470185e+00,1.415692e+00,1.315000e+00,1.087186e+00,1.210356e+00,1.254720e+00,1.273556e+00,1.064157e+00,1.204845e+00,1.268222e+00,1.295145e+00,1.142398e+00,1.106248e+00,1.210127e+00,1.260681e+00,1.363843e+00,1.283353e+00,1.280746e+00,1.092944e-01,1.064157e+00,1.470185e+00
5.384000e+00,9.452600e-01,1.366947e+00,1.366861e+00,1.359922e+00,1.227767e+00,1.329814e+00,1.409700e+00,1.456812e+00,1.469178e+00,1.417423e+00,1.315217e+00,1.088095e+00,1.211423e+00,1.256000e+00,1.274224e+00,1.064646e+00,1.204742e+00,1.270222e+00,1.295260e+00,1.142919e+00,1.106644e+00,1.210725e+00,1.261787e+00,1.364279e+00,1.284765e+00,1.281474e+00,1.092125e-01,1.064646e+00,1.469178e+00
5.385000e+00,9.454400e-01,1.367481e+00,1.368027e+00,1.358125e+00,1.229533e+00,1.330326e+00,1.410899e+00,1.456761e+00,1.468540e+00,1.417885e+00,1.315901e+00,1.088571e+00,1.212213e+00,1.256400e+00,1.275010e+00,1.065137e+00,1.206014e+00,1.271667e+00,1.296243e+00,1.143441e+00,1.107032e+00,1.211321e+00,1.262426e+00,1.365197e+00,1.285588e+00,1.282072e+00,1.090462e-01,1.065137e+00,1.468540e+00
5.386000e+00,9.456200e-01,1.368931e+00,1.368610e+00,1.360156e+00,1.230300e+00,1.330977e+00,1.411049e+00,1.456967e+00,1.468507e+00,1.418846e+00,1.316398e+00,1.089156e+00,1.212688e+00,1.258320e+00,1.275972e+00,1.065628e+00,1.205876e+00,1.272667e+00,1.296763e+00,1.143963e+00,1.107411e+00,1.211916e+00,1.262936e+00,1.365808e+00,1.286294e+00,1.282756e+00,1.090769e-01,1.065628e+00,1.468507e+00
5.387000e+00,9.459900e-01,1.370076e+00,1.369103e+00,1.361250e+00,1.231033e+00,1.332605e+00,1.411498e+00,1.458098e+00,1.469144e+00,1.420192e+00,1.317298e+00,1.090173e+00,1.212134e+00,1.259360e+00,1.276542e+00,1.066119e+00,1.206873e+00,1.273111e+00,1.298266e+00,1.144485e+00,1.107784e+00,1.212510e+00,1.263872e+00,1.365808e+00,1.287235e+00,1.283524e+00,1.091936e-01,1.066119e+00,1.469144e+00
5.388000e+00,9.462100e-01,1.370611e+00,1.370359e+00,1.362891e+00,1.232000e+00,1.333395e+00,1.412397e+00,1.458946e+00,1.469782e+00,1.422577e+00,1.318447e+00,1.090563e+00,1.212925e+00,1.258720e+00,1.277564e+00,1.066611e+00,1.208041e+00,1.273778e+00,1.298439e+00,1.145008e+00,1.108151e+00,1.213154e+00,1.265489e+00,1.365852e+00,1.288176e+00,1.284328e+00,1.093795e-01,1.066611e+00,1.469782e+00
5.389000e+00,9.465000e-01,1.371145e+00,1.370628e+00,1.363750e+00,1.233433e+00,1.334884e+00,1.413221e+00,1.459769e+00,1.470470e+00,1.424308e+00,1.319348e+00,1.091861e+00,1.213162e+00,1.261040e+00,1.278114e+00,1.067103e+00,1.208076e+00,1.274111e+00,1.298960e+00,1.145531e+00,1.108514e+00,1.213798e+00,1.266043e+00,1.367249e+00,1.288412e+00,1.285122e+00,1.094820e-01,1.067103e+00,1.470470e+00
5.390000e+00,9.468500e-01,1.372214e+00,1.371749e+00,1.363672e+00,1.234000e+00,1.335535e+00,1.414532e+00,1.460746e+00,1.471510e+00,1.425885e+00,1.320404e+00,1.092035e+00,1.214032e+00,1.261120e+00,1.278271e+00,1.067595e+00,1.208900e+00,1.275556e+00,1.299538e+00,1.146054e+00,1.108875e+00,1.214441e+00,1.266936e+00,1.367293e+00,1.289235e+00,1.285839e+00,1.096732e-01,1.067595e+00,1.471510e+00
5.391000e+00,9.469600e-01,1.373511e+00,1.372287e+00,1.365547e+00,1.234767e+00,1.336744e+00,1.415393e+00,1.462082e+00,1.473138e+00,1.427385e+00,1.320994e+00,1.092771e+00,1.214545e+00,1.262560e+00,1.278978e+00,1.068094e+00,1.209381e+00,1.276000e+00,1.300347e+00,1.146578e+00,1.109233e+00,1.215083e+00,1.268128e+00,1.367336e+00,1.290647e+00,1.286730e+00,1.099191e-01,1.068094e+00,1.473138e+00
5.392000e+00,9.472400e-01,1.374351e+00,1.372152e+00,1.366641e+00,1.235867e+00,1.337907e+00,1.416142e+00,1.463342e+00,1.474497e+00,1.428462e+00,1.321118e+00,1.093290e+00,1.214664e+00,1.264400e+00,1.278841e+00,1.068593e+00,1.210103e+00,1.276556e+00,1.300520e+00,1.147102e+00,1.109591e+00,1.215724e+00,1.269149e+00,1.369345e+00,1.290941e+00,1.287471e+00,1.101154e-01,1.068593e+00,1.474497e+00
5.393000e+00,9.476000e-01,1.373969e+00,1.371614e+00,1.369063e+00,1.236033e+00,1.339023e+00,1.416929e+00,1.464422e+00,1.475604e+00,1.431192e+00,1.322236e+00,1.093896e+00,1.214704e+00,1.264480e+00,1.279371e+00,1.069093e+00,1.210103e+00,1.278444e+00,1.302543e+00,1.147627e+00,1.109950e+00,1.216365e+00,1.270000e+00,1.370917e+00,1.292647e+00,1.288343e+00,1.104158e-01,1.069093e+00,1.475604e+00
5.394000e+00,9.477600e-01,1.375420e+00,1.370852e+00,1.367734e+00,1.236700e+00,1.339674e+00,1.417865e+00,1.465398e+00,1.476745e+00,1.431808e+00,1.323075e+00,1.094113e+00,1.214545e+00,1.265200e+00,1.279293e+00,1.069593e+00,1.210447e+00,1.278889e+00,1.303757e+00,1.148151e+00,1.110310e+00,1.217004e+00,1.270766e+00,1.371354e+00,1.293059e+00,1.288823e+00,1.105090e-01,1.069593e+00,1.476745e+00
5.395000e+00,9.479100e-01,1.377023e+00,1.370852e+00,1.369609e+00,1.236833e+00,1.340419e+00,1.418652e+00,1.466684e+00,1.477584e+00,1.433231e+00,1.323478e+00,1.094957e+00,1.215257e+00,1.266000e+00,1.279136e+00,1.070094e+00,1.211581e+00,1.280333e+00,1.305145e+00,1.148677e+00,1.110673e+00,1.217644e+00,1.271830e+00,1.372227e+00,1.293176e+00,1.289629e+00,1.106847e-01,1.070094e+00,1.477584e+00
5.396000e+00,9.481600e-01,1.377557e+00,1.371659e+00,1.371875e+00,1.237300e+00,1.342605e+00,1.420150e+00,1.467815e+00,1.478943e+00,1.433692e+00,1.323571e+00,1.095801e+00,1.216798e+00,1.267360e+00,1.280118e+00,1.070595e+00,1.211753e+00,1.281111e+00,1.307283e+00,1.149202e+00,1.111039e+00,1.218282e+00,1.273234e+00,1.372489e+00,1.294176e+00,1.290600e+00,1.108723e-01,1.070595e+00,1.478943e+00
5.397000e+00,9.485500e-01,1.377481e+00,1.371794e+00,1.373438e+00,1.237700e+00,1.342791e+00,1.419963e+00,1.468792e+00,1.480134e+00,1.434692e+00,1.323913e+00,1.096255e+00,1.217431e+00,1.268080e+00,1.279528e+00,1.071096e+00,1.212268e+00,1.281222e+00,1.307514e+00,1.149728e+00,1.111409e+00,1.218920e+00,1.275149e+00,1.372969e+00,1.295588e+00,1.291161e+00,1.109403e-01,1.071096e+00,1.480134e+00
5.398000e+00,9.488000e-01,1.377405e+00,1.372646e+00,1.374141e+00,1.236800e+00,1.343721e+00,1.419363e+00,1.469023e+00,1.481477e+00,1.434846e+00,1.324317e+00,1.096970e+00,1.217510e+00,1.267600e+00,1.278350e+00,1.071598e+00,1.212887e+00,1.282778e+00,1.308497e+00,1.150254e+00,1.111783e+00,1.219557e+00,1.275404e+00,1.372882e+00,1.296000e+00,1.291492e+00,1.109395e-01,1.071598e+00,1.481477e+00
5.399000e+00,9.488200e-01,1.377328e+00,1.373857e+00,1.373594e+00,1.236767e+00,1.345023e+00,1.419213e+00,1.470180e+00,1.482450e+00,1.435808e+00,1.324783e+00,1.097576e+00,1.217826e+00,1.270640e+00,1.277485e+00,1.072100e+00,1.213540e+00,1.284556e+00,1.309364e+00,1.150780e+00,1.112164e+00,1.220193e+00,1.276298e+00,1.373188e+00,1.296765e+00,1.292145e+00,1.109801e-01,1.072100e+00,1.482450e+00
5.400000e+00,9.491700e-01,1.377328e+00,1.374036e+00,1.376328e+00,1.237267e+00,1.345581e+00,1.419850e+00,1.471183e+00,1.483658e+00,1.436346e+00,1.324876e+00,1.098030e+00,1.217945e+00,1.271600e+00,1.277583e+00,1.072603e+00,1.214158e+00,1.283444e+00,1.309191e+00,1.151307e+00,1.112550e+00,1.220829e+00,1.276723e+00,1.373668e+00,1.298176e+00,1.292678e+00,1.111265e-01,1.072603e+00,1.483658e+00
5.401000e+00,9.493400e-01,1.378168e+00,1.375785e+00,1.376406e+00,1.238467e+00,1.346605e+00,1.421199e+00,1.471748e+00,1.484094e+00,1.437423e+00,1.323509e+00,1.098766e+00,1.218854e+00,1.271200e+00,1.278153e+00,1.073106e+00,1.214742e+00,1.285444e+00,1.310520e+00,1.151834e+00,1.112942e+00,1.221464e+00,1.277957e+00,1.372795e+00,1.299059e+00,1.293343e+00,1.111413e-01,1.073106e+00,1.484094e+00
5.402000e+00,9.497800e-01,1.378550e+00,1.376233e+00,1.377578e+00,1.239433e+00,1.347070e+00,1.421386e+00,1.472699e+00,1.484883e+00,1.437846e+00,1.322733e+00,1.099264e+00,1.218854e+00,1.272400e+00,1.278310e+00,1.073610e+00,1.215739e+00,1.284667e+00,1.312139e+00,1.152361e+00,1.113341e+00,1.222098e+00,1.278298e+00,1.374148e+00,1.299588e+00,1.293884e+00,1.111997e-01,1.073610e+00,1.484883e+00
5.403000e+00,9.499600e-01,1.377405e+00,1.377399e+00,1.378359e+00,1.240333e+00,1.348000e+00,1.421835e+00,1.473111e+00,1.485688e+00,1.438923e+00,1.322888e+00,1.100065e+00,1.219842e+00,1.272320e+00,1.278743e+00,1.074114e+00,1.216392e+00,1.286000e+00,1.312139e+00,1.152889e+00,1.113747e+00,1.222732e+00,1.279745e+00,1.372926e+00,1.300882e+00,1.294436e+00,1.111240e-01,1.074114e+00,1.485688e+00
5.404000e+00,9.502600e-01,1.380458e+00,1.378475e+00,1.380469e+00,1.241467e+00,1.349070e+00,1.422772e+00,1.473702e+00,1.486728e+00,1.440769e+00,1.323727e+00,1.101082e+00,1.220040e+00,1.273600e+00,1.278664e+00,1.074618e+00,1.216976e+00,1.287111e+00,1.312312e+00,1.153417e+00,1.114160e+00,1.223365e+00,1.279489e+00,1.370437e+00,1.301529e+00,1.295185e+00,1.112951e-01,1.074618e+00,1.486728e+00
5.405000e+00,9.505100e-01,1.381145e+00,1.379955e+00,1.380703e+00,1.242533e+00,1.348837e+00,1.423933e+00,1.474781e+00,1.487131e+00,1.442308e+00,1.324720e+00,1.101710e+00,1.220830e+00,1.275280e+00,1.279273e+00,1.075123e+00,1.217045e+00,1.288444e+00,1.313642e+00,1.153946e+00,1.114580e+00,1.223997e+00,1.279447e+00,1.369345e+00,1.302706e+00,1.295892e+00,1.113715e-01,1.075123e+00,1.487131e+00
5.406000e+00,9.507000e-01,1.381374e+00,1.380583e+00,1.381641e+00,1.243533e+00,1.349116e+00,1.424270e+00,1.475861e+00,1.487819e+00,1.442923e+00,1.325280e+00,1.102576e+00,1.220435e+00,1.276800e+00,1.280039e+00,1.075629e+00,1.217491e+00,1.288000e+00,1.313988e+00,1.154474e+00,1.115008e+00,1.224629e+00,1.277362e+00,1.369214e+00,1.303824e+00,1.296328e+00,1.114117e-01,1.075629e+00,1.487819e+00
5.407000e+00,9.510600e-01,1.383130e+00,1.383049e+00,1.384531e+00,1.245267e+00,1.348372e+00,1.424757e+00,1.477198e+00,1.488440e+00,1.445385e+00,1.325559e+00,1.102879e+00,1.219842e+00,1.276800e+00,1.280314e+00,1.076135e+00,1.217698e+00,1.289111e+00,1.313988e+00,1.155003e+00,1.115443e+00,1.225260e+00,1.277319e+00,1.368908e+00,1.303353e+00,1.296989e+00,1.117458e-01,1.076135e+00,1.488440e+00
5.408000e+00,9.512600e-01,1.383588e+00,1.383901e+00,1.383516e+00,1.245900e+00,1.349814e+00,1.426367e+00,1.477969e+00,1.488859e+00,1.446385e+00,1.326211e+00,1.103420e+00,1.219328e+00,1.277760e+00,1.281827e+00,1.076641e+00,1.218007e+00,1.289222e+00,1.314798e+00,1.155533e+00,1.115886e+00,1.225891e+00,1.278298e+00,1.368472e+00,1.304412e+00,1.297583e+00,1.118142e-01,1.076641e+00,1.488859e+00
5.409000e+00,9.515200e-01,1.384504e+00,1.384933e+00,1.385625e+00,1.246700e+00,1.350512e+00,1.426929e+00,1.478792e+00,1.488742e+00,1.448192e+00,1.327391e+00,1.104286e+00,1.219447e+00,1.279040e+00,1.282318e+00,1.077148e+00,1.219381e+00,1.289778e+00,1.315260e+00,1.156062e+00,1.116336e+00,1.226520e+00,1.279191e+00,1.368515e+00,1.305471e+00,1.298378e+00,1.118926e-01,1.077148e+00,1.488742e+00
5.410000e+00,9.517200e-01,1.386031e+00,1.385561e+00,1.385391e+00,1.247167e+00,1.351116e+00,1.427978e+00,1.480026e+00,1.489631e+00,1.449077e+00,1.328354e+00,1.104351e+00,1.220474e+00,1.281680e+00,1.282809e+00,1.077655e+00,1.219003e+00,1.290889e+00,1.315954e+00,1.156593e+00,1.116794e+00,1.227150e+00,1.279872e+00,1.370175e+00,1.305529e+00,1.299136e+00,1.120904e-01,1.077655e+00,1.489631e+00
5.411000e+00,9.518300e-01,1.387252e+00,1.385919e+00,1.387891e+00,1.248133e+00,1.351860e+00,1.428577e+00,1.481234e+00,1.490554e+00,1.450423e+00,1.329410e+00,1.104719e+00,1.220079e+00,1.280560e+00,1.284499e+00,1.078162e+00,1.220069e+00,1.291000e+00,1.316994e+00,1.157123e+00,1.117260e+00,1.227778e+00,1.281191e+00,1.371266e+00,1.306118e+00,1.299920e+00,1.123397e-01,1.078162e+00,1.490554e+00
5.412000e+00,9.522800e-01,1.385802e+00,1.388072e+00,1.388281e+00,1.248733e+00,1.352837e+00,1.429139e+00,1.482159e+00,1.491644e+00,1.451538e+00,1.329565e+00,1.105455e+00,1.220711e+00,1.281920e+00,1.285580e+00,1.078670e+00,1.220344e+00,1.291000e+00,1.317225e+00,1.157654e+00,1.117732e+00,1.228407e+00,1.282894e+00,1.372620e+00,1.307353e+00,1.300639e+00,1.124270e-01,1.078670e+00,1.491644e+00
5.413000e+00,9.525300e-01,1.388244e+00,1.388161e+00,1.389531e+00,1.249400e+00,1.353814e+00,1.430037e+00,1.482905e+00,1.492383e+00,1.452192e+00,1.329907e+00,1.105909e+00,1.221067e+00,1.282080e+00,1.286464e+00,1.079179e+00,1.221306e+00,1.293556e+00,1.317572e+00,1.158185e+00,1.118212e+00,1.228981e+00,1.283660e+00,1.374017e+00,1.308706e+00,1.301478e+00,1.125733e-01,1.079179e+00,1.492383e+00
5.414000e+00,9.529900e-01,1.389466e+00,1.389865e+00,1.391328e+00,1.250800e+00,1.354651e+00,1.430824e+00,1.482853e+00,1.492919e+00,1.453154e+00,1.330776e+00,1.106061e+00,1.220870e+00,1.284400e+00,1.287151e+00,1.079688e+00,1.222784e+00,1.294556e+00,1.320173e+00,1.158716e+00,1.118699e+00,1.229555e+00,1.284638e+00,1.377118e+00,1.309824e+00,1.302536e+00,1.127567e-01,1.079688e+00,1.492919e+00
5.415000e+00,9.530000e-01,1.390153e+00,1.390135e+00,1.389766e+00,1.251200e+00,1.355535e+00,1.431273e+00,1.482468e+00,1.492349e+00,1.452731e+00,1.331708e+00,1.106190e+00,1.221739e+00,1.283920e+00,1.287308e+00,1.080197e+00,1.223024e+00,1.293778e+00,1.321272e+00,1.159248e+00,1.119193e+00,1.230127e+00,1.286170e+00,1.378428e+00,1.309647e+00,1.302815e+00,1.125646e-01,1.080197e+00,1.492349e+00
5.416000e+00,9.532000e-01,1.391450e+00,1.390628e+00,1.390234e+00,1.252267e+00,1.356419e+00,1.432097e+00,1.482211e+00,1.492567e+00,1.451923e+00,1.332329e+00,1.105844e+00,1.222372e+00,1.285840e+00,1.288409e+00,1.080707e+00,1.223471e+00,1.295778e+00,1.321387e+00,1.159780e+00,1.119694e+00,1.230699e+00,1.287660e+00,1.380393e+00,1.310176e+00,1.303514e+00,1.125305e-01,1.080707e+00,1.492567e+00
5.417000e+00,9.536700e-01,1.391374e+00,1.391704e+00,1.391016e+00,1.253033e+00,1.357349e+00,1.432846e+00,1.482057e+00,1.493322e+00,1.452000e+00,1.332919e+00,1.105887e+00,1.222253e+00,1.286080e+00,1.288330e+00,1.081217e+00,1.224330e+00,1.297111e+00,1.321908e+00,1.160313e+00,1.120201e+00,1.231270e+00,1.288638e+00,1.381965e+00,1.311235e+00,1.304098e+00,1.125759e-01,1.081217e+00,1.493322e+00
5.418000e+00,9.538400e-01,1.391679e+00,1.392915e+00,1.394297e+00,1.253433e+00,1.358698e+00,1.433558e+00,1.482468e+00,1.494312e+00,1.452000e+00,1.333602e+00,1.106277e+00,1.222806e+00,1.286880e+00,1.288625e+00,1.081728e+00,1.224399e+00,1.295778e+00,1.320058e+00,1.160847e+00,1.120715e+00,1.231841e+00,1.289745e+00,1.383668e+00,1.311941e+00,1.304678e+00,1.127514e-01,1.081728e+00,1.494312e+00
5.419000e+00,9.541400e-01,1.393282e+00,1.393857e+00,1.394688e+00,1.253400e+00,1.359860e+00,1.434157e+00,1.482931e+00,1.494966e+00,1.452423e+00,1.334876e+00,1.106537e+00,1.222885e+00,1.287600e+00,1.288193e+00,1.082239e+00,1.224845e+00,1.297889e+00,1.319769e+00,1.161382e+00,1.121235e+00,1.232410e+00,1.290936e+00,1.384105e+00,1.313059e+00,1.305313e+00,1.128558e-01,1.082239e+00,1.494966e+00
5.420000e+00,9.542500e-01,1.394351e+00,1.395336e+00,1.394141e+00,1.255333e+00,1.359721e+00,1.435019e+00,1.484010e+00,1.496141e+00,1.453577e+00,1.335590e+00,1.107511e+00,1.223755e+00,1.287600e+00,1.287917e+00,1.082751e+00,1.225223e+00,1.296778e+00,1.319884e+00,1.161916e+00,1.121761e+00,1.232979e+00,1.291319e+00,1.385502e+00,1.313647e+00,1.305907e+00,1.129622e-01,1.082751e+00,1.496141e+00
5.421000e+00,9.545900e-01,1.394885e+00,1.395919e+00,1.395625e+00,1.255767e+00,1.362233e+00,1.435618e+00,1.484216e+00,1.496762e+00,1.454308e+00,1.336118e+00,1.107814e+00,1.224625e+00,1.289760e+00,1.288487e+00,1.083263e+00,1.224983e+00,1.296333e+00,1.319769e+00,1.162450e+00,1.122294e+00,1.233547e+00,1.292170e+00,1.387336e+00,1.313941e+00,1.306593e+00,1.130915e-01,1.083263e+00,1.496762e+00
5.422000e+00,9.547500e-01,1.395115e+00,1.396637e+00,1.396328e+00,1.257000e+00,1.362884e+00,1.436704e+00,1.484833e+00,1.497617e+00,1.455038e+00,1.337360e+00,1.107987e+00,1.225731e+00,1.290160e+00,1.288762e+00,1.083776e+00,1.226460e+00,1.296556e+00,1.319249e+00,1.162985e+00,1.122832e+00,1.234169e+00,1.293277e+00,1.387598e+00,1.314529e+00,1.307233e+00,1.131233e-01,1.083776e+00,1.497617e+00
5.423000e+00,9.552600e-01,1.395802e+00,1.397758e+00,1.397500e+00,1.258500e+00,1.363860e+00,1.437678e+00,1.485938e+00,1.498473e+00,1.455462e+00,1.337236e+00,1.108961e+00,1.225415e+00,1.290480e+00,1.289823e+00,1.084289e+00,1.226529e+00,1.295222e+00,1.320289e+00,1.163519e+00,1.123376e+00,1.234791e+00,1.294383e+00,1.388079e+00,1.315529e+00,1.307871e+00,1.132386e-01,1.084289e+00,1.498473e+00
5.424000e+00,9.554400e-01,1.397710e+00,1.398744e+00,1.399687e+00,1.259200e+00,1.365070e+00,1.438165e+00,1.487069e+00,1.499866e+00,1.457000e+00,1.338261e+00,1.109978e+00,1.225929e+00,1.291440e+00,1.290688e+00,1.084803e+00,1.226598e+00,1.296444e+00,1.320578e+00,1.164054e+00,1.123925e+00,1.235412e+00,1.295319e+00,1.389563e+00,1.316294e+00,1.308825e+00,1.135161e-01,1.084803e+00,1.499866e+00
5.425000e+00,9.555800e-01,1.398092e+00,1.400000e+00,1.403125e+00,1.260367e+00,1.366698e+00,1.439064e+00,1.487969e+00,1.500218e+00,1.458577e+00,1.338634e+00,1.110195e+00,1.226206e+00,1.293520e+00,1.291415e+00,1.085317e+00,1.227629e+00,1.298444e+00,1.321734e+00,1.164588e+00,1.124480e+00,1.236032e+00,1.296298e+00,1.390349e+00,1.316647e+00,1.309816e+00,1.137319e-01,1.085317e+00,1.500218e+00
5.426000e+00,9.559500e-01,1.398321e+00,1.400269e+00,1.403750e+00,1.260867e+00,1.367070e+00,1.439064e+00,1.489075e+00,1.501628e+00,1.460923e+00,1.339658e+00,1.111385e+00,1.227510e+00,1.293360e+00,1.292711e+00,1.085832e+00,1.228144e+00,1.299333e+00,1.323179e+00,1.165124e+00,1.125039e+00,1.236652e+00,1.297702e+00,1.392707e+00,1.316765e+00,1.310669e+00,1.138688e-01,1.085832e+00,1.501628e+00
5.427000e+00,9.561900e-01,1.400687e+00,1.401883e+00,1.404375e+00,1.261000e+00,1.367674e+00,1.439326e+00,1.490386e+00,1.501997e+00,1.462038e+00,1.340683e+00,1.111472e+00,1.228221e+00,1.294400e+00,1.294008e+00,1.086347e+00,1.228419e+00,1.298222e+00,1.323931e+00,1.165659e+00,1.125604e+00,1.237271e+00,1.298809e+00,1.394629e+00,1.317471e+00,1.311438e+00,1.141113e-01,1.086347e+00,1.501997e+00
5.428000e+00,9.564300e-01,1.401603e+00,1.403229e+00,1.405547e+00,1.260100e+00,1.368837e+00,1.440412e+00,1.491183e+00,1.502852e+00,1.463885e+00,1.341304e+00,1.112121e+00,1.229289e+00,1.294560e+00,1.294951e+00,1.086862e+00,1.229003e+00,1.299111e+00,1.323757e+00,1.166195e+00,1.126174e+00,1.237889e+00,1.299532e+00,1.396070e+00,1.317471e+00,1.312164e+00,1.143419e-01,1.086862e+00,1.502852e+00
5.429000e+00,9.566500e-01,1.401298e+00,1.402601e+00,1.406953e+00,1.260367e+00,1.370000e+00,1.440824e+00,1.492159e+00,1.503372e+00,1.465731e+00,1.342019e+00,1.113203e+00,1.229170e+00,1.295120e+00,1.295619e+00,1.087378e+00,1.228935e+00,1.301000e+00,1.325260e+00,1.166731e+00,1.126748e+00,1.238507e+00,1.299617e+00,1.397162e+00,1.318059e+00,1.312826e+00,1.144323e-01,1.087378e+00,1.503372e+00
5.430000e+00,9.569100e-01,1.402824e+00,1.403229e+00,1.407969e+00,1.260433e+00,1.370605e+00,1.441873e+00,1.493676e+00,1.505185e+00,1.467308e+00,1.343447e+00,1.113463e+00,1.229881e+00,1.295120e+00,1.296169e+00,1.087895e+00,1.229485e+00,1.300778e+00,1.326532e+00,1.167267e+00,1.127327e+00,1.239125e+00,1.301404e+00,1.397380e+00,1.318059e+00,1.313601e+00,1.147429e-01,1.087895e+00,1.505185e+00
5.431000e+00,9.570800e-01,1.403969e+00,1.404126e+00,1.408125e+00,1.261133e+00,1.371767e+00,1.442547e+00,1.494756e+00,1.506443e+00,1.469500e+00,1.344255e+00,1.113961e+00,1.230119e+00,1.295040e+00,1.297014e+00,1.088412e+00,1.229863e+00,1.303333e+00,1.327457e+00,1.167804e+00,1.127910e+00,1.239742e+00,1.302851e+00,1.398253e+00,1.318647e+00,1.314459e+00,1.149738e-01,1.088412e+00,1.506443e+00
5.432000e+00,9.574900e-01,1.404809e+00,1.404215e+00,1.411328e+00,1.262167e+00,1.372884e+00,1.443296e+00,1.496067e+00,1.507735e+00,1.470808e+00,1.344410e+00,1.114827e+00,1.230593e+00,1.298000e+00,1.297289e+00,1.088930e+00,1.230206e+00,1.302667e+00,1.329364e+00,1.168341e+00,1.128498e+00,1.240358e+00,1.303064e+00,1.400262e+00,1.318176e+00,1.315346e+00,1.152378e-01,1.088930e+00,1.507735e+00
5.433000e+00,9.577200e-01,1.406412e+00,1.405695e+00,1.412344e+00,1.262433e+00,1.373628e+00,1.444345e+00,1.496607e+00,1.508725e+00,1.471577e+00,1.344845e+00,1.115455e+00,1.230949e+00,1.298560e+00,1.297859e+00,1.089448e+00,1.230893e+00,1.304000e+00,1.330058e+00,1.168878e+00,1.129089e+00,1.240974e+00,1.304298e+00,1.400961e+00,1.317471e+00,1.316063e+00,1.153843e-01,1.089448e+00,1.508725e+00
5.434000e+00,9.579500e-01,1.406107e+00,1.406368e+00,1.412344e+00,1.263200e+00,1.374791e+00,1.444532e+00,1.497301e+00,1.509849e+00,1.472538e+00,1.345217e+00,1.115563e+00,1.232411e+00,1.300240e+00,1.297544e+00,1.089966e+00,1.230619e+00,1.305444e+00,1.330983e+00,1.169416e+00,1.129685e+00,1.241589e+00,1.304681e+00,1.401747e+00,1.317353e+00,1.316645e+00,1.154368e-01,1.089966e+00,1.509849e+00
5.435000e+00,9.582100e-01,1.404962e+00,1.405561e+00,1.413281e+00,1.264233e+00,1.375023e+00,1.444869e+00,1.498329e+00,1.511258e+00,1.473346e+00,1.345776e+00,1.116688e+00,1.232411e+00,1.299440e+00,1.296896e+00,1.090486e+00,1.228797e+00,1.305667e+00,1.331676e+00,1.169954e+00,1.130284e+00,1.242204e+00,1.306000e+00,1.403624e+00,1.317706e+00,1.317020e+00,1.155369e-01,1.090486e+00,1.511258e+00
5.436000e+00,9.583500e-01,1.407863e+00,1.406906e+00,1.414922e+00,1.264800e+00,1.376093e+00,1.445693e+00,1.499152e+00,1.512315e+00,1.474731e+00,1.345807e+00,1.116970e+00,1.232688e+00,1.300320e+00,1.297191e+00,1.091005e+00,1.229244e+00,1.306000e+00,1.332428e+00,1.170492e+00,1.130887e+00,1.242818e+00,1.306681e+00,1.405633e+00,1.317824e+00,1.317853e+00,1.158697e-01,1.091005e+00,1.512315e+00
5.437000e+00,9.585900e-01,1.408168e+00,1.407444e+00,1.417109e+00,1.266000e+00,1.377163e+00,1.446891e+00,1.499794e+00,1.513070e+00,1.475577e+00,1.346335e+00,1.117532e+00,1.233123e+00,1.300880e+00,1.297485e+00,1.091525e+00,1.229725e+00,1.307000e+00,1.332890e+00,1.171030e+00,1.131494e+00,1.243431e+00,1.308128e+00,1.407074e+00,1.318412e+00,1.318637e+00,1.160107e-01,1.091525e+00,1.513070e+00
5.438000e+00,9.588500e-01,1.408321e+00,1.408117e+00,1.416016e+00,1.267167e+00,1.377488e+00,1.447678e+00,1.500566e+00,1.513943e+00,1.476962e+00,1.347329e+00,1.118117e+00,1.233953e+00,1.302720e+00,1.297976e+00,1.092046e+00,1.229931e+00,1.309000e+00,1.334566e+00,1.171569e+00,1.132104e+00,1.244044e+00,1.308468e+00,1.408297e+00,1.319059e+00,1.319393e+00,1.160395e-01,1.092046e+00,1.513943e+00
5.439000e+00,9.590800e-01,1.408244e+00,1.409283e+00,1.417969e+00,1.267600e+00,1.377302e+00,1.447079e+00,1.501414e+00,1.514933e+00,1.477385e+00,1.347609e+00,1.118636e+00,1.234664e+00,1.303360e+00,1.298605e+00,1.092567e+00,1.230412e+00,1.308111e+00,1.335665e+00,1.172108e+00,1.132718e+00,1.244656e+00,1.307319e+00,1.408603e+00,1.320294e+00,1.319856e+00,1.160663e-01,1.092567e+00,1.514933e+00
5.440000e+00,9.594400e-01,1.407863e+00,1.410538e+00,1.419375e+00,1.268600e+00,1.377023e+00,1.447116e+00,1.502262e+00,1.516158e+00,1.478154e+00,1.348137e+00,1.119545e+00,1.235771e+00,1.303680e+00,1.298762e+00,1.093089e+00,1.230687e+00,1.310444e+00,1.335954e+00,1.172648e+00,1.133335e+00,1.245267e+00,1.306809e+00,1.409170e+00,1.320882e+00,1.320470e+00,1.160843e-01,1.093089e+00,1.516158e+00
5.441000e+00,9.595000e-01,1.407176e+00,1.411390e+00,1.422109e+00,1.269533e+00,1.377767e+00,1.447528e+00,1.503008e+00,1.517081e+00,1.479846e+00,1.348509e+00,1.120022e+00,1.235494e+00,1.305280e+00,1.299509e+00,1.093611e+00,1.230825e+00,1.311556e+00,1.337341e+00,1.173187e+00,1.133955e+00,1.245878e+00,1.306766e+00,1.410524e+00,1.321529e+00,1.321226e+00,1.162905e-01,1.093611e+00,1.517081e+00
5.442000e+00,9.599200e-01,1.407252e+00,1.412063e+00,1.423906e+00,1.271033e+00,1.377488e+00,1.447753e+00,1.503676e+00,1.518272e+00,1.481077e+00,1.349720e+00,1.119935e+00,1.235889e+00,1.306720e+00,1.299921e+00,1.094134e+00,1.231856e+00,1.312556e+00,1.337572e+00,1.173727e+00,1.134611e+00,1.246488e+00,1.307191e+00,1.410917e+00,1.321647e+00,1.321892e+00,1.163921e-01,1.094134e+00,1.518272e+00
5.443000e+00,9.601100e-01,1.409084e+00,1.413453e+00,1.424219e+00,1.271700e+00,1.379163e+00,1.448614e+00,1.503959e+00,1.518926e+00,1.482231e+00,1.350280e+00,1.121061e+00,1.236324e+00,1.308480e+00,1.300491e+00,1.094657e+00,1.232371e+00,1.313222e+00,1.337746e+00,1.174268e+00,1.135268e+00,1.247097e+00,1.308128e+00,1.410873e+00,1.322706e+00,1.322680e+00,1.164362e-01,1.094657e+00,1.518926e+00
5.444000e+00,9.604400e-01,1.407939e+00,1.413587e+00,1.425781e+00,1.272733e+00,1.379302e+00,1.448727e+00,1.504884e+00,1.520017e+00,1.483231e+00,1.350590e+00,1.121450e+00,1.236680e+00,1.305440e+00,1.301670e+00,1.095181e+00,1.232302e+00,1.312333e+00,1.339017e+00,1.174808e+00,1.135926e+00,1.247705e+00,1.308553e+00,1.411703e+00,1.323529e+00,1.323045e+00,1.165225e-01,1.095181e+00,1.520017e+00
5.445000e+00,9.606700e-01,1.410458e+00,1.413991e+00,1.424531e+00,1.274067e+00,1.380930e+00,1.449700e+00,1.505450e+00,1.520738e+00,1.485269e+00,1.351025e+00,1.122403e+00,1.238221e+00,1.308640e+00,1.302338e+00,1.095706e+00,1.232784e+00,1.314667e+00,1.339942e+00,1.175349e+00,1.136586e+00,1.248312e+00,1.309872e+00,1.413188e+00,1.324529e+00,1.324112e+00,1.165782e-01,1.095706e+00,1.520738e+00
5.446000e+00,9.607700e-01,1.410992e+00,1.413184e+00,1.426328e+00,1.274600e+00,1.380837e+00,1.449813e+00,1.505707e+00,1.520302e+00,1.486115e+00,1.352019e+00,1.122922e+00,1.238221e+00,1.310000e+00,1.303065e+00,1.096231e+00,1.232371e+00,1.315778e+00,1.340000e+00,1.175890e+00,1.137247e+00,1.248918e+00,1.310426e+00,1.413843e+00,1.325294e+00,1.324588e+00,1.165177e-01,1.096231e+00,1.520302e+00
5.447000e+00,9.611900e-01,1.412137e+00,1.412556e+00,1.427578e+00,1.275267e+00,1.382605e+00,1.450150e+00,1.505270e+00,1.518641e+00,1.487731e+00,1.352919e+00,1.123550e+00,1.239051e+00,1.309920e+00,1.303281e+00,1.096756e+00,1.232955e+00,1.315556e+00,1.341503e+00,1.176432e+00,1.137910e+00,1.249524e+00,1.311617e+00,1.414585e+00,1.325529e+00,1.325126e+00,1.163801e-01,1.096756e+00,1.518641e+00
5.448000e+00,9.613700e-01,1.412977e+00,1.411704e+00,1.428516e+00,1.276500e+00,1.383581e+00,1.451685e+00,1.505347e+00,1.518003e+00,1.488462e+00,1.353261e+00,1.124221e+00,1.239209e+00,1.310240e+00,1.303517e+00,1.097282e+00,1.233918e+00,1.318111e+00,1.341850e+00,1.176974e+00,1.138575e+00,1.250128e+00,1.313787e+00,1.415284e+00,1.326412e+00,1.325814e+00,1.162736e-01,1.097282e+00,1.518003e+00
5.449000e+00,9.617500e-01,1.413817e+00,1.412422e+00,1.429297e+00,1.277367e+00,1.384465e+00,1.452247e+00,1.506067e+00,1.517617e+00,1.490115e+00,1.353975e+00,1.124589e+00,1.239486e+00,1.312000e+00,1.303418e+00,1.097809e+00,1.234330e+00,1.319556e+00,1.341561e+00,1.177516e+00,1.139240e+00,1.250731e+00,1.314213e+00,1.416026e+00,1.327000e+00,1.326453e+00,1.163288e-01,1.097809e+00,1.517617e+00
5.450000e+00,9.619600e-01,1.415573e+00,1.412915e+00,1.430234e+00,1.278233e+00,1.385163e+00,1.452659e+00,1.506684e+00,1.518540e+00,1.490962e+00,1.354565e+00,1.124870e+00,1.239644e+00,1.312240e+00,1.302004e+00,1.098336e+00,1.235326e+00,1.318444e+00,1.343006e+00,1.178058e+00,1.139908e+00,1.251334e+00,1.316043e+00,1.417424e+00,1.328000e+00,1.327090e+00,1.164784e-01,1.098336e+00,1.518540e+00
5.451000e+00,9.620200e-01,1.415725e+00,1.413543e+00,1.429766e+00,1.279900e+00,1.386512e+00,1.452996e+00,1.507455e+00,1.518456e+00,1.491615e+00,1.354814e+00,1.125303e+00,1.240356e+00,1.310000e+00,1.301139e+00,1.098863e+00,1.235911e+00,1.320667e+00,1.343353e+00,1.178601e+00,1.140576e+00,1.251934e+00,1.316255e+00,1.418646e+00,1.328824e+00,1.327550e+00,1.164346e-01,1.098863e+00,1.518456e+00
5.452000e+00,9.625000e-01,1.416718e+00,1.413408e+00,1.430000e+00,1.280267e+00,1.387953e+00,1.453858e+00,1.508740e+00,1.519732e+00,1.492231e+00,1.353292e+00,1.125996e+00,1.241146e+00,1.310480e+00,1.301120e+00,1.099392e+00,1.236838e+00,1.321667e+00,1.343815e+00,1.179144e+00,1.141246e+00,1.252534e+00,1.318170e+00,1.419476e+00,1.329471e+00,1.328196e+00,1.165045e-01,1.099392e+00,1.519732e+00
5.453000e+00,9.626500e-01,1.417863e+00,1.414081e+00,1.432969e+00,1.281000e+00,1.388930e+00,1.454232e+00,1.509460e+00,1.520822e+00,1.491615e+00,1.352267e+00,1.126299e+00,1.241581e+00,1.311840e+00,1.301807e+00,1.099920e+00,1.236701e+00,1.321444e+00,1.344855e+00,1.179687e+00,1.141918e+00,1.253133e+00,1.318979e+00,1.420393e+00,1.329882e+00,1.328820e+00,1.166266e-01,1.099920e+00,1.520822e+00
5.454000e+00,9.630000e-01,1.418473e+00,1.415112e+00,1.433828e+00,1.281333e+00,1.390465e+00,1.455843e+00,1.510566e+00,1.522450e+00,1.491885e+00,1.351832e+00,1.126537e+00,1.241581e+00,1.313200e+00,1.303163e+00,1.100450e+00,1.237629e+00,1.322111e+00,1.344277e+00,1.180231e+00,1.142591e+00,1.253679e+00,1.320128e+00,1.421703e+00,1.330176e+00,1.329552e+00,1.168379e-01,1.100450e+00,1.522450e+00
5.455000e+00,9.631900e-01,1.419695e+00,1.415785e+00,1.433750e+00,1.281967e+00,1.391535e+00,1.455581e+00,1.511954e+00,1.524195e+00,1.491346e+00,1.351925e+00,1.127186e+00,1.241897e+00,1.312400e+00,1.302888e+00,1.100979e+00,1.237938e+00,1.323111e+00,1.342890e+00,1.180775e+00,1.143265e+00,1.254224e+00,1.321489e+00,1.423144e+00,1.331000e+00,1.330038e+00,1.169176e-01,1.100979e+00,1.524195e+00
5.456000e+00,9.634200e-01,1.420305e+00,1.416726e+00,1.434297e+00,1.282333e+00,1.391767e+00,1.456742e+00,1.512776e+00,1.525587e+00,1.492000e+00,1.352329e+00,1.127273e+00,1.242411e+00,1.312240e+00,1.303340e+00,1.101510e+00,1.238900e+00,1.323000e+00,1.342254e+00,1.181319e+00,1.143940e+00,1.254769e+00,1.322043e+00,1.423493e+00,1.332529e+00,1.330579e+00,1.170467e-01,1.101510e+00,1.525587e+00
5.457000e+00,9.637900e-01,1.421527e+00,1.418341e+00,1.437656e+00,1.281800e+00,1.393349e+00,1.457678e+00,1.513188e+00,1.527030e+00,1.492346e+00,1.352360e+00,1.128074e+00,1.243439e+00,1.314720e+00,1.304244e+00,1.102042e+00,1.240103e+00,1.324667e+00,1.341734e+00,1.181864e+00,1.144617e+00,1.255312e+00,1.323404e+00,1.424803e+00,1.333176e+00,1.331561e+00,1.172413e-01,1.102042e+00,1.527030e+00
5.458000e+00,9.638200e-01,1.422290e+00,1.418744e+00,1.439297e+00,1.281067e+00,1.394930e+00,1.457640e+00,1.514190e+00,1.528809e+00,1.493808e+00,1.353168e+00,1.128463e+00,1.243636e+00,1.315920e+00,1.304538e+00,1.102575e+00,1.241065e+00,1.325778e+00,1.342543e+00,1.182409e+00,1.145295e+00,1.255854e+00,1.325447e+00,1.425633e+00,1.334176e+00,1.332387e+00,1.174796e-01,1.102575e+00,1.528809e+00
5.459000e+00,9.643900e-01,1.423664e+00,1.420000e+00,1.438672e+00,1.280767e+00,1.395163e+00,1.458427e+00,1.515373e+00,1.530554e+00,1.495000e+00,1.354441e+00,1.128658e+00,1.244545e+00,1.315920e+00,1.305324e+00,1.103109e+00,1.240962e+00,1.325444e+00,1.343699e+00,1.182954e+00,1.145975e+00,1.256396e+00,1.326511e+00,1.426332e+00,1.335176e+00,1.333044e+00,1.177071e-01,1.103109e+00,1.530554e+00
5.460000e+00,9.645500e-01,1.424046e+00,1.421883e+00,1.439844e+00,1.281033e+00,1.396884e+00,1.459700e+00,1.515990e+00,1.532097e+00,1.495885e+00,1.355124e+00,1.129221e+00,1.244980e+00,1.318560e+00,1.305855e+00,1.103644e+00,1.241615e+00,1.326222e+00,1.344566e+00,1.183499e+00,1.146655e+00,1.256985e+00,1.327319e+00,1.428122e+00,1.336176e+00,1.333996e+00,1.179441e-01,1.103644e+00,1.532097e+00
5.461000e+00,9.647300e-01,1.425649e+00,1.423094e+00,1.441250e+00,1.281933e+00,1.398047e+00,1.460187e+00,1.516555e+00,1.533356e+00,1.496615e+00,1.355963e+00,1.130130e+00,1.244783e+00,1.319520e+00,1.306542e+00,1.104180e+00,1.241890e+00,1.327111e+00,1.345318e+00,1.184045e+00,1.147337e+00,1.257525e+00,1.328043e+00,1.429170e+00,1.336588e+00,1.334785e+00,1.181097e-01,1.104180e+00,1.533356e+00
5.462000e+00,9.650100e-01,1.426336e+00,1.423812e+00,1.442891e+00,1.283333e+00,1.399116e+00,1.461461e+00,1.517429e+00,1.534161e+00,1.498654e+00,1.356335e+00,1.130173e+00,1.245375e+00,1.319840e+00,1.306464e+00,1.104717e+00,1.243608e+00,1.326667e+00,1.347977e+00,1.184591e+00,1.148021e+00,1.258111e+00,1.328638e+00,1.430131e+00,1.337294e+00,1.335631e+00,1.183321e-01,1.104717e+00,1.534161e+00
5.463000e+00,9.652200e-01,1.427023e+00,1.424978e+00,1.444297e+00,1.284133e+00,1.399674e+00,1.461573e+00,1.518483e+00,1.535168e+00,1.499615e+00,1.357174e+00,1.130216e+00,1.245810e+00,1.320880e+00,1.307583e+00,1.105255e+00,1.243299e+00,1.329333e+00,1.348671e+00,1.185137e+00,1.148705e+00,1.258696e+00,1.330298e+00,1.431179e+00,1.337824e+00,1.336459e+00,1.185139e-01,1.105255e+00,1.535168e+00
5.464000e+00,9.656000e-01,1.427405e+00,1.426054e+00,1.445234e+00,1.285533e+00,1.401256e+00,1.462172e+00,1.519254e+00,1.536661e+00,1.501000e+00,1.358106e+00,1.130022e+00,1.246601e+00,1.321920e+00,1.308409e+00,1.105794e+00,1.243814e+00,1.329444e+00,1.349422e+00,1.185684e+00,1.149391e+00,1.259280e+00,1.331489e+00,1.431703e+00,1.338647e+00,1.337262e+00,1.187134e-01,1.105794e+00,1.536661e+00
5.465000e+00,9.657700e-01,1.428855e+00,1.427354e+00,1.445234e+00,1.286300e+00,1.401953e+00,1.463446e+00,1.520129e+00,1.537282e+00,1.502577e+00,1.359441e+00,1.130022e+00,1.246917e+00,1.322400e+00,1.308802e+00,1.106334e+00,1.243849e+00,1.329778e+00,1.350983e+00,1.186231e+00,1.150078e+00,1.259861e+00,1.331830e+00,1.432227e+00,1.338882e+00,1.337949e+00,1.189284e-01,1.106334e+00,1.537282e+00
5.466000e+00,9.661000e-01,1.429466e+00,1.427937e+00,1.444609e+00,1.287567e+00,1.402791e+00,1.463596e+00,1.521080e+00,1.537903e+00,1.503692e+00,1.360248e+00,1.130325e+00,1.247352e+00,1.324720e+00,1.309391e+00,1.106875e+00,1.244124e+00,1.331889e+00,1.351387e+00,1.186778e+00,1.150767e+00,1.260441e+00,1.332851e+00,1.433581e+00,1.338824e+00,1.338675e+00,1.189616e-01,1.106875e+00,1.537903e+00
5.467000e+00,9.662500e-01,1.429466e+00,1.429327e+00,1.448594e+00,1.288167e+00,1.403395e+00,1.464419e+00,1.522031e+00,1.538389e+00,1.504500e+00,1.361242e+00,1.130628e+00,1.247194e+00,1.324160e+00,1.310668e+00,1.107418e+00,1.244296e+00,1.331222e+00,1.352139e+00,1.187326e+00,1.151456e+00,1.261020e+00,1.333957e+00,1.433493e+00,1.339294e+00,1.339325e+00,1.191759e-01,1.107418e+00,1.538389e+00
5.468000e+00,9.664700e-01,1.431679e+00,1.429417e+00,1.449219e+00,1.289533e+00,1.403953e+00,1.465019e+00,1.523239e+00,1.539715e+00,1.506269e+00,1.361118e+00,1.130736e+00,1.248221e+00,1.325920e+00,1.311473e+00,1.107960e+00,1.244811e+00,1.330778e+00,1.353699e+00,1.187874e+00,1.152147e+00,1.261596e+00,1.335064e+00,1.434105e+00,1.340294e+00,1.340160e+00,1.193752e-01,1.107960e+00,1.539715e+00
5.469000e+00,9.668600e-01,1.432214e+00,1.429686e+00,1.451094e+00,1.290033e+00,1.405721e+00,1.465356e+00,1.523959e+00,1.540386e+00,1.507846e+00,1.361863e+00,1.131429e+00,1.248498e+00,1.326480e+00,1.312731e+00,1.108504e+00,1.245567e+00,1.332778e+00,1.353584e+00,1.188422e+00,1.152839e+00,1.262170e+00,1.335617e+00,1.435546e+00,1.340294e+00,1.340942e+00,1.195129e-01,1.108504e+00,1.540386e+00
5.470000e+00,9.670900e-01,1.431756e+00,1.431166e+00,1.451016e+00,1.291367e+00,1.405814e+00,1.465843e+00,1.525501e+00,1.541477e+00,1.510154e+00,1.362950e+00,1.131797e+00,1.249289e+00,1.326880e+00,1.313477e+00,1.109049e+00,1.245842e+00,1.334333e+00,1.354509e+00,1.188971e+00,1.153532e+00,1.262743e+00,1.336766e+00,1.436681e+00,1.340294e+00,1.341717e+00,1.196881e-01,1.109049e+00,1.541477e+00
5.471000e+00,9.673100e-01,1.433511e+00,1.431704e+00,1.451328e+00,1.291600e+00,1.406884e+00,1.465993e+00,1.527018e+00,1.542450e+00,1.511269e+00,1.363944e+00,1.132316e+00,1.249407e+00,1.328720e+00,1.314558e+00,1.109594e+00,1.246357e+00,1.331333e+00,1.356185e+00,1.189520e+00,1.154226e+00,1.263313e+00,1.337191e+00,1.436900e+00,1.341118e+00,1.342352e+00,1.198465e-01,1.109594e+00,1.542450e+00
5.472000e+00,9.675500e-01,1.433511e+00,1.432735e+00,1.452656e+00,1.292000e+00,1.406558e+00,1.467041e+00,1.528252e+00,1.543725e+00,1.512346e+00,1.364286e+00,1.132900e+00,1.249605e+00,1.328960e+00,1.315049e+00,1.110140e+00,1.246735e+00,1.335111e+00,1.357572e+00,1.190069e+00,1.154922e+00,1.263881e+00,1.336170e+00,1.437860e+00,1.342059e+00,1.343089e+00,1.200193e-01,1.110140e+00,1.543725e+00
5.473000e+00,9.678100e-01,1.433893e+00,1.434170e+00,1.452266e+00,1.292633e+00,1.407116e+00,1.467491e+00,1.529023e+00,1.544899e+00,1.514269e+00,1.364689e+00,1.133398e+00,1.249249e+00,1.331280e+00,1.315953e+00,1.110687e+00,1.247629e+00,1.335222e+00,1.358208e+00,1.190618e+00,1.155618e+00,1.264448e+00,1.335702e+00,1.438690e+00,1.342765e+00,1.343747e+00,1.201521e-01,1.110687e+00,1.544899e+00
5.474000e+00,9.680900e-01,1.437405e+00,1.434260e+00,1.454141e+00,1.293500e+00,1.406977e+00,1.469213e+00,1.529537e+00,1.545721e+00,1.514885e+00,1.365311e+00,1.133701e+00,1.248498e+00,1.329920e+00,1.316464e+00,1.111234e+00,1.248419e+00,1.335889e+00,1.359769e+00,1.191168e+00,1.156316e+00,1.265012e+00,1.335957e+00,1.440873e+00,1.343000e+00,1.344465e+00,1.204450e-01,1.111234e+00,1.545721e+00
5.475000e+00,9.683200e-01,1.436947e+00,1.435695e+00,1.455156e+00,1.294033e+00,1.408233e+00,1.468951e+00,1.530694e+00,1.546812e+00,1.516038e+00,1.366149e+00,1.134675e+00,1.247787e+00,1.333680e+00,1.317053e+00,1.111783e+00,1.248900e+00,1.336444e+00,1.360173e+00,1.191718e+00,1.157015e+00,1.265573e+00,1.337234e+00,1.442620e+00,1.343647e+00,1.345292e+00,1.205790e-01,1.111783e+00,1.546812e+00
5.476000e+00,9.685900e-01,1.437176e+00,1.436457e+00,1.456875e+00,1.294833e+00,1.408744e+00,1.469850e+00,1.530848e+00,1.548423e+00,1.516923e+00,1.367081e+00,1.135346e+00,1.248379e+00,1.333520e+00,1.317073e+00,1.112331e+00,1.249450e+00,1.338556e+00,1.360809e+00,1.192268e+00,1.157715e+00,1.266133e+00,1.337745e+00,1.443319e+00,1.344353e+00,1.346009e+00,1.206899e-01,1.112331e+00,1.548423e+00
5.477000e+00,9.687900e-01,1.438931e+00,1.436502e+00,1.458047e+00,1.296167e+00,1.410558e+00,1.470449e+00,1.531671e+00,1.549362e+00,1.517923e+00,1.368075e+00,1.136126e+00,1.248854e+00,1.334480e+00,1.317544e+00,1.112880e+00,1.250069e+00,1.337778e+00,1.361676e+00,1.192819e+00,1.158417e+00,1.266690e+00,1.339021e+00,1.444672e+00,1.344824e+00,1.346814e+00,1.208297e-01,1.112880e+00,1.549362e+00
5.478000e+00,9.690500e-01,1.438473e+00,1.437175e+00,1.456797e+00,1.296933e+00,1.410372e+00,1.470225e+00,1.531311e+00,1.548658e+00,1.519615e+00,1.368075e+00,1.136429e+00,1.248617e+00,1.336000e+00,1.317367e+00,1.113430e+00,1.250137e+00,1.338667e+00,1.362948e+00,1.193370e+00,1.159119e+00,1.267245e+00,1.339957e+00,1.445240e+00,1.345824e+00,1.347166e+00,1.206547e-01,1.113430e+00,1.548658e+00
5.479000e+00,9.692400e-01,1.439160e+00,1.438924e+00,1.458281e+00,1.297833e+00,1.411535e+00,1.470899e+00,1.530771e+00,1.548037e+00,1.520846e+00,1.368385e+00,1.136905e+00,1.248300e+00,1.335360e+00,1.317780e+00,1.113980e+00,1.250344e+00,1.337889e+00,1.364566e+00,1.193922e+00,1.159810e+00,1.267797e+00,1.341191e+00,1.445677e+00,1.346235e+00,1.347685e+00,1.206816e-01,1.113980e+00,1.548037e+00
5.480000e+00,9.695200e-01,1.440534e+00,1.439462e+00,1.457891e+00,1.298600e+00,1.412977e+00,1.471124e+00,1.530360e+00,1.548389e+00,1.521769e+00,1.368851e+00,1.137792e+00,1.249170e+00,1.336720e+00,1.318369e+00,1.114531e+00,1.250653e+00,1.337667e+00,1.365434e+00,1.194473e+00,1.160505e+00,1.268347e+00,1.342468e+00,1.446812e+00,1.347235e+00,1.348339e+00,1.206033e-01,1.114531e+00,1.548389e+00
5.481000e+00,9.696700e-01,1.439237e+00,1.440673e+00,1.461094e+00,1.300467e+00,1.413674e+00,1.470112e+00,1.530720e+00,1.549010e+00,1.522808e+00,1.369752e+00,1.138095e+00,1.250040e+00,1.338320e+00,1.319138e+00,1.115082e+00,1.250619e+00,1.340000e+00,1.367919e+00,1.195025e+00,1.161202e+00,1.268894e+00,1.343957e+00,1.446943e+00,1.348588e+00,1.349224e+00,1.206077e-01,1.115082e+00,1.549010e+00
5.482000e+00,9.699900e-01,1.439160e+00,1.440314e+00,1.459922e+00,1.301600e+00,1.414930e+00,1.469700e+00,1.530951e+00,1.549614e+00,1.523115e+00,1.370373e+00,1.138680e+00,1.250830e+00,1.339040e+00,1.319802e+00,1.115634e+00,1.251787e+00,1.338111e+00,1.367746e+00,1.195578e+00,1.161903e+00,1.269438e+00,1.344596e+00,1.448210e+00,1.348353e+00,1.349558e+00,1.204143e-01,1.115634e+00,1.549614e+00
5.483000e+00,9.702400e-01,1.438855e+00,1.441794e+00,1.462031e+00,1.302367e+00,1.416233e+00,1.470524e+00,1.531722e+00,1.550755e+00,1.524346e+00,1.371335e+00,1.139459e+00,1.251107e+00,1.339280e+00,1.320465e+00,1.116186e+00,1.252199e+00,1.336556e+00,1.368092e+00,1.196130e+00,1.162607e+00,1.269980e+00,1.346085e+00,1.448865e+00,1.348471e+00,1.350227e+00,1.205982e-01,1.116186e+00,1.550755e+00
5.484000e+00,9.704400e-01,1.438931e+00,1.442108e+00,1.462500e+00,1.303033e+00,1.417488e+00,1.471273e+00,1.532853e+00,1.551930e+00,1.525500e+00,1.371708e+00,1.140455e+00,1.252451e+00,1.339600e+00,1.321128e+00,1.116738e+00,1.252096e+00,1.337333e+00,1.368902e+00,1.196683e+00,1.163315e+00,1.270519e+00,1.347702e+00,1.449214e+00,1.349412e+00,1.350953e+00,1.206548e-01,1.116738e+00,1.551930e+00
5.485000e+00,9.707900e-01,1.440153e+00,1.443094e+00,1.466016e+00,1.304367e+00,1.418000e+00,1.471236e+00,1.533573e+00,1.552836e+00,1.526846e+00,1.372453e+00,1.140887e+00,1.252451e+00,1.342240e+00,1.321792e+00,1.117290e+00,1.252715e+00,1.338222e+00,1.368786e+00,1.197237e+00,1.164026e+00,1.271056e+00,1.347915e+00,1.450742e+00,1.350882e+00,1.351867e+00,1.208846e-01,1.117290e+00,1.552836e+00
5.486000e+00,9.710100e-01,1.440763e+00,1.444170e+00,1.466172e+00,1.304133e+00,1.419163e+00,1.471835e+00,1.534473e+00,1.553725e+00,1.527423e+00,1.373354e+00,1.141558e+00,1.253478e+00,1.342000e+00,1.322443e+00,1.117843e+00,1.253024e+00,1.336667e+00,1.369306e+00,1.197790e+00,1.164740e+00,1.271589e+00,1.348766e+00,1.451921e+00,1.350235e+00,1.352357e+00,1.209725e-01,1.117843e+00,1.553725e+00
5.487000e+00,9.712800e-01,1.441298e+00,1.443901e+00,1.464687e+00,1.303533e+00,1.420930e+00,1.472322e+00,1.535681e+00,1.554362e+00,1.527769e+00,1.374596e+00,1.142554e+00,1.253399e+00,1.344000e+00,1.323094e+00,1.118396e+00,1.253058e+00,1.339000e+00,1.370751e+00,1.198344e+00,1.165457e+00,1.272120e+00,1.350213e+00,1.451616e+00,1.350588e+00,1.352986e+00,1.209089e-01,1.118396e+00,1.554362e+00
5.488000e+00,9.715000e-01,1.441756e+00,1.444664e+00,1.467969e+00,1.302900e+00,1.422465e+00,1.472060e+00,1.536452e+00,1.554933e+00,1.529269e+00,1.375435e+00,1.143247e+00,1.254269e+00,1.343520e+00,1.323747e+00,1.118949e+00,1.254021e+00,1.339778e+00,1.371040e+00,1.198898e+00,1.166178e+00,1.272648e+00,1.351021e+00,1.452664e+00,1.350176e+00,1.353669e+00,1.210753e-01,1.118949e+00,1.554933e+00
5.489000e+00,9.718300e-01,1.442824e+00,1.445157e+00,1.466875e+00,1.303133e+00,1.423256e+00,1.472846e+00,1.537018e+00,1.555805e+00,1.530577e+00,1.375342e+00,1.144264e+00,1.255178e+00,1.344480e+00,1.324401e+00,1.119502e+00,1.254433e+00,1.338778e+00,1.372197e+00,1.199453e+00,1.166902e+00,1.273173e+00,1.352043e+00,1.453668e+00,1.350588e+00,1.354246e+00,1.210824e-01,1.119502e+00,1.555805e+00
5.490000e+00,9.721400e-01,1.443130e+00,1.446233e+00,1.470469e+00,1.303033e+00,1.424698e+00,1.473333e+00,1.537969e+00,1.556728e+00,1.532192e+00,1.375776e+00,1.144502e+00,1.255613e+00,1.346000e+00,1.325056e+00,1.120056e+00,1.255361e+00,1.340111e+00,1.371792e+00,1.200008e+00,1.167628e+00,1.273696e+00,1.353574e+00,1.454716e+00,1.349882e+00,1.355065e+00,1.213626e-01,1.120056e+00,1.556728e+00
5.491000e+00,9.722600e-01,1.444198e+00,1.447265e+00,1.471250e+00,1.303600e+00,1.425860e+00,1.473596e+00,1.539203e+00,1.558473e+00,1.531731e+00,1.376273e+00,1.144957e+00,1.255771e+00,1.346480e+00,1.325712e+00,1.120610e+00,1.254536e+00,1.341111e+00,1.372023e+00,1.200563e+00,1.168357e+00,1.274215e+00,1.354383e+00,1.455066e+00,1.348765e+00,1.355583e+00,1.215175e-01,1.120610e+00,1.558473e+00
5.492000e+00,9.725700e-01,1.444733e+00,1.447848e+00,1.472734e+00,1.304633e+00,1.427209e+00,1.475131e+00,1.540231e+00,1.559799e+00,1.531500e+00,1.376118e+00,1.145736e+00,1.256798e+00,1.350000e+00,1.326368e+00,1.121163e+00,1.253162e+00,1.341111e+00,1.372601e+00,1.201119e+00,1.169089e+00,1.274732e+00,1.355277e+00,1.456114e+00,1.348235e+00,1.356310e+00,1.216749e-01,1.121163e+00,1.559799e+00
5.493000e+00,9.727400e-01,1.446412e+00,1.448161e+00,1.473672e+00,1.305633e+00,1.427674e+00,1.475618e+00,1.541234e+00,1.561292e+00,1.531346e+00,1.376770e+00,1.145671e+00,1.257075e+00,1.347440e+00,1.327026e+00,1.121717e+00,1.252921e+00,1.342556e+00,1.371387e+00,1.201675e+00,1.169824e+00,1.275239e+00,1.356894e+00,1.456681e+00,1.348118e+00,1.356752e+00,1.218240e-01,1.121717e+00,1.561292e+00
5.494000e+00,9.731600e-01,1.448779e+00,1.449327e+00,1.474219e+00,1.306167e+00,1.428558e+00,1.476629e+00,1.541902e+00,1.562685e+00,1.532654e+00,1.377205e+00,1.146494e+00,1.257866e+00,1.349760e+00,1.327685e+00,1.122271e+00,1.252955e+00,1.343556e+00,1.370809e+00,1.202231e+00,1.170561e+00,1.275748e+00,1.357362e+00,1.457336e+00,1.349059e+00,1.357576e+00,1.220050e-01,1.122271e+00,1.562685e+00
5.495000e+00,9.734400e-01,1.449618e+00,1.450000e+00,1.475234e+00,1.306867e+00,1.430372e+00,1.476779e+00,1.542879e+00,1.564346e+00,1.533654e+00,1.377391e+00,1.146883e+00,1.258656e+00,1.351120e+00,1.328344e+00,1.122826e+00,1.253849e+00,1.342556e+00,1.371329e+00,1.202787e+00,1.171301e+00,1.276258e+00,1.359064e+00,1.459083e+00,1.349471e+00,1.358361e+00,1.222031e-01,1.122826e+00,1.564346e+00
5.496000e+00,9.735900e-01,1.449237e+00,1.450897e+00,1.475859e+00,1.307733e+00,1.431116e+00,1.477004e+00,1.544113e+00,1.566124e+00,1.534385e+00,1.377329e+00,1.147468e+00,1.259130e+00,1.351200e+00,1.329005e+00,1.123380e+00,1.254124e+00,1.345778e+00,1.372543e+00,1.203344e+00,1.172043e+00,1.276769e+00,1.360383e+00,1.460742e+00,1.349412e+00,1.359130e+00,1.223390e-01,1.123380e+00,1.566124e+00
5.497000e+00,9.739000e-01,1.451679e+00,1.451256e+00,1.475625e+00,1.308767e+00,1.431860e+00,1.477978e+00,1.545013e+00,1.567701e+00,1.535923e+00,1.378261e+00,1.148160e+00,1.259644e+00,1.353040e+00,1.329666e+00,1.123934e+00,1.254227e+00,1.345778e+00,1.373237e+00,1.203901e+00,1.172787e+00,1.277283e+00,1.360936e+00,1.462314e+00,1.350529e+00,1.359979e+00,1.225572e-01,1.123934e+00,1.567701e+00
5.498000e+00,9.739900e-01,1.452901e+00,1.451973e+00,1.478125e+00,1.309833e+00,1.432930e+00,1.478801e+00,1.546272e+00,1.568993e+00,1.536269e+00,1.379565e+00,1.148550e+00,1.259249e+00,1.353760e+00,1.330328e+00,1.124489e+00,1.252428e+00,1.346222e+00,1.374162e+00,1.204458e+00,1.173533e+00,1.277798e+00,1.362426e+00,1.462533e+00,1.351118e+00,1.360697e+00,1.228714e-01,1.124489e+00,1.568993e+00
5.499000e+00,9.744400e-01,1.452748e+00,1.450762e+00,1.479219e+00,1.310567e+00,1.433860e+00,1.479139e+00,1.547378e+00,1.570721e+00,1.537846e+00,1.380093e+00,1.148939e+00,1.259842e+00,1.355120e+00,1.330992e+00,1.125043e+00,1.252947e+00,1.348333e+00,1.375434e+00,1.205015e+00,1.174281e+00,1.278309e+00,1.362426e+00,1.463843e+00,1.351529e+00,1.361433e+00,1.230130e-01,1.125043e+00,1.570721e+00
5.500000e+00,9.746200e-01,1.454656e+00,1.449283e+00,1.481875e+00,1.312100e+00,1.434558e+00,1.480412e+00,1.548226e+00,1.571762e+00,1.538808e+00,1.381087e+00,1.149784e+00,1.261146e+00,1.355920e+00,1.331655e+00,1.125598e+00,1.253465e+00,1.348000e+00,1.376127e+00,1.205573e+00,1.175031e+00,1.278819e+00,1.364000e+00,1.464148e+00,1.353353e+00,1.362308e+00,1.231087e-01,1.125598e+00,1.571762e+00
5.501000e+00,9.749000e-01,1.454809e+00,1.448700e+00,1.481641e+00,1.313033e+00,1.436512e+00,1.481049e+00,1.548869e+00,1.572450e+00,1.540000e+00,1.381366e+00,1.150000e+00,1.261344e+00,1.355280e+00,1.332320e+00,1.126153e+00,1.253984e+00,1.347667e+00,1.377746e+00,1.206131e+00,1.175782e+00,1.279326e+00,1.364638e+00,1.465939e+00,1.354235e+00,1.362874e+00,1.231937e-01,1.126153e+00,1.572450e+00
5.502000e+00,9.751600e-01,1.455420e+00,1.448655e+00,1.483828e+00,1.315033e+00,1.437395e+00,1.481461e+00,1.549383e+00,1.573691e+00,1.540962e+00,1.381801e+00,1.150823e+00,1.262134e+00,1.358480e+00,1.332985e+00,1.126707e+00,1.254503e+00,1.350556e+00,1.378035e+00,1.206689e+00,1.176535e+00,1.279831e+00,1.365617e+00,1.466332e+00,1.354765e+00,1.363818e+00,1.232301e-01,1.126707e+00,1.573691e+00
5.503000e+00,9.753100e-01,1.458626e+00,1.448430e+00,1.482109e+00,1.315567e+00,1.438884e+00,1.481948e+00,1.550334e+00,1.575168e+00,1.540769e+00,1.381522e+00,1.151883e+00,1.262055e+00,1.356960e+00,1.333651e+00,1.127262e+00,1.255022e+00,1.350444e+00,1.379480e+00,1.207248e+00,1.177290e+00,1.280334e+00,1.366170e+00,1.466463e+00,1.355706e+00,1.364305e+00,1.232320e-01,1.127262e+00,1.575168e+00
5.504000e+00,9.757100e-01,1.457099e+00,1.449865e+00,1.483516e+00,1.316500e+00,1.440047e+00,1.482772e+00,1.551028e+00,1.575419e+00,1.541885e+00,1.380932e+00,1.152576e+00,1.262134e+00,1.359280e+00,1.334317e+00,1.127817e+00,1.255542e+00,1.350889e+00,1.380636e+00,1.207806e+00,1.178046e+00,1.280835e+00,1.366383e+00,1.465983e+00,1.356529e+00,1.364910e+00,1.232183e-01,1.127817e+00,1.575419e+00
5.505000e+00,9.759400e-01,1.458550e+00,1.450628e+00,1.484453e+00,1.317700e+00,1.439395e+00,1.483446e+00,1.551414e+00,1.576091e+00,1.543154e+00,1.380342e+00,1.153398e+00,1.262569e+00,1.359120e+00,1.334984e+00,1.128372e+00,1.256062e+00,1.353333e+00,1.382139e+00,1.208365e+00,1.178803e+00,1.281333e+00,1.365915e+00,1.465983e+00,1.357647e+00,1.365550e+00,1.232173e-01,1.128372e+00,1.576091e+00
5.506000e+00,9.761500e-01,1.460458e+00,1.450987e+00,1.487109e+00,1.318367e+00,1.439302e+00,1.483184e+00,1.552416e+00,1.576829e+00,1.545000e+00,1.380093e+00,1.154394e+00,1.264032e+00,1.360560e+00,1.335652e+00,1.128927e+00,1.256582e+00,1.351222e+00,1.383121e+00,1.208925e+00,1.179561e+00,1.281830e+00,1.365362e+00,1.463930e+00,1.358176e+00,1.366084e+00,1.232557e-01,1.128927e+00,1.576829e+00
5.507000e+00,9.764500e-01,1.459160e+00,1.452646e+00,1.485391e+00,1.318633e+00,1.439535e+00,1.483596e+00,1.552931e+00,1.577500e+00,1.545269e+00,1.380124e+00,1.154719e+00,1.264743e+00,1.362640e+00,1.336320e+00,1.129482e+00,1.257102e+00,1.351667e+00,1.384335e+00,1.209484e+00,1.180320e+00,1.282326e+00,1.365830e+00,1.462227e+00,1.358824e+00,1.366450e+00,1.230414e-01,1.129482e+00,1.577500e+00
5.508000e+00,9.765700e-01,1.461069e+00,1.454081e+00,1.486016e+00,1.318767e+00,1.440465e+00,1.483970e+00,1.553342e+00,1.577534e+00,1.546077e+00,1.380839e+00,1.155455e+00,1.264901e+00,1.363280e+00,1.336988e+00,1.130037e+00,1.257623e+00,1.354444e+00,1.385029e+00,1.210044e+00,1.181081e+00,1.282819e+00,1.365915e+00,1.461703e+00,1.359529e+00,1.367125e+00,1.230363e-01,1.130037e+00,1.577534e+00
5.509000e+00,9.768700e-01,1.462290e+00,1.454529e+00,1.488906e+00,1.319800e+00,1.440465e+00,1.485356e+00,1.553368e+00,1.577534e+00,1.547231e+00,1.381304e+00,1.156385e+00,1.265257e+00,1.362640e+00,1.337657e+00,1.130592e+00,1.258144e+00,1.354000e+00,1.385780e+00,1.210604e+00,1.181842e+00,1.283312e+00,1.367106e+00,1.462052e+00,1.360353e+00,1.367771e+00,1.230926e-01,1.130592e+00,1.577534e+00
5.510000e+00,9.771500e-01,1.462214e+00,1.456323e+00,1.488594e+00,1.319933e+00,1.442000e+00,1.485955e+00,1.552828e+00,1.576678e+00,1.549385e+00,1.381863e+00,1.156385e+00,1.265455e+00,1.365360e+00,1.338326e+00,1.131147e+00,1.258665e+00,1.352778e+00,1.387283e+00,1.211164e+00,1.182604e+00,1.283803e+00,1.368255e+00,1.462183e+00,1.360824e+00,1.368334e+00,1.230749e-01,1.131147e+00,1.576678e+00
5.511000e+00,9.775100e-01,1.462901e+00,1.456861e+00,1.488984e+00,1.321333e+00,1.442047e+00,1.485880e+00,1.552596e+00,1.576376e+00,1.550308e+00,1.382826e+00,1.155346e+00,1.265771e+00,1.364880e+00,1.338996e+00,1.131702e+00,1.259187e+00,1.355889e+00,1.388555e+00,1.211725e+00,1.183367e+00,1.284292e+00,1.368809e+00,1.463188e+00,1.360706e+00,1.368855e+00,1.230570e-01,1.131702e+00,1.576376e+00
5.512000e+00,9.777400e-01,1.464885e+00,1.458655e+00,1.488750e+00,1.321500e+00,1.443628e+00,1.486629e+00,1.553239e+00,1.576661e+00,1.551538e+00,1.383602e+00,1.155455e+00,1.266877e+00,1.365680e+00,1.339666e+00,1.132258e+00,1.259709e+00,1.355222e+00,1.389422e+00,1.212286e+00,1.184131e+00,1.284781e+00,1.369617e+00,1.463668e+00,1.362000e+00,1.369578e+00,1.231813e-01,1.132258e+00,1.576661e+00
5.513000e+00,9.778200e-01,1.464809e+00,1.459372e+00,1.488750e+00,1.322867e+00,1.444651e+00,1.487303e+00,1.553985e+00,1.577718e+00,1.551769e+00,1.383665e+00,1.155346e+00,1.267391e+00,1.366720e+00,1.340336e+00,1.132813e+00,1.260232e+00,1.354667e+00,1.391214e+00,1.212848e+00,1.184896e+00,1.285269e+00,1.371234e+00,1.465066e+00,1.362059e+00,1.370207e+00,1.232518e-01,1.132813e+00,1.577718e+00
5.514000e+00,9.783400e-01,1.465191e+00,1.460942e+00,1.490313e+00,1.323467e+00,1.445953e+00,1.487266e+00,1.554370e+00,1.578960e+00,1.552885e+00,1.384503e+00,1.156061e+00,1.267589e+00,1.367600e+00,1.341006e+00,1.133369e+00,1.260755e+00,1.358222e+00,1.391387e+00,1.213409e+00,1.185661e+00,1.285756e+00,1.371915e+00,1.466943e+00,1.362529e+00,1.371085e+00,1.234003e-01,1.133369e+00,1.578960e+00
5.515000e+00,9.784900e-01,1.466336e+00,1.462197e+00,1.490078e+00,1.324033e+00,1.446884e+00,1.487491e+00,1.555141e+00,1.580487e+00,1.554154e+00,1.385621e+00,1.156753e+00,1.267233e+00,1.370000e+00,1.341676e+00,1.133924e+00,1.261278e+00,1.357889e+00,1.392139e+00,1.213971e+00,1.186426e+00,1.286242e+00,1.373702e+00,1.468122e+00,1.362471e+00,1.371844e+00,1.235700e-01,1.133924e+00,1.580487e+00
5.516000e+00,9.787600e-01,1.467710e+00,1.462780e+00,1.492266e+00,1.323967e+00,1.448419e+00,1.488052e+00,1.556350e+00,1.581829e+00,1.555615e+00,1.385994e+00,1.156710e+00,1.267589e+00,1.369280e+00,1.342347e+00,1.134480e+00,1.261802e+00,1.358778e+00,1.392139e+00,1.214533e+00,1.187193e+00,1.286728e+00,1.375660e+00,1.469083e+00,1.363941e+00,1.372635e+00,1.238945e-01,1.134480e+00,1.581829e+00
5.517000e+00,9.790000e-01,1.470076e+00,1.464395e+00,1.493047e+00,1.324067e+00,1.449814e+00,1.488689e+00,1.557352e+00,1.583490e+00,1.557115e+00,1.386801e+00,1.157489e+00,1.268340e+00,1.370640e+00,1.343018e+00,1.135036e+00,1.262326e+00,1.360000e+00,1.394393e+00,1.215096e+00,1.187959e+00,1.287214e+00,1.376255e+00,1.470699e+00,1.363824e+00,1.373631e+00,1.242002e-01,1.135036e+00,1.583490e+00
5.518000e+00,9.792100e-01,1.469618e+00,1.465022e+00,1.495547e+00,1.324367e+00,1.450372e+00,1.489700e+00,1.558226e+00,1.585034e+00,1.557769e+00,1.387360e+00,1.158268e+00,1.268775e+00,1.371040e+00,1.343689e+00,1.135592e+00,1.262850e+00,1.359444e+00,1.395549e+00,1.215659e+00,1.188726e+00,1.287700e+00,1.377277e+00,1.472489e+00,1.364882e+00,1.374373e+00,1.243909e-01,1.135592e+00,1.585034e+00
5.519000e+00,9.793500e-01,1.470153e+00,1.465291e+00,1.495703e+00,1.324767e+00,1.451814e+00,1.489925e+00,1.559537e+00,1.586661e+00,1.557808e+00,1.388416e+00,1.158810e+00,1.269605e+00,1.372560e+00,1.344360e+00,1.136148e+00,1.263375e+00,1.359111e+00,1.397399e+00,1.216222e+00,1.189494e+00,1.288186e+00,1.378468e+00,1.473974e+00,1.365294e+00,1.375128e+00,1.244953e-01,1.136148e+00,1.586661e+00
5.520000e+00,9.795400e-01,1.470611e+00,1.465874e+00,1.495312e+00,1.325333e+00,1.453442e+00,1.490300e+00,1.560051e+00,1.588658e+00,1.559654e+00,1.389068e+00,1.159654e+00,1.270198e+00,1.373040e+00,1.345031e+00,1.136704e+00,1.263900e+00,1.361111e+00,1.397919e+00,1.216786e+00,1.190262e+00,1.288672e+00,1.380043e+00,1.475328e+00,1.365882e+00,1.375951e+00,1.246408e-01,1.136704e+00,1.588658e+00
5.521000e+00,9.799500e-01,1.472443e+00,1.466996e+00,1.496406e+00,1.326100e+00,1.454698e+00,1.490225e+00,1.560771e+00,1.589866e+00,1.560846e+00,1.390031e+00,1.160498e+00,1.270514e+00,1.373120e+00,1.345702e+00,1.137260e+00,1.264426e+00,1.362222e+00,1.399480e+00,1.217350e+00,1.191030e+00,1.289159e+00,1.380851e+00,1.476507e+00,1.367059e+00,1.376815e+00,1.248081e-01,1.137260e+00,1.589866e+00
5.522000e+00,9.800900e-01,1.470229e+00,1.467399e+00,1.496797e+00,1.327267e+00,1.455628e+00,1.490150e+00,1.561697e+00,1.591225e+00,1.562115e+00,1.390901e+00,1.161364e+00,1.270040e+00,1.373760e+00,1.346374e+00,1.137817e+00,1.264952e+00,1.361889e+00,1.400347e+00,1.217914e+00,1.191799e+00,1.289647e+00,1.382043e+00,1.478253e+00,1.366765e+00,1.377349e+00,1.248637e-01,1.137817e+00,1.591225e+00
5.523000e+00,9.803900e-01,1.470840e+00,1.467937e+00,1.499531e+00,1.327900e+00,1.456047e+00,1.489326e+00,1.562905e+00,1.592987e+00,1.562000e+00,1.391273e+00,1.162338e+00,1.270474e+00,1.376080e+00,1.347045e+00,1.138373e+00,1.265479e+00,1.363667e+00,1.400462e+00,1.218478e+00,1.192568e+00,1.290136e+00,1.383064e+00,1.479825e+00,1.367765e+00,1.378187e+00,1.249650e-01,1.138373e+00,1.592987e+00
5.524000e+00,9.807000e-01,1.470840e+00,1.469148e+00,1.499297e+00,1.328600e+00,1.456930e+00,1.489026e+00,1.563830e+00,1.593742e+00,1.562192e+00,1.391988e+00,1.163355e+00,1.272134e+00,1.376480e+00,1.347717e+00,1.138930e+00,1.266005e+00,1.364556e+00,1.402312e+00,1.219043e+00,1.193337e+00,1.290625e+00,1.383617e+00,1.480611e+00,1.368353e+00,1.378861e+00,1.248572e-01,1.138930e+00,1.593742e+00
5.525000e+00,9.808500e-01,1.471069e+00,1.469058e+00,1.501797e+00,1.329433e+00,1.458372e+00,1.488614e+00,1.564216e+00,1.594178e+00,1.563692e+00,1.392950e+00,1.164004e+00,1.272411e+00,1.377600e+00,1.348389e+00,1.139487e+00,1.266533e+00,1.364556e+00,1.402659e+00,1.219609e+00,1.194106e+00,1.291116e+00,1.384468e+00,1.481179e+00,1.368824e+00,1.379513e+00,1.249234e-01,1.139487e+00,1.594178e+00
5.526000e+00,9.812100e-01,1.471679e+00,1.470404e+00,1.504766e+00,1.330133e+00,1.458837e+00,1.490037e+00,1.565296e+00,1.594933e+00,1.564346e+00,1.393789e+00,1.164957e+00,1.273597e+00,1.378240e+00,1.349060e+00,1.140044e+00,1.267061e+00,1.366333e+00,1.403931e+00,1.220174e+00,1.194876e+00,1.291608e+00,1.385149e+00,1.482358e+00,1.369353e+00,1.380457e+00,1.250864e-01,1.140044e+00,1.594933e+00
5.527000e+00,9.813600e-01,1.471985e+00,1.471076e+00,1.502812e+00,1.330667e+00,1.459814e+00,1.490524e+00,1.566118e+00,1.595487e+00,1.564962e+00,1.394627e+00,1.165649e+00,1.272806e+00,1.377760e+00,1.349732e+00,1.140601e+00,1.267589e+00,1.366333e+00,1.403931e+00,1.220741e+00,1.195646e+00,1.292102e+00,1.386894e+00,1.482489e+00,1.369471e+00,1.380826e+00,1.250242e-01,1.140601e+00,1.595487e+00
5.528000e+00,9.816600e-01,1.473130e+00,1.472108e+00,1.505469e+00,1.331400e+00,1.461163e+00,1.491124e+00,1.566530e+00,1.595940e+00,1.565577e+00,1.394969e+00,1.166255e+00,1.273241e+00,1.378640e+00,1.350404e+00,1.141158e+00,1.268118e+00,1.364778e+00,1.404855e+00,1.221309e+00,1.196416e+00,1.292598e+00,1.388170e+00,1.482838e+00,1.369882e+00,1.381503e+00,1.251455e-01,1.141158e+00,1.595940e+00
5.529000e+00,9.819600e-01,1.474198e+00,1.472646e+00,1.506641e+00,1.332767e+00,1.462791e+00,1.491386e+00,1.567275e+00,1.596678e+00,1.564500e+00,1.394720e+00,1.167078e+00,1.273557e+00,1.378880e+00,1.351077e+00,1.141716e+00,1.268647e+00,1.368333e+00,1.406474e+00,1.221876e+00,1.197174e+00,1.293095e+00,1.389319e+00,1.483406e+00,1.370000e+00,1.382260e+00,1.250870e-01,1.141716e+00,1.596678e+00
5.530000e+00,9.821400e-01,1.474656e+00,1.473722e+00,1.508047e+00,1.334067e+00,1.463442e+00,1.491648e+00,1.567995e+00,1.597584e+00,1.563769e+00,1.395124e+00,1.167424e+00,1.274190e+00,1.379440e+00,1.351749e+00,1.142273e+00,1.269176e+00,1.366333e+00,1.404682e+00,1.222444e+00,1.197931e+00,1.293595e+00,1.390340e+00,1.483843e+00,1.370059e+00,1.382647e+00,1.250660e-01,1.142273e+00,1.597584e+00
5.531000e+00,9.825700e-01,1.475725e+00,1.474529e+00,1.506641e+00,1.334500e+00,1.465256e+00,1.492022e+00,1.568920e+00,1.598523e+00,1.564385e+00,1.395994e+00,1.167965e+00,1.274190e+00,1.378560e+00,1.352421e+00,1.142831e+00,1.269706e+00,1.367222e+00,1.403468e+00,1.223013e+00,1.198689e+00,1.294097e+00,1.390851e+00,1.485197e+00,1.370765e+00,1.383145e+00,1.251160e-01,1.142831e+00,1.598523e+00
5.532000e+00,9.827400e-01,1.477786e+00,1.475157e+00,1.508828e+00,1.335733e+00,1.465721e+00,1.492697e+00,1.569794e+00,1.600201e+00,1.564808e+00,1.396304e+00,1.168550e+00,1.274466e+00,1.378960e+00,1.353094e+00,1.143389e+00,1.270237e+00,1.368444e+00,1.402832e+00,1.223581e+00,1.199447e+00,1.294601e+00,1.392213e+00,1.486026e+00,1.371882e+00,1.383948e+00,1.253088e-01,1.143389e+00,1.600201e+00
5.533000e+00,9.831300e-01,1.478168e+00,1.476233e+00,1.509609e+00,1.336667e+00,1.467442e+00,1.493820e+00,1.570874e+00,1.601711e+00,1.565346e+00,1.396801e+00,1.168918e+00,1.275217e+00,1.378960e+00,1.353767e+00,1.143948e+00,1.270767e+00,1.368889e+00,1.403468e+00,1.224149e+00,1.200205e+00,1.295108e+00,1.392851e+00,1.487555e+00,1.372294e+00,1.384699e+00,1.255049e-01,1.143948e+00,1.601711e+00
5.534000e+00,9.832200e-01,1.479542e+00,1.477713e+00,1.510859e+00,1.337300e+00,1.467814e+00,1.493895e+00,1.571542e+00,1.602617e+00,1.566192e+00,1.396801e+00,1.169524e+00,1.274941e+00,1.380320e+00,1.354439e+00,1.144506e+00,1.271299e+00,1.368667e+00,1.404104e+00,1.224719e+00,1.200963e+00,1.295617e+00,1.393362e+00,1.490044e+00,1.373176e+00,1.385415e+00,1.256940e-01,1.144506e+00,1.602617e+00
5.535000e+00,9.834900e-01,1.480611e+00,1.478520e+00,1.512266e+00,1.338300e+00,1.469628e+00,1.494345e+00,1.572442e+00,1.603792e+00,1.567692e+00,1.396925e+00,1.170368e+00,1.275336e+00,1.382640e+00,1.355112e+00,1.145065e+00,1.271830e+00,1.370778e+00,1.406012e+00,1.225288e+00,1.201722e+00,1.296129e+00,1.394553e+00,1.491004e+00,1.373235e+00,1.386400e+00,1.258859e-01,1.145065e+00,1.603792e+00
5.536000e+00,9.837400e-01,1.481679e+00,1.479641e+00,1.513516e+00,1.339133e+00,1.470186e+00,1.495318e+00,1.573393e+00,1.604883e+00,1.568654e+00,1.397422e+00,1.171190e+00,1.275455e+00,1.382640e+00,1.355785e+00,1.145624e+00,1.272362e+00,1.369778e+00,1.406069e+00,1.225858e+00,1.202481e+00,1.296691e+00,1.395574e+00,1.492314e+00,1.373529e+00,1.387049e+00,1.260636e-01,1.145624e+00,1.604883e+00
5.537000e+00,9.840100e-01,1.481679e+00,1.480314e+00,1.515156e+00,1.340067e+00,1.471349e+00,1.495655e+00,1.574113e+00,1.606644e+00,1.571077e+00,1.398571e+00,1.171818e+00,1.276680e+00,1.384400e+00,1.356458e+00,1.146183e+00,1.272895e+00,1.369444e+00,1.407514e+00,1.226428e+00,1.203240e+00,1.297256e+00,1.396298e+00,1.493231e+00,1.374529e+00,1.387958e+00,1.262863e-01,1.146183e+00,1.606644e+00
5.538000e+00,9.842200e-01,1.483206e+00,1.481928e+00,1.514375e+00,1.341400e+00,1.471488e+00,1.495618e+00,1.575141e+00,1.608121e+00,1.572115e+00,1.399068e+00,1.172489e+00,1.276759e+00,1.384960e+00,1.357132e+00,1.146742e+00,1.273428e+00,1.372889e+00,1.409711e+00,1.226998e+00,1.203999e+00,1.297824e+00,1.396553e+00,1.493755e+00,1.374882e+00,1.388774e+00,1.263618e-01,1.146742e+00,1.608121e+00
5.539000e+00,9.843400e-01,1.484198e+00,1.482735e+00,1.515703e+00,1.342200e+00,1.470930e+00,1.496404e+00,1.576710e+00,1.609446e+00,1.572346e+00,1.399876e+00,1.173030e+00,1.277036e+00,1.386560e+00,1.357805e+00,1.147302e+00,1.273961e+00,1.372778e+00,1.410867e+00,1.227569e+00,1.204758e+00,1.298394e+00,1.395489e+00,1.493712e+00,1.375294e+00,1.389379e+00,1.264686e-01,1.147302e+00,1.609446e+00
5.540000e+00,9.848800e-01,1.485115e+00,1.483139e+00,1.515547e+00,1.343133e+00,1.470744e+00,1.496367e+00,1.576915e+00,1.610587e+00,1.573615e+00,1.400870e+00,1.173983e+00,1.276126e+00,1.386240e+00,1.358478e+00,1.147862e+00,1.274495e+00,1.371000e+00,1.412197e+00,1.228140e+00,1.205518e+00,1.298916e+00,1.394511e+00,1.493886e+00,1.375235e+00,1.389692e+00,1.264852e-01,1.147862e+00,1.610587e+00
5.541000e+00,9.850300e-01,1.486107e+00,1.483408e+00,1.516406e+00,1.344233e+00,1.471860e+00,1.497378e+00,1.576864e+00,1.610168e+00,1.574654e+00,1.401677e+00,1.174827e+00,1.275178e+00,1.388080e+00,1.359152e+00,1.148422e+00,1.275029e+00,1.374222e+00,1.414451e+00,1.228712e+00,1.206278e+00,1.299441e+00,1.394851e+00,1.495895e+00,1.376353e+00,1.390569e+00,1.265141e-01,1.148422e+00,1.610168e+00
5.542000e+00,9.852800e-01,1.486870e+00,1.483767e+00,1.517031e+00,1.345200e+00,1.472512e+00,1.497940e+00,1.576195e+00,1.609094e+00,1.576038e+00,1.402484e+00,1.175281e+00,1.274862e+00,1.387840e+00,1.359825e+00,1.148982e+00,1.275563e+00,1.374778e+00,1.415723e+00,1.229284e+00,1.207053e+00,1.299970e+00,1.395787e+00,1.496507e+00,1.377176e+00,1.391073e+00,1.264070e-01,1.148982e+00,1.609094e+00
5.543000e+00,9.855400e-01,1.486947e+00,1.484709e+00,1.517266e+00,1.345900e+00,1.473581e+00,1.498052e+00,1.576298e+00,1.608742e+00,1.575808e+00,1.403354e+00,1.176212e+00,1.275652e+00,1.389280e+00,1.360499e+00,1.149543e+00,1.276098e+00,1.374111e+00,1.417283e+00,1.229856e+00,1.207828e+00,1.300501e+00,1.397064e+00,1.497031e+00,1.377471e+00,1.391629e+00,1.262127e-01,1.149543e+00,1.608742e+00
5.544000e+00,9.857600e-01,1.488244e+00,1.484305e+00,1.518984e+00,1.346400e+00,1.474558e+00,1.498464e+00,1.576530e+00,1.608876e+00,1.576346e+00,1.403789e+00,1.177229e+00,1.276561e+00,1.389200e+00,1.361172e+00,1.150104e+00,1.276634e+00,1.373667e+00,1.417225e+00,1.230429e+00,1.208604e+00,1.301035e+00,1.397660e+00,1.499083e+00,1.377412e+00,1.392188e+00,1.262071e-01,1.150104e+00,1.608876e+00
5.545000e+00,9.859800e-01,1.489542e+00,1.484619e+00,1.520547e+00,1.346867e+00,1.474837e+00,1.499551e+00,1.576710e+00,1.608440e+00,1.576885e+00,1.403882e+00,1.177489e+00,1.276838e+00,1.390000e+00,1.361846e+00,1.150665e+00,1.277169e+00,1.372222e+00,1.418324e+00,1.231002e+00,1.209381e+00,1.301572e+00,1.398213e+00,1.499651e+00,1.378765e+00,1.392709e+00,1.262126e-01,1.150665e+00,1.608440e+00
5.546000e+00,9.861500e-01,1.490229e+00,1.485247e+00,1.520156e+00,1.345967e+00,1.476558e+00,1.499401e+00,1.577095e+00,1.609195e+00,1.577462e+00,1.403882e+00,1.178550e+00,1.277233e+00,1.390320e+00,1.362520e+00,1.151227e+00,1.277705e+00,1.370444e+00,1.420578e+00,1.231576e+00,1.210158e+00,1.302112e+00,1.399362e+00,1.499825e+00,1.379118e+00,1.393163e+00,1.261877e-01,1.151227e+00,1.609195e+00
5.547000e+00,9.865500e-01,1.491679e+00,1.486771e+00,1.520312e+00,1.345867e+00,1.477674e+00,1.500037e+00,1.578175e+00,1.610419e+00,1.578769e+00,1.404627e+00,1.179113e+00,1.276680e+00,1.393280e+00,1.363194e+00,1.151788e+00,1.278242e+00,1.371778e+00,1.421387e+00,1.232150e+00,1.210921e+00,1.302656e+00,1.400681e+00,1.501310e+00,1.379706e+00,1.394051e+00,1.264412e-01,1.151788e+00,1.610419e+00
5.548000e+00,9.868100e-01,1.491908e+00,1.486592e+00,1.521641e+00,1.346100e+00,1.479395e+00,1.500300e+00,1.578535e+00,1.611174e+00,1.578654e+00,1.405248e+00,1.179762e+00,1.278340e+00,1.394000e+00,1.363868e+00,1.152351e+00,1.278779e+00,1.371111e+00,1.421792e+00,1.232724e+00,1.211700e+00,1.303203e+00,1.402170e+00,1.501572e+00,1.378765e+00,1.394570e+00,1.263724e-01,1.152351e+00,1.611174e+00
5.549000e+00,9.870300e-01,1.493053e+00,1.488027e+00,1.523750e+00,1.345933e+00,1.480512e+00,1.500037e+00,1.578869e+00,1.612081e+00,1.579500e+00,1.405373e+00,1.180628e+00,1.279091e+00,1.394080e+00,1.364542e+00,1.152913e+00,1.279316e+00,1.372444e+00,1.421850e+00,1.233299e+00,1.212464e+00,1.303753e+00,1.403106e+00,1.502707e+00,1.377059e+00,1.395183e+00,1.264903e-01,1.152913e+00,1.612081e+00
5.550000e+00,9.873100e-01,1.493435e+00,1.488834e+00,1.524844e+00,1.346800e+00,1.482093e+00,1.500824e+00,1.579897e+00,1.613406e+00,1.580500e+00,1.406242e+00,1.180952e+00,1.279209e+00,1.395280e+00,1.365216e+00,1.153476e+00,1.279853e+00,1.374222e+00,1.424046e+00,1.233874e+00,1.213228e+00,1.304306e+00,1.404000e+00,1.503843e+00,1.376176e+00,1.396023e+00,1.267132e-01,1.153476e+00,1.613406e+00
5.551000e+00,9.875200e-01,1.494656e+00,1.489238e+00,1.526875e+00,1.347467e+00,1.483256e+00,1.500562e+00,1.580951e+00,1.615000e+00,1.581769e+00,1.407205e+00,1.180931e+00,1.279209e+00,1.395200e+00,1.365891e+00,1.154038e+00,1.280391e+00,1.373556e+00,1.425665e+00,1.234450e+00,1.213993e+00,1.304862e+00,1.405021e+00,1.503712e+00,1.375765e+00,1.396653e+00,1.269794e-01,1.154038e+00,1.615000e+00
5.552000e+00,9.878000e-01,1.495649e+00,1.489103e+00,1.527031e+00,1.348433e+00,1.484140e+00,1.500787e+00,1.582108e+00,1.616980e+00,1.582538e+00,1.407019e+00,1.181840e+00,1.279328e+00,1.397440e+00,1.366565e+00,1.154602e+00,1.280930e+00,1.375333e+00,1.425723e+00,1.235026e+00,1.214759e+00,1.305421e+00,1.406255e+00,1.505197e+00,1.376529e+00,1.397447e+00,1.270923e-01,1.154602e+00,1.616980e+00
5.553000e+00,9.881100e-01,1.496718e+00,1.489013e+00,1.528047e+00,1.349533e+00,1.485488e+00,1.501236e+00,1.583136e+00,1.618188e+00,1.584577e+00,1.407329e+00,1.182208e+00,1.279881e+00,1.396880e+00,1.367240e+00,1.155165e+00,1.281469e+00,1.376444e+00,1.426590e+00,1.235602e+00,1.215525e+00,1.305983e+00,1.407404e+00,1.506419e+00,1.377000e+00,1.398212e+00,1.273077e-01,1.155165e+00,1.618188e+00
5.554000e+00,9.882600e-01,1.496260e+00,1.487982e+00,1.528672e+00,1.350700e+00,1.485767e+00,1.501386e+00,1.583599e+00,1.619161e+00,1.584538e+00,1.407019e+00,1.182511e+00,1.280277e+00,1.398880e+00,1.367913e+00,1.155729e+00,1.282008e+00,1.375333e+00,1.428092e+00,1.236179e+00,1.216292e+00,1.306549e+00,1.408468e+00,1.508428e+00,1.377176e+00,1.398705e+00,1.272718e-01,1.155729e+00,1.619161e+00
5.555000e+00,9.885100e-01,1.498015e+00,1.488117e+00,1.528906e+00,1.352233e+00,1.487070e+00,1.501648e+00,1.584807e+00,1.620017e+00,1.585615e+00,1.406398e+00,1.183615e+00,1.280988e+00,1.400720e+00,1.368586e+00,1.156293e+00,1.282547e+00,1.377111e+00,1.429827e+00,1.236757e+00,1.217059e+00,1.307117e+00,1.409872e+00,1.509520e+00,1.377588e+00,1.399601e+00,1.273361e-01,1.156293e+00,1.620017e+00
5.556000e+00,9.887400e-01,1.499160e+00,1.487848e+00,1.530625e+00,1.353033e+00,1.488419e+00,1.501985e+00,1.586093e+00,1.621107e+00,1.586769e+00,1.405590e+00,1.183896e+00,1.281502e+00,1.402400e+00,1.369260e+00,1.156858e+00,1.283087e+00,1.379222e+00,1.430925e+00,1.237334e+00,1.217827e+00,1.307689e+00,1.410553e+00,1.510393e+00,1.378882e+00,1.400436e+00,1.275158e-01,1.156858e+00,1.621107e+00
5.557000e+00,9.890400e-01,1.500305e+00,1.490224e+00,1.531953e+00,1.353833e+00,1.489116e+00,1.502285e+00,1.587069e+00,1.622232e+00,1.588731e+00,1.405435e+00,1.184654e+00,1.282095e+00,1.401680e+00,1.369933e+00,1.157423e+00,1.283627e+00,1.379222e+00,1.432659e+00,1.237912e+00,1.218595e+00,1.308263e+00,1.411404e+00,1.511747e+00,1.379471e+00,1.401245e+00,1.277765e-01,1.157423e+00,1.622232e+00
5.558000e+00,9.894000e-01,1.500992e+00,1.490673e+00,1.533750e+00,1.355067e+00,1.490326e+00,1.502247e+00,1.588226e+00,1.624128e+00,1.589577e+00,1.405776e+00,1.184394e+00,1.282411e+00,1.402880e+00,1.370606e+00,1.157988e+00,1.284168e+00,1.378444e+00,1.432948e+00,1.238491e+00,1.219381e+00,1.308840e+00,1.412255e+00,1.512576e+00,1.380647e+00,1.401950e+00,1.280341e-01,1.157988e+00,1.624128e+00
5.559000e+00,9.895900e-01,1.501908e+00,1.491614e+00,1.534219e+00,1.356133e+00,1.491814e+00,1.502434e+00,1.589666e+00,1.625789e+00,1.589731e+00,1.406584e+00,1.183810e+00,1.282213e+00,1.405120e+00,1.371279e+00,1.158553e+00,1.284709e+00,1.380333e+00,1.434509e+00,1.239070e+00,1.220167e+00,1.309420e+00,1.412979e+00,1.513188e+00,1.381176e+00,1.402767e+00,1.282669e-01,1.158553e+00,1.625789e+00
5.560000e+00,9.898500e-01,1.501756e+00,1.492601e+00,1.535703e+00,1.356633e+00,1.492279e+00,1.502472e+00,1.590180e+00,1.627634e+00,1.589808e+00,1.407578e+00,1.184134e+00,1.283478e+00,1.407200e+00,1.371952e+00,1.159119e+00,1.285250e+00,1.380333e+00,1.435780e+00,1.239649e+00,1.220955e+00,1.310003e+00,1.413872e+00,1.513537e+00,1.381176e+00,1.403462e+00,1.283228e-01,1.159119e+00,1.627634e+00
5.561000e+00,9.900000e-01,1.505038e+00,1.492332e+00,1.535469e+00,1.357567e+00,1.494698e+00,1.503483e+00,1.590694e+00,1.628943e+00,1.590769e+00,1.408292e+00,1.184545e+00,1.283360e+00,1.406560e+00,1.372626e+00,1.159685e+00,1.285792e+00,1.381000e+00,1.435838e+00,1.240229e+00,1.221745e+00,1.310589e+00,1.414553e+00,1.513406e+00,1.381824e+00,1.404126e+00,1.284809e-01,1.159685e+00,1.628943e+00
5.562000e+00,9.902000e-01,1.503664e+00,1.493587e+00,1.536328e+00,1.358700e+00,1.496372e+00,1.503446e+00,1.591645e+00,1.630403e+00,1.591462e+00,1.408851e+00,1.185022e+00,1.283874e+00,1.406560e+00,1.373299e+00,1.160252e+00,1.286334e+00,1.382556e+00,1.437225e+00,1.240809e+00,1.222535e+00,1.311177e+00,1.416255e+00,1.514061e+00,1.382588e+00,1.404875e+00,1.285516e-01,1.160252e+00,1.630403e+00
5.563000e+00,9.904600e-01,1.504580e+00,1.494215e+00,1.536484e+00,1.359667e+00,1.497395e+00,1.503258e+00,1.592314e+00,1.631477e+00,1.591615e+00,1.409193e+00,1.185346e+00,1.284427e+00,1.408160e+00,1.373972e+00,1.160819e+00,1.286876e+00,1.382556e+00,1.437919e+00,1.241391e+00,1.223326e+00,1.311767e+00,1.417660e+00,1.515240e+00,1.383294e+00,1.405540e+00,1.285816e-01,1.160819e+00,1.631477e+00
5.564000e+00,9.906900e-01,1.505191e+00,1.495605e+00,1.536562e+00,1.360833e+00,1.497814e+00,1.502172e+00,1.593239e+00,1.632500e+00,1.591962e+00,1.409410e+00,1.186472e+00,1.285415e+00,1.409760e+00,1.374645e+00,1.161386e+00,1.287419e+00,1.382667e+00,1.438902e+00,1.241974e+00,1.224119e+00,1.312361e+00,1.417617e+00,1.515328e+00,1.384647e+00,1.406167e+00,1.284748e-01,1.161386e+00,1.632500e+00
5.565000e+00,9.910000e-01,1.504504e+00,1.496547e+00,1.538594e+00,1.362367e+00,1.499256e+00,1.501011e+00,1.594062e+00,1.633356e+00,1.591769e+00,1.409907e+00,1.187121e+00,1.285652e+00,1.411200e+00,1.375318e+00,1.161954e+00,1.287962e+00,1.384667e+00,1.440462e+00,1.242557e+00,1.224913e+00,1.312956e+00,1.418511e+00,1.516900e+00,1.385235e+00,1.406949e+00,1.284874e-01,1.161954e+00,1.633356e+00
5.566000e+00,9.911900e-01,1.503588e+00,1.496906e+00,1.540781e+00,1.362667e+00,1.499907e+00,1.501760e+00,1.594344e+00,1.634379e+00,1.591962e+00,1.410963e+00,1.187684e+00,1.287115e+00,1.411200e+00,1.375991e+00,1.162522e+00,1.288506e+00,1.384556e+00,1.441098e+00,1.243141e+00,1.225689e+00,1.313568e+00,1.418851e+00,1.517904e+00,1.385765e+00,1.407535e+00,1.284811e-01,1.162522e+00,1.634379e+00
5.567000e+00,9.914300e-01,1.504809e+00,1.497892e+00,1.541328e+00,1.363667e+00,1.501442e+00,1.501610e+00,1.595193e+00,1.635252e+00,1.591308e+00,1.411739e+00,1.188766e+00,1.287391e+00,1.412560e+00,1.376664e+00,1.163090e+00,1.289050e+00,1.385778e+00,1.441040e+00,1.243725e+00,1.226465e+00,1.314166e+00,1.420809e+00,1.518952e+00,1.385706e+00,1.408267e+00,1.284576e-01,1.163090e+00,1.635252e+00
5.568000e+00,9.918000e-01,1.504656e+00,1.498655e+00,1.540391e+00,1.364700e+00,1.502558e+00,1.502022e+00,1.595553e+00,1.635621e+00,1.590423e+00,1.412050e+00,1.189329e+00,1.288735e+00,1.413120e+00,1.377338e+00,1.163659e+00,1.289594e+00,1.386778e+00,1.440462e+00,1.244310e+00,1.227243e+00,1.314768e+00,1.421362e+00,1.518603e+00,1.386882e+00,1.408700e+00,1.281708e-01,1.163659e+00,1.635621e+00
5.569000e+00,9.920500e-01,1.505420e+00,1.500224e+00,1.542187e+00,1.365633e+00,1.503535e+00,1.502285e+00,1.595810e+00,1.635419e+00,1.590500e+00,1.411863e+00,1.190108e+00,1.289289e+00,1.414480e+00,1.378011e+00,1.164228e+00,1.290138e+00,1.387222e+00,1.438960e+00,1.244895e+00,1.228021e+00,1.315371e+00,1.421489e+00,1.518210e+00,1.387118e+00,1.409184e+00,1.280707e-01,1.164228e+00,1.635419e+00
5.570000e+00,9.922600e-01,1.506260e+00,1.501300e+00,1.544844e+00,1.366233e+00,1.504605e+00,1.503521e+00,1.596710e+00,1.636091e+00,1.590731e+00,1.412795e+00,1.190823e+00,1.289209e+00,1.415280e+00,1.378684e+00,1.164797e+00,1.290684e+00,1.386667e+00,1.438786e+00,1.245478e+00,1.228800e+00,1.315976e+00,1.423064e+00,1.519039e+00,1.387941e+00,1.409930e+00,1.282421e-01,1.164797e+00,1.636091e+00
5.571000e+00,9.925600e-01,1.508473e+00,1.501390e+00,1.545547e+00,1.366867e+00,1.504791e+00,1.503483e+00,1.597429e+00,1.637332e+00,1.591577e+00,1.414627e+00,1.191320e+00,1.289051e+00,1.414960e+00,1.379357e+00,1.165367e+00,1.291228e+00,1.389667e+00,1.440231e+00,1.246064e+00,1.229579e+00,1.316583e+00,1.423872e+00,1.519127e+00,1.387941e+00,1.410661e+00,1.283276e-01,1.165367e+00,1.637332e+00
5.572000e+00,9.926700e-01,1.508397e+00,1.502646e+00,1.546172e+00,1.367433e+00,1.504698e+00,1.503670e+00,1.598201e+00,1.638440e+00,1.593192e+00,1.415124e+00,1.191775e+00,1.289565e+00,1.416560e+00,1.380030e+00,1.165937e+00,1.291774e+00,1.389333e+00,1.440694e+00,1.246648e+00,1.230360e+00,1.317193e+00,1.422553e+00,1.518646e+00,1.388353e+00,1.411141e+00,1.283711e-01,1.165937e+00,1.638440e+00
5.573000e+00,9.930100e-01,1.510611e+00,1.504529e+00,1.546328e+00,1.368500e+00,1.504093e+00,1.504569e+00,1.598021e+00,1.638440e+00,1.594269e+00,1.415590e+00,1.192381e+00,1.289842e+00,1.418000e+00,1.380703e+00,1.166507e+00,1.292319e+00,1.389333e+00,1.441329e+00,1.247233e+00,1.231141e+00,1.317804e+00,1.422468e+00,1.519476e+00,1.388529e+00,1.411751e+00,1.283650e-01,1.166507e+00,1.638440e+00
5.574000e+00,9.933900e-01,1.510840e+00,1.505381e+00,1.545156e+00,1.369367e+00,1.503953e+00,1.504270e+00,1.597558e+00,1.637785e+00,1.594769e+00,1.416801e+00,1.193052e+00,1.291028e+00,1.418560e+00,1.381376e+00,1.167078e+00,1.292865e+00,1.390778e+00,1.443410e+00,1.247818e+00,1.231943e+00,1.318424e+00,1.422255e+00,1.520349e+00,1.390000e+00,1.412284e+00,1.280421e-01,1.167078e+00,1.637785e+00
5.575000e+00,9.934400e-01,1.511679e+00,1.506099e+00,1.546328e+00,1.369300e+00,1.505767e+00,1.504532e+00,1.598123e+00,1.638054e+00,1.595154e+00,1.417236e+00,1.193680e+00,1.291542e+00,1.418160e+00,1.382049e+00,1.167650e+00,1.293411e+00,1.390667e+00,1.443757e+00,1.248403e+00,1.232747e+00,1.319038e+00,1.422723e+00,1.521659e+00,1.390529e+00,1.412845e+00,1.280937e-01,1.167650e+00,1.638054e+00
5.576000e+00,9.938800e-01,1.513740e+00,1.507309e+00,1.547500e+00,1.369467e+00,1.506837e+00,1.505393e+00,1.598432e+00,1.638372e+00,1.596154e+00,1.417733e+00,1.194827e+00,1.291383e+00,1.420480e+00,1.382722e+00,1.168221e+00,1.293957e+00,1.391222e+00,1.444798e+00,1.248988e+00,1.233552e+00,1.319653e+00,1.423915e+00,1.522358e+00,1.391176e+00,1.413675e+00,1.281943e-01,1.168221e+00,1.638372e+00
5.577000e+00,9.940300e-01,1.513969e+00,1.507892e+00,1.549766e+00,1.369433e+00,1.507070e+00,1.505730e+00,1.599254e+00,1.639530e+00,1.597423e+00,1.418602e+00,1.195108e+00,1.292292e+00,1.421200e+00,1.383395e+00,1.168793e+00,1.294503e+00,1.394111e+00,1.446069e+00,1.249574e+00,1.234358e+00,1.320270e+00,1.424596e+00,1.522489e+00,1.392118e+00,1.414481e+00,1.283136e-01,1.168793e+00,1.639530e+00
5.578000e+00,9.943000e-01,1.515573e+00,1.510045e+00,1.549766e+00,1.369900e+00,1.508605e+00,1.505506e+00,1.600103e+00,1.640470e+00,1.598538e+00,1.418851e+00,1.195346e+00,1.292925e+00,1.422960e+00,1.384069e+00,1.169366e+00,1.295050e+00,1.393000e+00,1.448092e+00,1.250161e+00,1.235166e+00,1.320895e+00,1.425617e+00,1.523231e+00,1.392059e+00,1.415221e+00,1.284996e-01,1.169366e+00,1.640470e+00
5.579000e+00,9.945200e-01,1.515191e+00,1.510852e+00,1.550547e+00,1.370367e+00,1.509721e+00,1.506330e+00,1.600977e+00,1.641795e+00,1.598500e+00,1.418882e+00,1.196299e+00,1.293755e+00,1.422720e+00,1.384742e+00,1.169938e+00,1.295596e+00,1.394000e+00,1.449653e+00,1.250747e+00,1.235975e+00,1.321522e+00,1.426511e+00,1.524760e+00,1.393176e+00,1.415940e+00,1.285296e-01,1.169938e+00,1.641795e+00
5.580000e+00,9.949100e-01,1.517252e+00,1.511480e+00,1.550703e+00,1.371667e+00,1.510884e+00,1.506554e+00,1.601748e+00,1.642953e+00,1.599000e+00,1.419161e+00,1.196753e+00,1.294190e+00,1.424400e+00,1.385415e+00,1.170512e+00,1.296143e+00,1.397222e+00,1.451272e+00,1.251334e+00,1.236786e+00,1.322149e+00,1.427191e+00,1.526419e+00,1.393235e+00,1.416851e+00,1.286451e-01,1.170512e+00,1.642953e+00
5.581000e+00,9.951000e-01,1.517710e+00,1.512825e+00,1.549375e+00,1.372667e+00,1.511953e+00,1.507341e+00,1.602468e+00,1.644044e+00,1.600077e+00,1.419596e+00,1.197121e+00,1.294625e+00,1.424480e+00,1.386088e+00,1.171085e+00,1.296691e+00,1.396111e+00,1.451908e+00,1.251921e+00,1.237598e+00,1.322771e+00,1.428085e+00,1.528646e+00,1.394235e+00,1.417476e+00,1.287464e-01,1.171085e+00,1.644044e+00
5.582000e+00,9.952000e-01,1.519389e+00,1.513543e+00,1.550938e+00,1.373667e+00,1.512884e+00,1.508165e+00,1.602596e+00,1.645319e+00,1.600692e+00,1.420901e+00,1.197835e+00,1.294190e+00,1.425120e+00,1.386761e+00,1.171659e+00,1.297238e+00,1.395889e+00,1.453699e+00,1.252509e+00,1.238411e+00,1.323393e+00,1.429319e+00,1.529869e+00,1.394824e+00,1.418284e+00,1.289282e-01,1.171659e+00,1.645319e+00
5.583000e+00,9.955100e-01,1.519084e+00,1.514395e+00,1.551719e+00,1.374533e+00,1.514605e+00,1.507566e+00,1.603496e+00,1.647047e+00,1.601462e+00,1.421460e+00,1.198182e+00,1.294545e+00,1.426480e+00,1.387434e+00,1.172234e+00,1.297786e+00,1.396444e+00,1.455607e+00,1.253097e+00,1.239226e+00,1.324017e+00,1.430638e+00,1.531266e+00,1.395471e+00,1.419075e+00,1.290881e-01,1.172234e+00,1.647047e+00
5.584000e+00,9.959500e-01,1.520534e+00,1.514574e+00,1.553437e+00,1.375967e+00,1.515302e+00,1.508277e+00,1.603933e+00,1.648171e+00,1.601692e+00,1.422453e+00,1.199134e+00,1.295613e+00,1.428000e+00,1.388107e+00,1.172808e+00,1.298334e+00,1.395222e+00,1.455549e+00,1.253685e+00,1.240041e+00,1.324642e+00,1.430468e+00,1.531790e+00,1.396353e+00,1.419754e+00,1.291003e-01,1.172808e+00,1.648171e+00
5.585000e+00,9.960800e-01,1.521145e+00,1.515022e+00,1.552734e+00,1.377033e+00,1.516512e+00,1.509064e+00,1.605270e+00,1.649161e+00,1.602115e+00,1.422795e+00,1.199784e+00,1.296324e+00,1.426560e+00,1.388780e+00,1.173384e+00,1.298882e+00,1.397778e+00,1.457225e+00,1.254274e+00,1.240859e+00,1.325269e+00,1.432128e+00,1.531659e+00,1.396529e+00,1.420429e+00,1.290759e-01,1.173384e+00,1.649161e+00
5.586000e+00,9.964700e-01,1.522672e+00,1.516323e+00,1.555156e+00,1.377933e+00,1.517535e+00,1.509551e+00,1.606350e+00,1.650705e+00,1.602269e+00,1.423602e+00,1.200325e+00,1.296759e+00,1.430160e+00,1.389454e+00,1.173959e+00,1.299431e+00,1.396667e+00,1.459191e+00,1.254863e+00,1.241677e+00,1.325896e+00,1.432468e+00,1.532533e+00,1.396647e+00,1.421338e+00,1.293343e-01,1.173959e+00,1.650705e+00
5.587000e+00,9.965300e-01,1.524046e+00,1.516054e+00,1.554922e+00,1.379433e+00,1.518837e+00,1.509925e+00,1.607326e+00,1.652148e+00,1.603731e+00,1.424099e+00,1.200931e+00,1.297036e+00,1.430960e+00,1.390127e+00,1.174535e+00,1.299979e+00,1.397222e+00,1.459769e+00,1.255452e+00,1.242496e+00,1.326525e+00,1.434553e+00,1.532009e+00,1.396765e+00,1.422037e+00,1.294083e-01,1.174535e+00,1.652148e+00
5.588000e+00,9.969300e-01,1.524427e+00,1.517623e+00,1.554688e+00,1.380233e+00,1.519953e+00,1.510150e+00,1.608175e+00,1.653070e+00,1.605192e+00,1.424814e+00,1.201818e+00,1.297154e+00,1.432320e+00,1.390800e+00,1.175111e+00,1.300528e+00,1.398444e+00,1.460289e+00,1.256042e+00,1.243317e+00,1.327154e+00,1.435149e+00,1.532227e+00,1.398471e+00,1.422798e+00,1.294502e-01,1.175111e+00,1.653070e+00
5.589000e+00,9.971600e-01,1.525725e+00,1.518700e+00,1.557266e+00,1.381667e+00,1.522186e+00,1.510674e+00,1.608946e+00,1.653440e+00,1.606231e+00,1.425404e+00,1.201948e+00,1.297075e+00,1.432800e+00,1.391473e+00,1.175688e+00,1.301077e+00,1.399222e+00,1.462659e+00,1.256632e+00,1.244113e+00,1.327785e+00,1.436340e+00,1.533231e+00,1.397706e+00,1.423666e+00,1.297287e-01,1.175688e+00,1.653440e+00
5.590000e+00,9.974000e-01,1.527328e+00,1.518879e+00,1.558516e+00,1.382133e+00,1.522651e+00,1.510487e+00,1.609820e+00,1.654329e+00,1.606577e+00,1.425994e+00,1.202965e+00,1.297549e+00,1.434480e+00,1.392146e+00,1.176265e+00,1.301627e+00,1.398778e+00,1.462832e+00,1.257222e+00,1.244911e+00,1.328416e+00,1.437532e+00,1.533843e+00,1.398824e+00,1.424338e+00,1.297470e-01,1.176265e+00,1.654329e+00
5.591000e+00,9.976900e-01,1.527863e+00,1.519417e+00,1.559375e+00,1.383333e+00,1.523721e+00,1.510899e+00,1.610848e+00,1.655520e+00,1.606846e+00,1.425932e+00,1.203528e+00,1.298182e+00,1.434960e+00,1.392820e+00,1.176843e+00,1.302176e+00,1.400333e+00,1.463064e+00,1.257815e+00,1.245709e+00,1.329049e+00,1.438723e+00,1.533974e+00,1.399118e+00,1.425002e+00,1.297737e-01,1.176843e+00,1.655520e+00
5.592000e+00,9.978000e-01,1.528779e+00,1.519955e+00,1.558437e+00,1.384433e+00,1.525256e+00,1.511086e+00,1.611825e+00,1.656393e+00,1.608115e+00,1.426304e+00,1.204264e+00,1.299644e+00,1.435040e+00,1.393493e+00,1.177421e+00,1.302726e+00,1.400889e+00,1.463699e+00,1.258408e+00,1.246508e+00,1.329682e+00,1.439532e+00,1.534367e+00,1.399824e+00,1.425670e+00,1.297480e-01,1.177421e+00,1.656393e+00
5.593000e+00,9.981800e-01,1.530611e+00,1.520987e+00,1.560547e+00,1.385333e+00,1.525302e+00,1.511236e+00,1.612545e+00,1.657215e+00,1.609577e+00,1.426522e+00,1.205000e+00,1.299763e+00,1.436640e+00,1.394166e+00,1.178000e+00,1.303276e+00,1.401778e+00,1.464682e+00,1.259001e+00,1.247308e+00,1.330316e+00,1.439957e+00,1.535764e+00,1.401471e+00,1.426542e+00,1.299316e-01,1.178000e+00,1.657215e+00
5.594000e+00,9.983400e-01,1.530305e+00,1.521659e+00,1.559609e+00,1.385567e+00,1.527116e+00,1.512022e+00,1.613008e+00,1.658440e+00,1.610500e+00,1.427298e+00,1.205087e+00,1.299447e+00,1.437760e+00,1.394840e+00,1.178578e+00,1.303826e+00,1.403111e+00,1.465202e+00,1.259595e+00,1.248108e+00,1.330951e+00,1.440255e+00,1.536725e+00,1.401235e+00,1.427094e+00,1.300214e-01,1.178578e+00,1.658440e+00
5.595000e+00,9.987600e-01,1.530458e+00,1.522197e+00,1.561250e+00,1.386400e+00,1.528326e+00,1.512172e+00,1.613907e+00,1.659497e+00,1.610808e+00,1.427950e+00,1.205823e+00,1.299960e+00,1.438000e+00,1.395513e+00,1.179158e+00,1.304377e+00,1.403556e+00,1.465954e+00,1.260189e+00,1.248910e+00,1.331586e+00,1.441319e+00,1.536769e+00,1.402118e+00,1.427758e+00,1.300544e-01,1.179158e+00,1.659497e+00
5.596000e+00,9.989500e-01,1.533053e+00,1.523722e+00,1.562578e+00,1.387433e+00,1.529302e+00,1.511873e+00,1.614653e+00,1.660487e+00,1.611692e+00,1.428385e+00,1.206450e+00,1.300395e+00,1.439040e+00,1.396186e+00,1.179737e+00,1.304928e+00,1.403444e+00,1.467630e+00,1.260783e+00,1.249712e+00,1.332222e+00,1.441915e+00,1.537773e+00,1.402353e+00,1.428573e+00,1.302491e-01,1.179737e+00,1.660487e+00
5.597000e+00,9.992800e-01,1.534504e+00,1.523857e+00,1.562734e+00,1.388600e+00,1.530279e+00,1.512360e+00,1.615527e+00,1.661460e+00,1.612346e+00,1.428230e+00,1.206797e+00,1.301028e+00,1.440880e+00,1.396860e+00,1.180317e+00,1.305479e+00,1.403333e+00,1.468555e+00,1.261378e+00,1.250515e+00,1.332859e+00,1.443021e+00,1.540044e+00,1.403118e+00,1.429337e+00,1.303743e-01,1.180317e+00,1.661460e+00
5.598000e+00,9.994100e-01,1.533588e+00,1.525202e+00,1.562422e+00,1.389200e+00,1.532279e+00,1.512622e+00,1.616118e+00,1.663087e+00,1.613808e+00,1.428696e+00,1.207186e+00,1.301621e+00,1.441520e+00,1.397533e+00,1.180898e+00,1.306030e+00,1.405111e+00,1.469884e+00,1.261973e+00,1.251319e+00,1.333496e+00,1.444298e+00,1.540961e+00,1.403412e+00,1.430094e+00,1.304925e-01,1.180898e+00,1.663087e+00
5.599000e+00,9.996400e-01,1.536107e+00,1.526502e+00,1.565234e+00,1.390733e+00,1.533163e+00,1.512809e+00,1.617198e+00,1.664329e+00,1.613577e+00,1.429161e+00,1.207944e+00,1.301818e+00,1.441440e+00,1.398207e+00,1.181479e+00,1.306581e+00,1.403778e+00,1.470289e+00,1.262568e+00,1.252123e+00,1.334134e+00,1.444723e+00,1.541354e+00,1.404176e+00,1.430810e+00,1.306831e-01,1.181479e+00,1.664329e+00
5.600000e+00,1.000010e+00,1.536412e+00,1.527175e+00,1.566250e+00,1.391633e+00,1.534744e+00,1.514120e+00,1.617738e+00,1.665856e+00,1.613577e+00,1.430870e+00,1.208398e+00,1.302095e+00,1.443040e+00,1.398880e+00,1.182060e+00,1.307133e+00,1.405111e+00,1.470578e+00,1.263164e+00,1.252929e+00,1.334779e+00,1.445362e+00,1.542664e+00,1.405706e+00,1.431678e+00,1.307947e-01,1.182060e+00,1.665856e+00
5.601000e+00,1.000320e+00,1.536641e+00,1.528789e+00,1.567500e+00,1.393167e+00,1.535302e+00,1.514757e+00,1.618432e+00,1.665990e+00,1.613615e+00,1.430932e+00,1.209004e+00,1.302332e+00,1.444640e+00,1.399554e+00,1.182642e+00,1.307685e+00,1.406333e+00,1.471561e+00,1.263759e+00,1.253735e+00,1.335424e+00,1.446809e+00,1.543406e+00,1.406059e+00,1.432420e+00,1.307861e-01,1.182642e+00,1.665990e+00
5.602000e+00,1.000490e+00,1.538702e+00,1.529417e+00,1.567344e+00,1.393900e+00,1.536977e+00,1.514757e+00,1.618972e+00,1.667148e+00,1.614231e+00,1.431646e+00,1.207489e+00,1.302885e+00,1.444880e+00,1.400227e+00,1.183224e+00,1.308237e+00,1.405222e+00,1.473237e+00,1.264355e+00,1.254568e+00,1.336064e+00,1.447149e+00,1.545633e+00,1.406529e+00,1.433033e+00,1.310861e-01,1.183224e+00,1.667148e+00
5.603000e+00,1.000600e+00,1.539008e+00,1.529686e+00,1.569453e+00,1.395300e+00,1.538140e+00,1.515543e+00,1.620180e+00,1.668339e+00,1.615308e+00,1.431894e+00,1.208097e+00,1.303202e+00,1.446160e+00,1.400901e+00,1.183807e+00,1.308789e+00,1.407111e+00,1.472948e+00,1.264952e+00,1.255403e+00,1.336705e+00,1.447830e+00,1.545764e+00,1.407353e+00,1.433828e+00,1.312134e-01,1.183807e+00,1.668339e+00
5.604000e+00,1.000740e+00,1.540458e+00,1.531031e+00,1.568516e+00,1.396367e+00,1.539070e+00,1.516030e+00,1.620334e+00,1.669228e+00,1.615385e+00,1.432578e+00,1.208706e+00,1.304585e+00,1.446720e+00,1.401575e+00,1.184390e+00,1.309342e+00,1.407889e+00,1.474277e+00,1.265548e+00,1.256238e+00,1.337346e+00,1.447915e+00,1.545328e+00,1.407765e+00,1.434443e+00,1.310913e-01,1.184390e+00,1.669228e+00
5.605000e+00,1.001200e+00,1.540840e+00,1.531076e+00,1.569375e+00,1.396400e+00,1.538605e+00,1.515843e+00,1.619794e+00,1.667416e+00,1.614423e+00,1.432826e+00,1.209316e+00,1.304901e+00,1.448240e+00,1.402249e+00,1.184973e+00,1.309895e+00,1.406444e+00,1.473237e+00,1.266145e+00,1.257075e+00,1.337988e+00,1.447404e+00,1.544585e+00,1.408412e+00,1.434478e+00,1.306403e-01,1.184973e+00,1.667416e+00
5.606000e+00,1.001410e+00,1.539160e+00,1.529910e+00,1.569219e+00,1.396267e+00,1.538744e+00,1.514682e+00,1.619280e+00,1.666393e+00,1.612808e+00,1.432174e+00,1.209926e+00,1.304269e+00,1.449120e+00,1.402922e+00,1.185557e+00,1.310448e+00,1.407111e+00,1.471445e+00,1.266742e+00,1.257912e+00,1.338631e+00,1.446426e+00,1.545240e+00,1.407235e+00,1.434234e+00,1.301323e-01,1.185557e+00,1.666393e+00
5.607000e+00,1.001680e+00,1.539771e+00,1.528072e+00,1.570234e+00,1.396367e+00,1.538512e+00,1.514457e+00,1.619177e+00,1.665755e+00,1.611962e+00,1.430776e+00,1.210537e+00,1.303004e+00,1.448640e+00,1.403596e+00,1.186142e+00,1.311001e+00,1.406556e+00,1.470116e+00,1.267339e+00,1.258751e+00,1.339273e+00,1.445872e+00,1.544803e+00,1.405706e+00,1.434017e+00,1.298438e-01,1.186142e+00,1.665755e+00
5.608000e+00,1.001820e+00,1.540382e+00,1.527937e+00,1.572344e+00,1.397200e+00,1.539256e+00,1.513895e+00,1.619589e+00,1.665923e+00,1.612731e+00,1.430807e+00,1.211148e+00,1.302490e+00,1.448960e+00,1.404270e+00,1.186726e+00,1.311555e+00,1.403333e+00,1.469538e+00,1.267937e+00,1.259590e+00,1.339917e+00,1.446936e+00,1.541878e+00,1.404059e+00,1.434100e+00,1.297815e-01,1.186726e+00,1.665923e+00
5.609000e+00,1.002040e+00,1.540916e+00,1.527713e+00,1.574297e+00,1.397767e+00,1.540884e+00,1.514082e+00,1.619923e+00,1.665856e+00,1.612654e+00,1.430373e+00,1.211759e+00,1.302767e+00,1.448240e+00,1.404944e+00,1.187312e+00,1.312108e+00,1.403444e+00,1.470578e+00,1.268534e+00,1.260431e+00,1.340561e+00,1.446894e+00,1.538734e+00,1.404412e+00,1.434383e+00,1.296131e-01,1.187312e+00,1.665856e+00
5.610000e+00,1.002390e+00,1.540763e+00,1.527848e+00,1.575625e+00,1.398833e+00,1.540837e+00,1.514307e+00,1.620463e+00,1.666544e+00,1.613462e+00,1.430776e+00,1.212372e+00,1.302806e+00,1.449200e+00,1.405618e+00,1.187897e+00,1.312662e+00,1.404889e+00,1.470231e+00,1.269132e+00,1.261272e+00,1.341205e+00,1.447404e+00,1.536812e+00,1.404353e+00,1.434805e+00,1.294995e-01,1.187897e+00,1.666544e+00
5.611000e+00,1.002550e+00,1.541908e+00,1.528206e+00,1.574453e+00,1.399700e+00,1.542000e+00,1.514831e+00,1.621414e+00,1.667601e+00,1.613846e+00,1.431522e+00,1.212984e+00,1.302688e+00,1.448560e+00,1.406292e+00,1.188483e+00,1.313216e+00,1.402667e+00,1.471676e+00,1.269730e+00,1.262115e+00,1.341850e+00,1.449191e+00,1.536114e+00,1.404647e+00,1.435237e+00,1.295033e-01,1.188483e+00,1.667601e+00
5.612000e+00,1.002860e+00,1.541985e+00,1.529238e+00,1.575000e+00,1.400300e+00,1.542744e+00,1.514831e+00,1.622699e+00,1.668624e+00,1.614654e+00,1.431957e+00,1.213598e+00,1.303083e+00,1.450160e+00,1.406966e+00,1.189070e+00,1.313771e+00,1.404667e+00,1.471040e+00,1.270329e+00,1.262958e+00,1.342496e+00,1.450128e+00,1.536856e+00,1.404941e+00,1.435921e+00,1.295507e-01,1.189070e+00,1.668624e+00
5.613000e+00,1.003200e+00,1.543664e+00,1.530090e+00,1.576484e+00,1.401433e+00,1.543907e+00,1.515618e+00,1.623445e+00,1.670168e+00,1.616077e+00,1.432484e+00,1.214211e+00,1.303083e+00,1.452480e+00,1.407640e+00,1.189657e+00,1.314326e+00,1.406778e+00,1.471329e+00,1.270928e+00,1.263802e+00,1.343142e+00,1.450681e+00,1.537773e+00,1.406118e+00,1.436888e+00,1.297857e-01,1.189657e+00,1.670168e+00
5.614000e+00,1.003350e+00,1.544733e+00,1.530897e+00,1.579766e+00,1.402700e+00,1.545488e+00,1.516367e+00,1.624422e+00,1.671242e+00,1.617077e+00,1.433043e+00,1.214826e+00,1.303715e+00,1.452320e+00,1.408315e+00,1.190244e+00,1.314880e+00,1.405000e+00,1.472832e+00,1.271527e+00,1.264619e+00,1.343779e+00,1.452255e+00,1.538996e+00,1.406118e+00,1.437715e+00,1.300876e-01,1.190244e+00,1.671242e+00
5.615000e+00,1.003690e+00,1.545267e+00,1.532018e+00,1.579609e+00,1.403633e+00,1.546605e+00,1.516442e+00,1.625578e+00,1.673255e+00,1.617500e+00,1.433540e+00,1.215440e+00,1.304190e+00,1.453040e+00,1.408989e+00,1.190832e+00,1.315435e+00,1.407667e+00,1.474277e+00,1.272123e+00,1.265437e+00,1.344426e+00,1.453021e+00,1.540480e+00,1.407000e+00,1.438575e+00,1.302058e-01,1.190832e+00,1.673255e+00
5.616000e+00,1.003990e+00,1.546107e+00,1.533094e+00,1.580078e+00,1.404500e+00,1.547535e+00,1.516704e+00,1.626221e+00,1.674664e+00,1.617231e+00,1.434317e+00,1.216056e+00,1.304743e+00,1.453280e+00,1.409663e+00,1.191420e+00,1.315991e+00,1.409222e+00,1.475087e+00,1.272719e+00,1.266256e+00,1.345073e+00,1.454723e+00,1.541485e+00,1.408824e+00,1.439375e+00,1.302231e-01,1.191420e+00,1.674664e+00
5.617000e+00,1.004200e+00,1.547939e+00,1.534753e+00,1.579609e+00,1.406567e+00,1.549256e+00,1.517903e+00,1.627301e+00,1.676057e+00,1.618808e+00,1.435342e+00,1.216672e+00,1.305099e+00,1.453840e+00,1.410338e+00,1.192009e+00,1.316546e+00,1.408889e+00,1.476185e+00,1.273316e+00,1.267076e+00,1.345721e+00,1.455319e+00,1.542052e+00,1.408529e+00,1.440214e+00,1.304509e-01,1.192009e+00,1.676057e+00
5.618000e+00,1.004380e+00,1.548244e+00,1.535740e+00,1.581250e+00,1.407100e+00,1.549953e+00,1.517640e+00,1.627892e+00,1.677668e+00,1.620115e+00,1.435870e+00,1.217288e+00,1.305375e+00,1.454800e+00,1.411012e+00,1.192598e+00,1.317102e+00,1.409889e+00,1.477861e+00,1.273913e+00,1.267896e+00,1.346370e+00,1.456255e+00,1.542838e+00,1.409294e+00,1.440999e+00,1.306153e-01,1.192598e+00,1.677668e+00
5.619000e+00,1.004550e+00,1.549847e+00,1.536951e+00,1.582422e+00,1.408267e+00,1.551070e+00,1.518127e+00,1.628612e+00,1.679513e+00,1.619846e+00,1.436211e+00,1.217905e+00,1.305810e+00,1.457040e+00,1.411687e+00,1.193187e+00,1.317658e+00,1.409778e+00,1.478786e+00,1.274510e+00,1.268717e+00,1.347019e+00,1.457106e+00,1.542402e+00,1.410471e+00,1.441789e+00,1.307301e-01,1.193187e+00,1.679513e+00
5.620000e+00,1.004940e+00,1.550687e+00,1.537982e+00,1.583125e+00,1.409533e+00,1.552465e+00,1.519251e+00,1.629254e+00,1.680252e+00,1.620846e+00,1.436646e+00,1.218522e+00,1.306680e+00,1.456240e+00,1.412362e+00,1.193777e+00,1.318214e+00,1.410556e+00,1.479653e+00,1.275108e+00,1.269539e+00,1.347658e+00,1.458638e+00,1.543537e+00,1.411412e+00,1.442581e+00,1.308145e-01,1.193777e+00,1.680252e+00
5.621000e+00,1.005060e+00,1.550992e+00,1.539013e+00,1.583125e+00,1.410700e+00,1.554512e+00,1.519438e+00,1.629512e+00,1.681242e+00,1.621269e+00,1.437516e+00,1.219140e+00,1.307787e+00,1.458160e+00,1.413036e+00,1.194368e+00,1.318771e+00,1.412667e+00,1.480347e+00,1.275706e+00,1.270361e+00,1.348297e+00,1.459532e+00,1.544585e+00,1.413000e+00,1.443461e+00,1.307876e-01,1.194368e+00,1.681242e+00
5.622000e+00,1.005540e+00,1.552672e+00,1.540224e+00,1.583984e+00,1.411733e+00,1.554512e+00,1.520225e+00,1.630231e+00,1.681711e+00,1.621231e+00,1.438230e+00,1.219759e+00,1.307945e+00,1.458800e+00,1.413711e+00,1.194959e+00,1.319327e+00,1.413222e+00,1.481792e+00,1.276304e+00,1.271184e+00,1.348936e+00,1.460553e+00,1.546157e+00,1.413765e+00,1.444215e+00,1.308435e-01,1.194959e+00,1.681711e+00
5.623000e+00,1.005840e+00,1.553053e+00,1.541749e+00,1.584375e+00,1.413667e+00,1.556326e+00,1.520899e+00,1.631517e+00,1.683221e+00,1.623231e+00,1.439224e+00,1.220378e+00,1.308182e+00,1.460000e+00,1.414386e+00,1.195550e+00,1.319884e+00,1.413111e+00,1.481792e+00,1.276903e+00,1.272008e+00,1.349575e+00,1.461234e+00,1.547555e+00,1.414471e+00,1.445095e+00,1.311047e-01,1.195550e+00,1.683221e+00
5.624000e+00,1.005940e+00,1.554656e+00,1.542960e+00,1.586953e+00,1.415000e+00,1.558279e+00,1.521311e+00,1.632571e+00,1.684295e+00,1.623385e+00,1.439689e+00,1.220998e+00,1.308221e+00,1.460880e+00,1.415061e+00,1.196142e+00,1.320441e+00,1.415444e+00,1.482139e+00,1.277502e+00,1.272833e+00,1.350214e+00,1.462000e+00,1.548559e+00,1.415059e+00,1.446025e+00,1.313265e-01,1.196142e+00,1.684295e+00
5.625000e+00,1.006230e+00,1.555878e+00,1.544170e+00,1.586953e+00,1.416700e+00,1.558698e+00,1.521311e+00,1.633265e+00,1.685151e+00,1.623808e+00,1.439752e+00,1.221618e+00,1.308893e+00,1.461360e+00,1.415736e+00,1.196734e+00,1.320999e+00,1.417111e+00,1.483064e+00,1.278101e+00,1.273658e+00,1.350853e+00,1.463447e+00,1.549651e+00,1.416235e+00,1.446798e+00,1.313159e-01,1.196734e+00,1.685151e+00
5.626000e+00,1.006450e+00,1.555802e+00,1.545157e+00,1.589687e+00,1.417667e+00,1.560093e+00,1.521236e+00,1.634319e+00,1.685940e+00,1.624269e+00,1.441056e+00,1.222238e+00,1.309644e+00,1.462400e+00,1.416412e+00,1.197327e+00,1.321556e+00,1.416222e+00,1.483931e+00,1.278700e+00,1.274485e+00,1.351492e+00,1.464596e+00,1.551048e+00,1.416529e+00,1.447575e+00,1.314723e-01,1.197327e+00,1.685940e+00
5.627000e+00,1.006720e+00,1.556870e+00,1.546368e+00,1.589609e+00,1.418600e+00,1.561349e+00,1.522210e+00,1.635450e+00,1.687097e+00,1.623731e+00,1.442143e+00,1.222859e+00,1.310632e+00,1.462720e+00,1.417087e+00,1.197920e+00,1.322114e+00,1.417444e+00,1.484335e+00,1.279300e+00,1.275339e+00,1.352132e+00,1.464936e+00,1.552227e+00,1.417824e+00,1.448346e+00,1.314841e-01,1.197920e+00,1.687097e+00
5.628000e+00,1.006870e+00,1.558397e+00,1.547354e+00,1.591172e+00,1.420100e+00,1.562744e+00,1.523071e+00,1.636298e+00,1.687701e+00,1.625077e+00,1.442516e+00,1.223481e+00,1.311344e+00,1.465440e+00,1.417762e+00,1.198513e+00,1.322672e+00,1.418889e+00,1.484220e+00,1.279901e+00,1.276167e+00,1.352771e+00,1.466766e+00,1.553581e+00,1.418176e+00,1.449338e+00,1.316636e-01,1.198513e+00,1.687701e+00
5.629000e+00,1.007230e+00,1.558244e+00,1.548386e+00,1.591172e+00,1.421133e+00,1.563628e+00,1.522996e+00,1.637429e+00,1.688272e+00,1.626154e+00,1.443820e+00,1.224103e+00,1.311383e+00,1.466320e+00,1.418438e+00,1.199107e+00,1.323230e+00,1.419000e+00,1.484740e+00,1.280501e+00,1.276968e+00,1.353411e+00,1.466468e+00,1.554061e+00,1.418941e+00,1.449913e+00,1.316761e-01,1.199107e+00,1.688272e+00
5.630000e+00,1.007450e+00,1.558550e+00,1.549013e+00,1.590859e+00,1.422333e+00,1.564930e+00,1.524082e+00,1.637995e+00,1.689581e+00,1.626731e+00,1.443789e+00,1.224726e+00,1.311383e+00,1.466000e+00,1.419114e+00,1.199702e+00,1.323789e+00,1.419444e+00,1.484451e+00,1.281102e+00,1.277770e+00,1.354050e+00,1.467404e+00,1.555240e+00,1.419000e+00,1.450460e+00,1.317362e-01,1.199702e+00,1.689581e+00
5.631000e+00,1.007660e+00,1.559924e+00,1.549552e+00,1.594375e+00,1.423233e+00,1.565302e+00,1.523521e+00,1.638715e+00,1.690604e+00,1.626692e+00,1.444286e+00,1.225349e+00,1.312213e+00,1.466240e+00,1.419789e+00,1.200297e+00,1.324348e+00,1.419667e+00,1.483873e+00,1.281703e+00,1.278573e+00,1.354690e+00,1.468596e+00,1.556463e+00,1.419235e+00,1.451135e+00,1.318520e-01,1.200297e+00,1.690604e+00
5.632000e+00,1.008040e+00,1.561908e+00,1.550538e+00,1.595859e+00,1.424533e+00,1.567302e+00,1.523970e+00,1.639974e+00,1.691376e+00,1.627538e+00,1.444286e+00,1.225973e+00,1.312885e+00,1.468480e+00,1.420465e+00,1.200892e+00,1.324907e+00,1.419111e+00,1.483931e+00,1.282305e+00,1.279376e+00,1.355330e+00,1.469404e+00,1.557642e+00,1.420765e+00,1.452031e+00,1.320697e-01,1.200892e+00,1.691376e+00
5.633000e+00,1.008280e+00,1.561069e+00,1.551614e+00,1.596719e+00,1.424667e+00,1.567581e+00,1.524869e+00,1.640694e+00,1.692399e+00,1.627923e+00,1.445311e+00,1.226597e+00,1.314269e+00,1.469760e+00,1.421141e+00,1.201488e+00,1.325466e+00,1.421000e+00,1.484740e+00,1.282906e+00,1.280181e+00,1.355969e+00,1.470043e+00,1.558297e+00,1.421471e+00,1.452757e+00,1.320185e-01,1.201488e+00,1.692399e+00
5.634000e+00,1.008550e+00,1.562901e+00,1.552511e+00,1.596172e+00,1.424733e+00,1.568837e+00,1.525206e+00,1.641491e+00,1.692651e+00,1.628654e+00,1.445870e+00,1.227222e+00,1.314387e+00,1.470000e+00,1.421817e+00,1.202084e+00,1.326025e+00,1.421778e+00,1.484104e+00,1.283508e+00,1.280986e+00,1.356609e+00,1.470936e+00,1.558952e+00,1.421824e+00,1.453302e+00,1.320315e-01,1.202084e+00,1.692651e+00
5.635000e+00,1.008800e+00,1.565038e+00,1.552870e+00,1.597500e+00,1.424333e+00,1.569953e+00,1.525805e+00,1.642159e+00,1.692852e+00,1.628962e+00,1.446149e+00,1.227847e+00,1.314545e+00,1.472320e+00,1.422493e+00,1.202681e+00,1.326585e+00,1.422556e+00,1.485607e+00,1.284111e+00,1.281792e+00,1.357249e+00,1.471362e+00,1.559913e+00,1.422412e+00,1.454046e+00,1.321309e-01,1.202681e+00,1.692852e+00
5.636000e+00,1.009070e+00,1.564733e+00,1.553901e+00,1.598359e+00,1.424400e+00,1.570837e+00,1.525955e+00,1.641877e+00,1.691930e+00,1.629346e+00,1.446646e+00,1.228473e+00,1.315020e+00,1.472480e+00,1.423169e+00,1.203278e+00,1.327144e+00,1.424333e+00,1.485780e+00,1.284714e+00,1.282599e+00,1.357889e+00,1.471617e+00,1.560830e+00,1.423412e+00,1.454530e+00,1.319302e-01,1.203278e+00,1.691930e+00
5.637000e+00,1.009160e+00,1.566870e+00,1.554843e+00,1.598984e+00,1.425200e+00,1.572093e+00,1.525993e+00,1.641157e+00,1.690503e+00,1.630500e+00,1.446304e+00,1.229100e+00,1.315652e+00,1.473200e+00,1.423846e+00,1.203875e+00,1.327705e+00,1.424444e+00,1.486301e+00,1.285317e+00,1.283407e+00,1.358529e+00,1.472128e+00,1.561703e+00,1.424294e+00,1.455081e+00,1.318052e-01,1.203875e+00,1.690503e+00
5.638000e+00,1.009640e+00,1.566794e+00,1.556547e+00,1.600156e+00,1.425933e+00,1.572093e+00,1.526854e+00,1.641003e+00,1.690201e+00,1.630769e+00,1.446832e+00,1.229727e+00,1.316561e+00,1.474880e+00,1.424522e+00,1.204473e+00,1.328265e+00,1.425111e+00,1.487283e+00,1.285920e+00,1.284215e+00,1.359170e+00,1.471234e+00,1.562620e+00,1.424529e+00,1.455654e+00,1.316843e-01,1.204473e+00,1.690201e+00
5.639000e+00,1.009770e+00,1.568168e+00,1.556233e+00,1.600391e+00,1.426600e+00,1.572372e+00,1.527228e+00,1.641568e+00,1.690537e+00,1.631038e+00,1.448106e+00,1.230354e+00,1.317154e+00,1.474960e+00,1.425199e+00,1.205072e+00,1.328825e+00,1.426889e+00,1.487341e+00,1.286524e+00,1.285025e+00,1.359810e+00,1.470681e+00,1.562751e+00,1.425294e+00,1.456172e+00,1.315504e-01,1.205072e+00,1.690537e+00
5.640000e+00,1.010140e+00,1.569160e+00,1.557175e+00,1.600156e+00,1.428067e+00,1.572047e+00,1.527603e+00,1.642031e+00,1.691443e+00,1.631077e+00,1.448665e+00,1.230982e+00,1.318221e+00,1.476240e+00,1.425876e+00,1.205671e+00,1.329386e+00,1.429111e+00,1.487572e+00,1.287128e+00,1.285835e+00,1.360450e+00,1.470766e+00,1.564629e+00,1.426118e+00,1.456892e+00,1.314642e-01,1.205671e+00,1.691443e+00
5.641000e+00,1.010390e+00,1.568397e+00,1.557444e+00,1.600391e+00,1.429367e+00,1.573163e+00,1.528464e+00,1.641979e+00,1.692584e+00,1.631615e+00,1.449627e+00,1.231611e+00,1.318498e+00,1.478880e+00,1.426552e+00,1.206270e+00,1.329947e+00,1.426444e+00,1.488671e+00,1.287732e+00,1.286647e+00,1.361091e+00,1.471106e+00,1.566288e+00,1.427176e+00,1.457498e+00,1.314845e-01,1.206270e+00,1.692584e+00
5.642000e+00,1.010640e+00,1.570534e+00,1.558117e+00,1.602812e+00,1.430967e+00,1.573209e+00,1.529026e+00,1.642596e+00,1.693859e+00,1.630538e+00,1.450217e+00,1.232240e+00,1.318893e+00,1.477360e+00,1.427229e+00,1.206870e+00,1.330508e+00,1.428556e+00,1.487399e+00,1.288337e+00,1.287459e+00,1.361731e+00,1.471319e+00,1.567642e+00,1.427588e+00,1.458125e+00,1.315286e-01,1.206870e+00,1.693859e+00
5.643000e+00,1.010850e+00,1.570305e+00,1.558520e+00,1.604297e+00,1.432467e+00,1.574977e+00,1.528951e+00,1.643393e+00,1.695839e+00,1.630154e+00,1.450466e+00,1.232869e+00,1.319012e+00,1.477920e+00,1.427907e+00,1.207470e+00,1.331070e+00,1.428778e+00,1.484451e+00,1.288942e+00,1.288272e+00,1.362372e+00,1.472383e+00,1.568079e+00,1.428471e+00,1.458640e+00,1.315887e-01,1.207470e+00,1.695839e+00
5.644000e+00,1.010990e+00,1.570840e+00,1.559193e+00,1.605234e+00,1.433767e+00,1.575395e+00,1.529963e+00,1.643779e+00,1.697584e+00,1.629231e+00,1.451149e+00,1.233499e+00,1.320277e+00,1.479600e+00,1.428584e+00,1.208071e+00,1.331631e+00,1.429333e+00,1.484046e+00,1.289547e+00,1.289087e+00,1.363012e+00,1.472979e+00,1.567991e+00,1.429412e+00,1.459300e+00,1.315205e-01,1.208071e+00,1.697584e+00
5.645000e+00,1.011120e+00,1.573511e+00,1.560628e+00,1.606094e+00,1.435633e+00,1.576419e+00,1.529663e+00,1.644653e+00,1.698674e+00,1.628577e+00,1.451646e+00,1.234130e+00,1.320791e+00,1.480240e+00,1.429261e+00,1.208672e+00,1.332193e+00,1.430556e+00,1.484220e+00,1.290153e+00,1.289902e+00,1.363653e+00,1.474170e+00,1.568428e+00,1.430176e+00,1.460085e+00,1.315802e-01,1.208672e+00,1.698674e+00
5.646000e+00,1.011430e+00,1.573511e+00,1.562018e+00,1.607187e+00,1.436600e+00,1.577209e+00,1.529663e+00,1.645450e+00,1.700134e+00,1.629038e+00,1.452826e+00,1.234761e+00,1.321383e+00,1.482000e+00,1.429939e+00,1.209273e+00,1.332755e+00,1.431444e+00,1.484798e+00,1.290759e+00,1.290718e+00,1.364294e+00,1.475319e+00,1.569301e+00,1.430647e+00,1.460876e+00,1.316688e-01,1.209273e+00,1.700134e+00
5.647000e+00,1.011740e+00,1.572290e+00,1.562422e+00,1.609922e+00,1.437967e+00,1.578837e+00,1.529026e+00,1.646272e+00,1.701309e+00,1.628654e+00,1.453509e+00,1.235393e+00,1.321739e+00,1.482320e+00,1.430616e+00,1.209875e+00,1.333317e+00,1.432111e+00,1.485838e+00,1.291365e+00,1.291535e+00,1.364934e+00,1.476170e+00,1.569607e+00,1.431471e+00,1.461521e+00,1.316930e-01,1.209875e+00,1.701309e+00
5.648000e+00,1.012080e+00,1.572595e+00,1.563094e+00,1.609297e+00,1.439533e+00,1.580233e+00,1.527978e+00,1.647326e+00,1.701779e+00,1.629385e+00,1.453665e+00,1.236025e+00,1.322332e+00,1.483760e+00,1.431294e+00,1.210478e+00,1.333880e+00,1.432333e+00,1.485318e+00,1.291972e+00,1.292354e+00,1.365575e+00,1.477277e+00,1.570568e+00,1.432235e+00,1.462095e+00,1.316394e-01,1.210478e+00,1.701779e+00
5.649000e+00,1.012180e+00,1.573969e+00,1.563901e+00,1.609766e+00,1.440367e+00,1.581767e+00,1.528127e+00,1.647995e+00,1.702198e+00,1.630269e+00,1.453851e+00,1.236658e+00,1.323202e+00,1.484720e+00,1.431972e+00,1.211081e+00,1.334443e+00,1.432556e+00,1.485318e+00,1.292579e+00,1.293173e+00,1.366216e+00,1.477745e+00,1.571878e+00,1.432824e+00,1.462774e+00,1.316962e-01,1.211081e+00,1.702198e+00
5.650000e+00,1.012630e+00,1.572901e+00,1.564126e+00,1.611250e+00,1.441433e+00,1.582930e+00,1.528614e+00,1.648997e+00,1.702735e+00,1.631038e+00,1.454472e+00,1.237291e+00,1.323478e+00,1.486080e+00,1.432650e+00,1.211684e+00,1.335006e+00,1.431889e+00,1.486532e+00,1.293186e+00,1.293993e+00,1.366858e+00,1.478638e+00,1.572183e+00,1.432824e+00,1.463366e+00,1.317286e-01,1.211684e+00,1.702735e+00
5.651000e+00,1.012670e+00,1.575115e+00,1.564888e+00,1.612578e+00,1.442867e+00,1.584326e+00,1.529064e+00,1.650154e+00,1.704094e+00,1.631654e+00,1.455062e+00,1.237925e+00,1.324625e+00,1.487040e+00,1.433328e+00,1.212288e+00,1.335569e+00,1.434556e+00,1.487283e+00,1.293794e+00,1.294815e+00,1.367499e+00,1.480255e+00,1.573799e+00,1.433353e+00,1.464414e+00,1.319210e-01,1.212288e+00,1.704094e+00
5.652000e+00,1.013150e+00,1.575344e+00,1.565336e+00,1.614688e+00,1.444600e+00,1.585628e+00,1.529139e+00,1.651440e+00,1.704799e+00,1.632115e+00,1.455807e+00,1.238559e+00,1.325613e+00,1.488000e+00,1.434006e+00,1.212893e+00,1.336132e+00,1.435444e+00,1.487283e+00,1.294402e+00,1.295637e+00,1.368140e+00,1.481106e+00,1.573537e+00,1.433941e+00,1.465150e+00,1.319576e-01,1.212893e+00,1.704799e+00
5.653000e+00,1.013340e+00,1.576412e+00,1.566323e+00,1.615469e+00,1.445367e+00,1.586419e+00,1.530112e+00,1.653085e+00,1.705688e+00,1.633000e+00,1.456273e+00,1.239194e+00,1.325652e+00,1.489120e+00,1.434685e+00,1.213497e+00,1.336696e+00,1.434889e+00,1.487919e+00,1.295010e+00,1.296461e+00,1.368781e+00,1.482000e+00,1.574279e+00,1.434941e+00,1.465886e+00,1.321338e-01,1.213497e+00,1.705688e+00
5.654000e+00,1.013490e+00,1.578015e+00,1.566951e+00,1.615547e+00,1.446033e+00,1.588140e+00,1.530599e+00,1.653933e+00,1.706695e+00,1.633385e+00,1.456491e+00,1.239829e+00,1.326482e+00,1.489040e+00,1.435363e+00,1.214103e+00,1.337260e+00,1.436778e+00,1.488497e+00,1.295619e+00,1.297286e+00,1.369423e+00,1.483021e+00,1.575677e+00,1.435882e+00,1.466669e+00,1.322031e-01,1.214103e+00,1.706695e+00
5.655000e+00,1.013710e+00,1.578855e+00,1.568027e+00,1.616641e+00,1.447100e+00,1.589256e+00,1.531273e+00,1.654781e+00,1.707819e+00,1.634385e+00,1.456646e+00,1.240465e+00,1.326798e+00,1.492320e+00,1.436042e+00,1.214708e+00,1.337824e+00,1.436333e+00,1.489249e+00,1.296228e+00,1.298112e+00,1.370065e+00,1.484213e+00,1.576070e+00,1.436235e+00,1.467477e+00,1.323706e-01,1.214708e+00,1.707819e+00
5.656000e+00,1.014040e+00,1.580305e+00,1.568565e+00,1.617109e+00,1.447633e+00,1.590512e+00,1.530974e+00,1.655990e+00,1.709060e+00,1.634231e+00,1.456118e+00,1.241101e+00,1.327905e+00,1.492000e+00,1.436721e+00,1.215315e+00,1.338389e+00,1.436667e+00,1.490000e+00,1.296837e+00,1.298939e+00,1.370706e+00,1.484936e+00,1.577424e+00,1.436118e+00,1.468065e+00,1.324407e-01,1.215315e+00,1.709060e+00
5.657000e+00,1.014340e+00,1.580763e+00,1.568924e+00,1.618828e+00,1.448700e+00,1.591349e+00,1.531948e+00,1.656684e+00,1.710453e+00,1.635385e+00,1.454845e+00,1.241738e+00,1.328656e+00,1.493680e+00,1.437400e+00,1.215921e+00,1.338953e+00,1.438111e+00,1.490983e+00,1.297447e+00,1.299767e+00,1.371348e+00,1.486043e+00,1.578996e+00,1.437235e+00,1.468923e+00,1.326072e-01,1.215921e+00,1.710453e+00
5.658000e+00,1.014640e+00,1.581527e+00,1.569552e+00,1.619687e+00,1.449700e+00,1.593395e+00,1.532172e+00,1.657841e+00,1.711023e+00,1.635500e+00,1.454503e+00,1.242376e+00,1.329170e+00,1.493520e+00,1.438079e+00,1.216528e+00,1.339518e+00,1.439444e+00,1.491329e+00,1.298057e+00,1.300596e+00,1.371990e+00,1.487064e+00,1.579432e+00,1.437059e+00,1.469544e+00,1.326588e-01,1.216528e+00,1.711023e+00
5.659000e+00,1.014900e+00,1.583282e+00,1.568027e+00,1.621406e+00,1.450867e+00,1.593488e+00,1.533670e+00,1.658226e+00,1.712366e+00,1.636231e+00,1.454410e+00,1.243014e+00,1.329723e+00,1.495360e+00,1.438759e+00,1.217136e+00,1.340083e+00,1.438222e+00,1.493526e+00,1.298667e+00,1.301427e+00,1.372632e+00,1.487787e+00,1.580437e+00,1.438176e+00,1.470288e+00,1.327684e-01,1.217136e+00,1.712366e+00
5.660000e+00,1.015070e+00,1.584733e+00,1.566861e+00,1.621641e+00,1.452000e+00,1.594791e+00,1.534082e+00,1.658997e+00,1.713171e+00,1.637077e+00,1.454348e+00,1.243652e+00,1.330079e+00,1.495040e+00,1.439438e+00,1.217744e+00,1.340648e+00,1.439778e+00,1.494451e+00,1.299278e+00,1.302259e+00,1.373274e+00,1.488809e+00,1.581354e+00,1.438176e+00,1.470903e+00,1.327890e-01,1.217744e+00,1.713171e+00
5.661000e+00,1.015340e+00,1.584962e+00,1.567668e+00,1.621328e+00,1.452900e+00,1.595256e+00,1.534831e+00,1.659383e+00,1.714430e+00,1.637038e+00,1.454876e+00,1.244291e+00,1.330119e+00,1.497280e+00,1.440117e+00,1.218352e+00,1.341214e+00,1.439667e+00,1.494740e+00,1.299889e+00,1.303092e+00,1.373916e+00,1.489447e+00,1.582838e+00,1.439000e+00,1.471526e+00,1.327936e-01,1.218352e+00,1.714430e+00
5.662000e+00,1.015620e+00,1.585496e+00,1.567803e+00,1.623203e+00,1.454733e+00,1.596698e+00,1.535768e+00,1.659692e+00,1.715302e+00,1.637346e+00,1.455528e+00,1.244931e+00,1.330909e+00,1.498320e+00,1.440797e+00,1.218961e+00,1.341780e+00,1.440111e+00,1.496358e+00,1.300500e+00,1.303927e+00,1.374559e+00,1.489830e+00,1.582926e+00,1.439941e+00,1.472309e+00,1.328225e-01,1.218961e+00,1.715302e+00
5.663000e+00,1.015840e+00,1.586336e+00,1.568924e+00,1.624531e+00,1.455700e+00,1.597349e+00,1.536067e+00,1.660077e+00,1.715973e+00,1.638308e+00,1.456925e+00,1.245571e+00,1.331502e+00,1.498720e+00,1.441477e+00,1.219570e+00,1.342346e+00,1.441222e+00,1.496185e+00,1.301112e+00,1.304762e+00,1.375201e+00,1.490766e+00,1.582445e+00,1.439824e+00,1.472954e+00,1.328251e-01,1.219570e+00,1.715973e+00
5.664000e+00,1.016080e+00,1.588931e+00,1.569596e+00,1.626953e+00,1.456400e+00,1.598791e+00,1.537341e+00,1.660720e+00,1.717047e+00,1.639308e+00,1.457671e+00,1.246212e+00,1.332253e+00,1.500560e+00,1.442157e+00,1.220180e+00,1.342912e+00,1.441222e+00,1.496474e+00,1.301724e+00,1.305599e+00,1.375844e+00,1.491617e+00,1.582882e+00,1.438588e+00,1.473791e+00,1.330953e-01,1.220180e+00,1.717047e+00
5.665000e+00,1.016400e+00,1.590382e+00,1.571031e+00,1.626172e+00,1.456533e+00,1.600233e+00,1.538652e+00,1.661491e+00,1.717668e+00,1.639962e+00,1.457857e+00,1.246853e+00,1.333478e+00,1.500640e+00,1.442837e+00,1.220791e+00,1.343478e+00,1.441778e+00,1.498208e+00,1.302336e+00,1.306438e+00,1.376486e+00,1.492340e+00,1.583799e+00,1.437529e+00,1.474457e+00,1.331410e-01,1.220791e+00,1.717668e+00
5.666000e+00,1.016510e+00,1.590992e+00,1.572870e+00,1.628359e+00,1.457467e+00,1.600837e+00,1.538951e+00,1.662237e+00,1.718842e+00,1.640654e+00,1.458696e+00,1.247494e+00,1.333004e+00,1.501440e+00,1.443517e+00,1.221401e+00,1.344045e+00,1.443000e+00,1.498555e+00,1.302949e+00,1.307278e+00,1.377129e+00,1.493574e+00,1.585066e+00,1.437471e+00,1.475243e+00,1.333600e-01,1.221401e+00,1.718842e+00
5.667000e+00,1.016870e+00,1.592443e+00,1.573543e+00,1.627734e+00,1.458333e+00,1.602465e+00,1.539363e+00,1.662776e+00,1.718993e+00,1.640654e+00,1.459193e+00,1.248137e+00,1.333874e+00,1.502400e+00,1.444198e+00,1.222012e+00,1.344612e+00,1.441444e+00,1.499480e+00,1.303562e+00,1.308119e+00,1.377772e+00,1.494468e+00,1.585371e+00,1.437412e+00,1.475765e+00,1.332992e-01,1.222012e+00,1.718993e+00
5.668000e+00,1.017110e+00,1.593893e+00,1.574753e+00,1.627422e+00,1.459900e+00,1.603488e+00,1.540150e+00,1.662159e+00,1.717517e+00,1.641654e+00,1.460031e+00,1.248779e+00,1.334862e+00,1.503600e+00,1.444878e+00,1.222624e+00,1.345179e+00,1.439444e+00,1.501387e+00,1.304175e+00,1.308962e+00,1.378415e+00,1.494979e+00,1.586332e+00,1.438353e+00,1.476372e+00,1.331288e-01,1.222624e+00,1.717517e+00
5.669000e+00,1.017440e+00,1.594580e+00,1.575740e+00,1.626719e+00,1.460767e+00,1.604744e+00,1.540674e+00,1.662031e+00,1.716007e+00,1.642923e+00,1.460963e+00,1.249423e+00,1.336047e+00,1.504240e+00,1.445559e+00,1.223236e+00,1.345746e+00,1.440556e+00,1.500809e+00,1.304789e+00,1.309806e+00,1.379059e+00,1.496128e+00,1.587074e+00,1.438882e+00,1.476938e+00,1.328881e-01,1.223236e+00,1.716007e+00
5.670000e+00,1.017640e+00,1.595115e+00,1.576592e+00,1.629141e+00,1.462133e+00,1.605581e+00,1.541873e+00,1.661465e+00,1.715755e+00,1.643077e+00,1.461739e+00,1.250066e+00,1.336680e+00,1.505280e+00,1.446240e+00,1.223849e+00,1.346314e+00,1.440111e+00,1.501387e+00,1.305403e+00,1.310651e+00,1.379702e+00,1.497021e+00,1.587729e+00,1.439118e+00,1.477584e+00,1.328458e-01,1.223849e+00,1.715755e+00
5.671000e+00,1.017820e+00,1.597405e+00,1.577265e+00,1.630625e+00,1.463300e+00,1.606233e+00,1.542584e+00,1.662185e+00,1.715268e+00,1.643654e+00,1.462236e+00,1.250711e+00,1.336877e+00,1.506080e+00,1.446921e+00,1.224462e+00,1.346882e+00,1.440000e+00,1.502890e+00,1.306017e+00,1.311498e+00,1.380346e+00,1.497021e+00,1.586769e+00,1.440000e+00,1.478218e+00,1.328355e-01,1.224462e+00,1.715268e+00
5.672000e+00,1.018250e+00,1.598626e+00,1.578969e+00,1.630547e+00,1.464667e+00,1.605488e+00,1.542734e+00,1.663239e+00,1.716309e+00,1.643115e+00,1.462609e+00,1.251355e+00,1.336522e+00,1.507040e+00,1.447602e+00,1.225075e+00,1.347450e+00,1.442556e+00,1.502428e+00,1.306632e+00,1.312347e+00,1.380989e+00,1.495532e+00,1.588297e+00,1.440353e+00,1.478770e+00,1.328149e-01,1.225075e+00,1.716309e+00
5.673000e+00,1.018440e+00,1.599389e+00,1.579507e+00,1.632344e+00,1.465867e+00,1.606326e+00,1.543783e+00,1.663573e+00,1.716711e+00,1.644308e+00,1.463230e+00,1.252001e+00,1.336324e+00,1.508480e+00,1.448283e+00,1.225689e+00,1.348018e+00,1.440667e+00,1.503121e+00,1.307247e+00,1.313221e+00,1.381633e+00,1.494894e+00,1.590000e+00,1.441529e+00,1.479423e+00,1.329704e-01,1.225689e+00,1.716711e+00
5.674000e+00,1.018830e+00,1.601756e+00,1.580942e+00,1.632891e+00,1.466967e+00,1.606233e+00,1.544120e+00,1.663856e+00,1.717735e+00,1.644462e+00,1.463789e+00,1.252647e+00,1.336601e+00,1.510560e+00,1.448964e+00,1.226304e+00,1.348587e+00,1.440444e+00,1.504277e+00,1.307863e+00,1.314073e+00,1.382278e+00,1.495532e+00,1.591878e+00,1.442412e+00,1.480215e+00,1.330812e-01,1.226304e+00,1.717735e+00
5.675000e+00,1.018900e+00,1.601832e+00,1.582063e+00,1.631875e+00,1.467833e+00,1.606419e+00,1.545281e+00,1.665141e+00,1.718607e+00,1.644846e+00,1.464534e+00,1.253293e+00,1.336601e+00,1.510320e+00,1.449645e+00,1.226918e+00,1.349156e+00,1.442111e+00,1.504798e+00,1.308478e+00,1.314926e+00,1.382922e+00,1.496170e+00,1.592358e+00,1.443706e+00,1.480826e+00,1.330167e-01,1.226918e+00,1.718607e+00
5.676000e+00,1.019090e+00,1.601527e+00,1.582556e+00,1.632422e+00,1.469100e+00,1.607767e+00,1.545356e+00,1.666710e+00,1.719547e+00,1.644538e+00,1.465497e+00,1.253940e+00,1.337115e+00,1.511760e+00,1.450327e+00,1.227534e+00,1.349725e+00,1.443000e+00,1.505145e+00,1.309094e+00,1.315780e+00,1.383566e+00,1.496426e+00,1.592402e+00,1.444529e+00,1.481473e+00,1.329892e-01,1.227534e+00,1.719547e+00
5.677000e+00,1.019460e+00,1.603969e+00,1.584260e+00,1.634453e+00,1.470800e+00,1.608930e+00,1.546442e+00,1.667404e+00,1.720403e+00,1.644885e+00,1.466553e+00,1.254587e+00,1.336601e+00,1.511440e+00,1.451015e+00,1.228150e+00,1.350294e+00,1.443667e+00,1.506358e+00,1.309711e+00,1.316637e+00,1.384211e+00,1.496638e+00,1.592795e+00,1.445882e+00,1.482337e+00,1.332075e-01,1.228150e+00,1.720403e+00
5.678000e+00,1.019680e+00,1.605191e+00,1.584978e+00,1.635781e+00,1.471400e+00,1.609628e+00,1.547191e+00,1.668226e+00,1.721879e+00,1.645231e+00,1.466646e+00,1.255235e+00,1.337549e+00,1.512880e+00,1.451697e+00,1.228766e+00,1.350864e+00,1.444667e+00,1.507457e+00,1.310328e+00,1.317495e+00,1.384856e+00,1.498255e+00,1.593668e+00,1.445765e+00,1.483151e+00,1.333376e-01,1.228766e+00,1.721879e+00
5.679000e+00,1.019990e+00,1.606260e+00,1.586188e+00,1.636172e+00,1.472567e+00,1.610372e+00,1.547790e+00,1.669177e+00,1.723356e+00,1.646154e+00,1.467360e+00,1.255884e+00,1.337945e+00,1.514720e+00,1.452378e+00,1.229383e+00,1.351434e+00,1.444667e+00,1.507919e+00,1.310945e+00,1.318355e+00,1.385501e+00,1.499574e+00,1.593799e+00,1.447412e+00,1.483971e+00,1.334525e-01,1.229383e+00,1.723356e+00
5.680000e+00,1.020150e+00,1.607710e+00,1.586951e+00,1.638437e+00,1.473100e+00,1.612326e+00,1.548689e+00,1.669923e+00,1.724178e+00,1.646038e+00,1.468199e+00,1.256533e+00,1.339012e+00,1.515440e+00,1.453060e+00,1.230000e+00,1.352004e+00,1.445556e+00,1.507168e+00,1.311562e+00,1.319216e+00,1.386146e+00,1.500553e+00,1.594017e+00,1.448588e+00,1.484767e+00,1.335458e-01,1.230000e+00,1.724178e+00
5.681000e+00,1.020460e+00,1.607786e+00,1.588206e+00,1.637578e+00,1.474500e+00,1.613209e+00,1.550075e+00,1.670848e+00,1.725151e+00,1.644692e+00,1.468913e+00,1.257182e+00,1.339565e+00,1.515120e+00,1.453742e+00,1.230617e+00,1.352574e+00,1.449000e+00,1.507052e+00,1.312180e+00,1.320080e+00,1.386792e+00,1.501149e+00,1.594847e+00,1.450118e+00,1.485457e+00,1.333820e-01,1.230617e+00,1.725151e+00
5.682000e+00,1.020660e+00,1.608931e+00,1.589193e+00,1.637266e+00,1.476200e+00,1.614465e+00,1.550824e+00,1.671671e+00,1.725755e+00,1.643885e+00,1.469410e+00,1.257833e+00,1.340119e+00,1.515600e+00,1.454424e+00,1.231235e+00,1.353144e+00,1.448667e+00,1.507225e+00,1.312799e+00,1.320945e+00,1.387438e+00,1.501787e+00,1.596332e+00,1.450353e+00,1.486062e+00,1.333646e-01,1.231235e+00,1.725755e+00
5.683000e+00,1.020900e+00,1.609924e+00,1.590583e+00,1.640313e+00,1.477433e+00,1.615302e+00,1.551648e+00,1.672519e+00,1.727148e+00,1.644269e+00,1.470124e+00,1.258483e+00,1.340514e+00,1.516080e+00,1.455106e+00,1.231854e+00,1.353715e+00,1.449222e+00,1.507746e+00,1.313417e+00,1.321812e+00,1.388084e+00,1.503532e+00,1.597380e+00,1.451471e+00,1.486987e+00,1.335989e-01,1.231854e+00,1.727148e+00
5.684000e+00,1.021330e+00,1.610992e+00,1.591121e+00,1.640234e+00,1.479100e+00,1.617116e+00,1.552472e+00,1.673342e+00,1.728003e+00,1.645385e+00,1.470435e+00,1.259134e+00,1.341423e+00,1.517760e+00,1.455789e+00,1.232473e+00,1.354286e+00,1.451333e+00,1.508150e+00,1.314036e+00,1.322681e+00,1.388730e+00,1.503745e+00,1.598384e+00,1.452471e+00,1.487858e+00,1.336552e-01,1.232473e+00,1.728003e+00
5.685000e+00,1.021550e+00,1.611908e+00,1.592915e+00,1.640625e+00,1.480900e+00,1.618372e+00,1.552659e+00,1.674267e+00,1.729027e+00,1.645538e+00,1.471832e+00,1.259786e+00,1.342134e+00,1.515360e+00,1.456471e+00,1.233093e+00,1.354858e+00,1.451556e+00,1.509249e+00,1.314655e+00,1.323552e+00,1.389376e+00,1.504766e+00,1.599432e+00,1.453176e+00,1.488563e+00,1.337067e-01,1.233093e+00,1.729027e+00
5.686000e+00,1.021610e+00,1.612595e+00,1.593408e+00,1.640703e+00,1.481767e+00,1.620233e+00,1.553483e+00,1.674550e+00,1.730252e+00,1.645885e+00,1.472981e+00,1.260438e+00,1.343636e+00,1.515920e+00,1.457154e+00,1.233712e+00,1.355429e+00,1.451333e+00,1.511445e+00,1.315275e+00,1.324424e+00,1.390023e+00,1.505915e+00,1.599825e+00,1.453412e+00,1.489325e+00,1.337073e-01,1.233712e+00,1.730252e+00
5.687000e+00,1.021740e+00,1.612824e+00,1.594350e+00,1.642187e+00,1.483633e+00,1.621442e+00,1.553446e+00,1.675013e+00,1.731443e+00,1.645692e+00,1.473882e+00,1.261091e+00,1.344229e+00,1.517520e+00,1.457836e+00,1.234333e+00,1.356001e+00,1.454111e+00,1.512601e+00,1.315895e+00,1.325299e+00,1.390670e+00,1.507021e+00,1.600262e+00,1.453706e+00,1.490187e+00,1.337181e-01,1.234333e+00,1.731443e+00
5.688000e+00,1.022220e+00,1.614733e+00,1.595336e+00,1.643125e+00,1.485267e+00,1.623209e+00,1.553783e+00,1.676041e+00,1.732148e+00,1.646346e+00,1.474627e+00,1.261744e+00,1.344704e+00,1.516960e+00,1.458519e+00,1.234954e+00,1.356573e+00,1.453222e+00,1.513815e+00,1.316515e+00,1.326175e+00,1.391318e+00,1.508170e+00,1.600830e+00,1.455412e+00,1.490980e+00,1.338571e-01,1.234954e+00,1.732148e+00
5.689000e+00,1.022400e+00,1.614046e+00,1.596502e+00,1.642656e+00,1.486833e+00,1.624605e+00,1.553221e+00,1.676684e+00,1.733054e+00,1.647462e+00,1.474783e+00,1.262398e+00,1.345652e+00,1.517840e+00,1.459202e+00,1.235575e+00,1.357145e+00,1.454000e+00,1.515896e+00,1.317136e+00,1.327054e+00,1.391965e+00,1.509191e+00,1.601616e+00,1.456588e+00,1.491713e+00,1.338126e-01,1.235575e+00,1.733054e+00
5.690000e+00,1.022700e+00,1.612901e+00,1.596906e+00,1.645234e+00,1.487900e+00,1.625256e+00,1.553596e+00,1.677069e+00,1.733641e+00,1.647154e+00,1.475590e+00,1.263052e+00,1.345652e+00,1.519520e+00,1.459885e+00,1.236197e+00,1.357718e+00,1.454889e+00,1.516647e+00,1.317757e+00,1.327934e+00,1.392613e+00,1.510000e+00,1.602140e+00,1.457412e+00,1.492361e+00,1.337805e-01,1.236197e+00,1.733641e+00
5.691000e+00,1.022920e+00,1.613817e+00,1.597623e+00,1.647188e+00,1.489000e+00,1.626186e+00,1.553408e+00,1.678123e+00,1.734597e+00,1.647769e+00,1.475683e+00,1.263707e+00,1.346798e+00,1.519120e+00,1.460568e+00,1.236819e+00,1.358291e+00,1.454444e+00,1.516763e+00,1.318379e+00,1.328817e+00,1.393261e+00,1.511574e+00,1.601528e+00,1.457471e+00,1.492956e+00,1.338386e-01,1.236819e+00,1.734597e+00
5.692000e+00,1.023040e+00,1.614885e+00,1.598789e+00,1.648125e+00,1.490267e+00,1.627442e+00,1.554644e+00,1.679589e+00,1.735285e+00,1.648000e+00,1.475994e+00,1.264362e+00,1.347826e+00,1.521280e+00,1.461251e+00,1.237442e+00,1.358864e+00,1.455444e+00,1.518035e+00,1.319001e+00,1.329701e+00,1.393910e+00,1.512638e+00,1.601878e+00,1.458294e+00,1.493873e+00,1.339326e-01,1.237442e+00,1.735285e+00
5.693000e+00,1.023610e+00,1.616565e+00,1.600359e+00,1.648516e+00,1.490600e+00,1.629116e+00,1.555206e+00,1.680360e+00,1.735973e+00,1.648923e+00,1.476708e+00,1.265018e+00,1.348577e+00,1.522480e+00,1.461934e+00,1.238065e+00,1.359437e+00,1.457111e+00,1.519942e+00,1.319623e+00,1.330588e+00,1.394559e+00,1.513149e+00,1.603406e+00,1.459235e+00,1.494810e+00,1.340704e-01,1.238065e+00,1.735973e+00
5.694000e+00,1.023720e+00,1.617710e+00,1.600493e+00,1.650703e+00,1.490333e+00,1.629953e+00,1.555618e+00,1.681388e+00,1.736309e+00,1.649846e+00,1.477329e+00,1.265674e+00,1.348735e+00,1.523120e+00,1.462617e+00,1.238689e+00,1.360011e+00,1.457222e+00,1.520173e+00,1.320245e+00,1.331476e+00,1.395208e+00,1.513702e+00,1.604498e+00,1.459824e+00,1.495453e+00,1.341967e-01,1.238689e+00,1.736309e+00
5.695000e+00,1.023990e+00,1.617710e+00,1.601570e+00,1.650000e+00,1.489933e+00,1.630837e+00,1.556330e+00,1.682159e+00,1.737265e+00,1.650038e+00,1.477298e+00,1.266331e+00,1.348854e+00,1.523840e+00,1.463300e+00,1.239313e+00,1.360585e+00,1.458667e+00,1.521792e+00,1.320868e+00,1.332367e+00,1.395858e+00,1.514340e+00,1.605808e+00,1.460529e+00,1.496066e+00,1.341842e-01,1.239313e+00,1.737265e+00
5.696000e+00,1.024210e+00,1.617939e+00,1.601704e+00,1.650000e+00,1.490467e+00,1.631953e+00,1.556704e+00,1.683779e+00,1.737651e+00,1.650423e+00,1.477516e+00,1.266989e+00,1.349486e+00,1.524000e+00,1.463984e+00,1.239937e+00,1.361159e+00,1.459778e+00,1.523410e+00,1.321492e+00,1.333260e+00,1.396508e+00,1.514851e+00,1.605983e+00,1.461588e+00,1.496690e+00,1.341326e-01,1.239937e+00,1.737651e+00
5.697000e+00,1.024430e+00,1.620840e+00,1.602825e+00,1.651641e+00,1.491267e+00,1.632930e+00,1.558577e+00,1.684113e+00,1.738104e+00,1.650731e+00,1.478106e+00,1.267647e+00,1.350830e+00,1.526240e+00,1.464668e+00,1.240562e+00,1.361733e+00,1.459556e+00,1.523757e+00,1.322115e+00,1.334155e+00,1.397158e+00,1.516085e+00,1.606856e+00,1.462529e+00,1.497626e+00,1.342588e-01,1.240562e+00,1.738104e+00
5.698000e+00,1.024690e+00,1.621527e+00,1.602735e+00,1.650859e+00,1.492433e+00,1.633581e+00,1.558839e+00,1.684859e+00,1.739060e+00,1.652038e+00,1.479379e+00,1.268305e+00,1.351818e+00,1.527120e+00,1.465351e+00,1.241188e+00,1.362308e+00,1.459222e+00,1.525260e+00,1.322739e+00,1.335052e+00,1.397809e+00,1.516553e+00,1.607686e+00,1.463000e+00,1.498280e+00,1.342214e-01,1.241188e+00,1.739060e+00
5.699000e+00,1.024900e+00,1.621832e+00,1.603408e+00,1.654609e+00,1.493400e+00,1.635116e+00,1.559738e+00,1.684756e+00,1.739027e+00,1.652808e+00,1.480404e+00,1.268964e+00,1.352411e+00,1.526240e+00,1.466035e+00,1.241814e+00,1.362883e+00,1.461444e+00,1.526763e+00,1.323364e+00,1.335951e+00,1.398461e+00,1.517787e+00,1.608122e+00,1.463765e+00,1.499129e+00,1.342730e-01,1.241814e+00,1.739027e+00
5.700000e+00,1.025190e+00,1.623359e+00,1.604978e+00,1.653672e+00,1.494133e+00,1.635767e+00,1.560974e+00,1.684216e+00,1.738574e+00,1.654077e+00,1.480404e+00,1.269624e+00,1.352767e+00,1.529040e+00,1.466719e+00,1.242440e+00,1.363458e+00,1.463667e+00,1.527688e+00,1.323989e+00,1.336853e+00,1.399112e+00,1.518979e+00,1.608515e+00,1.465000e+00,1.499917e+00,1.341516e-01,1.242440e+00,1.738574e+00
5.701000e+00,1.025470e+00,1.624427e+00,1.606009e+00,1.654375e+00,1.495533e+00,1.637349e+00,1.561536e+00,1.683290e+00,1.737785e+00,1.654615e+00,1.480901e+00,1.270284e+00,1.352806e+00,1.528960e+00,1.467403e+00,1.243067e+00,1.364034e+00,1.463111e+00,1.528671e+00,1.324614e+00,1.337756e+00,1.399764e+00,1.519830e+00,1.609127e+00,1.465882e+00,1.500464e+00,1.340465e-01,1.243067e+00,1.737785e+00
5.702000e+00,1.025740e+00,1.625344e+00,1.607085e+00,1.653672e+00,1.497233e+00,1.637628e+00,1.562247e+00,1.683239e+00,1.738272e+00,1.654654e+00,1.481801e+00,1.270944e+00,1.353557e+00,1.529920e+00,1.468087e+00,1.243694e+00,1.364609e+00,1.464000e+00,1.530520e+00,1.325240e+00,1.338661e+00,1.400417e+00,1.520596e+00,1.608515e+00,1.466647e+00,1.501108e+00,1.338630e-01,1.243694e+00,1.738272e+00
5.703000e+00,1.026020e+00,1.627176e+00,1.608161e+00,1.653125e+00,1.498967e+00,1.639860e+00,1.563371e+00,1.683265e+00,1.739060e+00,1.655346e+00,1.482919e+00,1.271606e+00,1.354625e+00,1.532400e+00,1.468771e+00,1.244322e+00,1.365185e+00,1.465333e+00,1.531792e+00,1.325865e+00,1.339569e+00,1.401070e+00,1.521362e+00,1.609214e+00,1.467059e+00,1.502059e+00,1.339084e-01,1.244322e+00,1.739060e+00
5.704000e+00,1.026260e+00,1.627557e+00,1.608879e+00,1.654141e+00,1.500533e+00,1.639349e+00,1.564607e+00,1.683933e+00,1.740336e+00,1.656615e+00,1.483292e+00,1.272267e+00,1.355494e+00,1.531840e+00,1.469455e+00,1.244951e+00,1.365762e+00,1.464111e+00,1.532370e+00,1.326492e+00,1.340479e+00,1.401724e+00,1.521617e+00,1.609170e+00,1.467529e+00,1.502604e+00,1.339250e-01,1.244951e+00,1.740336e+00
5.705000e+00,1.026560e+00,1.628168e+00,1.610045e+00,1.654531e+00,1.502467e+00,1.639581e+00,1.566030e+00,1.684010e+00,1.741846e+00,1.657423e+00,1.483323e+00,1.272929e+00,1.356561e+00,1.531840e+00,1.470140e+00,1.245579e+00,1.366338e+00,1.466889e+00,1.534913e+00,1.327119e+00,1.341391e+00,1.402378e+00,1.519574e+00,1.609476e+00,1.468882e+00,1.503393e+00,1.338939e-01,1.245579e+00,1.741846e+00
5.706000e+00,1.026790e+00,1.629695e+00,1.610942e+00,1.656094e+00,1.503900e+00,1.639488e+00,1.566442e+00,1.684550e+00,1.743305e+00,1.657538e+00,1.483882e+00,1.273592e+00,1.356838e+00,1.533920e+00,1.470824e+00,1.246209e+00,1.366915e+00,1.467000e+00,1.536936e+00,1.327746e+00,1.342305e+00,1.403032e+00,1.519277e+00,1.610873e+00,1.469353e+00,1.504194e+00,1.340354e-01,1.246209e+00,1.743305e+00
5.707000e+00,1.026950e+00,1.630458e+00,1.612063e+00,1.657266e+00,1.505400e+00,1.640698e+00,1.567116e+00,1.685193e+00,1.744295e+00,1.657269e+00,1.484130e+00,1.274255e+00,1.357115e+00,1.534960e+00,1.471509e+00,1.246838e+00,1.367492e+00,1.468000e+00,1.537861e+00,1.328373e+00,1.343221e+00,1.403687e+00,1.519404e+00,1.610873e+00,1.469824e+00,1.504888e+00,1.340767e-01,1.246838e+00,1.744295e+00
5.708000e+00,1.027260e+00,1.631221e+00,1.612108e+00,1.658594e+00,1.506700e+00,1.641535e+00,1.567865e+00,1.685733e+00,1.745017e+00,1.657885e+00,1.483012e+00,1.274919e+00,1.358617e+00,1.535840e+00,1.472194e+00,1.247468e+00,1.368070e+00,1.469667e+00,1.539364e+00,1.329001e+00,1.344139e+00,1.404343e+00,1.520383e+00,1.611790e+00,1.470176e+00,1.505652e+00,1.340775e-01,1.247468e+00,1.745017e+00
5.709000e+00,1.027540e+00,1.632901e+00,1.612915e+00,1.657422e+00,1.508667e+00,1.642000e+00,1.568577e+00,1.686375e+00,1.745705e+00,1.659115e+00,1.482702e+00,1.275583e+00,1.359881e+00,1.535360e+00,1.472878e+00,1.248099e+00,1.368647e+00,1.467556e+00,1.539769e+00,1.329629e+00,1.345059e+00,1.404999e+00,1.521064e+00,1.611266e+00,1.471059e+00,1.506135e+00,1.340087e-01,1.248099e+00,1.745705e+00
5.710000e+00,1.027760e+00,1.634504e+00,1.613857e+00,1.657578e+00,1.509900e+00,1.643395e+00,1.568951e+00,1.687301e+00,1.746141e+00,1.658500e+00,1.482919e+00,1.276248e+00,1.360909e+00,1.538560e+00,1.473563e+00,1.248730e+00,1.369225e+00,1.467000e+00,1.541098e+00,1.330258e+00,1.345981e+00,1.405656e+00,1.521660e+00,1.608079e+00,1.472294e+00,1.506763e+00,1.338920e-01,1.248730e+00,1.746141e+00
5.711000e+00,1.028090e+00,1.635344e+00,1.613587e+00,1.661016e+00,1.511833e+00,1.644186e+00,1.569888e+00,1.688355e+00,1.746862e+00,1.659385e+00,1.482671e+00,1.276913e+00,1.361265e+00,1.537600e+00,1.474248e+00,1.249362e+00,1.369804e+00,1.469889e+00,1.542197e+00,1.330887e+00,1.346904e+00,1.406314e+00,1.523021e+00,1.605764e+00,1.472000e+00,1.507471e+00,1.339476e-01,1.249362e+00,1.746862e+00
5.712000e+00,1.028390e+00,1.636718e+00,1.613139e+00,1.662422e+00,1.512567e+00,1.645302e+00,1.570300e+00,1.689640e+00,1.747215e+00,1.659154e+00,1.482609e+00,1.277579e+00,1.361818e+00,1.539200e+00,1.474933e+00,1.249994e+00,1.370382e+00,1.468889e+00,1.543179e+00,1.331516e+00,1.347830e+00,1.406972e+00,1.523872e+00,1.604978e+00,1.473471e+00,1.508070e+00,1.339451e-01,1.249994e+00,1.747215e+00
5.713000e+00,1.028640e+00,1.637481e+00,1.612556e+00,1.663281e+00,1.514000e+00,1.646465e+00,1.571236e+00,1.690900e+00,1.747886e+00,1.660269e+00,1.482888e+00,1.278246e+00,1.362134e+00,1.541840e+00,1.475618e+00,1.250626e+00,1.370961e+00,1.470222e+00,1.543064e+00,1.332146e+00,1.348758e+00,1.407631e+00,1.524851e+00,1.604978e+00,1.474176e+00,1.508842e+00,1.339991e-01,1.250626e+00,1.747886e+00
5.714000e+00,1.028940e+00,1.638473e+00,1.611973e+00,1.663984e+00,1.515367e+00,1.648140e+00,1.572360e+00,1.691645e+00,1.748289e+00,1.661346e+00,1.483230e+00,1.278913e+00,1.362332e+00,1.542160e+00,1.476304e+00,1.251259e+00,1.371540e+00,1.472444e+00,1.545145e+00,1.332776e+00,1.349688e+00,1.408290e+00,1.525106e+00,1.605153e+00,1.475235e+00,1.509631e+00,1.340235e-01,1.251259e+00,1.748289e+00
5.715000e+00,1.029160e+00,1.638244e+00,1.612377e+00,1.663906e+00,1.516333e+00,1.648744e+00,1.572622e+00,1.693008e+00,1.750034e+00,1.661308e+00,1.483789e+00,1.279580e+00,1.363636e+00,1.542000e+00,1.476989e+00,1.251892e+00,1.372120e+00,1.473000e+00,1.545434e+00,1.333407e+00,1.350619e+00,1.408950e+00,1.526681e+00,1.606114e+00,1.475059e+00,1.510244e+00,1.339984e-01,1.251892e+00,1.750034e+00
5.716000e+00,1.029240e+00,1.639771e+00,1.612511e+00,1.665000e+00,1.517333e+00,1.649767e+00,1.573895e+00,1.694344e+00,1.751560e+00,1.661808e+00,1.484596e+00,1.280248e+00,1.364466e+00,1.543920e+00,1.477674e+00,1.252526e+00,1.372699e+00,1.471889e+00,1.545838e+00,1.334038e+00,1.351552e+00,1.409611e+00,1.527830e+00,1.607467e+00,1.476471e+00,1.511117e+00,1.341907e-01,1.252526e+00,1.751560e+00
5.717000e+00,1.029630e+00,1.642137e+00,1.613139e+00,1.665000e+00,1.518733e+00,1.650651e+00,1.575169e+00,1.695347e+00,1.752534e+00,1.661923e+00,1.485559e+00,1.280916e+00,1.364980e+00,1.544960e+00,1.478360e+00,1.253161e+00,1.373279e+00,1.476667e+00,1.545780e+00,1.334669e+00,1.352487e+00,1.410273e+00,1.528723e+00,1.608210e+00,1.476882e+00,1.512064e+00,1.342189e-01,1.253161e+00,1.752534e+00
5.718000e+00,1.029790e+00,1.641985e+00,1.614036e+00,1.667422e+00,1.519867e+00,1.652372e+00,1.575805e+00,1.696298e+00,1.754144e+00,1.662962e+00,1.485497e+00,1.281585e+00,1.365217e+00,1.546320e+00,1.479046e+00,1.253795e+00,1.373860e+00,1.475333e+00,1.544451e+00,1.335301e+00,1.353424e+00,1.410935e+00,1.530255e+00,1.609607e+00,1.478235e+00,1.512823e+00,1.344757e-01,1.253795e+00,1.754144e+00
5.719000e+00,1.030150e+00,1.642901e+00,1.615067e+00,1.668672e+00,1.520500e+00,1.652791e+00,1.576180e+00,1.697352e+00,1.756007e+00,1.661923e+00,1.486211e+00,1.282255e+00,1.365889e+00,1.547680e+00,1.479731e+00,1.254431e+00,1.374440e+00,1.474889e+00,1.543988e+00,1.335933e+00,1.354362e+00,1.411598e+00,1.531617e+00,1.610961e+00,1.478176e+00,1.513481e+00,1.345770e-01,1.254431e+00,1.756007e+00
5.720000e+00,1.030530e+00,1.645344e+00,1.616233e+00,1.670547e+00,1.521300e+00,1.654140e+00,1.578127e+00,1.698072e+00,1.757366e+00,1.661385e+00,1.487422e+00,1.282925e+00,1.366324e+00,1.548160e+00,1.480417e+00,1.255066e+00,1.375021e+00,1.477556e+00,1.544566e+00,1.336566e+00,1.355302e+00,1.412262e+00,1.532936e+00,1.612314e+00,1.479294e+00,1.514527e+00,1.347707e-01,1.255066e+00,1.757366e+00
5.721000e+00,1.030690e+00,1.645344e+00,1.618027e+00,1.671328e+00,1.522267e+00,1.655860e+00,1.578689e+00,1.698740e+00,1.758876e+00,1.661346e+00,1.488416e+00,1.283596e+00,1.367312e+00,1.548880e+00,1.481103e+00,1.255703e+00,1.375603e+00,1.477556e+00,1.545376e+00,1.337199e+00,1.356244e+00,1.412927e+00,1.533830e+00,1.613362e+00,1.479176e+00,1.515282e+00,1.348685e-01,1.255703e+00,1.758876e+00
5.722000e+00,1.030930e+00,1.645725e+00,1.618386e+00,1.671172e+00,1.523900e+00,1.656698e+00,1.580112e+00,1.699100e+00,1.760302e+00,1.660846e+00,1.489037e+00,1.284267e+00,1.367510e+00,1.548480e+00,1.481789e+00,1.256339e+00,1.376184e+00,1.477778e+00,1.546994e+00,1.337832e+00,1.357187e+00,1.413592e+00,1.534596e+00,1.614934e+00,1.478235e+00,1.515875e+00,1.348851e-01,1.256339e+00,1.760302e+00
5.723000e+00,1.031140e+00,1.646718e+00,1.619372e+00,1.671406e+00,1.523333e+00,1.658093e+00,1.580487e+00,1.700000e+00,1.761426e+00,1.661346e+00,1.490311e+00,1.284938e+00,1.369130e+00,1.550320e+00,1.482476e+00,1.256976e+00,1.376766e+00,1.478778e+00,1.549249e+00,1.338466e+00,1.358132e+00,1.414259e+00,1.535787e+00,1.616201e+00,1.477706e+00,1.516736e+00,1.349555e-01,1.256976e+00,1.761426e+00
5.724000e+00,1.031470e+00,1.649008e+00,1.620493e+00,1.673125e+00,1.523467e+00,1.659442e+00,1.580749e+00,1.700103e+00,1.762416e+00,1.661462e+00,1.490839e+00,1.285610e+00,1.369368e+00,1.552560e+00,1.483162e+00,1.257614e+00,1.377348e+00,1.479111e+00,1.550116e+00,1.339100e+00,1.359078e+00,1.414926e+00,1.536894e+00,1.616900e+00,1.477824e+00,1.517530e+00,1.351217e-01,1.257614e+00,1.762416e+00
5.725000e+00,1.031710e+00,1.648626e+00,1.621570e+00,1.674844e+00,1.524100e+00,1.659953e+00,1.581910e+00,1.700231e+00,1.762852e+00,1.662308e+00,1.491398e+00,1.286283e+00,1.369842e+00,1.552160e+00,1.483848e+00,1.258252e+00,1.377931e+00,1.478667e+00,1.552139e+00,1.339735e+00,1.360026e+00,1.415594e+00,1.537404e+00,1.617773e+00,1.478529e+00,1.518166e+00,1.351301e-01,1.258252e+00,1.762852e+00
5.726000e+00,1.031950e+00,1.650534e+00,1.622870e+00,1.674766e+00,1.525200e+00,1.661442e+00,1.583071e+00,1.700771e+00,1.762886e+00,1.662115e+00,1.492267e+00,1.286956e+00,1.370514e+00,1.553120e+00,1.484535e+00,1.258891e+00,1.378513e+00,1.481111e+00,1.553699e+00,1.340370e+00,1.360975e+00,1.416263e+00,1.538766e+00,1.618515e+00,1.478529e+00,1.519028e+00,1.351155e-01,1.258891e+00,1.762886e+00
5.727000e+00,1.032110e+00,1.651908e+00,1.623677e+00,1.675625e+00,1.525933e+00,1.662140e+00,1.583221e+00,1.701645e+00,1.762701e+00,1.662462e+00,1.493292e+00,1.287630e+00,1.371937e+00,1.554240e+00,1.485221e+00,1.259530e+00,1.379096e+00,1.481444e+00,1.555145e+00,1.341005e+00,1.361926e+00,1.416934e+00,1.539660e+00,1.618865e+00,1.478882e+00,1.519755e+00,1.350511e-01,1.259530e+00,1.762701e+00
5.728000e+00,1.032240e+00,1.651832e+00,1.624933e+00,1.676250e+00,1.527967e+00,1.663721e+00,1.584532e+00,1.702545e+00,1.763456e+00,1.662615e+00,1.493665e+00,1.288304e+00,1.372806e+00,1.554480e+00,1.485908e+00,1.260169e+00,1.379680e+00,1.481778e+00,1.556301e+00,1.341641e+00,1.362878e+00,1.417605e+00,1.540170e+00,1.620568e+00,1.479882e+00,1.520570e+00,1.351082e-01,1.260169e+00,1.763456e+00
5.729000e+00,1.032560e+00,1.652672e+00,1.625605e+00,1.676953e+00,1.529133e+00,1.665163e+00,1.585318e+00,1.702931e+00,1.763758e+00,1.663846e+00,1.494255e+00,1.288979e+00,1.373439e+00,1.556800e+00,1.486595e+00,1.260809e+00,1.380263e+00,1.482000e+00,1.558844e+00,1.342277e+00,1.363832e+00,1.418277e+00,1.541234e+00,1.621834e+00,1.480824e+00,1.521485e+00,1.351930e-01,1.260809e+00,1.763758e+00
5.730000e+00,1.032810e+00,1.652672e+00,1.626771e+00,1.678750e+00,1.530733e+00,1.665674e+00,1.584757e+00,1.703496e+00,1.764581e+00,1.664731e+00,1.494596e+00,1.289654e+00,1.373913e+00,1.557440e+00,1.487281e+00,1.261449e+00,1.380847e+00,1.479667e+00,1.559364e+00,1.342914e+00,1.364787e+00,1.418950e+00,1.541489e+00,1.622664e+00,1.481706e+00,1.522037e+00,1.352632e-01,1.261449e+00,1.764581e+00
5.731000e+00,1.033210e+00,1.652519e+00,1.628117e+00,1.679219e+00,1.532167e+00,1.666326e+00,1.583895e+00,1.703830e+00,1.764027e+00,1.665038e+00,1.495590e+00,1.290330e+00,1.374625e+00,1.559520e+00,1.487968e+00,1.262090e+00,1.381432e+00,1.478778e+00,1.560462e+00,1.343551e+00,1.365744e+00,1.419624e+00,1.542809e+00,1.622882e+00,1.482882e+00,1.522643e+00,1.351022e-01,1.262090e+00,1.764027e+00
5.732000e+00,1.033350e+00,1.652443e+00,1.627982e+00,1.680391e+00,1.534000e+00,1.668047e+00,1.584457e+00,1.703188e+00,1.763020e+00,1.665385e+00,1.495963e+00,1.291007e+00,1.375494e+00,1.560080e+00,1.488655e+00,1.262732e+00,1.382016e+00,1.480111e+00,1.560983e+00,1.344188e+00,1.366704e+00,1.420299e+00,1.543319e+00,1.624192e+00,1.483529e+00,1.523258e+00,1.349007e-01,1.262732e+00,1.763020e+00
5.733000e+00,1.033590e+00,1.654198e+00,1.630359e+00,1.679141e+00,1.535467e+00,1.668558e+00,1.585730e+00,1.702905e+00,1.762383e+00,1.666462e+00,1.496988e+00,1.291683e+00,1.376957e+00,1.560640e+00,1.489343e+00,1.263373e+00,1.382601e+00,1.478667e+00,1.562312e+00,1.344826e+00,1.367664e+00,1.420976e+00,1.543489e+00,1.625808e+00,1.485176e+00,1.523988e+00,1.347868e-01,1.263373e+00,1.762383e+00
5.734000e+00,1.033860e+00,1.654198e+00,1.631345e+00,1.679375e+00,1.536767e+00,1.669488e+00,1.586517e+00,1.703496e+00,1.762970e+00,1.667385e+00,1.498075e+00,1.292361e+00,1.376877e+00,1.561920e+00,1.490030e+00,1.264016e+00,1.383186e+00,1.478889e+00,1.563642e+00,1.345464e+00,1.368623e+00,1.421653e+00,1.544851e+00,1.627380e+00,1.485706e+00,1.524759e+00,1.348454e-01,1.264016e+00,1.762970e+00
5.735000e+00,1.034020e+00,1.654809e+00,1.632287e+00,1.680547e+00,1.537767e+00,1.671116e+00,1.588052e+00,1.703830e+00,1.763876e+00,1.668923e+00,1.498571e+00,1.293039e+00,1.377668e+00,1.562640e+00,1.490717e+00,1.264658e+00,1.383772e+00,1.482222e+00,1.564971e+00,1.346102e+00,1.369581e+00,1.422332e+00,1.545957e+00,1.627729e+00,1.486294e+00,1.525728e+00,1.349278e-01,1.264658e+00,1.763876e+00
5.736000e+00,1.034460e+00,1.656412e+00,1.633812e+00,1.681094e+00,1.539200e+00,1.672326e+00,1.588277e+00,1.704730e+00,1.764899e+00,1.669731e+00,1.499006e+00,1.293717e+00,1.377945e+00,1.563840e+00,1.491405e+00,1.265301e+00,1.384357e+00,1.482556e+00,1.565029e+00,1.346741e+00,1.370539e+00,1.423011e+00,1.546809e+00,1.628297e+00,1.486882e+00,1.526497e+00,1.350656e-01,1.265301e+00,1.764899e+00
5.737000e+00,1.034640e+00,1.657176e+00,1.634978e+00,1.682734e+00,1.541067e+00,1.672651e+00,1.588951e+00,1.705656e+00,1.765805e+00,1.670500e+00,1.498944e+00,1.294396e+00,1.378617e+00,1.564240e+00,1.492092e+00,1.265945e+00,1.384944e+00,1.482444e+00,1.566358e+00,1.347381e+00,1.371497e+00,1.423692e+00,1.547404e+00,1.628035e+00,1.488412e+00,1.527247e+00,1.351317e-01,1.265945e+00,1.765805e+00
5.738000e+00,1.034840e+00,1.657634e+00,1.635874e+00,1.682422e+00,1.542400e+00,1.673163e+00,1.589925e+00,1.706941e+00,1.766711e+00,1.671077e+00,1.499379e+00,1.295076e+00,1.379407e+00,1.566480e+00,1.492780e+00,1.266589e+00,1.385530e+00,1.485333e+00,1.568150e+00,1.348019e+00,1.372454e+00,1.424375e+00,1.546766e+00,1.629083e+00,1.489529e+00,1.528129e+00,1.351221e-01,1.266589e+00,1.766711e+00
5.739000e+00,1.035110e+00,1.658702e+00,1.636771e+00,1.684766e+00,1.542900e+00,1.672372e+00,1.591011e+00,1.707943e+00,1.767869e+00,1.672000e+00,1.500870e+00,1.295756e+00,1.379051e+00,1.567360e+00,1.493467e+00,1.267234e+00,1.386117e+00,1.484111e+00,1.569942e+00,1.348659e+00,1.373410e+00,1.425058e+00,1.545915e+00,1.629520e+00,1.489882e+00,1.528779e+00,1.352957e-01,1.267234e+00,1.767869e+00
5.740000e+00,1.035390e+00,1.659313e+00,1.636906e+00,1.686172e+00,1.544400e+00,1.673907e+00,1.591536e+00,1.708663e+00,1.768641e+00,1.673154e+00,1.501366e+00,1.296436e+00,1.378656e+00,1.567440e+00,1.494155e+00,1.267879e+00,1.386704e+00,1.485444e+00,1.570751e+00,1.349299e+00,1.374365e+00,1.425743e+00,1.546170e+00,1.630000e+00,1.491471e+00,1.529524e+00,1.353918e-01,1.267879e+00,1.768641e+00
5.741000e+00,1.035740e+00,1.660763e+00,1.638296e+00,1.687422e+00,1.546100e+00,1.674279e+00,1.592622e+00,1.709512e+00,1.769631e+00,1.673923e+00,1.501770e+00,1.297117e+00,1.378261e+00,1.568880e+00,1.494843e+00,1.268524e+00,1.387291e+00,1.487889e+00,1.573121e+00,1.349940e+00,1.375320e+00,1.426429e+00,1.546723e+00,1.631004e+00,1.492529e+00,1.530508e+00,1.355687e-01,1.268524e+00,1.769631e+00
5.742000e+00,1.035890e+00,1.661756e+00,1.638924e+00,1.688594e+00,1.546933e+00,1.674791e+00,1.593895e+00,1.710180e+00,1.770453e+00,1.674423e+00,1.502360e+00,1.297799e+00,1.378221e+00,1.570320e+00,1.495531e+00,1.269170e+00,1.387878e+00,1.486667e+00,1.575434e+00,1.350581e+00,1.376279e+00,1.427116e+00,1.547660e+00,1.633188e+00,1.493412e+00,1.531315e+00,1.357415e-01,1.269170e+00,1.770453e+00
5.743000e+00,1.036110e+00,1.663817e+00,1.639372e+00,1.688750e+00,1.547867e+00,1.675628e+00,1.594532e+00,1.710925e+00,1.772198e+00,1.674346e+00,1.503168e+00,1.298481e+00,1.378696e+00,1.568720e+00,1.496219e+00,1.269817e+00,1.388466e+00,1.488111e+00,1.576069e+00,1.351223e+00,1.377237e+00,1.427804e+00,1.548766e+00,1.635371e+00,1.494471e+00,1.532086e+00,1.358315e-01,1.269817e+00,1.772198e+00
5.744000e+00,1.036420e+00,1.663969e+00,1.640404e+00,1.688672e+00,1.549233e+00,1.676512e+00,1.595655e+00,1.711774e+00,1.773188e+00,1.675577e+00,1.503416e+00,1.299164e+00,1.379881e+00,1.570160e+00,1.496908e+00,1.270464e+00,1.389054e+00,1.489333e+00,1.576994e+00,1.351865e+00,1.378191e+00,1.428494e+00,1.549787e+00,1.635939e+00,1.495412e+00,1.532919e+00,1.358377e-01,1.270464e+00,1.773188e+00
5.745000e+00,1.036730e+00,1.665878e+00,1.640090e+00,1.688359e+00,1.550900e+00,1.677860e+00,1.596704e+00,1.712391e+00,1.774362e+00,1.676115e+00,1.503789e+00,1.299847e+00,1.381067e+00,1.571440e+00,1.497596e+00,1.271111e+00,1.389657e+00,1.490000e+00,1.578786e+00,1.352507e+00,1.379144e+00,1.429186e+00,1.549617e+00,1.637118e+00,1.496882e+00,1.533767e+00,1.358743e-01,1.271111e+00,1.774362e+00
5.746000e+00,1.036960e+00,1.667710e+00,1.641031e+00,1.690156e+00,1.551967e+00,1.678791e+00,1.598315e+00,1.713085e+00,1.775503e+00,1.676423e+00,1.505062e+00,1.300531e+00,1.381304e+00,1.574240e+00,1.498284e+00,1.271759e+00,1.390260e+00,1.489778e+00,1.580116e+00,1.353150e+00,1.380096e+00,1.429878e+00,1.550213e+00,1.638210e+00,1.497824e+00,1.534737e+00,1.360981e-01,1.271759e+00,1.775503e+00
5.747000e+00,1.037170e+00,1.668168e+00,1.642152e+00,1.691328e+00,1.553767e+00,1.680326e+00,1.598614e+00,1.713393e+00,1.776695e+00,1.676154e+00,1.505870e+00,1.301215e+00,1.381897e+00,1.573360e+00,1.498973e+00,1.272407e+00,1.390849e+00,1.492778e+00,1.581156e+00,1.353793e+00,1.381047e+00,1.430572e+00,1.551447e+00,1.637205e+00,1.497941e+00,1.535463e+00,1.360493e-01,1.272407e+00,1.776695e+00
5.748000e+00,1.037410e+00,1.669618e+00,1.641659e+00,1.692969e+00,1.554967e+00,1.681302e+00,1.599625e+00,1.714139e+00,1.777785e+00,1.676885e+00,1.505342e+00,1.301900e+00,1.382490e+00,1.573920e+00,1.499662e+00,1.273056e+00,1.391439e+00,1.493111e+00,1.582081e+00,1.354436e+00,1.381997e+00,1.431268e+00,1.552553e+00,1.638341e+00,1.498882e+00,1.536226e+00,1.361772e-01,1.273056e+00,1.777785e+00
5.749000e+00,1.037700e+00,1.670458e+00,1.642915e+00,1.693984e+00,1.556667e+00,1.682837e+00,1.600712e+00,1.714679e+00,1.778473e+00,1.677500e+00,1.506149e+00,1.302585e+00,1.383794e+00,1.575440e+00,1.500350e+00,1.273705e+00,1.392029e+00,1.493111e+00,1.582081e+00,1.355080e+00,1.382954e+00,1.431965e+00,1.553021e+00,1.638952e+00,1.499882e+00,1.537055e+00,1.362270e-01,1.273705e+00,1.778473e+00
5.750000e+00,1.038010e+00,1.672214e+00,1.643094e+00,1.694531e+00,1.558700e+00,1.683256e+00,1.601049e+00,1.716093e+00,1.778691e+00,1.678462e+00,1.507205e+00,1.303271e+00,1.384506e+00,1.575440e+00,1.501039e+00,1.274355e+00,1.392619e+00,1.494556e+00,1.583006e+00,1.355725e+00,1.383911e+00,1.432663e+00,1.554298e+00,1.640306e+00,1.500882e+00,1.537911e+00,1.362514e-01,1.274355e+00,1.778691e+00
5.751000e+00,1.038200e+00,1.672443e+00,1.644126e+00,1.696250e+00,1.559867e+00,1.684791e+00,1.601910e+00,1.717069e+00,1.779060e+00,1.678423e+00,1.508168e+00,1.303957e+00,1.385415e+00,1.577200e+00,1.501728e+00,1.275005e+00,1.393209e+00,1.495778e+00,1.584104e+00,1.356369e+00,1.384877e+00,1.433363e+00,1.554979e+00,1.640044e+00,1.501118e+00,1.538719e+00,1.362686e-01,1.275005e+00,1.779060e+00
5.752000e+00,1.038500e+00,1.674504e+00,1.644664e+00,1.693516e+00,1.560733e+00,1.685907e+00,1.602884e+00,1.717763e+00,1.780101e+00,1.678654e+00,1.508944e+00,1.304644e+00,1.386087e+00,1.578640e+00,1.502417e+00,1.275656e+00,1.393799e+00,1.496000e+00,1.584913e+00,1.357014e+00,1.385844e+00,1.434064e+00,1.556511e+00,1.640655e+00,1.501882e+00,1.539408e+00,1.362038e-01,1.275656e+00,1.780101e+00
5.753000e+00,1.038760e+00,1.674885e+00,1.645919e+00,1.696562e+00,1.561000e+00,1.687442e+00,1.603970e+00,1.718509e+00,1.780520e+00,1.678846e+00,1.509565e+00,1.305331e+00,1.387115e+00,1.579200e+00,1.503106e+00,1.276307e+00,1.394390e+00,1.497222e+00,1.585780e+00,1.357660e+00,1.386812e+00,1.434767e+00,1.557532e+00,1.642751e+00,1.502412e+00,1.540317e+00,1.363488e-01,1.276307e+00,1.780520e+00
5.754000e+00,1.038970e+00,1.676718e+00,1.646906e+00,1.697656e+00,1.561600e+00,1.688047e+00,1.605206e+00,1.719152e+00,1.780889e+00,1.680346e+00,1.509938e+00,1.306019e+00,1.387708e+00,1.579280e+00,1.503796e+00,1.276959e+00,1.394981e+00,1.498778e+00,1.586590e+00,1.358306e+00,1.387781e+00,1.435471e+00,1.558170e+00,1.644367e+00,1.503059e+00,1.541155e+00,1.364559e-01,1.276959e+00,1.780889e+00
5.755000e+00,1.039100e+00,1.677252e+00,1.647220e+00,1.698281e+00,1.561667e+00,1.689581e+00,1.606142e+00,1.720540e+00,1.781829e+00,1.680962e+00,1.510745e+00,1.306708e+00,1.388142e+00,1.582480e+00,1.504485e+00,1.277611e+00,1.395573e+00,1.498444e+00,1.585318e+00,1.358952e+00,1.388752e+00,1.436176e+00,1.560085e+00,1.645415e+00,1.503765e+00,1.541922e+00,1.365683e-01,1.277611e+00,1.781829e+00
5.756000e+00,1.039530e+00,1.677557e+00,1.648072e+00,1.699766e+00,1.563133e+00,1.690465e+00,1.606592e+00,1.721620e+00,1.782450e+00,1.681462e+00,1.511118e+00,1.307397e+00,1.389763e+00,1.583120e+00,1.505174e+00,1.278263e+00,1.396165e+00,1.501556e+00,1.583757e+00,1.359599e+00,1.389723e+00,1.436884e+00,1.561191e+00,1.646812e+00,1.505059e+00,1.542779e+00,1.365250e-01,1.278263e+00,1.782450e+00
5.757000e+00,1.039660e+00,1.680305e+00,1.648430e+00,1.699062e+00,1.563733e+00,1.691814e+00,1.607640e+00,1.722262e+00,1.783255e+00,1.680846e+00,1.512019e+00,1.308086e+00,1.390514e+00,1.583600e+00,1.505864e+00,1.278916e+00,1.396757e+00,1.501222e+00,1.583584e+00,1.360246e+00,1.390696e+00,1.437592e+00,1.562426e+00,1.647293e+00,1.505412e+00,1.543399e+00,1.365116e-01,1.278916e+00,1.783255e+00
5.758000e+00,1.040020e+00,1.679847e+00,1.648879e+00,1.700078e+00,1.564633e+00,1.692558e+00,1.608652e+00,1.723368e+00,1.784983e+00,1.679808e+00,1.511925e+00,1.308776e+00,1.390870e+00,1.584560e+00,1.506553e+00,1.279570e+00,1.397349e+00,1.501667e+00,1.585202e+00,1.360893e+00,1.391669e+00,1.438302e+00,1.563574e+00,1.646856e+00,1.506412e+00,1.544041e+00,1.365091e-01,1.279570e+00,1.784983e+00
5.759000e+00,1.040300e+00,1.680992e+00,1.650404e+00,1.702891e+00,1.565567e+00,1.693070e+00,1.609401e+00,1.724473e+00,1.786191e+00,1.679692e+00,1.510497e+00,1.309467e+00,1.391858e+00,1.585280e+00,1.507243e+00,1.280224e+00,1.397942e+00,1.503222e+00,1.585549e+00,1.361541e+00,1.392643e+00,1.439014e+00,1.565021e+00,1.646856e+00,1.507176e+00,1.544842e+00,1.366491e-01,1.280224e+00,1.786191e+00
5.760000e+00,1.040510e+00,1.682519e+00,1.650673e+00,1.703359e+00,1.567167e+00,1.694419e+00,1.610449e+00,1.725013e+00,1.787919e+00,1.680154e+00,1.509441e+00,1.310158e+00,1.391897e+00,1.585760e+00,1.507933e+00,1.280878e+00,1.398535e+00,1.503889e+00,1.586879e+00,1.362189e+00,1.393618e+00,1.439727e+00,1.565915e+00,1.647162e+00,1.507706e+00,1.545557e+00,1.368031e-01,1.280878e+00,1.787919e+00
5.761000e+00,1.040720e+00,1.683588e+00,1.651211e+00,1.704531e+00,1.568067e+00,1.695860e+00,1.610974e+00,1.725733e+00,1.789144e+00,1.680192e+00,1.508851e+00,1.310849e+00,1.392609e+00,1.587120e+00,1.508623e+00,1.281533e+00,1.399128e+00,1.503111e+00,1.587919e+00,1.362838e+00,1.394593e+00,1.440442e+00,1.566298e+00,1.646900e+00,1.509294e+00,1.546225e+00,1.368829e-01,1.281533e+00,1.789144e+00
5.762000e+00,1.041130e+00,1.684580e+00,1.650673e+00,1.702656e+00,1.569600e+00,1.697163e+00,1.612210e+00,1.726607e+00,1.790168e+00,1.680885e+00,1.509099e+00,1.311542e+00,1.393755e+00,1.586400e+00,1.509313e+00,1.282189e+00,1.399722e+00,1.504222e+00,1.588613e+00,1.363487e+00,1.395569e+00,1.441158e+00,1.567319e+00,1.647904e+00,1.510176e+00,1.546875e+00,1.367790e-01,1.282189e+00,1.790168e+00
5.763000e+00,1.041360e+00,1.685573e+00,1.650852e+00,1.705313e+00,1.571267e+00,1.698279e+00,1.612772e+00,1.726221e+00,1.790084e+00,1.680269e+00,1.509845e+00,1.312234e+00,1.394506e+00,1.586400e+00,1.510003e+00,1.282844e+00,1.400316e+00,1.505111e+00,1.590867e+00,1.364137e+00,1.396546e+00,1.441875e+00,1.568298e+00,1.649214e+00,1.510941e+00,1.547657e+00,1.367455e-01,1.282844e+00,1.790084e+00
5.764000e+00,1.041500e+00,1.686794e+00,1.650717e+00,1.704141e+00,1.572900e+00,1.699070e+00,1.613408e+00,1.725321e+00,1.788960e+00,1.682269e+00,1.510404e+00,1.312927e+00,1.395494e+00,1.586720e+00,1.510693e+00,1.283501e+00,1.400910e+00,1.506000e+00,1.592254e+00,1.364786e+00,1.397523e+00,1.442594e+00,1.568723e+00,1.650349e+00,1.511235e+00,1.548237e+00,1.364984e-01,1.283501e+00,1.788960e+00
5.765000e+00,1.041750e+00,1.686947e+00,1.649552e+00,1.705391e+00,1.574433e+00,1.699721e+00,1.614607e+00,1.725064e+00,1.788389e+00,1.683000e+00,1.511087e+00,1.313621e+00,1.396245e+00,1.586560e+00,1.511384e+00,1.284157e+00,1.401504e+00,1.506778e+00,1.593468e+00,1.365437e+00,1.398500e+00,1.443314e+00,1.569149e+00,1.652009e+00,1.512765e+00,1.548878e+00,1.363252e-01,1.284157e+00,1.788389e+00
5.766000e+00,1.042090e+00,1.689618e+00,1.648565e+00,1.706406e+00,1.576233e+00,1.700512e+00,1.615393e+00,1.725039e+00,1.788406e+00,1.682538e+00,1.511925e+00,1.314315e+00,1.396957e+00,1.586960e+00,1.512074e+00,1.284815e+00,1.402099e+00,1.505778e+00,1.594740e+00,1.366087e+00,1.399477e+00,1.444036e+00,1.570426e+00,1.652882e+00,1.512824e+00,1.549504e+00,1.362899e-01,1.284815e+00,1.788406e+00
5.767000e+00,1.042360e+00,1.690534e+00,1.648027e+00,1.707578e+00,1.577633e+00,1.702140e+00,1.615730e+00,1.725656e+00,1.789279e+00,1.682692e+00,1.512764e+00,1.315010e+00,1.398063e+00,1.587120e+00,1.512765e+00,1.285472e+00,1.402694e+00,1.506667e+00,1.596416e+00,1.366738e+00,1.400455e+00,1.444758e+00,1.571532e+00,1.653581e+00,1.513882e+00,1.550299e+00,1.362929e-01,1.285472e+00,1.789279e+00
5.768000e+00,1.042590e+00,1.690458e+00,1.646771e+00,1.707031e+00,1.579467e+00,1.704279e+00,1.616217e+00,1.725964e+00,1.789513e+00,1.683385e+00,1.514534e+00,1.315705e+00,1.399289e+00,1.588480e+00,1.513455e+00,1.286130e+00,1.403290e+00,1.509111e+00,1.597341e+00,1.367390e+00,1.401433e+00,1.445483e+00,1.571915e+00,1.653755e+00,1.514471e+00,1.551036e+00,1.360912e-01,1.286130e+00,1.789513e+00
5.769000e+00,1.042740e+00,1.692824e+00,1.647309e+00,1.707187e+00,1.581533e+00,1.704744e+00,1.617191e+00,1.726350e+00,1.790403e+00,1.685115e+00,1.515528e+00,1.316401e+00,1.400237e+00,1.590640e+00,1.514146e+00,1.286789e+00,1.403886e+00,1.509778e+00,1.599249e+00,1.368042e+00,1.402410e+00,1.446208e+00,1.572340e+00,1.654803e+00,1.515000e+00,1.552005e+00,1.362061e-01,1.286789e+00,1.790403e+00
5.770000e+00,1.042920e+00,1.694427e+00,1.647892e+00,1.708594e+00,1.582967e+00,1.705581e+00,1.618052e+00,1.727121e+00,1.790721e+00,1.686115e+00,1.516242e+00,1.317097e+00,1.400593e+00,1.590400e+00,1.514837e+00,1.287448e+00,1.404482e+00,1.509333e+00,1.600347e+00,1.368694e+00,1.403387e+00,1.446935e+00,1.573745e+00,1.654934e+00,1.515529e+00,1.552728e+00,1.362916e-01,1.287448e+00,1.790721e+00
5.771000e+00,1.043260e+00,1.693893e+00,1.647399e+00,1.709922e+00,1.584900e+00,1.705628e+00,1.618052e+00,1.728175e+00,1.792047e+00,1.686846e+00,1.516708e+00,1.317794e+00,1.401146e+00,1.590560e+00,1.515528e+00,1.288108e+00,1.405079e+00,1.511778e+00,1.601040e+00,1.369346e+00,1.404364e+00,1.447662e+00,1.573277e+00,1.655022e+00,1.515588e+00,1.553328e+00,1.362257e-01,1.288108e+00,1.792047e+00
5.772000e+00,1.043410e+00,1.694198e+00,1.648520e+00,1.710938e+00,1.586033e+00,1.705023e+00,1.617191e+00,1.729383e+00,1.793054e+00,1.686846e+00,1.517081e+00,1.318492e+00,1.402174e+00,1.591040e+00,1.516219e+00,1.288768e+00,1.405675e+00,1.512333e+00,1.602197e+00,1.369999e+00,1.405341e+00,1.448391e+00,1.572553e+00,1.655066e+00,1.517176e+00,1.553904e+00,1.361232e-01,1.288768e+00,1.793054e+00
5.773000e+00,1.043730e+00,1.694122e+00,1.650000e+00,1.710781e+00,1.588067e+00,1.705628e+00,1.617416e+00,1.730437e+00,1.794279e+00,1.687846e+00,1.517733e+00,1.319190e+00,1.403597e+00,1.593360e+00,1.516910e+00,1.289428e+00,1.406273e+00,1.512333e+00,1.603468e+00,1.370653e+00,1.406317e+00,1.449121e+00,1.572128e+00,1.655983e+00,1.517824e+00,1.554704e+00,1.361427e-01,1.289428e+00,1.794279e+00
5.774000e+00,1.043990e+00,1.693359e+00,1.650942e+00,1.712266e+00,1.589167e+00,1.705023e+00,1.617528e+00,1.731440e+00,1.795906e+00,1.689231e+00,1.518540e+00,1.319888e+00,1.403755e+00,1.594880e+00,1.517601e+00,1.290089e+00,1.406870e+00,1.513444e+00,1.604220e+00,1.371307e+00,1.407292e+00,1.449852e+00,1.572128e+00,1.656987e+00,1.518647e+00,1.555432e+00,1.362012e-01,1.290089e+00,1.795906e+00
5.775000e+00,1.044300e+00,1.692901e+00,1.651256e+00,1.712734e+00,1.590600e+00,1.706558e+00,1.618240e+00,1.732776e+00,1.797517e+00,1.689577e+00,1.519876e+00,1.320587e+00,1.404901e+00,1.594240e+00,1.518293e+00,1.290751e+00,1.407468e+00,1.514444e+00,1.605260e+00,1.371961e+00,1.408267e+00,1.450584e+00,1.573021e+00,1.657817e+00,1.518882e+00,1.556188e+00,1.362283e-01,1.290751e+00,1.797517e+00
5.776000e+00,1.044480e+00,1.695344e+00,1.652691e+00,1.714141e+00,1.591667e+00,1.706791e+00,1.619026e+00,1.733676e+00,1.799211e+00,1.689846e+00,1.520559e+00,1.321286e+00,1.405138e+00,1.595440e+00,1.518984e+00,1.291413e+00,1.408066e+00,1.515556e+00,1.605087e+00,1.372616e+00,1.409241e+00,1.451346e+00,1.573915e+00,1.658908e+00,1.519588e+00,1.557064e+00,1.364261e-01,1.291413e+00,1.799211e+00
5.777000e+00,1.044780e+00,1.695496e+00,1.654215e+00,1.714687e+00,1.592600e+00,1.707395e+00,1.619738e+00,1.734473e+00,1.800537e+00,1.691038e+00,1.520963e+00,1.321986e+00,1.405494e+00,1.597200e+00,1.519676e+00,1.292075e+00,1.408665e+00,1.516000e+00,1.605896e+00,1.373271e+00,1.410214e+00,1.452109e+00,1.574468e+00,1.661310e+00,1.519824e+00,1.557889e+00,1.365803e-01,1.292075e+00,1.800537e+00
5.778000e+00,1.044990e+00,1.697405e+00,1.655561e+00,1.715078e+00,1.593600e+00,1.707953e+00,1.620300e+00,1.735938e+00,1.802148e+00,1.691846e+00,1.521522e+00,1.322687e+00,1.406087e+00,1.597760e+00,1.520368e+00,1.292738e+00,1.409264e+00,1.516222e+00,1.607457e+00,1.373926e+00,1.411186e+00,1.452873e+00,1.575362e+00,1.661790e+00,1.520706e+00,1.558741e+00,1.367542e-01,1.292738e+00,1.802148e+00
5.779000e+00,1.045250e+00,1.697634e+00,1.656547e+00,1.716016e+00,1.594867e+00,1.709628e+00,1.621124e+00,1.736838e+00,1.803540e+00,1.693346e+00,1.522484e+00,1.323388e+00,1.407470e+00,1.598480e+00,1.521059e+00,1.293401e+00,1.409863e+00,1.517111e+00,1.607514e+00,1.374582e+00,1.412156e+00,1.453638e+00,1.577277e+00,1.663013e+00,1.520059e+00,1.559626e+00,1.368897e-01,1.293401e+00,1.803540e+00
5.780000e+00,1.045540e+00,1.700229e+00,1.657668e+00,1.719141e+00,1.596000e+00,1.710326e+00,1.621685e+00,1.738278e+00,1.805050e+00,1.693615e+00,1.524006e+00,1.324090e+00,1.408261e+00,1.599600e+00,1.521751e+00,1.294065e+00,1.410463e+00,1.519889e+00,1.608208e+00,1.375238e+00,1.413126e+00,1.454405e+00,1.578979e+00,1.663013e+00,1.519529e+00,1.560692e+00,1.371423e-01,1.294065e+00,1.805050e+00
5.781000e+00,1.045780e+00,1.699924e+00,1.658924e+00,1.719453e+00,1.597467e+00,1.712326e+00,1.622322e+00,1.738895e+00,1.806376e+00,1.694308e+00,1.524907e+00,1.324792e+00,1.408379e+00,1.600720e+00,1.522443e+00,1.294729e+00,1.411063e+00,1.517778e+00,1.609884e+00,1.375895e+00,1.414094e+00,1.455173e+00,1.580085e+00,1.662620e+00,1.519000e+00,1.561315e+00,1.372655e-01,1.294729e+00,1.806376e+00
5.782000e+00,1.046000e+00,1.700534e+00,1.659776e+00,1.720000e+00,1.598767e+00,1.713674e+00,1.622772e+00,1.739949e+00,1.808020e+00,1.694885e+00,1.525901e+00,1.325494e+00,1.408933e+00,1.601040e+00,1.523135e+00,1.295394e+00,1.411663e+00,1.517778e+00,1.611445e+00,1.376551e+00,1.415060e+00,1.455942e+00,1.581106e+00,1.662576e+00,1.518941e+00,1.562056e+00,1.373809e-01,1.295394e+00,1.808020e+00
5.783000e+00,1.046280e+00,1.702137e+00,1.661256e+00,1.721250e+00,1.598567e+00,1.714791e+00,1.623371e+00,1.740874e+00,1.809262e+00,1.695346e+00,1.525932e+00,1.326197e+00,1.409407e+00,1.601760e+00,1.523828e+00,1.296059e+00,1.412264e+00,1.520333e+00,1.611098e+00,1.377209e+00,1.416025e+00,1.456696e+00,1.582638e+00,1.663493e+00,1.519000e+00,1.562866e+00,1.375131e-01,1.296059e+00,1.809262e+00
5.784000e+00,1.046640e+00,1.703740e+00,1.661300e+00,1.720469e+00,1.599400e+00,1.716651e+00,1.624307e+00,1.741542e+00,1.810554e+00,1.696423e+00,1.525466e+00,1.326901e+00,1.410553e+00,1.602560e+00,1.524520e+00,1.296725e+00,1.412865e+00,1.519667e+00,1.613468e+00,1.377867e+00,1.416988e+00,1.457450e+00,1.583702e+00,1.663886e+00,1.520353e+00,1.563640e+00,1.375949e-01,1.296725e+00,1.810554e+00
5.785000e+00,1.046890e+00,1.704275e+00,1.661928e+00,1.720469e+00,1.600133e+00,1.717907e+00,1.625318e+00,1.742339e+00,1.811460e+00,1.696615e+00,1.526366e+00,1.327605e+00,1.411344e+00,1.604320e+00,1.525212e+00,1.297391e+00,1.413467e+00,1.520333e+00,1.613295e+00,1.378525e+00,1.417950e+00,1.458206e+00,1.584766e+00,1.665022e+00,1.521824e+00,1.564420e+00,1.375797e-01,1.297391e+00,1.811460e+00
5.786000e+00,1.047100e+00,1.707405e+00,1.661570e+00,1.721797e+00,1.601467e+00,1.719302e+00,1.626255e+00,1.742468e+00,1.812416e+00,1.697000e+00,1.528043e+00,1.328310e+00,1.412767e+00,1.606000e+00,1.525905e+00,1.298057e+00,1.414069e+00,1.523222e+00,1.614162e+00,1.379183e+00,1.418909e+00,1.458962e+00,1.585149e+00,1.665852e+00,1.522529e+00,1.565450e+00,1.376406e-01,1.298057e+00,1.812416e+00
5.787000e+00,1.047300e+00,1.707252e+00,1.662063e+00,1.724844e+00,1.602233e+00,1.720744e+00,1.626442e+00,1.743136e+00,1.813322e+00,1.697885e+00,1.529286e+00,1.329015e+00,1.412964e+00,1.606640e+00,1.526597e+00,1.298724e+00,1.414671e+00,1.522111e+00,1.615723e+00,1.379842e+00,1.419867e+00,1.459719e+00,1.585957e+00,1.666769e+00,1.523647e+00,1.566227e+00,1.378075e-01,1.298724e+00,1.813322e+00
5.788000e+00,1.047650e+00,1.709618e+00,1.662556e+00,1.725469e+00,1.603733e+00,1.721395e+00,1.627266e+00,1.744087e+00,1.813943e+00,1.698615e+00,1.529410e+00,1.329721e+00,1.413162e+00,1.607600e+00,1.527290e+00,1.299392e+00,1.415273e+00,1.522889e+00,1.616994e+00,1.380502e+00,1.420823e+00,1.460477e+00,1.587191e+00,1.666856e+00,1.525353e+00,1.567067e+00,1.378952e-01,1.299392e+00,1.813943e+00
5.789000e+00,1.047980e+00,1.711679e+00,1.662063e+00,1.726250e+00,1.604833e+00,1.722140e+00,1.627865e+00,1.743985e+00,1.814681e+00,1.700038e+00,1.529783e+00,1.330427e+00,1.413992e+00,1.608240e+00,1.527983e+00,1.300060e+00,1.415876e+00,1.524222e+00,1.617399e+00,1.381161e+00,1.421776e+00,1.461235e+00,1.587872e+00,1.668253e+00,1.525588e+00,1.567808e+00,1.379241e-01,1.300060e+00,1.814681e+00
5.790000e+00,1.047990e+00,1.711908e+00,1.663318e+00,1.726250e+00,1.606900e+00,1.723023e+00,1.628127e+00,1.744807e+00,1.815403e+00,1.700538e+00,1.531087e+00,1.331134e+00,1.415375e+00,1.610560e+00,1.528676e+00,1.300728e+00,1.416480e+00,1.525000e+00,1.618382e+00,1.381821e+00,1.422728e+00,1.461977e+00,1.589404e+00,1.668777e+00,1.526353e+00,1.568698e+00,1.378826e-01,1.300728e+00,1.815403e+00
5.791000e+00,1.048400e+00,1.712290e+00,1.662780e+00,1.726719e+00,1.608167e+00,1.723953e+00,1.629588e+00,1.745398e+00,1.816376e+00,1.700654e+00,1.531801e+00,1.331842e+00,1.415889e+00,1.610240e+00,1.529369e+00,1.301397e+00,1.417083e+00,1.524000e+00,1.619711e+00,1.382482e+00,1.423677e+00,1.462720e+00,1.590723e+00,1.668734e+00,1.526941e+00,1.569272e+00,1.378524e-01,1.301397e+00,1.816376e+00
5.792000e+00,1.048590e+00,1.714427e+00,1.664215e+00,1.728984e+00,1.609667e+00,1.725070e+00,1.629850e+00,1.746298e+00,1.817668e+00,1.700692e+00,1.533323e+00,1.332549e+00,1.417589e+00,1.611520e+00,1.530062e+00,1.302067e+00,1.417687e+00,1.522556e+00,1.617688e+00,1.383143e+00,1.424625e+00,1.463463e+00,1.591277e+00,1.669607e+00,1.527706e+00,1.570072e+00,1.380015e-01,1.302067e+00,1.817668e+00
5.793000e+00,1.048950e+00,1.715420e+00,1.664664e+00,1.728047e+00,1.611233e+00,1.725256e+00,1.630375e+00,1.747069e+00,1.818876e+00,1.701692e+00,1.533944e+00,1.333258e+00,1.417391e+00,1.613600e+00,1.530755e+00,1.302737e+00,1.418292e+00,1.521333e+00,1.616127e+00,1.383802e+00,1.425570e+00,1.464207e+00,1.592213e+00,1.669738e+00,1.528765e+00,1.570598e+00,1.379985e-01,1.302737e+00,1.818876e+00
5.794000e+00,1.049190e+00,1.715649e+00,1.665291e+00,1.730859e+00,1.612667e+00,1.727302e+00,1.631124e+00,1.747532e+00,1.819279e+00,1.703231e+00,1.534814e+00,1.333967e+00,1.417905e+00,1.614400e+00,1.531449e+00,1.303407e+00,1.418897e+00,1.521333e+00,1.614798e+00,1.384461e+00,1.426512e+00,1.464952e+00,1.593021e+00,1.670000e+00,1.529706e+00,1.571356e+00,1.381207e-01,1.303407e+00,1.819279e+00
5.795000e+00,1.049360e+00,1.717023e+00,1.665695e+00,1.729609e+00,1.614300e+00,1.728326e+00,1.631723e+00,1.747455e+00,1.818674e+00,1.701231e+00,1.535870e+00,1.334676e+00,1.418696e+00,1.614000e+00,1.532142e+00,1.304078e+00,1.419502e+00,1.523667e+00,1.614740e+00,1.385120e+00,1.427453e+00,1.465697e+00,1.594596e+00,1.670655e+00,1.530529e+00,1.571894e+00,1.377714e-01,1.304078e+00,1.818674e+00
5.796000e+00,1.049660e+00,1.716794e+00,1.665830e+00,1.730078e+00,1.615600e+00,1.729581e+00,1.632135e+00,1.747198e+00,1.817869e+00,1.700154e+00,1.536087e+00,1.335386e+00,1.420040e+00,1.615920e+00,1.532836e+00,1.304749e+00,1.420107e+00,1.523222e+00,1.614855e+00,1.385777e+00,1.428391e+00,1.466443e+00,1.595191e+00,1.671223e+00,1.531882e+00,1.572390e+00,1.374850e-01,1.304749e+00,1.817869e+00
5.797000e+00,1.049950e+00,1.717481e+00,1.666996e+00,1.728984e+00,1.617467e+00,1.730791e+00,1.632509e+00,1.747661e+00,1.817081e+00,1.699462e+00,1.535435e+00,1.336097e+00,1.420711e+00,1.616880e+00,1.533530e+00,1.305421e+00,1.420713e+00,1.524333e+00,1.615665e+00,1.386435e+00,1.429327e+00,1.467190e+00,1.596340e+00,1.671790e+00,1.532353e+00,1.572944e+00,1.372832e-01,1.305421e+00,1.817081e+00
5.798000e+00,1.050160e+00,1.719008e+00,1.667578e+00,1.732187e+00,1.619567e+00,1.732233e+00,1.632434e+00,1.748432e+00,1.817735e+00,1.699731e+00,1.535559e+00,1.336808e+00,1.421660e+00,1.618000e+00,1.534223e+00,1.306093e+00,1.421319e+00,1.525111e+00,1.616590e+00,1.387092e+00,1.430261e+00,1.467938e+00,1.597489e+00,1.672402e+00,1.532471e+00,1.573830e+00,1.374672e-01,1.306093e+00,1.817735e+00
5.799000e+00,1.050390e+00,1.719389e+00,1.668206e+00,1.732812e+00,1.620700e+00,1.732140e+00,1.633371e+00,1.749177e+00,1.818322e+00,1.700346e+00,1.536025e+00,1.337519e+00,1.421700e+00,1.619840e+00,1.534917e+00,1.306766e+00,1.421926e+00,1.525333e+00,1.616936e+00,1.387750e+00,1.431193e+00,1.468687e+00,1.598468e+00,1.674148e+00,1.533412e+00,1.574545e+00,1.374888e-01,1.306766e+00,1.818322e+00
5.800000e+00,1.050640e+00,1.720382e+00,1.669238e+00,1.731719e+00,1.622067e+00,1.734140e+00,1.634307e+00,1.749897e+00,1.819044e+00,1.701231e+00,1.537050e+00,1.338231e+00,1.422806e+00,1.619600e+00,1.535611e+00,1.307439e+00,1.422533e+00,1.525222e+00,1.618208e+00,1.388409e+00,1.432123e+00,1.469436e+00,1.599234e+00,1.675546e+00,1.534765e+00,1.575343e+00,1.375054e-01,1.307439e+00,1.819044e+00
5.801000e+00,1.050890e+00,1.722824e+00,1.670762e+00,1.733516e+00,1.624000e+00,1.734977e+00,1.634794e+00,1.750977e+00,1.820101e+00,1.701500e+00,1.536584e+00,1.338944e+00,1.423320e+00,1.620560e+00,1.536306e+00,1.308112e+00,1.423140e+00,1.527889e+00,1.619306e+00,1.389068e+00,1.433051e+00,1.470186e+00,1.600383e+00,1.676288e+00,1.535706e+00,1.576346e+00,1.377081e-01,1.308112e+00,1.820101e+00
5.802000e+00,1.051310e+00,1.722519e+00,1.671480e+00,1.734141e+00,1.625133e+00,1.736419e+00,1.635056e+00,1.751748e+00,1.821594e+00,1.702231e+00,1.537174e+00,1.339657e+00,1.424308e+00,1.622400e+00,1.537000e+00,1.308786e+00,1.423747e+00,1.527222e+00,1.620173e+00,1.389727e+00,1.433977e+00,1.470937e+00,1.601064e+00,1.677467e+00,1.536353e+00,1.577096e+00,1.377958e-01,1.308786e+00,1.821594e+00
5.803000e+00,1.051430e+00,1.724275e+00,1.671435e+00,1.735469e+00,1.626767e+00,1.737488e+00,1.635543e+00,1.752571e+00,1.822869e+00,1.703885e+00,1.538323e+00,1.340371e+00,1.424308e+00,1.622640e+00,1.537694e+00,1.309461e+00,1.424376e+00,1.527111e+00,1.622023e+00,1.390386e+00,1.434901e+00,1.471689e+00,1.601745e+00,1.678210e+00,1.537765e+00,1.577971e+00,1.380000e-01,1.309461e+00,1.822869e+00
5.804000e+00,1.051650e+00,1.725573e+00,1.671839e+00,1.735313e+00,1.628367e+00,1.738372e+00,1.636442e+00,1.753779e+00,1.824027e+00,1.704846e+00,1.539565e+00,1.341085e+00,1.425217e+00,1.624320e+00,1.538389e+00,1.310136e+00,1.425006e+00,1.531222e+00,1.623064e+00,1.391046e+00,1.435824e+00,1.472441e+00,1.602553e+00,1.678690e+00,1.538706e+00,1.578992e+00,1.380112e-01,1.310136e+00,1.824027e+00
5.805000e+00,1.051900e+00,1.726794e+00,1.673229e+00,1.736641e+00,1.630100e+00,1.737860e+00,1.637790e+00,1.754473e+00,1.825235e+00,1.705423e+00,1.540155e+00,1.341800e+00,1.425059e+00,1.621520e+00,1.539083e+00,1.310811e+00,1.425636e+00,1.531778e+00,1.624913e+00,1.391706e+00,1.436745e+00,1.473194e+00,1.601191e+00,1.679563e+00,1.539941e+00,1.579610e+00,1.380776e-01,1.310811e+00,1.825235e+00
5.806000e+00,1.052250e+00,1.727481e+00,1.673587e+00,1.737969e+00,1.631167e+00,1.737814e+00,1.637753e+00,1.754910e+00,1.826628e+00,1.706154e+00,1.541149e+00,1.342515e+00,1.424506e+00,1.625040e+00,1.539778e+00,1.311487e+00,1.426266e+00,1.532333e+00,1.626243e+00,1.392366e+00,1.437665e+00,1.473949e+00,1.601021e+00,1.679345e+00,1.541176e+00,1.580346e+00,1.381516e-01,1.311487e+00,1.826628e+00
5.807000e+00,1.052450e+00,1.728550e+00,1.673857e+00,1.737656e+00,1.632233e+00,1.737581e+00,1.638539e+00,1.755578e+00,1.828238e+00,1.707423e+00,1.542081e+00,1.343231e+00,1.424862e+00,1.626160e+00,1.540473e+00,1.312164e+00,1.426898e+00,1.533667e+00,1.627803e+00,1.393027e+00,1.438584e+00,1.474704e+00,1.601064e+00,1.678603e+00,1.541059e+00,1.581001e+00,1.381388e-01,1.312164e+00,1.828238e+00
5.808000e+00,1.052590e+00,1.730534e+00,1.675022e+00,1.739922e+00,1.634167e+00,1.738047e+00,1.638352e+00,1.756401e+00,1.829329e+00,1.708115e+00,1.543075e+00,1.343947e+00,1.425178e+00,1.626560e+00,1.541168e+00,1.312841e+00,1.427508e+00,1.535111e+00,1.628382e+00,1.393688e+00,1.439501e+00,1.475460e+00,1.601149e+00,1.679258e+00,1.541647e+00,1.581848e+00,1.383024e-01,1.312841e+00,1.829329e+00
5.809000e+00,1.052970e+00,1.730840e+00,1.675561e+00,1.739766e+00,1.635667e+00,1.739442e+00,1.638951e+00,1.757018e+00,1.830621e+00,1.709500e+00,1.543665e+00,1.344664e+00,1.425257e+00,1.628080e+00,1.541863e+00,1.313518e+00,1.428118e+00,1.536111e+00,1.629480e+00,1.394349e+00,1.440418e+00,1.476216e+00,1.602638e+00,1.679825e+00,1.542294e+00,1.582661e+00,1.383898e-01,1.313518e+00,1.830621e+00
5.810000e+00,1.053170e+00,1.731756e+00,1.675605e+00,1.742266e+00,1.636700e+00,1.740279e+00,1.639213e+00,1.757635e+00,1.830973e+00,1.710154e+00,1.542950e+00,1.345381e+00,1.424980e+00,1.631040e+00,1.542558e+00,1.314196e+00,1.428729e+00,1.537667e+00,1.631272e+00,1.395011e+00,1.441335e+00,1.476974e+00,1.603319e+00,1.680611e+00,1.543765e+00,1.583515e+00,1.385267e-01,1.314196e+00,1.830973e+00
5.811000e+00,1.053500e+00,1.732519e+00,1.675291e+00,1.743594e+00,1.638200e+00,1.741581e+00,1.639588e+00,1.759075e+00,1.832081e+00,1.709462e+00,1.542609e+00,1.346099e+00,1.425336e+00,1.631040e+00,1.543254e+00,1.314874e+00,1.429340e+00,1.538444e+00,1.631676e+00,1.395673e+00,1.442255e+00,1.477733e+00,1.603787e+00,1.680655e+00,1.543882e+00,1.584085e+00,1.385800e-01,1.314874e+00,1.832081e+00
5.812000e+00,1.053600e+00,1.733664e+00,1.676637e+00,1.742656e+00,1.637633e+00,1.742279e+00,1.640824e+00,1.759949e+00,1.832919e+00,1.710269e+00,1.541553e+00,1.346817e+00,1.426324e+00,1.630240e+00,1.543949e+00,1.315553e+00,1.429951e+00,1.538000e+00,1.632890e+00,1.396335e+00,1.443175e+00,1.478493e+00,1.604851e+00,1.679476e+00,1.544765e+00,1.584550e+00,1.385039e-01,1.315553e+00,1.832919e+00
5.813000e+00,1.053830e+00,1.733664e+00,1.677803e+00,1.743437e+00,1.638367e+00,1.743395e+00,1.640524e+00,1.761003e+00,1.833943e+00,1.711577e+00,1.541677e+00,1.347536e+00,1.427391e+00,1.632640e+00,1.544645e+00,1.316232e+00,1.430562e+00,1.541222e+00,1.633873e+00,1.396998e+00,1.444095e+00,1.479254e+00,1.605745e+00,1.676463e+00,1.544824e+00,1.585286e+00,1.384427e-01,1.316232e+00,1.833943e+00
5.814000e+00,1.054040e+00,1.731832e+00,1.677578e+00,1.745078e+00,1.639100e+00,1.743860e+00,1.638727e+00,1.761979e+00,1.834681e+00,1.712077e+00,1.542609e+00,1.348256e+00,1.428656e+00,1.632960e+00,1.545340e+00,1.316912e+00,1.431174e+00,1.541444e+00,1.635029e+00,1.397661e+00,1.445014e+00,1.480015e+00,1.606851e+00,1.674323e+00,1.545824e+00,1.585708e+00,1.382034e-01,1.316912e+00,1.834681e+00
5.815000e+00,1.054480e+00,1.731450e+00,1.678834e+00,1.747578e+00,1.640200e+00,1.745116e+00,1.638390e+00,1.763239e+00,1.836040e+00,1.712731e+00,1.542919e+00,1.348976e+00,1.429209e+00,1.634080e+00,1.546036e+00,1.317592e+00,1.431787e+00,1.541000e+00,1.636705e+00,1.398324e+00,1.445933e+00,1.480778e+00,1.608043e+00,1.673886e+00,1.546471e+00,1.586472e+00,1.383693e-01,1.317592e+00,1.836040e+00
5.816000e+00,1.054590e+00,1.731985e+00,1.679193e+00,1.746484e+00,1.641400e+00,1.745953e+00,1.639026e+00,1.763985e+00,1.837013e+00,1.713577e+00,1.543230e+00,1.349696e+00,1.429763e+00,1.636160e+00,1.546732e+00,1.318273e+00,1.432399e+00,1.543000e+00,1.636590e+00,1.398987e+00,1.446848e+00,1.481542e+00,1.610043e+00,1.674629e+00,1.547941e+00,1.587269e+00,1.383063e-01,1.318273e+00,1.837013e+00
5.817000e+00,1.054850e+00,1.731908e+00,1.679417e+00,1.746641e+00,1.642433e+00,1.747814e+00,1.639700e+00,1.765219e+00,1.837198e+00,1.714962e+00,1.543602e+00,1.350417e+00,1.430632e+00,1.635680e+00,1.547428e+00,1.318954e+00,1.433012e+00,1.543889e+00,1.637572e+00,1.399651e+00,1.447764e+00,1.482308e+00,1.610128e+00,1.674803e+00,1.547588e+00,1.587863e+00,1.382805e-01,1.318954e+00,1.837198e+00
5.818000e+00,1.055150e+00,1.731985e+00,1.679327e+00,1.748203e+00,1.644267e+00,1.748744e+00,1.640037e+00,1.766170e+00,1.838121e+00,1.716000e+00,1.543758e+00,1.351139e+00,1.431502e+00,1.636960e+00,1.548124e+00,1.319635e+00,1.433625e+00,1.543111e+00,1.639249e+00,1.400316e+00,1.448681e+00,1.483074e+00,1.611830e+00,1.675284e+00,1.549176e+00,1.588680e+00,1.383682e-01,1.319635e+00,1.838121e+00
5.819000e+00,1.055410e+00,1.734656e+00,1.677399e+00,1.748281e+00,1.645733e+00,1.749581e+00,1.640300e+00,1.767326e+00,1.838926e+00,1.717308e+00,1.544627e+00,1.351861e+00,1.432885e+00,1.637600e+00,1.548821e+00,1.320317e+00,1.434239e+00,1.546778e+00,1.639422e+00,1.400980e+00,1.449597e+00,1.483841e+00,1.612894e+00,1.675328e+00,1.549353e+00,1.589502e+00,1.383255e-01,1.320317e+00,1.838926e+00
5.820000e+00,1.055730e+00,1.735954e+00,1.677265e+00,1.750547e+00,1.647333e+00,1.751256e+00,1.641461e+00,1.768663e+00,1.840403e+00,1.718962e+00,1.544969e+00,1.352583e+00,1.433794e+00,1.638560e+00,1.549517e+00,1.321000e+00,1.434853e+00,1.546667e+00,1.640058e+00,1.401645e+00,1.450513e+00,1.484610e+00,1.614085e+00,1.676245e+00,1.550059e+00,1.590458e+00,1.386154e-01,1.321000e+00,1.840403e+00
5.821000e+00,1.055990e+00,1.736031e+00,1.676861e+00,1.751484e+00,1.648800e+00,1.752977e+00,1.642172e+00,1.769280e+00,1.841594e+00,1.719038e+00,1.545683e+00,1.353306e+00,1.434269e+00,1.640480e+00,1.550214e+00,1.321683e+00,1.435467e+00,1.546222e+00,1.640867e+00,1.402310e+00,1.451430e+00,1.485380e+00,1.615872e+00,1.678035e+00,1.551118e+00,1.591274e+00,1.387137e-01,1.321683e+00,1.841594e+00
5.822000e+00,1.056140e+00,1.737939e+00,1.677534e+00,1.753047e+00,1.650433e+00,1.753349e+00,1.643071e+00,1.769820e+00,1.843003e+00,1.720231e+00,1.547050e+00,1.354030e+00,1.434862e+00,1.639760e+00,1.550910e+00,1.322366e+00,1.436082e+00,1.550222e+00,1.642428e+00,1.402978e+00,1.452347e+00,1.486152e+00,1.616936e+00,1.679476e+00,1.552471e+00,1.592354e+00,1.388277e-01,1.322366e+00,1.843003e+00
5.823000e+00,1.056380e+00,1.739008e+00,1.678161e+00,1.751641e+00,1.652200e+00,1.754698e+00,1.643408e+00,1.770668e+00,1.844430e+00,1.721115e+00,1.548385e+00,1.354754e+00,1.435731e+00,1.641520e+00,1.551607e+00,1.323050e+00,1.436697e+00,1.548889e+00,1.643468e+00,1.403647e+00,1.453264e+00,1.486925e+00,1.618170e+00,1.680917e+00,1.554118e+00,1.593186e+00,1.388916e-01,1.323050e+00,1.844430e+00
5.824000e+00,1.056710e+00,1.740687e+00,1.678879e+00,1.753281e+00,1.654067e+00,1.755907e+00,1.643708e+00,1.771620e+00,1.845470e+00,1.722308e+00,1.548727e+00,1.355479e+00,1.437115e+00,1.642160e+00,1.552304e+00,1.323735e+00,1.437313e+00,1.548444e+00,1.645202e+00,1.404319e+00,1.454181e+00,1.487699e+00,1.619447e+00,1.681616e+00,1.553824e+00,1.594062e+00,1.390899e-01,1.323735e+00,1.845470e+00
5.825000e+00,1.056940e+00,1.742214e+00,1.679865e+00,1.755703e+00,1.655400e+00,1.755674e+00,1.644794e+00,1.772262e+00,1.846762e+00,1.722231e+00,1.549596e+00,1.356204e+00,1.438617e+00,1.642240e+00,1.553001e+00,1.324420e+00,1.437928e+00,1.551667e+00,1.646012e+00,1.404991e+00,1.455098e+00,1.488475e+00,1.620383e+00,1.683319e+00,1.554353e+00,1.595050e+00,1.391430e-01,1.324420e+00,1.846762e+00
5.826000e+00,1.057110e+00,1.743130e+00,1.681076e+00,1.757031e+00,1.657200e+00,1.757116e+00,1.645131e+00,1.772391e+00,1.847081e+00,1.723000e+00,1.550839e+00,1.356930e+00,1.439209e+00,1.642800e+00,1.553698e+00,1.325105e+00,1.438545e+00,1.552000e+00,1.646763e+00,1.405663e+00,1.456016e+00,1.489253e+00,1.621404e+00,1.684891e+00,1.554353e+00,1.595859e+00,1.392186e-01,1.325105e+00,1.847081e+00
5.827000e+00,1.057460e+00,1.745191e+00,1.681883e+00,1.757266e+00,1.658033e+00,1.759116e+00,1.645581e+00,1.771465e+00,1.846158e+00,1.723269e+00,1.552081e+00,1.357656e+00,1.439447e+00,1.646400e+00,1.554396e+00,1.325791e+00,1.439162e+00,1.552111e+00,1.649364e+00,1.406336e+00,1.456933e+00,1.490032e+00,1.622043e+00,1.684934e+00,1.555471e+00,1.596672e+00,1.391613e-01,1.325791e+00,1.846158e+00
5.828000e+00,1.057630e+00,1.746565e+00,1.683229e+00,1.756563e+00,1.659467e+00,1.759581e+00,1.646330e+00,1.771131e+00,1.845336e+00,1.723500e+00,1.552733e+00,1.358383e+00,1.440316e+00,1.646480e+00,1.555093e+00,1.326477e+00,1.439779e+00,1.553778e+00,1.650058e+00,1.407010e+00,1.457851e+00,1.490813e+00,1.623362e+00,1.685677e+00,1.557000e+00,1.597355e+00,1.389176e-01,1.326477e+00,1.845336e+00
5.829000e+00,1.057890e+00,1.747786e+00,1.684260e+00,1.758203e+00,1.660633e+00,1.760605e+00,1.646404e+00,1.771491e+00,1.845453e+00,1.724077e+00,1.553820e+00,1.359110e+00,1.440988e+00,1.647840e+00,1.555791e+00,1.327164e+00,1.440396e+00,1.554000e+00,1.651098e+00,1.407683e+00,1.458769e+00,1.491596e+00,1.624426e+00,1.685808e+00,1.557176e+00,1.598107e+00,1.389489e-01,1.327164e+00,1.845453e+00
5.830000e+00,1.058250e+00,1.747939e+00,1.684933e+00,1.756094e+00,1.662500e+00,1.760837e+00,1.647154e+00,1.771851e+00,1.845621e+00,1.724577e+00,1.554565e+00,1.359838e+00,1.441858e+00,1.648000e+00,1.556489e+00,1.327851e+00,1.441014e+00,1.553333e+00,1.650867e+00,1.408357e+00,1.459688e+00,1.492381e+00,1.624723e+00,1.685808e+00,1.558059e+00,1.598514e+00,1.386808e-01,1.327851e+00,1.845621e+00
5.831000e+00,1.058540e+00,1.750305e+00,1.685919e+00,1.756641e+00,1.663500e+00,1.762279e+00,1.647453e+00,1.772751e+00,1.846342e+00,1.724885e+00,1.555435e+00,1.360566e+00,1.442648e+00,1.648880e+00,1.557187e+00,1.328539e+00,1.441633e+00,1.555111e+00,1.649711e+00,1.409032e+00,1.460606e+00,1.493168e+00,1.625489e+00,1.687205e+00,1.558882e+00,1.599340e+00,1.387524e-01,1.328539e+00,1.846342e+00
5.832000e+00,1.058620e+00,1.750153e+00,1.685695e+00,1.758828e+00,1.664533e+00,1.762884e+00,1.648127e+00,1.773136e+00,1.847399e+00,1.725538e+00,1.555901e+00,1.361295e+00,1.443715e+00,1.650640e+00,1.557885e+00,1.329227e+00,1.442252e+00,1.557556e+00,1.649191e+00,1.409706e+00,1.461525e+00,1.493957e+00,1.626043e+00,1.688559e+00,1.559588e+00,1.600139e+00,1.387395e-01,1.329227e+00,1.847399e+00
5.833000e+00,1.059020e+00,1.751603e+00,1.686771e+00,1.760312e+00,1.666500e+00,1.764093e+00,1.648689e+00,1.773676e+00,1.848574e+00,1.725654e+00,1.556491e+00,1.362025e+00,1.444229e+00,1.652160e+00,1.558583e+00,1.329915e+00,1.442871e+00,1.557000e+00,1.650347e+00,1.410381e+00,1.462444e+00,1.494749e+00,1.627660e+00,1.690131e+00,1.559765e+00,1.601026e+00,1.389477e-01,1.329915e+00,1.848574e+00
5.834000e+00,1.059200e+00,1.752443e+00,1.687578e+00,1.760937e+00,1.667533e+00,1.765535e+00,1.648577e+00,1.774242e+00,1.849446e+00,1.724885e+00,1.557143e+00,1.362755e+00,1.444071e+00,1.652880e+00,1.559282e+00,1.330604e+00,1.443491e+00,1.560222e+00,1.650347e+00,1.411057e+00,1.463363e+00,1.495542e+00,1.628043e+00,1.691616e+00,1.561118e+00,1.601780e+00,1.389371e-01,1.330604e+00,1.849446e+00
5.835000e+00,1.059510e+00,1.752748e+00,1.688296e+00,1.761172e+00,1.669767e+00,1.766047e+00,1.649963e+00,1.775630e+00,1.850789e+00,1.723808e+00,1.558416e+00,1.363485e+00,1.446206e+00,1.653920e+00,1.559980e+00,1.331294e+00,1.444112e+00,1.559333e+00,1.651734e+00,1.411733e+00,1.464282e+00,1.496339e+00,1.629787e+00,1.692838e+00,1.561059e+00,1.602614e+00,1.389307e-01,1.331294e+00,1.850789e+00
5.836000e+00,1.059740e+00,1.755038e+00,1.689596e+00,1.761406e+00,1.670933e+00,1.767023e+00,1.650861e+00,1.776324e+00,1.851997e+00,1.724231e+00,1.558913e+00,1.364216e+00,1.447233e+00,1.654080e+00,1.560679e+00,1.331984e+00,1.444733e+00,1.559111e+00,1.653873e+00,1.412409e+00,1.465201e+00,1.497138e+00,1.630553e+00,1.693799e+00,1.562647e+00,1.603499e+00,1.390500e-01,1.331984e+00,1.851997e+00
5.837000e+00,1.060000e+00,1.755115e+00,1.689552e+00,1.761484e+00,1.672400e+00,1.767907e+00,1.651498e+00,1.777841e+00,1.853020e+00,1.725192e+00,1.558944e+00,1.364948e+00,1.448142e+00,1.654000e+00,1.561378e+00,1.332674e+00,1.445355e+00,1.561333e+00,1.655723e+00,1.413085e+00,1.466121e+00,1.497940e+00,1.631106e+00,1.694192e+00,1.560824e+00,1.604157e+00,1.390716e-01,1.332674e+00,1.853020e+00
5.838000e+00,1.060380e+00,1.756183e+00,1.691704e+00,1.761016e+00,1.673767e+00,1.768372e+00,1.651723e+00,1.779126e+00,1.854497e+00,1.726192e+00,1.559286e+00,1.365680e+00,1.448735e+00,1.654240e+00,1.562077e+00,1.333365e+00,1.445977e+00,1.562889e+00,1.656763e+00,1.413762e+00,1.467040e+00,1.498745e+00,1.630851e+00,1.694891e+00,1.559176e+00,1.604836e+00,1.391780e-01,1.333365e+00,1.854497e+00
5.839000e+00,1.060550e+00,1.758092e+00,1.693587e+00,1.763828e+00,1.675267e+00,1.768279e+00,1.652097e+00,1.780386e+00,1.855352e+00,1.726846e+00,1.560000e+00,1.366412e+00,1.449526e+00,1.656480e+00,1.562776e+00,1.334057e+00,1.446599e+00,1.562889e+00,1.658035e+00,1.414440e+00,1.467960e+00,1.499553e+00,1.630511e+00,1.696026e+00,1.558647e+00,1.605735e+00,1.394238e-01,1.334057e+00,1.855352e+00
5.840000e+00,1.060790e+00,1.758321e+00,1.694036e+00,1.763828e+00,1.676233e+00,1.768419e+00,1.652959e+00,1.781362e+00,1.856930e+00,1.727000e+00,1.561025e+00,1.367145e+00,1.450079e+00,1.658160e+00,1.563475e+00,1.334749e+00,1.447223e+00,1.564222e+00,1.658324e+00,1.415117e+00,1.468881e+00,1.500364e+00,1.630638e+00,1.696943e+00,1.558529e+00,1.606415e+00,1.394106e-01,1.334749e+00,1.856930e+00
5.841000e+00,1.060930e+00,1.758855e+00,1.695650e+00,1.766250e+00,1.676867e+00,1.768558e+00,1.654494e+00,1.782751e+00,1.858289e+00,1.727885e+00,1.561739e+00,1.367879e+00,1.451660e+00,1.655760e+00,1.564175e+00,1.335441e+00,1.447847e+00,1.563444e+00,1.660289e+00,1.415795e+00,1.469801e+00,1.501179e+00,1.631362e+00,1.699039e+00,1.559353e+00,1.607265e+00,1.395617e-01,1.335441e+00,1.858289e+00
5.842000e+00,1.061360e+00,1.761298e+00,1.696188e+00,1.767813e+00,1.676767e+00,1.769163e+00,1.654345e+00,1.783625e+00,1.859631e+00,1.729538e+00,1.562081e+00,1.368613e+00,1.452095e+00,1.655200e+00,1.564875e+00,1.336134e+00,1.448471e+00,1.564222e+00,1.662312e+00,1.416473e+00,1.470722e+00,1.501998e+00,1.632000e+00,1.700218e+00,1.559588e+00,1.608057e+00,1.397655e-01,1.336134e+00,1.859631e+00
5.843000e+00,1.061550e+00,1.762214e+00,1.697623e+00,1.768203e+00,1.677400e+00,1.770372e+00,1.655431e+00,1.784884e+00,1.861158e+00,1.729654e+00,1.562547e+00,1.369348e+00,1.453004e+00,1.656000e+00,1.565574e+00,1.336827e+00,1.449096e+00,1.566444e+00,1.664624e+00,1.417152e+00,1.471642e+00,1.502820e+00,1.632681e+00,1.700611e+00,1.560059e+00,1.608974e+00,1.398652e-01,1.336827e+00,1.861158e+00
5.844000e+00,1.061880e+00,1.762748e+00,1.698610e+00,1.766641e+00,1.677800e+00,1.771070e+00,1.655356e+00,1.785578e+00,1.862215e+00,1.730615e+00,1.562919e+00,1.370083e+00,1.453715e+00,1.654960e+00,1.566274e+00,1.337521e+00,1.449722e+00,1.566778e+00,1.665318e+00,1.417830e+00,1.472563e+00,1.503647e+00,1.633532e+00,1.702140e+00,1.560941e+00,1.609524e+00,1.397731e-01,1.337521e+00,1.862215e+00
5.845000e+00,1.062050e+00,1.765420e+00,1.699417e+00,1.766875e+00,1.678367e+00,1.771767e+00,1.656517e+00,1.786658e+00,1.863104e+00,1.731808e+00,1.563634e+00,1.370819e+00,1.454506e+00,1.656160e+00,1.566975e+00,1.338215e+00,1.450348e+00,1.566778e+00,1.667283e+00,1.418510e+00,1.473485e+00,1.504477e+00,1.634298e+00,1.703013e+00,1.562706e+00,1.610464e+00,1.399122e-01,1.338215e+00,1.863104e+00
5.846000e+00,1.062340e+00,1.767405e+00,1.700538e+00,1.769141e+00,1.679733e+00,1.772930e+00,1.658015e+00,1.787635e+00,1.864044e+00,1.732077e+00,1.564814e+00,1.371555e+00,1.455178e+00,1.657920e+00,1.567675e+00,1.338910e+00,1.450975e+00,1.568000e+00,1.669653e+00,1.419189e+00,1.474406e+00,1.505312e+00,1.635702e+00,1.704192e+00,1.563588e+00,1.611608e+00,1.401553e-01,1.338910e+00,1.864044e+00
5.847000e+00,1.062580e+00,1.768092e+00,1.700045e+00,1.769453e+00,1.680667e+00,1.774419e+00,1.658165e+00,1.788201e+00,1.865134e+00,1.733692e+00,1.566273e+00,1.372292e+00,1.456680e+00,1.657440e+00,1.568376e+00,1.339605e+00,1.451603e+00,1.568889e+00,1.671676e+00,1.419869e+00,1.475328e+00,1.506152e+00,1.636426e+00,1.705284e+00,1.564235e+00,1.612416e+00,1.401531e-01,1.339605e+00,1.865134e+00
5.848000e+00,1.062910e+00,1.768473e+00,1.701390e+00,1.771875e+00,1.682033e+00,1.775953e+00,1.658652e+00,1.789126e+00,1.865856e+00,1.734308e+00,1.567267e+00,1.373029e+00,1.456996e+00,1.657280e+00,1.569076e+00,1.340301e+00,1.452231e+00,1.569556e+00,1.672717e+00,1.420549e+00,1.476250e+00,1.506997e+00,1.638170e+00,1.705764e+00,1.565529e+00,1.613307e+00,1.402878e-01,1.340301e+00,1.865856e+00
5.849000e+00,1.063090e+00,1.769237e+00,1.702018e+00,1.772344e+00,1.683500e+00,1.776791e+00,1.659513e+00,1.790051e+00,1.866946e+00,1.735000e+00,1.567174e+00,1.373767e+00,1.457708e+00,1.659840e+00,1.569777e+00,1.340997e+00,1.452860e+00,1.571333e+00,1.673873e+00,1.421229e+00,1.477172e+00,1.507846e+00,1.639277e+00,1.707249e+00,1.566412e+00,1.614246e+00,1.403830e-01,1.340997e+00,1.866946e+00
5.850000e+00,1.063260e+00,1.770458e+00,1.702466e+00,1.772031e+00,1.684800e+00,1.778930e+00,1.659401e+00,1.791003e+00,1.867785e+00,1.736231e+00,1.567764e+00,1.374505e+00,1.458103e+00,1.659280e+00,1.570479e+00,1.341693e+00,1.453490e+00,1.571222e+00,1.675318e+00,1.421910e+00,1.478094e+00,1.508700e+00,1.640085e+00,1.707074e+00,1.566294e+00,1.614880e+00,1.404662e-01,1.341693e+00,1.867785e+00
5.851000e+00,1.063630e+00,1.769924e+00,1.703632e+00,1.772188e+00,1.685833e+00,1.779349e+00,1.660300e+00,1.791928e+00,1.868775e+00,1.736538e+00,1.568913e+00,1.375244e+00,1.458775e+00,1.660240e+00,1.571180e+00,1.342390e+00,1.454121e+00,1.571556e+00,1.676994e+00,1.422591e+00,1.479016e+00,1.509559e+00,1.641191e+00,1.707380e+00,1.567294e+00,1.615621e+00,1.404084e-01,1.342390e+00,1.868775e+00
5.852000e+00,1.063770e+00,1.771527e+00,1.704036e+00,1.773828e+00,1.687633e+00,1.779907e+00,1.661086e+00,1.792879e+00,1.869916e+00,1.738192e+00,1.569410e+00,1.375983e+00,1.460435e+00,1.662240e+00,1.571882e+00,1.343088e+00,1.454752e+00,1.573333e+00,1.679017e+00,1.423272e+00,1.479939e+00,1.510422e+00,1.642638e+00,1.708297e+00,1.568118e+00,1.616743e+00,1.405669e-01,1.343088e+00,1.869916e+00
5.853000e+00,1.063890e+00,1.772290e+00,1.704574e+00,1.775391e+00,1.688967e+00,1.781023e+00,1.661985e+00,1.793753e+00,1.870772e+00,1.738615e+00,1.569969e+00,1.376723e+00,1.460870e+00,1.662880e+00,1.572583e+00,1.343786e+00,1.455384e+00,1.572333e+00,1.679191e+00,1.423953e+00,1.480862e+00,1.511291e+00,1.643660e+00,1.708777e+00,1.569235e+00,1.617453e+00,1.406567e-01,1.343786e+00,1.870772e+00
5.854000e+00,1.064240e+00,1.773130e+00,1.703991e+00,1.776719e+00,1.690633e+00,1.782047e+00,1.662322e+00,1.794267e+00,1.871208e+00,1.739346e+00,1.570932e+00,1.377464e+00,1.462174e+00,1.664480e+00,1.573285e+00,1.344484e+00,1.456017e+00,1.570444e+00,1.680173e+00,1.424635e+00,1.481785e+00,1.512164e+00,1.644596e+00,1.709694e+00,1.569765e+00,1.618156e+00,1.406814e-01,1.344484e+00,1.871208e+00
5.855000e+00,1.064440e+00,1.772061e+00,1.705830e+00,1.775391e+00,1.692133e+00,1.782605e+00,1.662360e+00,1.795476e+00,1.871477e+00,1.740423e+00,1.571149e+00,1.378205e+00,1.462292e+00,1.665760e+00,1.573988e+00,1.345183e+00,1.456650e+00,1.571444e+00,1.681792e+00,1.425317e+00,1.482709e+00,1.513041e+00,1.645915e+00,1.710699e+00,1.569824e+00,1.618822e+00,1.406084e-01,1.345183e+00,1.871477e+00
5.856000e+00,1.064740e+00,1.773130e+00,1.706861e+00,1.777344e+00,1.693600e+00,1.784233e+00,1.662509e+00,1.796272e+00,1.872601e+00,1.741192e+00,1.570745e+00,1.378946e+00,1.463320e+00,1.666560e+00,1.574690e+00,1.345882e+00,1.457284e+00,1.571000e+00,1.682486e+00,1.425999e+00,1.483632e+00,1.513922e+00,1.646596e+00,1.711921e+00,1.570588e+00,1.619638e+00,1.408040e-01,1.345882e+00,1.872601e+00
5.857000e+00,1.065000e+00,1.772672e+00,1.706996e+00,1.777187e+00,1.695333e+00,1.785023e+00,1.662734e+00,1.797044e+00,1.872718e+00,1.742462e+00,1.571429e+00,1.379688e+00,1.463992e+00,1.668400e+00,1.575393e+00,1.346582e+00,1.457919e+00,1.571222e+00,1.683757e+00,1.426681e+00,1.484556e+00,1.514806e+00,1.648085e+00,1.713362e+00,1.572235e+00,1.620428e+00,1.407337e-01,1.346582e+00,1.872718e+00
5.858000e+00,1.065310e+00,1.771679e+00,1.708520e+00,1.779219e+00,1.697200e+00,1.785721e+00,1.662809e+00,1.797275e+00,1.872634e+00,1.743385e+00,1.572174e+00,1.380431e+00,1.465217e+00,1.668320e+00,1.576096e+00,1.347283e+00,1.458555e+00,1.572444e+00,1.685029e+00,1.427364e+00,1.485480e+00,1.515693e+00,1.649021e+00,1.714367e+00,1.572294e+00,1.621175e+00,1.406573e-01,1.347283e+00,1.872634e+00
5.859000e+00,1.065400e+00,1.773740e+00,1.709148e+00,1.778438e+00,1.698167e+00,1.786419e+00,1.663895e+00,1.796915e+00,1.871611e+00,1.743808e+00,1.572702e+00,1.381174e+00,1.466166e+00,1.669920e+00,1.576799e+00,1.347983e+00,1.459192e+00,1.573444e+00,1.685665e+00,1.428047e+00,1.486405e+00,1.516582e+00,1.650170e+00,1.714716e+00,1.573294e+00,1.621850e+00,1.404387e-01,1.347983e+00,1.871611e+00
5.860000e+00,1.065740e+00,1.773588e+00,1.709776e+00,1.779531e+00,1.699733e+00,1.787488e+00,1.665019e+00,1.796530e+00,1.871074e+00,1.744731e+00,1.573261e+00,1.381918e+00,1.466957e+00,1.671520e+00,1.577502e+00,1.348685e+00,1.459829e+00,1.572222e+00,1.686474e+00,1.428730e+00,1.487329e+00,1.517472e+00,1.651447e+00,1.715328e+00,1.574000e+00,1.622506e+00,1.403496e-01,1.348685e+00,1.871074e+00
5.861000e+00,1.066050e+00,1.774962e+00,1.711704e+00,1.780078e+00,1.701033e+00,1.788605e+00,1.666030e+00,1.796735e+00,1.871678e+00,1.745500e+00,1.572640e+00,1.382662e+00,1.467352e+00,1.671520e+00,1.578206e+00,1.349386e+00,1.460467e+00,1.575000e+00,1.688208e+00,1.429413e+00,1.488254e+00,1.518362e+00,1.652383e+00,1.715328e+00,1.575471e+00,1.623374e+00,1.403832e-01,1.349386e+00,1.871678e+00
5.862000e+00,1.066300e+00,1.776412e+00,1.712511e+00,1.778750e+00,1.702400e+00,1.789302e+00,1.666854e+00,1.797275e+00,1.872416e+00,1.746962e+00,1.571925e+00,1.383406e+00,1.467866e+00,1.672880e+00,1.578910e+00,1.350089e+00,1.461106e+00,1.575778e+00,1.689653e+00,1.430097e+00,1.489179e+00,1.519252e+00,1.654170e+00,1.715459e+00,1.576059e+00,1.624113e+00,1.403996e-01,1.350089e+00,1.872416e+00
5.863000e+00,1.066450e+00,1.777939e+00,1.713453e+00,1.780391e+00,1.703467e+00,1.790837e+00,1.667978e+00,1.797995e+00,1.873557e+00,1.748154e+00,1.571739e+00,1.384152e+00,1.468854e+00,1.673360e+00,1.579614e+00,1.350791e+00,1.461746e+00,1.576333e+00,1.690462e+00,1.430780e+00,1.490104e+00,1.520140e+00,1.655660e+00,1.716026e+00,1.577824e+00,1.625056e+00,1.405684e-01,1.350791e+00,1.873557e+00
5.864000e+00,1.066710e+00,1.778779e+00,1.714709e+00,1.781953e+00,1.704167e+00,1.792140e+00,1.668652e+00,1.798817e+00,1.874799e+00,1.748385e+00,1.571273e+00,1.384897e+00,1.469802e+00,1.674000e+00,1.580318e+00,1.351494e+00,1.462386e+00,1.577222e+00,1.692023e+00,1.431464e+00,1.491029e+00,1.521026e+00,1.656170e+00,1.716157e+00,1.578706e+00,1.625849e+00,1.406738e-01,1.351494e+00,1.874799e+00
5.865000e+00,1.067010e+00,1.779924e+00,1.716099e+00,1.783203e+00,1.705400e+00,1.793116e+00,1.669588e+00,1.800051e+00,1.875805e+00,1.749192e+00,1.571491e+00,1.385643e+00,1.470791e+00,1.674880e+00,1.581022e+00,1.352198e+00,1.463028e+00,1.578556e+00,1.693873e+00,1.432148e+00,1.491955e+00,1.521908e+00,1.657319e+00,1.717162e+00,1.579294e+00,1.626819e+00,1.408304e-01,1.352198e+00,1.875805e+00
5.866000e+00,1.067350e+00,1.781679e+00,1.717578e+00,1.784219e+00,1.706667e+00,1.793581e+00,1.670712e+00,1.800900e+00,1.876477e+00,1.749231e+00,1.572733e+00,1.386390e+00,1.471186e+00,1.675920e+00,1.581727e+00,1.352902e+00,1.463670e+00,1.580556e+00,1.694335e+00,1.432832e+00,1.492881e+00,1.522786e+00,1.658426e+00,1.717336e+00,1.579765e+00,1.627687e+00,1.408677e-01,1.352902e+00,1.876477e+00
5.867000e+00,1.067580e+00,1.782672e+00,1.717803e+00,1.784766e+00,1.707833e+00,1.795349e+00,1.671124e+00,1.802494e+00,1.877299e+00,1.750385e+00,1.573168e+00,1.387137e+00,1.471344e+00,1.677040e+00,1.582432e+00,1.353607e+00,1.464312e+00,1.580333e+00,1.695723e+00,1.433517e+00,1.493807e+00,1.523659e+00,1.659702e+00,1.717729e+00,1.580647e+00,1.628495e+00,1.410344e-01,1.353607e+00,1.877299e+00
5.868000e+00,1.067660e+00,1.784351e+00,1.718251e+00,1.785234e+00,1.709067e+00,1.795721e+00,1.671461e+00,1.803111e+00,1.877987e+00,1.751538e+00,1.573292e+00,1.387885e+00,1.471858e+00,1.678960e+00,1.583138e+00,1.354312e+00,1.464956e+00,1.581444e+00,1.693757e+00,1.434201e+00,1.494734e+00,1.524527e+00,1.660851e+00,1.718122e+00,1.581706e+00,1.629186e+00,1.410196e-01,1.354312e+00,1.877987e+00
5.869000e+00,1.068090e+00,1.784122e+00,1.719731e+00,1.785703e+00,1.711100e+00,1.797442e+00,1.672584e+00,1.804139e+00,1.878339e+00,1.751885e+00,1.573137e+00,1.388634e+00,1.473043e+00,1.678000e+00,1.583843e+00,1.355017e+00,1.465600e+00,1.581889e+00,1.692486e+00,1.434886e+00,1.495660e+00,1.525391e+00,1.660511e+00,1.719738e+00,1.582412e+00,1.629804e+00,1.409874e-01,1.355017e+00,1.878339e+00
5.870000e+00,1.068250e+00,1.785725e+00,1.719686e+00,1.786328e+00,1.712267e+00,1.797953e+00,1.672734e+00,1.805219e+00,1.878490e+00,1.751654e+00,1.573913e+00,1.389382e+00,1.473992e+00,1.681440e+00,1.584549e+00,1.355723e+00,1.466245e+00,1.583111e+00,1.693757e+00,1.435571e+00,1.496587e+00,1.526254e+00,1.661234e+00,1.721485e+00,1.582647e+00,1.630664e+00,1.409972e-01,1.355723e+00,1.878490e+00
5.871000e+00,1.068590e+00,1.786183e+00,1.720269e+00,1.786484e+00,1.712767e+00,1.797535e+00,1.673933e+00,1.806093e+00,1.879094e+00,1.750500e+00,1.575124e+00,1.390132e+00,1.474269e+00,1.681440e+00,1.585255e+00,1.356429e+00,1.466890e+00,1.585000e+00,1.693815e+00,1.436256e+00,1.497514e+00,1.527117e+00,1.661617e+00,1.722140e+00,1.583588e+00,1.631227e+00,1.407905e-01,1.356429e+00,1.879094e+00
5.872000e+00,1.068830e+00,1.788015e+00,1.719148e+00,1.786953e+00,1.711900e+00,1.797070e+00,1.675506e+00,1.807301e+00,1.880403e+00,1.750346e+00,1.576087e+00,1.390882e+00,1.474269e+00,1.683760e+00,1.585961e+00,1.357136e+00,1.467537e+00,1.584889e+00,1.694451e+00,1.436941e+00,1.498441e+00,1.527978e+00,1.659191e+00,1.723537e+00,1.584235e+00,1.631747e+00,1.407829e-01,1.357136e+00,1.880403e+00
5.873000e+00,1.069160e+00,1.789160e+00,1.717489e+00,1.788359e+00,1.713867e+00,1.797442e+00,1.676142e+00,1.808406e+00,1.881359e+00,1.750385e+00,1.576677e+00,1.391632e+00,1.473518e+00,1.683520e+00,1.586667e+00,1.357844e+00,1.468207e+00,1.587000e+00,1.696358e+00,1.437626e+00,1.499369e+00,1.528839e+00,1.658851e+00,1.723712e+00,1.585294e+00,1.632405e+00,1.408213e-01,1.357844e+00,1.881359e+00
5.874000e+00,1.069310e+00,1.788092e+00,1.716502e+00,1.790703e+00,1.714033e+00,1.797256e+00,1.676704e+00,1.809409e+00,1.882550e+00,1.750154e+00,1.577764e+00,1.392383e+00,1.472846e+00,1.686320e+00,1.587373e+00,1.358551e+00,1.468878e+00,1.586333e+00,1.697457e+00,1.438312e+00,1.500297e+00,1.529699e+00,1.658766e+00,1.725153e+00,1.585353e+00,1.632954e+00,1.408599e-01,1.358551e+00,1.882550e+00
5.875000e+00,1.069600e+00,1.789771e+00,1.715874e+00,1.793125e+00,1.715600e+00,1.798047e+00,1.677715e+00,1.810694e+00,1.883255e+00,1.750577e+00,1.578292e+00,1.393135e+00,1.473557e+00,1.686320e+00,1.588080e+00,1.359260e+00,1.469550e+00,1.588222e+00,1.698150e+00,1.438998e+00,1.501225e+00,1.530559e+00,1.659660e+00,1.726070e+00,1.586059e+00,1.633825e+00,1.409700e-01,1.359260e+00,1.883255e+00
5.876000e+00,1.069960e+00,1.791450e+00,1.716682e+00,1.792734e+00,1.716700e+00,1.798465e+00,1.678689e+00,1.811594e+00,1.884530e+00,1.751846e+00,1.579317e+00,1.393887e+00,1.474545e+00,1.686080e+00,1.588787e+00,1.359968e+00,1.470222e+00,1.591889e+00,1.700173e+00,1.439683e+00,1.502153e+00,1.531418e+00,1.660809e+00,1.725808e+00,1.586471e+00,1.634746e+00,1.409574e-01,1.359968e+00,1.884530e+00
5.877000e+00,1.070050e+00,1.792214e+00,1.717085e+00,1.793516e+00,1.717833e+00,1.799163e+00,1.680300e+00,1.812262e+00,1.885252e+00,1.753269e+00,1.580248e+00,1.394639e+00,1.474941e+00,1.687680e+00,1.589494e+00,1.360678e+00,1.470894e+00,1.590556e+00,1.700983e+00,1.440369e+00,1.503081e+00,1.532277e+00,1.661957e+00,1.726681e+00,1.587353e+00,1.635530e+00,1.410466e-01,1.360678e+00,1.885252e+00
5.878000e+00,1.070350e+00,1.792672e+00,1.718744e+00,1.794687e+00,1.719300e+00,1.800372e+00,1.680449e+00,1.813522e+00,1.886695e+00,1.754115e+00,1.580932e+00,1.395392e+00,1.475692e+00,1.689360e+00,1.590201e+00,1.361387e+00,1.471567e+00,1.590556e+00,1.703237e+00,1.441055e+00,1.504010e+00,1.533135e+00,1.662894e+00,1.726900e+00,1.587529e+00,1.636433e+00,1.412389e-01,1.361387e+00,1.886695e+00
5.879000e+00,1.070520e+00,1.793969e+00,1.719776e+00,1.793750e+00,1.719967e+00,1.800930e+00,1.681161e+00,1.815090e+00,1.887819e+00,1.754077e+00,1.581584e+00,1.396146e+00,1.476008e+00,1.690240e+00,1.590908e+00,1.362097e+00,1.472240e+00,1.591111e+00,1.705549e+00,1.441741e+00,1.504939e+00,1.533993e+00,1.663872e+00,1.728079e+00,1.588471e+00,1.637230e+00,1.412933e-01,1.362097e+00,1.887819e+00
5.880000e+00,1.070890e+00,1.795496e+00,1.720852e+00,1.795234e+00,1.720800e+00,1.802000e+00,1.682472e+00,1.816041e+00,1.888725e+00,1.755615e+00,1.582516e+00,1.396900e+00,1.476403e+00,1.691440e+00,1.591615e+00,1.362808e+00,1.472913e+00,1.591889e+00,1.707110e+00,1.442427e+00,1.505868e+00,1.534851e+00,1.665447e+00,1.728777e+00,1.588824e+00,1.638209e+00,1.414936e-01,1.362808e+00,1.888725e+00
5.881000e+00,1.071120e+00,1.796107e+00,1.722601e+00,1.796797e+00,1.722633e+00,1.804000e+00,1.683670e+00,1.817121e+00,1.889664e+00,1.756654e+00,1.582609e+00,1.397655e+00,1.477589e+00,1.691760e+00,1.592322e+00,1.363519e+00,1.473587e+00,1.594000e+00,1.708092e+00,1.443114e+00,1.506798e+00,1.535708e+00,1.666936e+00,1.729520e+00,1.590294e+00,1.639281e+00,1.416487e-01,1.363519e+00,1.889664e+00
5.882000e+00,1.071340e+00,1.797328e+00,1.724081e+00,1.799453e+00,1.723600e+00,1.804558e+00,1.684719e+00,1.818123e+00,1.890537e+00,1.757846e+00,1.583758e+00,1.398410e+00,1.478340e+00,1.693520e+00,1.593030e+00,1.364231e+00,1.474261e+00,1.595667e+00,1.709538e+00,1.443800e+00,1.507727e+00,1.536566e+00,1.668681e+00,1.730786e+00,1.591000e+00,1.640398e+00,1.418484e-01,1.364231e+00,1.890537e+00
5.883000e+00,1.071630e+00,1.798931e+00,1.725426e+00,1.797344e+00,1.724567e+00,1.805395e+00,1.685431e+00,1.818689e+00,1.891527e+00,1.759500e+00,1.584348e+00,1.399165e+00,1.479209e+00,1.693120e+00,1.593737e+00,1.364943e+00,1.474935e+00,1.595889e+00,1.710925e+00,1.444487e+00,1.508657e+00,1.537424e+00,1.669702e+00,1.731354e+00,1.591471e+00,1.641091e+00,1.418194e-01,1.364943e+00,1.891527e+00
5.884000e+00,1.071930e+00,1.799466e+00,1.726726e+00,1.800547e+00,1.725933e+00,1.807674e+00,1.686479e+00,1.819666e+00,1.892735e+00,1.759385e+00,1.584938e+00,1.399922e+00,1.479565e+00,1.695120e+00,1.594444e+00,1.365655e+00,1.475610e+00,1.595667e+00,1.712081e+00,1.445174e+00,1.509587e+00,1.538282e+00,1.670638e+00,1.732707e+00,1.592353e+00,1.642098e+00,1.421230e-01,1.365655e+00,1.892735e+00
5.885000e+00,1.072240e+00,1.802061e+00,1.727309e+00,1.801484e+00,1.727533e+00,1.807814e+00,1.686854e+00,1.820617e+00,1.893792e+00,1.760192e+00,1.586025e+00,1.400678e+00,1.480079e+00,1.697520e+00,1.595151e+00,1.366368e+00,1.476286e+00,1.598222e+00,1.713873e+00,1.445861e+00,1.510517e+00,1.539140e+00,1.671660e+00,1.734585e+00,1.592882e+00,1.643188e+00,1.422992e-01,1.366368e+00,1.893792e+00
5.886000e+00,1.072350e+00,1.802137e+00,1.729058e+00,1.801484e+00,1.728567e+00,1.809488e+00,1.688390e+00,1.821722e+00,1.894832e+00,1.761231e+00,1.586491e+00,1.401436e+00,1.481542e+00,1.696800e+00,1.595858e+00,1.367082e+00,1.476961e+00,1.597889e+00,1.715607e+00,1.446548e+00,1.511448e+00,1.539999e+00,1.672766e+00,1.735939e+00,1.593235e+00,1.644021e+00,1.423773e-01,1.367082e+00,1.894832e+00
5.887000e+00,1.072600e+00,1.802748e+00,1.730179e+00,1.803437e+00,1.729633e+00,1.810233e+00,1.688801e+00,1.823059e+00,1.896292e+00,1.762731e+00,1.586677e+00,1.402193e+00,1.481976e+00,1.696160e+00,1.596565e+00,1.367795e+00,1.477637e+00,1.599889e+00,1.717225e+00,1.447235e+00,1.512378e+00,1.540858e+00,1.673277e+00,1.735371e+00,1.593824e+00,1.644841e+00,1.425175e-01,1.367795e+00,1.896292e+00
5.888000e+00,1.072890e+00,1.804351e+00,1.730359e+00,1.802891e+00,1.731767e+00,1.812372e+00,1.690487e+00,1.823882e+00,1.897315e+00,1.763231e+00,1.587112e+00,1.402952e+00,1.483557e+00,1.698400e+00,1.597271e+00,1.368510e+00,1.478313e+00,1.603000e+00,1.718671e+00,1.447923e+00,1.513309e+00,1.541717e+00,1.675021e+00,1.734978e+00,1.595412e+00,1.645950e+00,1.425508e-01,1.368510e+00,1.897315e+00
5.889000e+00,1.073140e+00,1.805420e+00,1.731839e+00,1.804219e+00,1.733067e+00,1.812326e+00,1.691311e+00,1.824961e+00,1.897869e+00,1.764462e+00,1.587484e+00,1.403710e+00,1.483478e+00,1.698800e+00,1.597978e+00,1.369225e+00,1.478990e+00,1.602333e+00,1.720000e+00,1.448610e+00,1.514240e+00,1.542578e+00,1.676468e+00,1.735590e+00,1.595824e+00,1.646699e+00,1.426838e-01,1.369225e+00,1.897869e+00
5.890000e+00,1.073360e+00,1.805878e+00,1.732601e+00,1.802969e+00,1.734767e+00,1.813860e+00,1.691985e+00,1.824422e+00,1.897399e+00,1.764846e+00,1.588416e+00,1.404470e+00,1.483715e+00,1.699840e+00,1.598684e+00,1.369940e+00,1.479667e+00,1.601778e+00,1.721618e+00,1.449298e+00,1.515172e+00,1.543438e+00,1.676681e+00,1.736332e+00,1.595824e+00,1.647233e+00,1.425390e-01,1.369940e+00,1.897399e+00
5.891000e+00,1.073690e+00,1.806947e+00,1.733722e+00,1.803906e+00,1.735633e+00,1.814093e+00,1.692472e+00,1.824807e+00,1.895621e+00,1.766346e+00,1.589503e+00,1.405230e+00,1.485099e+00,1.700320e+00,1.599390e+00,1.370656e+00,1.480344e+00,1.603111e+00,1.722254e+00,1.449986e+00,1.516103e+00,1.544300e+00,1.677957e+00,1.736157e+00,1.597000e+00,1.647957e+00,1.422922e-01,1.370656e+00,1.895621e+00
5.892000e+00,1.073890e+00,1.808015e+00,1.734843e+00,1.803906e+00,1.737467e+00,1.815860e+00,1.693258e+00,1.824910e+00,1.895235e+00,1.767346e+00,1.589720e+00,1.405990e+00,1.486443e+00,1.702080e+00,1.600096e+00,1.371372e+00,1.481022e+00,1.603111e+00,1.724624e+00,1.450674e+00,1.517035e+00,1.545162e+00,1.678638e+00,1.738122e+00,1.597412e+00,1.648848e+00,1.423307e-01,1.371372e+00,1.895235e+00
5.893000e+00,1.074210e+00,1.809618e+00,1.735381e+00,1.804297e+00,1.738800e+00,1.816372e+00,1.693895e+00,1.825090e+00,1.895017e+00,1.768923e+00,1.590683e+00,1.406751e+00,1.487194e+00,1.704080e+00,1.600807e+00,1.372089e+00,1.481700e+00,1.603333e+00,1.725723e+00,1.451363e+00,1.517966e+00,1.546026e+00,1.679404e+00,1.739476e+00,1.598235e+00,1.649676e+00,1.423256e-01,1.372089e+00,1.895017e+00
5.894000e+00,1.074400e+00,1.808702e+00,1.736278e+00,1.806953e+00,1.740400e+00,1.817674e+00,1.695169e+00,1.825861e+00,1.895386e+00,1.768962e+00,1.591460e+00,1.407513e+00,1.487984e+00,1.704720e+00,1.601525e+00,1.372806e+00,1.482378e+00,1.604222e+00,1.726879e+00,1.452051e+00,1.518898e+00,1.546890e+00,1.680511e+00,1.740437e+00,1.597765e+00,1.650476e+00,1.423729e-01,1.372806e+00,1.895386e+00
5.895000e+00,1.074520e+00,1.809695e+00,1.737623e+00,1.807812e+00,1.741467e+00,1.818419e+00,1.696142e+00,1.826735e+00,1.896225e+00,1.769885e+00,1.591925e+00,1.408275e+00,1.488024e+00,1.705920e+00,1.602242e+00,1.373524e+00,1.483057e+00,1.605889e+00,1.727977e+00,1.452740e+00,1.519831e+00,1.547755e+00,1.681447e+00,1.741223e+00,1.597294e+00,1.651297e+00,1.424957e-01,1.373524e+00,1.896225e+00
5.896000e+00,1.074860e+00,1.810687e+00,1.738072e+00,1.808516e+00,1.742433e+00,1.819814e+00,1.696255e+00,1.827352e+00,1.896728e+00,1.770962e+00,1.592888e+00,1.409037e+00,1.489051e+00,1.707680e+00,1.602960e+00,1.374242e+00,1.483736e+00,1.605667e+00,1.728960e+00,1.453429e+00,1.520763e+00,1.548652e+00,1.682681e+00,1.742009e+00,1.595412e+00,1.651999e+00,1.425762e-01,1.374242e+00,1.896728e+00
5.897000e+00,1.075100e+00,1.810229e+00,1.739731e+00,1.808437e+00,1.743733e+00,1.820558e+00,1.695318e+00,1.828303e+00,1.897550e+00,1.772923e+00,1.593012e+00,1.409800e+00,1.490316e+00,1.708240e+00,1.603678e+00,1.374960e+00,1.484415e+00,1.608778e+00,1.729942e+00,1.454119e+00,1.521695e+00,1.549551e+00,1.683191e+00,1.742751e+00,1.594000e+00,1.652718e+00,1.425454e-01,1.374960e+00,1.897550e+00
5.898000e+00,1.075330e+00,1.809313e+00,1.740493e+00,1.808437e+00,1.744700e+00,1.821302e+00,1.694607e+00,1.829512e+00,1.898943e+00,1.773308e+00,1.593602e+00,1.410564e+00,1.491700e+00,1.708640e+00,1.604395e+00,1.375679e+00,1.485095e+00,1.607556e+00,1.731561e+00,1.454809e+00,1.522628e+00,1.550453e+00,1.684596e+00,1.742751e+00,1.593000e+00,1.653235e+00,1.425064e-01,1.375679e+00,1.898943e+00
5.899000e+00,1.075550e+00,1.811298e+00,1.742197e+00,1.808984e+00,1.745367e+00,1.822140e+00,1.695655e+00,1.830231e+00,1.900520e+00,1.773308e+00,1.594317e+00,1.411328e+00,1.492964e+00,1.710160e+00,1.605114e+00,1.376399e+00,1.485775e+00,1.608000e+00,1.732370e+00,1.455499e+00,1.523561e+00,1.551358e+00,1.686128e+00,1.742751e+00,1.593706e+00,1.654130e+00,1.425956e-01,1.376399e+00,1.900520e+00
5.900000e+00,1.075890e+00,1.811603e+00,1.742960e+00,1.809141e+00,1.746767e+00,1.823163e+00,1.696554e+00,1.831028e+00,1.901795e+00,1.774000e+00,1.594317e+00,1.412092e+00,1.492885e+00,1.711120e+00,1.605826e+00,1.377119e+00,1.486455e+00,1.608778e+00,1.733179e+00,1.456189e+00,1.524494e+00,1.552266e+00,1.687106e+00,1.743843e+00,1.594059e+00,1.654864e+00,1.426915e-01,1.377119e+00,1.901795e+00
5.901000e+00,1.076120e+00,1.812748e+00,1.744664e+00,1.811641e+00,1.745700e+00,1.824140e+00,1.698165e+00,1.832005e+00,1.903507e+00,1.775346e+00,1.595311e+00,1.412857e+00,1.493360e+00,1.711120e+00,1.606538e+00,1.377839e+00,1.487135e+00,1.611000e+00,1.735260e+00,1.456880e+00,1.525427e+00,1.553176e+00,1.688681e+00,1.743712e+00,1.595059e+00,1.655886e+00,1.428739e-01,1.377839e+00,1.903507e+00
5.902000e+00,1.076320e+00,1.813206e+00,1.745516e+00,1.812578e+00,1.745300e+00,1.825256e+00,1.699288e+00,1.833162e+00,1.905000e+00,1.776462e+00,1.596180e+00,1.413623e+00,1.494190e+00,1.712560e+00,1.607250e+00,1.378560e+00,1.487816e+00,1.610222e+00,1.736705e+00,1.457571e+00,1.526360e+00,1.554052e+00,1.689404e+00,1.744367e+00,1.595353e+00,1.656666e+00,1.429969e-01,1.378560e+00,1.905000e+00
5.903000e+00,1.076600e+00,1.813740e+00,1.746816e+00,1.814453e+00,1.745633e+00,1.826651e+00,1.699476e+00,1.833830e+00,1.906443e+00,1.776615e+00,1.596957e+00,1.414389e+00,1.495099e+00,1.712160e+00,1.607962e+00,1.379282e+00,1.488498e+00,1.612333e+00,1.736647e+00,1.458262e+00,1.527293e+00,1.554929e+00,1.690809e+00,1.745633e+00,1.596235e+00,1.657506e+00,1.430435e-01,1.379282e+00,1.906443e+00
5.904000e+00,1.076890e+00,1.813664e+00,1.748610e+00,1.813672e+00,1.746267e+00,1.827349e+00,1.700562e+00,1.835064e+00,1.907148e+00,1.777154e+00,1.597205e+00,1.415156e+00,1.496206e+00,1.713360e+00,1.608673e+00,1.380003e+00,1.489159e+00,1.613667e+00,1.738035e+00,1.458954e+00,1.528227e+00,1.555807e+00,1.691447e+00,1.745895e+00,1.597471e+00,1.658281e+00,1.429592e-01,1.380003e+00,1.907148e+00
5.905000e+00,1.077220e+00,1.815649e+00,1.749417e+00,1.814141e+00,1.747433e+00,1.827581e+00,1.701161e+00,1.836221e+00,1.908372e+00,1.778077e+00,1.596615e+00,1.415923e+00,1.497233e+00,1.716000e+00,1.609385e+00,1.380726e+00,1.489820e+00,1.612667e+00,1.737630e+00,1.459646e+00,1.529160e+00,1.556685e+00,1.689319e+00,1.746856e+00,1.598647e+00,1.658932e+00,1.430571e-01,1.380726e+00,1.908372e+00
5.906000e+00,1.077400e+00,1.816641e+00,1.750897e+00,1.815156e+00,1.748600e+00,1.827209e+00,1.702210e+00,1.837712e+00,1.909581e+00,1.779115e+00,1.597360e+00,1.416691e+00,1.497233e+00,1.716160e+00,1.610097e+00,1.381448e+00,1.490502e+00,1.613889e+00,1.736127e+00,1.460338e+00,1.530093e+00,1.557565e+00,1.688766e+00,1.748079e+00,1.599294e+00,1.659615e+00,1.431092e-01,1.381448e+00,1.909581e+00
5.907000e+00,1.077560e+00,1.818626e+00,1.752063e+00,1.815078e+00,1.749400e+00,1.828372e+00,1.702659e+00,1.838792e+00,1.910503e+00,1.779846e+00,1.597795e+00,1.417459e+00,1.497628e+00,1.716560e+00,1.610809e+00,1.382172e+00,1.491165e+00,1.616444e+00,1.737457e+00,1.461031e+00,1.531027e+00,1.558446e+00,1.689532e+00,1.748646e+00,1.600765e+00,1.660511e+00,1.431735e-01,1.382172e+00,1.910503e+00
5.908000e+00,1.077860e+00,1.819695e+00,1.753318e+00,1.817187e+00,1.751400e+00,1.827953e+00,1.703483e+00,1.839692e+00,1.911711e+00,1.779846e+00,1.598571e+00,1.418228e+00,1.498458e+00,1.717120e+00,1.611521e+00,1.382895e+00,1.491827e+00,1.616556e+00,1.737457e+00,1.461724e+00,1.531961e+00,1.559328e+00,1.690085e+00,1.748428e+00,1.601412e+00,1.661244e+00,1.432126e-01,1.382895e+00,1.911711e+00
5.909000e+00,1.078090e+00,1.821221e+00,1.754126e+00,1.817891e+00,1.753400e+00,1.829023e+00,1.704345e+00,1.840591e+00,1.912584e+00,1.779731e+00,1.599130e+00,1.418997e+00,1.499684e+00,1.716960e+00,1.612233e+00,1.383620e+00,1.492491e+00,1.618111e+00,1.737457e+00,1.462417e+00,1.532894e+00,1.560210e+00,1.691021e+00,1.749520e+00,1.601706e+00,1.662057e+00,1.432404e-01,1.383620e+00,1.912584e+00
5.910000e+00,1.078440e+00,1.820840e+00,1.754215e+00,1.819844e+00,1.754433e+00,1.829674e+00,1.705281e+00,1.841362e+00,1.913221e+00,1.779308e+00,1.600124e+00,1.419767e+00,1.500791e+00,1.719200e+00,1.612945e+00,1.384344e+00,1.493154e+00,1.617667e+00,1.738613e+00,1.463111e+00,1.533828e+00,1.561054e+00,1.691064e+00,1.749869e+00,1.602353e+00,1.662753e+00,1.431953e-01,1.384344e+00,1.913221e+00
5.911000e+00,1.078640e+00,1.823206e+00,1.755247e+00,1.821875e+00,1.756333e+00,1.831302e+00,1.705581e+00,1.842879e+00,1.914648e+00,1.779538e+00,1.600807e+00,1.420538e+00,1.501265e+00,1.719520e+00,1.613657e+00,1.385069e+00,1.493839e+00,1.618444e+00,1.739075e+00,1.463805e+00,1.534762e+00,1.561899e+00,1.692213e+00,1.749039e+00,1.602588e+00,1.663630e+00,1.434470e-01,1.385069e+00,1.914648e+00
5.912000e+00,1.078990e+00,1.823969e+00,1.755785e+00,1.821094e+00,1.758033e+00,1.831349e+00,1.706816e+00,1.843959e+00,1.916040e+00,1.779423e+00,1.600248e+00,1.421309e+00,1.501739e+00,1.718800e+00,1.614369e+00,1.385795e+00,1.494524e+00,1.619778e+00,1.740636e+00,1.464500e+00,1.535695e+00,1.562744e+00,1.693191e+00,1.750262e+00,1.604294e+00,1.664348e+00,1.434230e-01,1.385795e+00,1.916040e+00
5.913000e+00,1.079250e+00,1.825038e+00,1.756502e+00,1.820625e+00,1.759667e+00,1.832093e+00,1.707603e+00,1.844884e+00,1.917685e+00,1.779269e+00,1.599752e+00,1.422080e+00,1.502648e+00,1.722640e+00,1.615081e+00,1.386521e+00,1.495209e+00,1.621889e+00,1.741734e+00,1.465194e+00,1.536629e+00,1.563590e+00,1.694596e+00,1.750786e+00,1.605529e+00,1.665302e+00,1.434962e-01,1.386521e+00,1.917685e+00
5.914000e+00,1.079470e+00,1.825954e+00,1.758027e+00,1.821719e+00,1.761133e+00,1.833070e+00,1.709251e+00,1.845810e+00,1.918624e+00,1.780077e+00,1.599410e+00,1.422852e+00,1.503083e+00,1.723360e+00,1.615792e+00,1.387248e+00,1.495894e+00,1.620556e+00,1.742428e+00,1.465889e+00,1.537562e+00,1.564436e+00,1.695872e+00,1.750349e+00,1.606000e+00,1.666017e+00,1.436454e-01,1.387248e+00,1.918624e+00
5.915000e+00,1.079700e+00,1.826565e+00,1.758969e+00,1.822891e+00,1.762467e+00,1.834093e+00,1.709775e+00,1.847198e+00,1.920537e+00,1.781000e+00,1.599596e+00,1.423625e+00,1.504269e+00,1.722640e+00,1.616511e+00,1.387975e+00,1.496599e+00,1.621333e+00,1.744277e+00,1.466585e+00,1.538496e+00,1.565283e+00,1.697021e+00,1.747380e+00,1.606706e+00,1.666741e+00,1.437163e-01,1.387975e+00,1.920537e+00
5.916000e+00,1.079840e+00,1.828092e+00,1.759417e+00,1.824922e+00,1.763867e+00,1.835070e+00,1.711423e+00,1.848560e+00,1.921174e+00,1.782346e+00,1.599969e+00,1.424398e+00,1.504783e+00,1.725120e+00,1.617231e+00,1.388702e+00,1.497285e+00,1.619667e+00,1.745202e+00,1.467281e+00,1.539429e+00,1.566131e+00,1.698043e+00,1.744760e+00,1.607118e+00,1.667499e+00,1.438985e-01,1.388702e+00,1.921174e+00
5.917000e+00,1.080110e+00,1.828855e+00,1.760448e+00,1.825781e+00,1.764833e+00,1.836465e+00,1.711685e+00,1.849563e+00,1.921879e+00,1.783000e+00,1.600062e+00,1.425171e+00,1.505336e+00,1.726400e+00,1.617950e+00,1.389430e+00,1.497991e+00,1.618000e+00,1.746936e+00,1.467977e+00,1.540363e+00,1.566979e+00,1.699149e+00,1.744323e+00,1.607824e+00,1.668183e+00,1.440110e-01,1.389430e+00,1.921879e+00
5.918000e+00,1.080270e+00,1.829084e+00,1.760000e+00,1.827344e+00,1.766133e+00,1.837302e+00,1.713146e+00,1.850077e+00,1.922802e+00,1.784269e+00,1.600373e+00,1.425945e+00,1.506285e+00,1.726320e+00,1.618669e+00,1.390159e+00,1.498696e+00,1.617444e+00,1.748497e+00,1.468673e+00,1.541296e+00,1.567828e+00,1.700383e+00,1.743537e+00,1.608000e+00,1.668844e+00,1.440387e-01,1.390159e+00,1.922802e+00
5.919000e+00,1.080840e+00,1.831527e+00,1.760987e+00,1.827969e+00,1.766300e+00,1.838512e+00,1.713745e+00,1.850900e+00,1.923792e+00,1.784654e+00,1.600528e+00,1.426720e+00,1.507154e+00,1.725840e+00,1.619382e+00,1.390887e+00,1.499383e+00,1.618222e+00,1.749769e+00,1.469370e+00,1.542229e+00,1.568677e+00,1.702043e+00,1.744279e+00,1.609588e+00,1.669686e+00,1.441198e-01,1.390887e+00,1.923792e+00
5.920000e+00,1.080990e+00,1.832061e+00,1.761121e+00,1.828359e+00,1.767533e+00,1.839674e+00,1.714981e+00,1.851517e+00,1.924883e+00,1.786423e+00,1.601056e+00,1.427495e+00,1.508221e+00,1.725840e+00,1.620101e+00,1.391617e+00,1.500088e+00,1.618111e+00,1.751676e+00,1.470067e+00,1.543161e+00,1.569527e+00,1.703277e+00,1.744760e+00,1.609529e+00,1.670462e+00,1.441953e-01,1.391617e+00,1.924883e+00
5.921000e+00,1.081240e+00,1.833435e+00,1.762063e+00,1.829766e+00,1.769067e+00,1.840186e+00,1.716779e+00,1.851799e+00,1.925101e+00,1.787538e+00,1.601553e+00,1.428270e+00,1.509130e+00,1.725760e+00,1.620821e+00,1.392347e+00,1.500794e+00,1.619444e+00,1.752486e+00,1.470765e+00,1.544094e+00,1.570378e+00,1.704809e+00,1.745328e+00,1.610941e+00,1.671361e+00,1.441972e-01,1.392347e+00,1.925101e+00
5.922000e+00,1.081470e+00,1.834580e+00,1.763901e+00,1.830000e+00,1.769733e+00,1.842093e+00,1.717603e+00,1.851337e+00,1.924413e+00,1.787769e+00,1.602391e+00,1.429047e+00,1.509130e+00,1.726000e+00,1.621541e+00,1.393077e+00,1.501499e+00,1.620444e+00,1.754277e+00,1.471463e+00,1.545026e+00,1.571229e+00,1.706255e+00,1.746550e+00,1.611647e+00,1.672125e+00,1.441503e-01,1.393077e+00,1.924413e+00
5.923000e+00,1.081690e+00,1.835725e+00,1.763453e+00,1.828047e+00,1.771200e+00,1.843442e+00,1.718315e+00,1.850848e+00,1.923674e+00,1.789115e+00,1.602733e+00,1.429823e+00,1.509526e+00,1.725920e+00,1.622261e+00,1.393808e+00,1.502205e+00,1.620556e+00,1.756532e+00,1.472161e+00,1.545958e+00,1.572081e+00,1.707106e+00,1.748210e+00,1.613000e+00,1.672737e+00,1.439756e-01,1.393808e+00,1.923674e+00
5.924000e+00,1.081940e+00,1.836412e+00,1.764888e+00,1.827109e+00,1.772233e+00,1.844744e+00,1.719588e+00,1.851131e+00,1.923876e+00,1.790500e+00,1.603106e+00,1.430601e+00,1.510830e+00,1.725360e+00,1.622981e+00,1.394539e+00,1.502910e+00,1.621222e+00,1.756647e+00,1.472860e+00,1.546890e+00,1.572933e+00,1.707787e+00,1.749782e+00,1.613118e+00,1.673419e+00,1.438866e-01,1.394539e+00,1.923876e+00
5.925000e+00,1.082240e+00,1.837939e+00,1.764170e+00,1.829375e+00,1.773400e+00,1.845581e+00,1.720787e+00,1.851774e+00,1.923909e+00,1.791962e+00,1.604006e+00,1.431378e+00,1.511779e+00,1.727360e+00,1.623701e+00,1.395270e+00,1.503616e+00,1.623889e+00,1.758150e+00,1.473558e+00,1.547821e+00,1.573786e+00,1.707404e+00,1.751223e+00,1.614647e+00,1.674437e+00,1.439241e-01,1.395270e+00,1.923909e+00
5.926000e+00,1.082510e+00,1.839542e+00,1.763363e+00,1.831094e+00,1.774700e+00,1.846372e+00,1.721311e+00,1.852802e+00,1.924732e+00,1.792846e+00,1.604752e+00,1.432157e+00,1.512134e+00,1.728720e+00,1.624421e+00,1.396003e+00,1.504303e+00,1.624111e+00,1.761329e+00,1.474257e+00,1.548752e+00,1.574640e+00,1.708809e+00,1.751921e+00,1.615353e+00,1.675351e+00,1.441046e-01,1.396003e+00,1.924732e+00
5.927000e+00,1.082830e+00,1.839466e+00,1.762735e+00,1.832031e+00,1.776000e+00,1.847535e+00,1.722772e+00,1.854010e+00,1.925738e+00,1.793154e+00,1.606429e+00,1.432935e+00,1.513597e+00,1.728800e+00,1.625134e+00,1.396735e+00,1.504991e+00,1.626000e+00,1.761734e+00,1.474957e+00,1.549682e+00,1.575494e+00,1.710128e+00,1.752882e+00,1.616118e+00,1.676211e+00,1.440303e-01,1.396735e+00,1.925738e+00
5.928000e+00,1.083140e+00,1.840534e+00,1.762646e+00,1.831641e+00,1.777933e+00,1.848651e+00,1.723408e+00,1.855013e+00,1.926493e+00,1.793538e+00,1.607174e+00,1.433715e+00,1.513360e+00,1.730080e+00,1.625846e+00,1.397468e+00,1.505679e+00,1.626556e+00,1.762081e+00,1.475656e+00,1.550612e+00,1.576348e+00,1.710340e+00,1.754629e+00,1.617000e+00,1.676933e+00,1.440839e-01,1.397468e+00,1.926493e+00
5.929000e+00,1.083290e+00,1.841756e+00,1.763453e+00,1.831250e+00,1.779233e+00,1.849628e+00,1.724232e+00,1.855758e+00,1.927852e+00,1.795038e+00,1.607733e+00,1.434495e+00,1.514150e+00,1.730400e+00,1.626559e+00,1.398202e+00,1.506350e+00,1.627778e+00,1.764566e+00,1.476356e+00,1.551542e+00,1.577204e+00,1.711702e+00,1.756943e+00,1.617294e+00,1.677895e+00,1.442322e-01,1.398202e+00,1.927852e+00
5.930000e+00,1.083630e+00,1.844046e+00,1.763318e+00,1.832812e+00,1.779900e+00,1.851163e+00,1.724569e+00,1.856812e+00,1.928641e+00,1.796231e+00,1.608665e+00,1.435275e+00,1.515099e+00,1.731920e+00,1.627271e+00,1.398936e+00,1.507021e+00,1.628778e+00,1.765723e+00,1.477057e+00,1.552471e+00,1.578059e+00,1.712468e+00,1.757293e+00,1.617941e+00,1.678811e+00,1.443791e-01,1.398936e+00,1.928641e+00
5.931000e+00,1.083930e+00,1.843664e+00,1.765067e+00,1.832500e+00,1.780000e+00,1.851674e+00,1.726442e+00,1.858226e+00,1.930285e+00,1.797077e+00,1.609286e+00,1.436056e+00,1.516008e+00,1.733520e+00,1.627991e+00,1.399670e+00,1.507693e+00,1.631778e+00,1.767110e+00,1.477757e+00,1.553399e+00,1.578916e+00,1.713617e+00,1.757118e+00,1.618588e+00,1.679727e+00,1.443630e-01,1.399670e+00,1.930285e+00
5.932000e+00,1.084060e+00,1.845420e+00,1.766413e+00,1.835703e+00,1.779967e+00,1.852698e+00,1.727528e+00,1.860103e+00,1.931225e+00,1.797538e+00,1.610124e+00,1.436837e+00,1.516957e+00,1.733440e+00,1.628711e+00,1.400405e+00,1.508366e+00,1.631667e+00,1.768150e+00,1.478458e+00,1.554327e+00,1.579773e+00,1.715362e+00,1.757991e+00,1.619706e+00,1.680703e+00,1.445900e-01,1.400405e+00,1.931225e+00
5.933000e+00,1.084290e+00,1.847176e+00,1.767758e+00,1.836172e+00,1.781300e+00,1.853395e+00,1.728502e+00,1.860617e+00,1.932550e+00,1.798731e+00,1.611770e+00,1.437619e+00,1.517273e+00,1.734240e+00,1.629424e+00,1.401141e+00,1.509039e+00,1.633111e+00,1.768439e+00,1.479160e+00,1.555254e+00,1.580630e+00,1.715234e+00,1.759301e+00,1.621235e+00,1.681628e+00,1.446701e-01,1.401141e+00,1.932550e+00
5.934000e+00,1.084490e+00,1.846641e+00,1.769193e+00,1.837578e+00,1.781700e+00,1.854326e+00,1.729026e+00,1.861568e+00,1.933607e+00,1.799615e+00,1.612174e+00,1.438402e+00,1.518340e+00,1.735120e+00,1.630136e+00,1.401877e+00,1.509713e+00,1.634111e+00,1.769595e+00,1.479861e+00,1.556180e+00,1.581488e+00,1.716596e+00,1.759738e+00,1.620882e+00,1.682394e+00,1.447039e-01,1.401877e+00,1.933607e+00
5.935000e+00,1.084780e+00,1.848168e+00,1.770135e+00,1.838906e+00,1.782367e+00,1.855442e+00,1.729476e+00,1.862802e+00,1.935302e+00,1.800885e+00,1.613137e+00,1.439185e+00,1.519012e+00,1.737280e+00,1.630848e+00,1.402613e+00,1.510387e+00,1.634556e+00,1.770925e+00,1.480563e+00,1.557106e+00,1.582347e+00,1.718340e+00,1.759476e+00,1.621000e+00,1.683344e+00,1.449290e-01,1.402613e+00,1.935302e+00
5.936000e+00,1.085090e+00,1.848397e+00,1.771345e+00,1.839687e+00,1.783833e+00,1.856419e+00,1.731161e+00,1.863316e+00,1.936628e+00,1.802154e+00,1.613758e+00,1.439968e+00,1.519881e+00,1.738320e+00,1.631560e+00,1.403350e+00,1.511062e+00,1.635333e+00,1.771618e+00,1.481266e+00,1.558030e+00,1.583206e+00,1.719319e+00,1.760349e+00,1.621118e+00,1.684212e+00,1.450210e-01,1.403350e+00,1.936628e+00
5.937000e+00,1.085300e+00,1.849389e+00,1.772691e+00,1.839453e+00,1.785100e+00,1.856326e+00,1.731835e+00,1.864602e+00,1.937232e+00,1.802692e+00,1.613727e+00,1.440752e+00,1.521028e+00,1.738560e+00,1.632273e+00,1.404087e+00,1.511737e+00,1.637111e+00,1.771850e+00,1.481968e+00,1.558954e+00,1.584066e+00,1.720809e+00,1.761485e+00,1.622824e+00,1.685023e+00,1.449426e-01,1.404087e+00,1.937232e+00
5.938000e+00,1.085390e+00,1.848550e+00,1.773857e+00,1.839687e+00,1.785433e+00,1.856930e+00,1.732434e+00,1.865270e+00,1.938238e+00,1.803231e+00,1.614037e+00,1.441537e+00,1.521225e+00,1.739840e+00,1.632985e+00,1.404825e+00,1.512413e+00,1.637778e+00,1.774855e+00,1.482671e+00,1.559877e+00,1.584926e+00,1.719489e+00,1.763013e+00,1.623118e+00,1.685676e+00,1.449439e-01,1.404825e+00,1.938238e+00
5.939000e+00,1.085830e+00,1.849466e+00,1.775022e+00,1.840391e+00,1.786900e+00,1.856558e+00,1.731835e+00,1.866401e+00,1.939346e+00,1.803846e+00,1.614379e+00,1.442322e+00,1.520830e+00,1.741280e+00,1.633697e+00,1.405563e+00,1.513089e+00,1.637000e+00,1.775723e+00,1.483374e+00,1.560798e+00,1.585787e+00,1.719149e+00,1.764891e+00,1.622471e+00,1.686255e+00,1.450830e-01,1.405563e+00,1.939346e+00
5.940000e+00,1.086090e+00,1.848397e+00,1.776682e+00,1.841562e+00,1.787633e+00,1.856233e+00,1.732135e+00,1.867172e+00,1.940872e+00,1.805346e+00,1.615093e+00,1.443108e+00,1.520237e+00,1.742000e+00,1.634409e+00,1.406302e+00,1.513766e+00,1.640111e+00,1.776301e+00,1.484078e+00,1.561719e+00,1.586648e+00,1.719447e+00,1.766419e+00,1.624000e+00,1.687070e+00,1.450870e-01,1.406302e+00,1.940872e+00
5.941000e+00,1.086140e+00,1.848702e+00,1.778341e+00,1.842422e+00,1.789367e+00,1.857442e+00,1.732959e+00,1.868175e+00,1.942064e+00,1.806462e+00,1.616118e+00,1.443894e+00,1.520040e+00,1.743120e+00,1.635121e+00,1.407041e+00,1.514444e+00,1.639778e+00,1.777341e+00,1.484781e+00,1.562639e+00,1.587510e+00,1.719191e+00,1.768384e+00,1.624118e+00,1.687894e+00,1.452983e-01,1.407041e+00,1.942064e+00
5.942000e+00,1.086550e+00,1.849924e+00,1.780359e+00,1.844531e+00,1.790200e+00,1.857767e+00,1.733933e+00,1.868817e+00,1.942953e+00,1.806731e+00,1.616925e+00,1.444680e+00,1.520593e+00,1.742560e+00,1.635834e+00,1.407781e+00,1.515122e+00,1.639667e+00,1.778613e+00,1.485485e+00,1.563557e+00,1.588372e+00,1.721064e+00,1.769389e+00,1.624941e+00,1.688742e+00,1.454104e-01,1.407781e+00,1.942953e+00
5.943000e+00,1.086740e+00,1.850000e+00,1.780852e+00,1.844297e+00,1.791167e+00,1.858558e+00,1.734719e+00,1.869769e+00,1.944228e+00,1.807538e+00,1.617050e+00,1.445468e+00,1.521660e+00,1.743840e+00,1.636546e+00,1.408521e+00,1.515801e+00,1.641778e+00,1.777110e+00,1.486189e+00,1.564475e+00,1.589235e+00,1.721787e+00,1.770393e+00,1.625294e+00,1.689428e+00,1.453265e-01,1.408521e+00,1.944228e+00
5.944000e+00,1.087000e+00,1.851069e+00,1.782825e+00,1.846562e+00,1.792533e+00,1.859023e+00,1.735805e+00,1.871465e+00,1.945386e+00,1.808500e+00,1.617453e+00,1.446255e+00,1.521067e+00,1.744000e+00,1.637258e+00,1.409261e+00,1.516480e+00,1.642778e+00,1.776879e+00,1.486894e+00,1.565391e+00,1.590098e+00,1.721830e+00,1.771921e+00,1.626353e+00,1.690295e+00,1.455721e-01,1.409261e+00,1.945386e+00
5.945000e+00,1.087300e+00,1.852137e+00,1.784753e+00,1.845312e+00,1.793900e+00,1.860047e+00,1.736517e+00,1.872185e+00,1.946376e+00,1.810154e+00,1.618820e+00,1.447044e+00,1.521660e+00,1.747840e+00,1.637970e+00,1.410002e+00,1.517160e+00,1.642667e+00,1.776647e+00,1.487599e+00,1.566306e+00,1.590962e+00,1.723745e+00,1.771921e+00,1.627176e+00,1.691204e+00,1.456255e-01,1.410002e+00,1.946376e+00
5.946000e+00,1.087570e+00,1.852901e+00,1.785785e+00,1.846328e+00,1.795500e+00,1.861535e+00,1.738390e+00,1.873728e+00,1.947500e+00,1.811038e+00,1.619845e+00,1.447832e+00,1.522530e+00,1.747120e+00,1.638689e+00,1.410744e+00,1.517841e+00,1.645111e+00,1.777572e+00,1.488305e+00,1.567219e+00,1.591826e+00,1.724638e+00,1.772926e+00,1.627882e+00,1.692199e+00,1.457433e-01,1.410744e+00,1.947500e+00
5.947000e+00,1.087890e+00,1.855344e+00,1.787489e+00,1.848359e+00,1.797033e+00,1.863209e+00,1.738876e+00,1.874756e+00,1.948523e+00,1.810615e+00,1.620683e+00,1.448622e+00,1.523281e+00,1.748800e+00,1.639409e+00,1.411486e+00,1.518522e+00,1.644667e+00,1.779191e+00,1.489010e+00,1.568131e+00,1.592690e+00,1.725660e+00,1.773974e+00,1.628588e+00,1.693205e+00,1.460187e-01,1.411486e+00,1.948523e+00
5.948000e+00,1.087980e+00,1.855954e+00,1.788341e+00,1.849297e+00,1.798333e+00,1.864000e+00,1.740075e+00,1.875630e+00,1.949430e+00,1.809462e+00,1.620745e+00,1.449411e+00,1.524308e+00,1.749440e+00,1.640129e+00,1.412228e+00,1.519204e+00,1.646000e+00,1.780751e+00,1.489717e+00,1.569042e+00,1.593555e+00,1.727404e+00,1.774017e+00,1.629824e+00,1.694012e+00,1.459925e-01,1.412228e+00,1.949430e+00
5.949000e+00,1.088310e+00,1.856641e+00,1.790852e+00,1.852031e+00,1.800267e+00,1.865116e+00,1.740899e+00,1.876324e+00,1.950067e+00,1.809423e+00,1.621460e+00,1.450202e+00,1.525020e+00,1.751200e+00,1.640848e+00,1.412971e+00,1.519887e+00,1.645333e+00,1.781272e+00,1.490423e+00,1.569952e+00,1.594421e+00,1.727660e+00,1.775633e+00,1.629412e+00,1.694888e+00,1.462075e-01,1.412971e+00,1.950067e+00
5.950000e+00,1.088500e+00,1.856947e+00,1.791659e+00,1.851250e+00,1.801567e+00,1.866093e+00,1.741760e+00,1.877275e+00,1.950436e+00,1.809769e+00,1.621894e+00,1.450993e+00,1.525336e+00,1.752240e+00,1.641560e+00,1.413715e+00,1.520570e+00,1.645667e+00,1.782254e+00,1.491130e+00,1.570860e+00,1.595287e+00,1.729191e+00,1.777205e+00,1.631059e+00,1.695655e+00,1.461679e-01,1.413715e+00,1.950436e+00
5.951000e+00,1.088790e+00,1.858702e+00,1.793004e+00,1.852109e+00,1.802700e+00,1.867442e+00,1.743258e+00,1.878303e+00,1.951158e+00,1.809808e+00,1.622609e+00,1.451784e+00,1.525692e+00,1.752560e+00,1.642280e+00,1.414459e+00,1.521254e+00,1.648444e+00,1.784277e+00,1.491837e+00,1.571767e+00,1.596153e+00,1.730511e+00,1.779127e+00,1.630941e+00,1.696674e+00,1.463353e-01,1.414459e+00,1.951158e+00
5.952000e+00,1.089080e+00,1.860382e+00,1.794126e+00,1.852734e+00,1.804300e+00,1.868093e+00,1.744270e+00,1.878997e+00,1.952534e+00,1.810538e+00,1.623696e+00,1.452576e+00,1.527352e+00,1.755280e+00,1.642992e+00,1.415203e+00,1.521939e+00,1.649556e+00,1.785202e+00,1.492545e+00,1.572673e+00,1.597020e+00,1.732170e+00,1.780655e+00,1.631941e+00,1.697782e+00,1.464465e-01,1.415203e+00,1.952534e+00
5.953000e+00,1.089400e+00,1.860534e+00,1.795247e+00,1.854531e+00,1.805400e+00,1.869721e+00,1.745056e+00,1.879075e+00,1.951913e+00,1.811115e+00,1.623882e+00,1.453368e+00,1.528656e+00,1.755760e+00,1.643712e+00,1.415948e+00,1.522624e+00,1.649778e+00,1.786705e+00,1.493253e+00,1.573552e+00,1.597887e+00,1.732894e+00,1.780393e+00,1.630529e+00,1.698397e+00,1.464094e-01,1.415948e+00,1.951913e+00
5.954000e+00,1.089550e+00,1.861221e+00,1.796592e+00,1.855547e+00,1.806833e+00,1.870140e+00,1.746442e+00,1.878355e+00,1.950721e+00,1.812846e+00,1.625124e+00,1.454161e+00,1.529368e+00,1.756960e+00,1.644431e+00,1.416693e+00,1.523311e+00,1.650889e+00,1.789480e+00,1.493961e+00,1.574431e+00,1.598755e+00,1.733787e+00,1.781354e+00,1.629824e+00,1.699218e+00,1.463404e-01,1.416693e+00,1.950721e+00
5.955000e+00,1.089900e+00,1.862290e+00,1.797668e+00,1.853203e+00,1.808233e+00,1.870419e+00,1.747228e+00,1.877892e+00,1.950336e+00,1.813231e+00,1.625745e+00,1.454955e+00,1.530711e+00,1.757360e+00,1.645151e+00,1.417439e+00,1.523997e+00,1.653444e+00,1.790231e+00,1.494669e+00,1.575310e+00,1.599623e+00,1.735021e+00,1.782620e+00,1.628471e+00,1.699802e+00,1.460690e-01,1.417439e+00,1.950336e+00
5.956000e+00,1.090010e+00,1.864427e+00,1.798700e+00,1.853438e+00,1.809633e+00,1.871349e+00,1.748464e+00,1.878226e+00,1.950151e+00,1.813462e+00,1.626118e+00,1.455749e+00,1.531344e+00,1.759280e+00,1.645870e+00,1.418185e+00,1.524685e+00,1.652444e+00,1.791098e+00,1.495378e+00,1.576188e+00,1.600491e+00,1.736170e+00,1.782707e+00,1.628412e+00,1.700499e+00,1.461099e-01,1.418185e+00,1.950151e+00
5.957000e+00,1.090320e+00,1.864427e+00,1.800269e+00,1.854766e+00,1.810167e+00,1.872651e+00,1.749476e+00,1.878329e+00,1.950470e+00,1.814462e+00,1.626522e+00,1.456544e+00,1.532727e+00,1.759680e+00,1.646590e+00,1.418931e+00,1.525373e+00,1.653889e+00,1.793642e+00,1.496088e+00,1.577065e+00,1.601359e+00,1.737191e+00,1.782489e+00,1.628118e+00,1.701301e+00,1.460971e-01,1.418931e+00,1.950470e+00
5.958000e+00,1.090610e+00,1.865573e+00,1.801480e+00,1.856250e+00,1.811767e+00,1.873535e+00,1.750674e+00,1.879357e+00,1.951208e+00,1.815577e+00,1.627236e+00,1.457339e+00,1.533281e+00,1.760800e+00,1.647309e+00,1.419679e+00,1.526062e+00,1.655667e+00,1.794509e+00,1.496798e+00,1.577942e+00,1.602228e+00,1.737787e+00,1.782227e+00,1.628824e+00,1.702213e+00,1.462017e-01,1.419679e+00,1.951208e+00
5.959000e+00,1.090820e+00,1.866718e+00,1.803363e+00,1.856953e+00,1.812333e+00,1.874512e+00,1.751273e+00,1.880026e+00,1.952651e+00,1.817077e+00,1.627733e+00,1.458134e+00,1.534348e+00,1.761600e+00,1.648028e+00,1.420426e+00,1.526752e+00,1.653778e+00,1.796474e+00,1.497508e+00,1.578842e+00,1.603098e+00,1.739021e+00,1.782707e+00,1.629118e+00,1.703020e+00,1.463846e-01,1.420426e+00,1.952651e+00
5.960000e+00,1.091080e+00,1.867786e+00,1.804574e+00,1.856641e+00,1.812267e+00,1.875907e+00,1.753408e+00,1.880977e+00,1.953859e+00,1.817615e+00,1.628416e+00,1.458930e+00,1.535692e+00,1.763440e+00,1.648747e+00,1.421174e+00,1.527443e+00,1.656000e+00,1.798150e+00,1.498218e+00,1.579717e+00,1.603967e+00,1.740511e+00,1.783231e+00,1.630176e+00,1.704035e+00,1.464141e-01,1.421174e+00,1.953859e+00
5.961000e+00,1.091310e+00,1.868626e+00,1.804933e+00,1.856719e+00,1.811633e+00,1.877116e+00,1.754944e+00,1.881825e+00,1.955000e+00,1.819000e+00,1.628665e+00,1.459727e+00,1.536285e+00,1.764560e+00,1.649466e+00,1.421923e+00,1.528134e+00,1.656667e+00,1.798902e+00,1.498929e+00,1.580592e+00,1.604837e+00,1.741021e+00,1.783974e+00,1.630412e+00,1.704745e+00,1.464514e-01,1.421923e+00,1.955000e+00
5.962000e+00,1.091610e+00,1.869313e+00,1.806861e+00,1.857187e+00,1.811700e+00,1.878465e+00,1.755918e+00,1.882339e+00,1.955973e+00,1.820038e+00,1.628789e+00,1.460524e+00,1.536680e+00,1.763680e+00,1.650185e+00,1.422672e+00,1.528826e+00,1.657000e+00,1.801329e+00,1.499640e+00,1.581466e+00,1.605707e+00,1.742085e+00,1.786376e+00,1.631882e+00,1.705610e+00,1.465700e-01,1.422672e+00,1.955973e+00
5.963000e+00,1.091860e+00,1.870153e+00,1.807668e+00,1.858672e+00,1.811933e+00,1.879535e+00,1.757004e+00,1.883290e+00,1.957366e+00,1.821692e+00,1.629037e+00,1.461322e+00,1.537510e+00,1.765840e+00,1.650897e+00,1.423421e+00,1.529520e+00,1.658000e+00,1.802890e+00,1.500352e+00,1.582339e+00,1.606577e+00,1.743574e+00,1.787686e+00,1.632824e+00,1.706629e+00,1.467584e-01,1.423421e+00,1.957366e+00
5.964000e+00,1.092210e+00,1.870382e+00,1.808610e+00,1.859844e+00,1.813367e+00,1.881070e+00,1.757828e+00,1.884704e+00,1.958691e+00,1.823577e+00,1.628820e+00,1.462120e+00,1.539051e+00,1.765920e+00,1.651608e+00,1.424171e+00,1.530213e+00,1.659667e+00,1.805029e+00,1.501064e+00,1.583212e+00,1.607448e+00,1.744723e+00,1.788210e+00,1.634235e+00,1.707648e+00,1.469072e-01,1.424171e+00,1.958691e+00
5.965000e+00,1.092410e+00,1.872901e+00,1.810359e+00,1.860547e+00,1.813933e+00,1.881953e+00,1.759064e+00,1.885270e+00,1.960000e+00,1.824654e+00,1.628137e+00,1.462919e+00,1.540474e+00,1.768960e+00,1.652319e+00,1.424922e+00,1.530908e+00,1.660222e+00,1.805434e+00,1.501776e+00,1.584084e+00,1.608319e+00,1.745872e+00,1.789039e+00,1.635353e+00,1.708642e+00,1.470899e-01,1.424922e+00,1.960000e+00
5.966000e+00,1.092610e+00,1.873282e+00,1.811300e+00,1.862812e+00,1.815267e+00,1.883767e+00,1.760000e+00,1.886452e+00,1.961779e+00,1.825654e+00,1.627919e+00,1.463718e+00,1.540474e+00,1.768880e+00,1.653031e+00,1.425672e+00,1.531604e+00,1.660444e+00,1.807052e+00,1.502489e+00,1.584956e+00,1.609190e+00,1.746170e+00,1.789520e+00,1.636294e+00,1.709489e+00,1.473739e-01,1.425672e+00,1.961779e+00
5.967000e+00,1.092950e+00,1.874275e+00,1.812332e+00,1.861875e+00,1.816500e+00,1.883860e+00,1.760974e+00,1.887789e+00,1.963221e+00,1.826885e+00,1.628261e+00,1.464518e+00,1.541265e+00,1.769920e+00,1.653742e+00,1.426424e+00,1.532300e+00,1.661778e+00,1.808382e+00,1.503202e+00,1.585827e+00,1.610061e+00,1.747404e+00,1.788952e+00,1.636412e+00,1.710257e+00,1.474038e-01,1.426424e+00,1.963221e+00
5.968000e+00,1.093240e+00,1.875649e+00,1.813229e+00,1.863828e+00,1.818133e+00,1.884465e+00,1.762060e+00,1.888535e+00,1.964715e+00,1.828077e+00,1.628106e+00,1.465318e+00,1.541858e+00,1.769360e+00,1.654446e+00,1.427176e+00,1.532998e+00,1.661556e+00,1.810116e+00,1.503916e+00,1.586697e+00,1.610932e+00,1.748255e+00,1.789432e+00,1.637529e+00,1.711099e+00,1.476098e-01,1.427176e+00,1.964715e+00
5.969000e+00,1.093530e+00,1.876718e+00,1.815202e+00,1.862500e+00,1.819600e+00,1.885860e+00,1.763109e+00,1.889229e+00,1.965570e+00,1.828769e+00,1.629130e+00,1.466119e+00,1.543518e+00,1.771200e+00,1.655149e+00,1.427928e+00,1.533696e+00,1.661778e+00,1.811734e+00,1.504630e+00,1.587567e+00,1.611804e+00,1.748894e+00,1.790961e+00,1.639176e+00,1.712077e+00,1.476233e-01,1.427928e+00,1.965570e+00
5.970000e+00,1.093680e+00,1.878931e+00,1.815874e+00,1.864062e+00,1.821133e+00,1.886558e+00,1.763970e+00,1.890283e+00,1.966443e+00,1.829731e+00,1.629845e+00,1.466921e+00,1.544071e+00,1.771040e+00,1.655853e+00,1.428681e+00,1.534395e+00,1.662889e+00,1.812601e+00,1.505344e+00,1.588436e+00,1.612675e+00,1.750128e+00,1.792533e+00,1.640412e+00,1.713034e+00,1.477784e-01,1.428681e+00,1.966443e+00
5.971000e+00,1.093890e+00,1.879618e+00,1.816682e+00,1.866328e+00,1.822600e+00,1.886558e+00,1.764869e+00,1.891928e+00,1.967685e+00,1.830231e+00,1.630839e+00,1.467722e+00,1.544980e+00,1.772160e+00,1.656557e+00,1.429434e+00,1.535095e+00,1.662000e+00,1.813815e+00,1.506059e+00,1.589305e+00,1.613547e+00,1.749532e+00,1.792533e+00,1.640765e+00,1.713785e+00,1.479020e-01,1.429434e+00,1.967685e+00
5.972000e+00,1.094190e+00,1.880687e+00,1.817937e+00,1.867109e+00,1.824333e+00,1.886279e+00,1.765206e+00,1.892494e+00,1.969362e+00,1.831231e+00,1.631398e+00,1.468525e+00,1.545375e+00,1.773600e+00,1.657261e+00,1.430187e+00,1.535796e+00,1.661889e+00,1.815665e+00,1.506775e+00,1.590172e+00,1.614419e+00,1.748681e+00,1.792795e+00,1.642059e+00,1.714551e+00,1.480054e-01,1.430187e+00,1.969362e+00
5.973000e+00,1.094510e+00,1.880992e+00,1.818565e+00,1.868672e+00,1.825700e+00,1.886093e+00,1.766816e+00,1.894087e+00,1.970302e+00,1.832385e+00,1.632329e+00,1.469328e+00,1.545810e+00,1.774800e+00,1.657965e+00,1.430942e+00,1.536498e+00,1.664667e+00,1.816012e+00,1.507490e+00,1.591015e+00,1.615291e+00,1.748426e+00,1.793712e+00,1.642353e+00,1.715427e+00,1.480470e-01,1.430942e+00,1.970302e+00
5.974000e+00,1.094720e+00,1.883206e+00,1.819731e+00,1.868281e+00,1.827733e+00,1.886279e+00,1.767303e+00,1.895090e+00,1.970956e+00,1.833346e+00,1.632578e+00,1.470131e+00,1.546601e+00,1.776320e+00,1.658669e+00,1.431696e+00,1.537201e+00,1.665556e+00,1.817341e+00,1.508206e+00,1.591857e+00,1.616163e+00,1.747957e+00,1.795197e+00,1.643353e+00,1.716281e+00,1.481322e-01,1.431696e+00,1.970956e+00
5.975000e+00,1.094930e+00,1.883435e+00,1.821435e+00,1.870000e+00,1.829067e+00,1.886558e+00,1.767978e+00,1.895501e+00,1.971477e+00,1.833346e+00,1.632857e+00,1.470935e+00,1.548340e+00,1.774320e+00,1.659373e+00,1.432451e+00,1.537905e+00,1.665667e+00,1.818960e+00,1.508923e+00,1.592698e+00,1.617035e+00,1.749319e+00,1.796114e+00,1.644176e+00,1.716995e+00,1.480685e-01,1.432451e+00,1.971477e+00
5.976000e+00,1.095210e+00,1.884580e+00,1.822242e+00,1.870078e+00,1.830167e+00,1.886791e+00,1.769925e+00,1.896915e+00,1.972064e+00,1.834346e+00,1.633478e+00,1.471740e+00,1.549486e+00,1.777040e+00,1.660077e+00,1.433207e+00,1.538610e+00,1.666667e+00,1.819480e+00,1.509640e+00,1.593538e+00,1.617907e+00,1.750468e+00,1.797598e+00,1.644706e+00,1.717948e+00,1.481186e-01,1.433207e+00,1.972064e+00
5.977000e+00,1.095430e+00,1.885420e+00,1.823857e+00,1.871719e+00,1.831533e+00,1.888233e+00,1.771049e+00,1.897455e+00,1.972584e+00,1.835731e+00,1.634037e+00,1.472545e+00,1.549486e+00,1.778720e+00,1.660781e+00,1.433963e+00,1.539316e+00,1.665222e+00,1.821156e+00,1.510357e+00,1.594377e+00,1.618779e+00,1.751064e+00,1.798777e+00,1.645882e+00,1.718835e+00,1.483462e-01,1.433963e+00,1.972584e+00
5.978000e+00,1.095570e+00,1.885878e+00,1.823318e+00,1.873281e+00,1.832400e+00,1.888884e+00,1.772022e+00,1.898175e+00,1.973440e+00,1.836538e+00,1.635342e+00,1.473351e+00,1.550119e+00,1.779840e+00,1.661485e+00,1.434719e+00,1.540022e+00,1.663444e+00,1.822659e+00,1.511075e+00,1.595215e+00,1.619651e+00,1.752000e+00,1.798428e+00,1.646529e+00,1.719492e+00,1.483725e-01,1.434719e+00,1.973440e+00
5.979000e+00,1.095760e+00,1.887405e+00,1.823094e+00,1.873281e+00,1.833100e+00,1.890000e+00,1.772996e+00,1.899100e+00,1.974497e+00,1.837000e+00,1.636522e+00,1.474157e+00,1.551502e+00,1.779760e+00,1.662189e+00,1.435476e+00,1.540730e+00,1.663778e+00,1.824220e+00,1.511793e+00,1.596053e+00,1.620523e+00,1.753021e+00,1.798559e+00,1.647353e+00,1.720255e+00,1.483459e-01,1.435476e+00,1.974497e+00
5.980000e+00,1.096050e+00,1.886031e+00,1.822108e+00,1.873125e+00,1.834367e+00,1.891395e+00,1.772734e+00,1.899434e+00,1.975789e+00,1.838346e+00,1.636894e+00,1.474963e+00,1.552451e+00,1.780560e+00,1.662893e+00,1.436234e+00,1.541439e+00,1.662000e+00,1.824046e+00,1.512511e+00,1.596915e+00,1.621395e+00,1.754085e+00,1.799956e+00,1.648471e+00,1.720756e+00,1.482448e-01,1.436234e+00,1.975789e+00
5.981000e+00,1.096340e+00,1.885191e+00,1.822601e+00,1.874375e+00,1.835733e+00,1.893395e+00,1.772996e+00,1.900334e+00,1.976426e+00,1.840038e+00,1.637702e+00,1.475770e+00,1.552767e+00,1.781520e+00,1.663598e+00,1.436991e+00,1.542148e+00,1.664667e+00,1.821676e+00,1.513230e+00,1.597751e+00,1.622267e+00,1.755660e+00,1.800873e+00,1.649176e+00,1.721537e+00,1.481975e-01,1.436991e+00,1.976426e+00
5.982000e+00,1.096460e+00,1.885191e+00,1.823812e+00,1.875391e+00,1.836700e+00,1.893814e+00,1.773633e+00,1.901414e+00,1.977836e+00,1.841385e+00,1.638571e+00,1.476578e+00,1.553478e+00,1.782880e+00,1.664302e+00,1.437750e+00,1.542859e+00,1.664556e+00,1.822543e+00,1.513950e+00,1.598612e+00,1.623139e+00,1.755957e+00,1.802096e+00,1.650118e+00,1.722357e+00,1.482822e-01,1.437750e+00,1.977836e+00
5.983000e+00,1.096940e+00,1.885802e+00,1.824350e+00,1.875859e+00,1.838200e+00,1.895116e+00,1.774457e+00,1.902211e+00,1.978523e+00,1.843462e+00,1.639534e+00,1.477386e+00,1.553953e+00,1.782640e+00,1.665006e+00,1.438509e+00,1.543570e+00,1.664889e+00,1.823064e+00,1.514670e+00,1.599473e+00,1.624010e+00,1.757787e+00,1.802838e+00,1.651118e+00,1.723184e+00,1.483415e-01,1.438509e+00,1.978523e+00
5.984000e+00,1.097200e+00,1.886107e+00,1.825067e+00,1.876406e+00,1.838933e+00,1.896791e+00,1.774682e+00,1.903239e+00,1.979430e+00,1.843615e+00,1.640342e+00,1.478195e+00,1.555494e+00,1.784000e+00,1.665710e+00,1.439268e+00,1.544287e+00,1.664889e+00,1.823237e+00,1.515390e+00,1.600332e+00,1.624882e+00,1.758936e+00,1.802009e+00,1.653412e+00,1.723944e+00,1.482511e-01,1.439268e+00,1.979430e+00
5.985000e+00,1.097370e+00,1.886794e+00,1.827489e+00,1.877656e+00,1.840200e+00,1.896884e+00,1.776367e+00,1.903033e+00,1.979480e+00,1.844231e+00,1.640963e+00,1.479004e+00,1.556324e+00,1.785200e+00,1.666414e+00,1.440028e+00,1.545003e+00,1.667000e+00,1.824740e+00,1.516111e+00,1.601192e+00,1.625753e+00,1.760553e+00,1.802882e+00,1.654118e+00,1.724892e+00,1.482230e-01,1.440028e+00,1.979480e+00
5.986000e+00,1.097630e+00,1.888550e+00,1.828161e+00,1.878203e+00,1.840833e+00,1.898465e+00,1.777491e+00,1.902494e+00,1.978876e+00,1.843731e+00,1.641801e+00,1.479814e+00,1.558063e+00,1.785120e+00,1.667119e+00,1.440788e+00,1.545717e+00,1.668556e+00,1.826590e+00,1.516832e+00,1.602051e+00,1.626624e+00,1.761617e+00,1.803450e+00,1.655000e+00,1.725664e+00,1.480410e-01,1.440788e+00,1.978876e+00
5.987000e+00,1.097800e+00,1.889389e+00,1.830314e+00,1.878125e+00,1.842067e+00,1.899163e+00,1.777790e+00,1.902674e+00,1.978691e+00,1.843115e+00,1.642733e+00,1.480624e+00,1.558656e+00,1.786160e+00,1.667823e+00,1.441549e+00,1.546434e+00,1.668778e+00,1.828150e+00,1.517554e+00,1.602909e+00,1.627495e+00,1.762468e+00,1.804585e+00,1.655353e+00,1.726358e+00,1.479660e-01,1.441549e+00,1.978691e+00
5.988000e+00,1.098130e+00,1.890000e+00,1.830807e+00,1.877656e+00,1.843067e+00,1.900558e+00,1.779026e+00,1.903085e+00,1.978591e+00,1.843462e+00,1.643571e+00,1.481435e+00,1.558498e+00,1.787920e+00,1.668527e+00,1.442310e+00,1.547152e+00,1.670444e+00,1.830462e+00,1.518277e+00,1.603766e+00,1.628366e+00,1.764043e+00,1.806638e+00,1.656588e+00,1.727260e+00,1.479645e-01,1.442310e+00,1.978591e+00
5.989000e+00,1.098360e+00,1.890000e+00,1.832556e+00,1.877500e+00,1.844133e+00,1.902000e+00,1.779551e+00,1.903342e+00,1.978523e+00,1.843192e+00,1.644503e+00,1.482247e+00,1.559605e+00,1.788240e+00,1.669232e+00,1.443071e+00,1.547870e+00,1.670333e+00,1.833237e+00,1.518999e+00,1.604624e+00,1.629236e+00,1.765106e+00,1.808166e+00,1.657647e+00,1.728038e+00,1.478978e-01,1.443071e+00,1.978523e+00
5.990000e+00,1.098600e+00,1.891603e+00,1.833812e+00,1.877812e+00,1.843533e+00,1.902698e+00,1.780599e+00,1.904319e+00,1.979178e+00,1.843885e+00,1.645217e+00,1.483059e+00,1.559960e+00,1.789440e+00,1.669936e+00,1.443833e+00,1.548588e+00,1.670444e+00,1.834740e+00,1.519723e+00,1.605480e+00,1.630107e+00,1.766426e+00,1.809738e+00,1.658647e+00,1.728866e+00,1.479652e-01,1.443833e+00,1.979178e+00
5.991000e+00,1.099010e+00,1.892595e+00,1.835336e+00,1.878281e+00,1.843967e+00,1.903581e+00,1.782397e+00,1.905116e+00,1.981107e+00,1.844654e+00,1.646273e+00,1.483871e+00,1.561186e+00,1.789680e+00,1.670640e+00,1.444596e+00,1.549306e+00,1.672778e+00,1.836879e+00,1.520446e+00,1.606336e+00,1.630977e+00,1.767532e+00,1.811048e+00,1.658824e+00,1.729892e+00,1.480824e-01,1.444596e+00,1.981107e+00
5.992000e+00,1.099210e+00,1.893817e+00,1.837848e+00,1.880625e+00,1.844567e+00,1.904884e+00,1.782921e+00,1.905938e+00,1.982534e+00,1.846115e+00,1.646615e+00,1.484684e+00,1.562569e+00,1.792240e+00,1.671345e+00,1.445359e+00,1.550025e+00,1.673111e+00,1.837399e+00,1.521170e+00,1.607191e+00,1.631846e+00,1.768723e+00,1.812445e+00,1.660235e+00,1.731009e+00,1.483245e-01,1.445359e+00,1.982534e+00
5.993000e+00,1.099410e+00,1.896107e+00,1.838744e+00,1.881484e+00,1.845800e+00,1.905674e+00,1.783858e+00,1.906710e+00,1.983406e+00,1.846769e+00,1.647547e+00,1.485497e+00,1.562609e+00,1.792880e+00,1.672049e+00,1.446122e+00,1.550743e+00,1.672889e+00,1.839133e+00,1.521895e+00,1.608046e+00,1.632716e+00,1.769447e+00,1.813275e+00,1.661294e+00,1.731862e+00,1.484907e-01,1.446122e+00,1.983406e+00
5.994000e+00,1.099690e+00,1.897863e+00,1.839821e+00,1.880313e+00,1.846800e+00,1.906047e+00,1.784906e+00,1.907635e+00,1.984748e+00,1.847385e+00,1.647950e+00,1.486311e+00,1.563123e+00,1.793600e+00,1.672754e+00,1.446886e+00,1.551462e+00,1.676111e+00,1.841561e+00,1.522620e+00,1.608900e+00,1.633585e+00,1.769660e+00,1.813843e+00,1.661000e+00,1.732703e+00,1.485390e-01,1.446886e+00,1.984748e+00
5.995000e+00,1.099960e+00,1.896794e+00,1.840897e+00,1.882187e+00,1.848167e+00,1.907163e+00,1.785393e+00,1.908458e+00,1.985537e+00,1.848192e+00,1.648385e+00,1.487126e+00,1.563557e+00,1.794800e+00,1.673458e+00,1.447651e+00,1.552181e+00,1.674778e+00,1.842543e+00,1.523346e+00,1.609754e+00,1.634454e+00,1.770766e+00,1.813275e+00,1.661706e+00,1.733357e+00,1.485908e-01,1.447651e+00,1.985537e+00
5.996000e+00,1.100160e+00,1.899313e+00,1.841390e+00,1.883203e+00,1.849500e+00,1.909442e+00,1.787603e+00,1.909614e+00,1.986359e+00,1.849731e+00,1.648820e+00,1.487941e+00,1.564585e+00,1.794080e+00,1.674163e+00,1.448416e+00,1.552901e+00,1.675111e+00,1.843410e+00,1.524072e+00,1.610607e+00,1.635322e+00,1.771489e+00,1.811965e+00,1.661882e+00,1.734205e+00,1.487781e-01,1.448416e+00,1.986359e+00
5.997000e+00,1.100480e+00,1.899542e+00,1.843677e+00,1.885312e+00,1.850767e+00,1.909395e+00,1.787978e+00,1.910308e+00,1.987299e+00,1.850885e+00,1.649441e+00,1.488757e+00,1.565652e+00,1.797040e+00,1.674867e+00,1.449181e+00,1.553620e+00,1.677222e+00,1.844682e+00,1.524799e+00,1.611481e+00,1.636190e+00,1.772340e+00,1.812533e+00,1.662647e+00,1.735234e+00,1.488597e-01,1.449181e+00,1.987299e+00
5.998000e+00,1.100640e+00,1.900229e+00,1.844978e+00,1.886016e+00,1.851767e+00,1.910326e+00,1.789251e+00,1.911645e+00,1.988574e+00,1.852462e+00,1.649783e+00,1.489573e+00,1.566364e+00,1.796480e+00,1.675572e+00,1.449947e+00,1.554340e+00,1.677444e+00,1.845029e+00,1.525526e+00,1.612353e+00,1.637058e+00,1.773277e+00,1.812227e+00,1.663529e+00,1.735989e+00,1.489414e-01,1.449947e+00,1.988574e+00
5.999000e+00,1.100980e+00,1.901756e+00,1.846502e+00,1.886094e+00,1.852600e+00,1.911256e+00,1.790112e+00,1.912391e+00,1.989748e+00,1.853923e+00,1.650342e+00,1.490389e+00,1.566798e+00,1.795120e+00,1.676276e+00,1.450713e+00,1.555059e+00,1.680444e+00,1.846301e+00,1.526254e+00,1.613224e+00,1.637926e+00,1.774723e+00,1.812445e+00,1.663824e+00,1.736843e+00,1.489988e-01,1.450713e+00,1.989748e+00
6.000000e+00,1.101220e+00,1.902290e+00,1.847937e+00,1.886562e+00,1.854167e+00,1.913488e+00,1.792022e+00,1.913650e+00,1.990940e+00,1.854846e+00,1.651304e+00,1.491206e+00,1.568024e+00,1.795680e+00,1.676980e+00,1.451480e+00,1.555778e+00,1.682333e+00,1.848092e+00,1.526983e+00,1.614094e+00,1.638793e+00,1.775702e+00,1.814410e+00,1.665353e+00,1.738005e+00,1.491624e-01,1.451480e+00,1.990940e+00
6.001000e+00,1.101490e+00,1.903206e+00,1.849462e+00,1.887344e+00,1.855000e+00,1.913395e+00,1.792135e+00,1.914447e+00,1.992097e+00,1.857231e+00,1.651677e+00,1.492024e+00,1.568656e+00,1.793840e+00,1.677685e+00,1.452247e+00,1.556498e+00,1.682889e+00,1.849075e+00,1.527712e+00,1.614961e+00,1.639660e+00,1.776638e+00,1.815721e+00,1.666000e+00,1.738733e+00,1.492223e-01,1.452247e+00,1.992097e+00
6.002000e+00,1.101870e+00,1.904733e+00,1.850717e+00,1.889297e+00,1.855733e+00,1.914744e+00,1.793633e+00,1.915296e+00,1.992919e+00,1.858538e+00,1.652640e+00,1.492842e+00,1.570119e+00,1.795200e+00,1.678389e+00,1.453015e+00,1.557218e+00,1.681333e+00,1.851965e+00,1.528441e+00,1.615827e+00,1.640526e+00,1.777745e+00,1.816550e+00,1.667118e+00,1.739772e+00,1.494538e-01,1.453015e+00,1.992919e+00
6.003000e+00,1.102100e+00,1.904580e+00,1.852197e+00,1.890625e+00,1.857267e+00,1.915535e+00,1.794794e+00,1.916118e+00,1.994279e+00,1.859308e+00,1.653665e+00,1.493661e+00,1.570514e+00,1.795200e+00,1.679094e+00,1.453783e+00,1.557938e+00,1.683889e+00,1.853237e+00,1.529171e+00,1.616691e+00,1.641392e+00,1.778596e+00,1.818079e+00,1.667941e+00,1.740731e+00,1.495323e-01,1.453783e+00,1.994279e+00
6.004000e+00,1.102230e+00,1.907176e+00,1.854664e+00,1.891328e+00,1.859400e+00,1.916744e+00,1.795768e+00,1.917352e+00,1.995570e+00,1.860500e+00,1.654379e+00,1.494480e+00,1.571028e+00,1.795760e+00,1.679799e+00,1.454552e+00,1.558659e+00,1.683111e+00,1.854913e+00,1.529902e+00,1.617553e+00,1.642258e+00,1.779234e+00,1.819127e+00,1.669412e+00,1.741778e+00,1.498595e-01,1.454552e+00,1.995570e+00
6.005000e+00,1.102610e+00,1.907939e+00,1.855740e+00,1.891250e+00,1.860333e+00,1.916000e+00,1.796704e+00,1.917918e+00,1.996946e+00,1.861962e+00,1.655124e+00,1.495300e+00,1.570988e+00,1.795920e+00,1.680503e+00,1.455321e+00,1.559379e+00,1.683667e+00,1.856416e+00,1.530633e+00,1.618413e+00,1.643123e+00,1.777872e+00,1.820175e+00,1.670176e+00,1.742408e+00,1.498618e-01,1.455321e+00,1.996946e+00
6.006000e+00,1.102830e+00,1.907710e+00,1.857175e+00,1.890937e+00,1.861233e+00,1.915535e+00,1.797191e+00,1.918535e+00,1.998205e+00,1.863500e+00,1.656118e+00,1.496120e+00,1.570593e+00,1.797840e+00,1.681207e+00,1.456090e+00,1.560100e+00,1.686111e+00,1.857514e+00,1.531365e+00,1.619270e+00,1.643989e+00,1.777872e+00,1.820437e+00,1.671235e+00,1.743162e+00,1.498093e-01,1.456090e+00,1.998205e+00
6.007000e+00,1.103090e+00,1.909389e+00,1.858072e+00,1.892500e+00,1.862633e+00,1.915581e+00,1.797903e+00,1.919820e+00,1.998926e+00,1.864500e+00,1.656211e+00,1.496941e+00,1.570474e+00,1.797840e+00,1.681912e+00,1.456860e+00,1.560821e+00,1.687000e+00,1.858671e+00,1.532097e+00,1.620126e+00,1.644853e+00,1.778298e+00,1.819956e+00,1.671529e+00,1.743871e+00,1.499368e-01,1.456860e+00,1.998926e+00
6.008000e+00,1.103450e+00,1.910382e+00,1.858969e+00,1.893125e+00,1.863700e+00,1.916791e+00,1.798989e+00,1.920154e+00,2.000268e+00,1.865154e+00,1.656522e+00,1.497763e+00,1.571265e+00,1.799600e+00,1.682616e+00,1.457631e+00,1.561542e+00,1.685111e+00,1.860231e+00,1.532830e+00,1.620979e+00,1.645718e+00,1.778468e+00,1.820655e+00,1.673176e+00,1.744652e+00,1.500616e-01,1.457631e+00,2.000268e+00
6.009000e+00,1.103600e+00,1.911527e+00,1.860493e+00,1.895625e+00,1.865233e+00,1.917349e+00,1.799625e+00,1.921028e+00,2.000621e+00,1.866077e+00,1.658199e+00,1.498584e+00,1.571700e+00,1.799920e+00,1.683321e+00,1.458402e+00,1.562263e+00,1.687556e+00,1.861156e+00,1.533564e+00,1.621830e+00,1.646582e+00,1.779149e+00,1.821048e+00,1.672941e+00,1.745575e+00,1.501413e-01,1.458402e+00,2.000621e+00
6.010000e+00,1.103890e+00,1.912595e+00,1.860852e+00,1.896172e+00,1.866900e+00,1.918419e+00,1.800337e+00,1.921825e+00,2.001393e+00,1.867692e+00,1.658447e+00,1.499407e+00,1.571700e+00,1.801760e+00,1.684025e+00,1.459173e+00,1.562984e+00,1.688222e+00,1.862717e+00,1.534298e+00,1.622679e+00,1.647446e+00,1.779872e+00,1.822533e+00,1.675235e+00,1.746528e+00,1.502799e-01,1.459173e+00,2.001393e+00
6.011000e+00,1.104140e+00,1.912977e+00,1.862287e+00,1.896641e+00,1.868633e+00,1.919209e+00,1.800899e+00,1.922725e+00,2.001644e+00,1.869038e+00,1.659006e+00,1.500230e+00,1.572411e+00,1.802160e+00,1.684730e+00,1.459945e+00,1.563705e+00,1.687333e+00,1.864566e+00,1.535033e+00,1.623512e+00,1.648310e+00,1.781191e+00,1.824105e+00,1.674353e+00,1.747277e+00,1.504068e-01,1.459945e+00,2.001644e+00
6.012000e+00,1.104400e+00,1.915115e+00,1.863722e+00,1.898516e+00,1.869367e+00,1.920093e+00,1.802135e+00,1.924010e+00,2.002282e+00,1.869808e+00,1.659348e+00,1.501053e+00,1.573557e+00,1.802400e+00,1.685434e+00,1.460718e+00,1.564426e+00,1.689778e+00,1.865780e+00,1.535768e+00,1.624344e+00,1.649173e+00,1.782596e+00,1.826288e+00,1.673235e+00,1.748289e+00,1.506069e-01,1.460718e+00,2.002282e+00
6.013000e+00,1.104620e+00,1.916183e+00,1.863767e+00,1.898125e+00,1.870867e+00,1.921256e+00,1.803933e+00,1.924422e+00,2.002466e+00,1.870500e+00,1.660155e+00,1.501877e+00,1.574783e+00,1.804720e+00,1.686139e+00,1.461490e+00,1.565147e+00,1.690556e+00,1.867052e+00,1.536504e+00,1.625176e+00,1.650037e+00,1.783106e+00,1.826900e+00,1.672000e+00,1.749048e+00,1.505973e-01,1.461490e+00,2.002466e+00
6.014000e+00,1.104860e+00,1.917176e+00,1.864978e+00,1.899219e+00,1.872233e+00,1.922140e+00,1.804569e+00,1.925347e+00,2.002634e+00,1.871308e+00,1.660280e+00,1.502702e+00,1.575178e+00,1.805680e+00,1.686843e+00,1.462264e+00,1.565867e+00,1.690222e+00,1.869017e+00,1.537241e+00,1.626006e+00,1.650900e+00,1.784298e+00,1.827817e+00,1.673059e+00,1.749874e+00,1.507174e-01,1.462264e+00,2.002634e+00
6.015000e+00,1.105040e+00,1.918321e+00,1.865830e+00,1.898750e+00,1.873433e+00,1.923442e+00,1.805056e+00,1.926247e+00,2.002919e+00,1.872269e+00,1.660714e+00,1.503527e+00,1.576364e+00,1.806480e+00,1.687547e+00,1.463037e+00,1.566588e+00,1.690889e+00,1.869422e+00,1.537978e+00,1.626836e+00,1.651763e+00,1.785404e+00,1.829083e+00,1.672235e+00,1.750589e+00,1.507244e-01,1.463037e+00,2.002919e+00
6.016000e+00,1.105310e+00,1.918779e+00,1.866682e+00,1.901641e+00,1.874500e+00,1.924419e+00,1.805805e+00,1.926607e+00,2.002517e+00,1.873192e+00,1.659689e+00,1.504352e+00,1.577589e+00,1.807520e+00,1.688252e+00,1.463812e+00,1.567309e+00,1.692778e+00,1.871503e+00,1.538716e+00,1.627665e+00,1.652626e+00,1.786638e+00,1.829127e+00,1.672706e+00,1.751434e+00,1.507679e-01,1.463812e+00,2.002517e+00
6.017000e+00,1.105490e+00,1.919771e+00,1.867982e+00,1.902813e+00,1.876067e+00,1.925349e+00,1.807154e+00,1.926530e+00,2.001007e+00,1.874308e+00,1.659099e+00,1.505178e+00,1.578577e+00,1.808160e+00,1.688956e+00,1.464586e+00,1.568029e+00,1.693222e+00,1.872023e+00,1.539455e+00,1.628484e+00,1.653488e+00,1.787702e+00,1.826900e+00,1.673941e+00,1.752033e+00,1.506144e-01,1.464586e+00,2.001007e+00
6.018000e+00,1.105940e+00,1.920000e+00,1.869641e+00,1.901875e+00,1.876367e+00,1.926000e+00,1.807640e+00,1.926478e+00,1.999530e+00,1.875192e+00,1.659286e+00,1.506005e+00,1.579328e+00,1.808560e+00,1.689660e+00,1.465362e+00,1.568750e+00,1.695222e+00,1.869769e+00,1.540194e+00,1.629304e+00,1.654351e+00,1.789149e+00,1.823450e+00,1.673647e+00,1.752282e+00,1.501630e-01,1.465362e+00,1.999530e+00
6.019000e+00,1.106010e+00,1.921756e+00,1.870673e+00,1.903047e+00,1.876167e+00,1.927256e+00,1.808390e+00,1.926041e+00,1.999144e+00,1.876615e+00,1.659255e+00,1.506832e+00,1.580672e+00,1.810560e+00,1.690364e+00,1.466137e+00,1.569471e+00,1.695889e+00,1.869249e+00,1.540934e+00,1.630124e+00,1.655214e+00,1.791149e+00,1.820611e+00,1.675353e+00,1.752954e+00,1.500015e-01,1.466137e+00,1.999144e+00
6.020000e+00,1.106240e+00,1.922672e+00,1.871076e+00,1.901797e+00,1.876100e+00,1.928512e+00,1.808914e+00,1.926041e+00,1.998909e+00,1.877692e+00,1.659534e+00,1.507660e+00,1.581542e+00,1.810160e+00,1.691069e+00,1.466913e+00,1.570191e+00,1.693889e+00,1.868671e+00,1.541675e+00,1.630944e+00,1.656077e+00,1.791915e+00,1.818908e+00,1.675941e+00,1.753200e+00,1.497540e-01,1.466913e+00,1.998909e+00
6.021000e+00,1.106540e+00,1.922443e+00,1.873274e+00,1.901641e+00,1.876300e+00,1.929488e+00,1.809551e+00,1.926504e+00,1.999497e+00,1.878808e+00,1.659565e+00,1.508488e+00,1.582213e+00,1.811920e+00,1.691778e+00,1.467690e+00,1.570911e+00,1.697000e+00,1.869711e+00,1.542416e+00,1.631765e+00,1.656979e+00,1.792936e+00,1.818777e+00,1.677529e+00,1.754049e+00,1.496643e-01,1.467690e+00,1.999497e+00
6.022000e+00,1.106740e+00,1.921450e+00,1.874709e+00,1.903437e+00,1.877300e+00,1.930093e+00,1.809326e+00,1.927018e+00,2.000067e+00,1.880038e+00,1.661211e+00,1.509317e+00,1.583399e+00,1.812800e+00,1.692488e+00,1.468467e+00,1.571632e+00,1.697444e+00,1.871908e+00,1.543158e+00,1.632587e+00,1.657881e+00,1.794043e+00,1.818908e+00,1.678235e+00,1.754871e+00,1.496205e-01,1.468467e+00,2.000067e+00
6.023000e+00,1.107010e+00,1.920687e+00,1.875202e+00,1.904375e+00,1.878267e+00,1.931488e+00,1.809288e+00,1.928226e+00,2.001242e+00,1.881192e+00,1.662516e+00,1.510146e+00,1.583794e+00,1.813600e+00,1.693197e+00,1.469244e+00,1.572352e+00,1.696111e+00,1.871561e+00,1.543900e+00,1.633409e+00,1.658783e+00,1.794979e+00,1.819738e+00,1.678824e+00,1.755505e+00,1.496390e-01,1.469244e+00,2.001242e+00
6.024000e+00,1.107310e+00,1.921832e+00,1.876816e+00,1.906250e+00,1.879467e+00,1.932698e+00,1.809663e+00,1.929177e+00,2.002567e+00,1.880731e+00,1.663230e+00,1.510976e+00,1.585336e+00,1.815760e+00,1.693907e+00,1.470022e+00,1.573072e+00,1.698222e+00,1.873237e+00,1.544644e+00,1.634232e+00,1.659686e+00,1.796128e+00,1.821092e+00,1.680294e+00,1.756627e+00,1.497540e-01,1.470022e+00,2.002567e+00
6.025000e+00,1.107570e+00,1.920840e+00,1.878206e+00,1.905625e+00,1.880367e+00,1.933581e+00,1.809775e+00,1.929871e+00,2.003775e+00,1.881154e+00,1.664099e+00,1.511806e+00,1.585534e+00,1.815440e+00,1.694616e+00,1.470801e+00,1.573793e+00,1.699333e+00,1.875376e+00,1.545387e+00,1.635061e+00,1.660590e+00,1.796851e+00,1.821878e+00,1.681294e+00,1.757294e+00,1.496869e-01,1.470801e+00,2.003775e+00
6.026000e+00,1.107850e+00,1.921679e+00,1.879910e+00,1.906172e+00,1.881367e+00,1.934698e+00,1.811685e+00,1.930206e+00,2.005201e+00,1.880731e+00,1.664907e+00,1.512637e+00,1.586206e+00,1.817040e+00,1.695326e+00,1.471580e+00,1.574513e+00,1.698333e+00,1.876532e+00,1.546132e+00,1.635885e+00,1.661454e+00,1.797660e+00,1.822533e+00,1.683000e+00,1.758141e+00,1.497709e-01,1.471580e+00,2.005201e+00
6.027000e+00,1.108010e+00,1.923435e+00,1.879955e+00,1.907578e+00,1.882033e+00,1.936512e+00,1.812060e+00,1.931003e+00,2.006795e+00,1.880885e+00,1.665559e+00,1.513468e+00,1.587273e+00,1.818640e+00,1.696035e+00,1.472359e+00,1.575233e+00,1.698889e+00,1.878497e+00,1.546877e+00,1.636714e+00,1.662358e+00,1.798936e+00,1.823712e+00,1.682941e+00,1.759073e+00,1.499671e-01,1.472359e+00,2.006795e+00
6.028000e+00,1.108350e+00,1.923282e+00,1.881300e+00,1.909922e+00,1.883700e+00,1.937256e+00,1.813221e+00,1.931620e+00,2.007466e+00,1.881731e+00,1.667050e+00,1.514300e+00,1.588300e+00,1.819280e+00,1.696744e+00,1.473139e+00,1.575953e+00,1.701222e+00,1.878786e+00,1.547623e+00,1.637542e+00,1.663222e+00,1.799787e+00,1.825328e+00,1.684882e+00,1.760111e+00,1.499455e-01,1.473139e+00,2.007466e+00
6.029000e+00,1.108560e+00,1.924885e+00,1.882422e+00,1.908984e+00,1.885033e+00,1.938884e+00,1.814120e+00,1.932416e+00,2.009077e+00,1.882885e+00,1.667826e+00,1.515132e+00,1.589605e+00,1.821200e+00,1.697453e+00,1.473919e+00,1.576673e+00,1.701111e+00,1.881387e+00,1.548369e+00,1.638373e+00,1.664087e+00,1.801234e+00,1.826419e+00,1.685941e+00,1.761143e+00,1.501315e-01,1.473919e+00,2.009077e+00
6.030000e+00,1.108950e+00,1.926183e+00,1.882556e+00,1.909687e+00,1.886500e+00,1.939860e+00,1.814494e+00,1.933188e+00,2.010235e+00,1.884192e+00,1.668571e+00,1.515965e+00,1.590435e+00,1.821600e+00,1.698157e+00,1.474700e+00,1.577393e+00,1.698778e+00,1.882948e+00,1.549116e+00,1.639202e+00,1.664951e+00,1.801745e+00,1.826856e+00,1.687412e+00,1.761864e+00,1.502478e-01,1.474700e+00,2.010235e+00
6.031000e+00,1.109040e+00,1.927710e+00,1.883857e+00,1.911250e+00,1.887267e+00,1.940837e+00,1.815131e+00,1.934087e+00,2.011208e+00,1.884654e+00,1.669534e+00,1.516799e+00,1.590830e+00,1.822880e+00,1.698862e+00,1.475481e+00,1.578113e+00,1.704000e+00,1.885607e+00,1.549864e+00,1.640030e+00,1.665816e+00,1.802809e+00,1.828952e+00,1.688059e+00,1.763068e+00,1.503853e-01,1.475481e+00,2.011208e+00
6.032000e+00,1.109420e+00,1.928015e+00,1.882242e+00,1.911328e+00,1.888700e+00,1.942047e+00,1.816105e+00,1.935373e+00,2.012198e+00,1.884654e+00,1.669752e+00,1.517633e+00,1.591739e+00,1.823760e+00,1.699566e+00,1.476263e+00,1.578833e+00,1.700556e+00,1.886705e+00,1.550612e+00,1.640857e+00,1.666721e+00,1.804085e+00,1.830655e+00,1.689647e+00,1.763669e+00,1.504101e-01,1.476263e+00,2.012198e+00
6.033000e+00,1.109590e+00,1.930305e+00,1.880807e+00,1.913750e+00,1.890367e+00,1.942791e+00,1.817566e+00,1.936350e+00,2.013456e+00,1.886731e+00,1.669907e+00,1.518467e+00,1.593281e+00,1.825680e+00,1.700270e+00,1.477045e+00,1.579553e+00,1.703556e+00,1.887630e+00,1.551361e+00,1.641683e+00,1.667627e+00,1.804638e+00,1.832664e+00,1.690647e+00,1.764839e+00,1.505785e-01,1.477045e+00,2.013456e+00
6.034000e+00,1.109860e+00,1.930687e+00,1.879731e+00,1.913828e+00,1.892233e+00,1.943767e+00,1.818652e+00,1.937661e+00,2.014966e+00,1.887923e+00,1.671522e+00,1.519302e+00,1.594506e+00,1.826720e+00,1.700975e+00,1.477828e+00,1.580273e+00,1.706000e+00,1.890173e+00,1.552110e+00,1.642508e+00,1.668533e+00,1.805872e+00,1.834498e+00,1.691294e+00,1.765898e+00,1.506326e-01,1.477828e+00,2.014966e+00
6.035000e+00,1.110090e+00,1.931908e+00,1.880135e+00,1.915078e+00,1.893800e+00,1.945256e+00,1.819251e+00,1.938252e+00,2.016812e+00,1.888308e+00,1.672360e+00,1.520138e+00,1.595810e+00,1.826880e+00,1.701684e+00,1.478611e+00,1.580992e+00,1.703667e+00,1.892023e+00,1.552861e+00,1.643333e+00,1.669439e+00,1.807532e+00,1.834934e+00,1.692235e+00,1.766721e+00,1.508216e-01,1.478611e+00,2.016812e+00
6.036000e+00,1.110410e+00,1.934198e+00,1.880717e+00,1.916953e+00,1.895100e+00,1.945581e+00,1.819888e+00,1.939306e+00,2.017919e+00,1.889269e+00,1.672981e+00,1.520974e+00,1.596996e+00,1.828960e+00,1.702393e+00,1.479394e+00,1.581712e+00,1.705444e+00,1.892717e+00,1.553611e+00,1.644158e+00,1.670345e+00,1.806851e+00,1.836376e+00,1.693412e+00,1.767719e+00,1.509369e-01,1.479394e+00,2.017919e+00
6.037000e+00,1.110680e+00,1.934427e+00,1.881525e+00,1.917969e+00,1.896400e+00,1.945674e+00,1.821124e+00,1.940000e+00,2.018775e+00,1.890769e+00,1.674286e+00,1.521810e+00,1.597628e+00,1.829520e+00,1.703107e+00,1.480179e+00,1.582432e+00,1.707333e+00,1.895376e+00,1.554358e+00,1.644983e+00,1.671252e+00,1.807489e+00,1.836812e+00,1.694529e+00,1.768657e+00,1.509570e-01,1.480179e+00,2.018775e+00
6.038000e+00,1.111010e+00,1.935344e+00,1.882601e+00,1.917578e+00,1.897767e+00,1.944372e+00,1.821985e+00,1.940900e+00,2.020419e+00,1.893000e+00,1.674441e+00,1.522647e+00,1.598261e+00,1.830080e+00,1.703821e+00,1.480963e+00,1.583151e+00,1.706111e+00,1.896879e+00,1.555106e+00,1.645808e+00,1.672159e+00,1.807191e+00,1.837031e+00,1.694588e+00,1.769258e+00,1.510290e-01,1.480963e+00,2.020419e+00
6.039000e+00,1.111190e+00,1.936336e+00,1.884439e+00,1.917266e+00,1.898800e+00,1.944047e+00,1.823146e+00,1.941979e+00,2.022399e+00,1.894615e+00,1.675652e+00,1.523485e+00,1.599051e+00,1.831840e+00,1.704534e+00,1.481748e+00,1.583871e+00,1.705667e+00,1.897283e+00,1.555854e+00,1.646633e+00,1.673025e+00,1.805702e+00,1.838646e+00,1.695471e+00,1.770062e+00,1.511166e-01,1.481748e+00,2.022399e+00
6.040000e+00,1.111350e+00,1.936641e+00,1.884709e+00,1.919453e+00,1.899733e+00,1.944047e+00,1.823633e+00,1.942879e+00,2.023691e+00,1.895346e+00,1.676335e+00,1.524323e+00,1.600158e+00,1.831760e+00,1.705248e+00,1.482533e+00,1.584591e+00,1.704778e+00,1.898382e+00,1.556603e+00,1.647459e+00,1.673932e+00,1.805957e+00,1.839039e+00,1.695941e+00,1.770716e+00,1.511442e-01,1.482533e+00,2.023691e+00
6.041000e+00,1.111540e+00,1.938855e+00,1.887892e+00,1.920703e+00,1.901333e+00,1.944140e+00,1.824382e+00,1.943959e+00,2.025201e+00,1.896769e+00,1.677205e+00,1.525162e+00,1.601304e+00,1.833120e+00,1.705961e+00,1.483319e+00,1.585310e+00,1.703000e+00,1.900289e+00,1.557353e+00,1.648285e+00,1.674799e+00,1.806766e+00,1.840917e+00,1.697000e+00,1.771793e+00,1.514791e-01,1.483319e+00,2.025201e+00
6.042000e+00,1.111960e+00,1.939160e+00,1.888610e+00,1.921094e+00,1.902067e+00,1.944837e+00,1.825655e+00,1.944242e+00,2.026141e+00,1.898115e+00,1.678323e+00,1.526001e+00,1.601976e+00,1.834320e+00,1.706675e+00,1.484106e+00,1.586030e+00,1.703111e+00,1.900694e+00,1.558103e+00,1.649111e+00,1.675666e+00,1.807404e+00,1.842489e+00,1.697588e+00,1.772563e+00,1.514664e-01,1.484106e+00,2.026141e+00
6.043000e+00,1.112060e+00,1.938550e+00,1.890404e+00,1.922891e+00,1.902967e+00,1.946140e+00,1.826442e+00,1.945039e+00,2.027701e+00,1.900192e+00,1.679286e+00,1.526841e+00,1.603083e+00,1.835040e+00,1.707388e+00,1.484893e+00,1.586749e+00,1.704556e+00,1.901214e+00,1.558855e+00,1.649938e+00,1.676533e+00,1.808851e+00,1.843057e+00,1.698824e+00,1.773560e+00,1.515541e-01,1.484893e+00,2.027701e+00
6.044000e+00,1.112470e+00,1.941145e+00,1.892018e+00,1.921641e+00,1.903800e+00,1.946512e+00,1.827303e+00,1.946632e+00,2.028708e+00,1.901654e+00,1.679907e+00,1.527681e+00,1.604071e+00,1.834480e+00,1.708102e+00,1.485680e+00,1.587469e+00,1.703333e+00,1.903179e+00,1.559607e+00,1.650765e+00,1.677399e+00,1.809787e+00,1.844629e+00,1.699412e+00,1.774371e+00,1.517132e-01,1.485680e+00,2.028708e+00
6.045000e+00,1.112680e+00,1.942672e+00,1.892870e+00,1.923281e+00,1.904800e+00,1.948093e+00,1.827753e+00,1.947018e+00,2.029513e+00,1.902308e+00,1.680342e+00,1.528522e+00,1.605059e+00,1.837200e+00,1.708815e+00,1.486468e+00,1.588188e+00,1.702667e+00,1.904509e+00,1.560360e+00,1.651592e+00,1.678267e+00,1.810553e+00,1.846157e+00,1.700824e+00,1.775326e+00,1.518827e-01,1.486468e+00,2.029513e+00
6.046000e+00,1.113100e+00,1.942214e+00,1.894305e+00,1.922813e+00,1.905300e+00,1.948791e+00,1.828801e+00,1.947943e+00,2.031040e+00,1.903038e+00,1.681056e+00,1.529363e+00,1.606166e+00,1.837280e+00,1.709528e+00,1.487256e+00,1.588908e+00,1.705333e+00,1.905029e+00,1.561113e+00,1.652420e+00,1.679134e+00,1.811447e+00,1.847162e+00,1.702176e+00,1.776151e+00,1.517633e-01,1.487256e+00,2.031040e+00
6.047000e+00,1.113210e+00,1.945115e+00,1.896502e+00,1.924844e+00,1.906267e+00,1.950605e+00,1.828951e+00,1.948843e+00,2.031913e+00,1.904846e+00,1.682050e+00,1.530205e+00,1.606680e+00,1.839840e+00,1.710241e+00,1.488045e+00,1.589627e+00,1.706000e+00,1.907688e+00,1.561868e+00,1.653248e+00,1.680001e+00,1.812426e+00,1.847773e+00,1.702000e+00,1.777316e+00,1.521728e-01,1.488045e+00,2.031913e+00
6.048000e+00,1.113400e+00,1.944580e+00,1.897758e+00,1.925312e+00,1.906467e+00,1.951535e+00,1.829738e+00,1.948535e+00,2.032265e+00,1.906192e+00,1.683540e+00,1.531047e+00,1.607549e+00,1.838960e+00,1.710954e+00,1.488834e+00,1.590346e+00,1.707444e+00,1.907514e+00,1.562623e+00,1.654076e+00,1.680869e+00,1.813702e+00,1.848821e+00,1.704353e+00,1.778042e+00,1.519185e-01,1.488834e+00,2.032265e+00
6.049000e+00,1.113690e+00,1.945802e+00,1.898744e+00,1.925937e+00,1.906267e+00,1.953256e+00,1.831086e+00,1.947635e+00,2.030822e+00,1.907000e+00,1.684379e+00,1.531890e+00,1.608577e+00,1.840320e+00,1.711667e+00,1.489623e+00,1.591066e+00,1.710111e+00,1.908382e+00,1.563380e+00,1.654905e+00,1.681736e+00,1.814340e+00,1.848996e+00,1.704647e+00,1.778774e+00,1.516833e-01,1.489623e+00,2.030822e+00
6.050000e+00,1.113900e+00,1.946565e+00,1.899283e+00,1.926641e+00,1.906667e+00,1.954558e+00,1.831161e+00,1.947069e+00,2.030487e+00,1.907231e+00,1.685217e+00,1.532734e+00,1.609328e+00,1.842080e+00,1.712380e+00,1.490414e+00,1.591785e+00,1.707444e+00,1.909711e+00,1.564136e+00,1.655735e+00,1.682604e+00,1.815319e+00,1.849039e+00,1.705118e+00,1.779279e+00,1.516079e-01,1.490414e+00,2.030487e+00
6.051000e+00,1.114240e+00,1.948855e+00,1.900224e+00,1.926328e+00,1.906700e+00,1.955907e+00,1.832509e+00,1.947044e+00,2.030889e+00,1.907808e+00,1.685807e+00,1.533578e+00,1.610909e+00,1.842320e+00,1.713093e+00,1.491204e+00,1.592504e+00,1.708889e+00,1.911329e+00,1.564894e+00,1.656569e+00,1.683472e+00,1.816340e+00,1.849170e+00,1.706059e+00,1.780100e+00,1.515366e-01,1.491204e+00,2.030889e+00
6.052000e+00,1.114410e+00,1.948702e+00,1.900673e+00,1.925469e+00,1.907667e+00,1.957395e+00,1.833521e+00,1.947326e+00,2.031611e+00,1.909385e+00,1.686646e+00,1.534422e+00,1.611502e+00,1.842960e+00,1.713805e+00,1.491995e+00,1.593224e+00,1.711333e+00,1.912197e+00,1.565655e+00,1.657405e+00,1.684340e+00,1.817745e+00,1.848996e+00,1.707353e+00,1.780889e+00,1.514120e-01,1.491995e+00,2.031611e+00
6.053000e+00,1.114820e+00,1.950076e+00,1.901570e+00,1.926328e+00,1.909367e+00,1.957907e+00,1.834307e+00,1.948226e+00,2.032936e+00,1.910462e+00,1.687360e+00,1.535267e+00,1.611779e+00,1.845200e+00,1.714517e+00,1.492787e+00,1.593943e+00,1.711778e+00,1.914046e+00,1.566418e+00,1.658242e+00,1.685208e+00,1.818638e+00,1.850742e+00,1.708176e+00,1.781887e+00,1.516291e-01,1.492787e+00,2.032936e+00
6.054000e+00,1.114920e+00,1.952824e+00,1.901794e+00,1.927656e+00,1.910633e+00,1.958558e+00,1.835468e+00,1.948766e+00,2.033960e+00,1.911846e+00,1.688851e+00,1.536113e+00,1.612292e+00,1.844800e+00,1.715229e+00,1.493579e+00,1.594662e+00,1.712222e+00,1.915029e+00,1.567184e+00,1.659080e+00,1.686077e+00,1.819064e+00,1.850961e+00,1.709235e+00,1.782745e+00,1.517310e-01,1.493579e+00,2.033960e+00
6.055000e+00,1.115250e+00,1.953130e+00,1.902422e+00,1.929609e+00,1.911867e+00,1.959860e+00,1.836180e+00,1.949126e+00,2.035252e+00,1.912308e+00,1.689099e+00,1.536959e+00,1.613755e+00,1.846080e+00,1.715941e+00,1.494371e+00,1.595382e+00,1.713556e+00,1.914335e+00,1.567949e+00,1.659919e+00,1.686945e+00,1.820383e+00,1.852271e+00,1.709765e+00,1.783603e+00,1.517383e-01,1.494371e+00,2.035252e+00
6.056000e+00,1.115570e+00,1.953053e+00,1.903857e+00,1.929297e+00,1.913100e+00,1.960698e+00,1.836592e+00,1.949949e+00,2.036023e+00,1.914192e+00,1.689814e+00,1.537805e+00,1.615296e+00,1.846880e+00,1.716653e+00,1.495164e+00,1.596101e+00,1.713556e+00,1.912370e+00,1.568715e+00,1.660759e+00,1.687814e+00,1.821489e+00,1.853188e+00,1.711235e+00,1.784317e+00,1.516018e-01,1.495164e+00,2.036023e+00
6.057000e+00,1.115710e+00,1.954504e+00,1.904933e+00,1.930937e+00,1.914733e+00,1.961395e+00,1.837528e+00,1.950720e+00,2.036594e+00,1.916385e+00,1.690745e+00,1.538652e+00,1.616126e+00,1.847840e+00,1.717365e+00,1.495957e+00,1.596824e+00,1.713667e+00,1.911329e+00,1.569483e+00,1.661601e+00,1.688682e+00,1.821915e+00,1.854410e+00,1.711529e+00,1.785161e+00,1.516972e-01,1.495957e+00,2.036594e+00
6.058000e+00,1.116070e+00,1.954580e+00,1.905605e+00,1.929062e+00,1.916333e+00,1.961907e+00,1.838277e+00,1.952031e+00,2.037181e+00,1.917154e+00,1.691025e+00,1.539500e+00,1.616126e+00,1.849520e+00,1.718076e+00,1.496751e+00,1.597543e+00,1.716889e+00,1.911561e+00,1.570252e+00,1.662443e+00,1.689551e+00,1.822426e+00,1.855502e+00,1.711647e+00,1.785873e+00,1.515924e-01,1.496751e+00,2.037181e+00
6.059000e+00,1.116260e+00,1.955267e+00,1.906861e+00,1.930312e+00,1.917500e+00,1.963302e+00,1.838876e+00,1.953136e+00,2.038238e+00,1.918385e+00,1.691460e+00,1.540348e+00,1.616759e+00,1.850560e+00,1.718787e+00,1.497546e+00,1.598263e+00,1.715444e+00,1.912659e+00,1.571022e+00,1.663270e+00,1.690420e+00,1.823447e+00,1.856114e+00,1.711824e+00,1.786658e+00,1.517948e-01,1.497546e+00,2.038238e+00
6.060000e+00,1.116410e+00,1.956641e+00,1.908117e+00,1.932578e+00,1.919200e+00,1.963442e+00,1.840150e+00,1.954087e+00,2.039916e+00,1.920077e+00,1.692112e+00,1.541197e+00,1.618419e+00,1.850240e+00,1.719498e+00,1.498340e+00,1.598982e+00,1.715667e+00,1.913410e+00,1.571793e+00,1.664106e+00,1.691288e+00,1.825106e+00,1.857162e+00,1.713176e+00,1.787696e+00,1.519595e-01,1.498340e+00,2.039916e+00
6.061000e+00,1.116590e+00,1.957557e+00,1.910717e+00,1.933906e+00,1.919733e+00,1.964884e+00,1.841124e+00,1.955270e+00,2.040570e+00,1.920692e+00,1.693323e+00,1.542046e+00,1.619289e+00,1.852400e+00,1.720208e+00,1.499136e+00,1.599705e+00,1.718111e+00,1.913642e+00,1.572565e+00,1.664934e+00,1.692157e+00,1.826255e+00,1.858472e+00,1.713294e+00,1.788750e+00,1.520570e-01,1.499136e+00,2.040570e+00
6.062000e+00,1.116750e+00,1.958244e+00,1.911928e+00,1.933359e+00,1.920633e+00,1.966047e+00,1.841311e+00,1.956272e+00,2.042383e+00,1.920615e+00,1.694472e+00,1.542896e+00,1.620000e+00,1.852160e+00,1.720919e+00,1.499931e+00,1.600431e+00,1.718222e+00,1.915838e+00,1.573339e+00,1.665763e+00,1.693026e+00,1.826596e+00,1.859432e+00,1.713706e+00,1.789480e+00,1.521183e-01,1.499931e+00,2.042383e+00
6.063000e+00,1.117180e+00,1.957176e+00,1.913004e+00,1.933594e+00,1.921467e+00,1.967023e+00,1.841124e+00,1.957455e+00,2.043742e+00,1.920115e+00,1.695652e+00,1.543746e+00,1.620395e+00,1.852640e+00,1.721629e+00,1.500728e+00,1.601157e+00,1.718222e+00,1.916416e+00,1.574121e+00,1.666591e+00,1.693895e+00,1.828766e+00,1.860044e+00,1.715765e+00,1.790186e+00,1.520219e-01,1.500728e+00,2.043742e+00
6.064000e+00,1.117360e+00,1.957557e+00,1.914484e+00,1.934922e+00,1.922633e+00,1.967814e+00,1.841423e+00,1.958535e+00,2.045017e+00,1.920231e+00,1.696056e+00,1.544597e+00,1.621581e+00,1.854960e+00,1.722338e+00,1.501524e+00,1.601877e+00,1.720222e+00,1.917399e+00,1.574906e+00,1.667428e+00,1.694764e+00,1.829362e+00,1.860786e+00,1.716000e+00,1.791101e+00,1.520842e-01,1.501524e+00,2.045017e+00
6.065000e+00,1.117660e+00,1.956565e+00,1.915381e+00,1.934297e+00,1.923667e+00,1.968837e+00,1.841423e+00,1.959563e+00,2.046493e+00,1.921038e+00,1.696335e+00,1.545448e+00,1.622292e+00,1.855600e+00,1.723048e+00,1.502321e+00,1.602596e+00,1.720667e+00,1.918150e+00,1.575693e+00,1.668266e+00,1.695634e+00,1.829830e+00,1.861397e+00,1.717412e+00,1.791748e+00,1.520172e-01,1.502321e+00,2.046493e+00
6.066000e+00,1.117950e+00,1.956489e+00,1.916816e+00,1.934453e+00,1.924267e+00,1.971349e+00,1.841910e+00,1.960617e+00,2.047148e+00,1.921654e+00,1.696770e+00,1.546300e+00,1.623202e+00,1.855680e+00,1.723757e+00,1.503119e+00,1.603316e+00,1.720222e+00,1.919884e+00,1.576483e+00,1.669103e+00,1.696503e+00,1.831106e+00,1.862926e+00,1.717412e+00,1.792520e+00,1.521255e-01,1.503119e+00,2.047148e+00
6.067000e+00,1.118160e+00,1.958321e+00,1.917444e+00,1.936328e+00,1.925067e+00,1.972000e+00,1.842172e+00,1.961722e+00,2.048121e+00,1.921962e+00,1.695559e+00,1.547152e+00,1.624229e+00,1.857600e+00,1.724466e+00,1.503917e+00,1.604036e+00,1.721889e+00,1.921561e+00,1.577275e+00,1.669942e+00,1.697372e+00,1.832426e+00,1.863974e+00,1.718000e+00,1.793439e+00,1.522927e-01,1.503917e+00,2.048121e+00
6.068000e+00,1.118360e+00,1.958244e+00,1.919193e+00,1.937969e+00,1.925900e+00,1.973163e+00,1.843895e+00,1.962725e+00,2.048473e+00,1.922462e+00,1.695466e+00,1.548005e+00,1.625059e+00,1.858640e+00,1.725174e+00,1.504716e+00,1.604756e+00,1.722111e+00,1.922601e+00,1.578070e+00,1.670780e+00,1.698241e+00,1.833532e+00,1.864934e+00,1.719176e+00,1.794304e+00,1.523624e-01,1.504716e+00,2.048473e+00
6.069000e+00,1.118690e+00,1.959160e+00,1.920179e+00,1.939219e+00,1.927967e+00,1.974140e+00,1.844869e+00,1.962725e+00,2.048607e+00,1.922731e+00,1.695342e+00,1.548859e+00,1.625375e+00,1.858720e+00,1.725882e+00,1.505515e+00,1.605476e+00,1.722667e+00,1.924855e+00,1.578855e+00,1.671619e+00,1.699110e+00,1.833660e+00,1.865852e+00,1.719000e+00,1.795016e+00,1.524534e-01,1.505515e+00,2.048607e+00
6.070000e+00,1.118880e+00,1.960763e+00,1.920404e+00,1.938672e+00,1.928900e+00,1.975535e+00,1.845131e+00,1.963393e+00,2.049463e+00,1.924385e+00,1.696025e+00,1.549713e+00,1.626443e+00,1.860480e+00,1.726590e+00,1.506314e+00,1.606196e+00,1.724778e+00,1.926416e+00,1.579641e+00,1.672459e+00,1.699980e+00,1.834553e+00,1.866943e+00,1.717647e+00,1.795868e+00,1.525325e-01,1.506314e+00,2.049463e+00
6.071000e+00,1.119150e+00,1.961985e+00,1.921300e+00,1.940000e+00,1.930500e+00,1.974791e+00,1.845805e+00,1.963599e+00,2.050554e+00,1.926192e+00,1.696894e+00,1.550567e+00,1.627154e+00,1.860560e+00,1.727298e+00,1.507114e+00,1.606916e+00,1.723556e+00,1.927861e+00,1.580429e+00,1.673299e+00,1.700849e+00,1.833872e+00,1.867555e+00,1.717118e+00,1.796490e+00,1.526177e-01,1.507114e+00,2.050554e+00
6.072000e+00,1.119440e+00,1.962748e+00,1.922018e+00,1.941562e+00,1.931500e+00,1.974698e+00,1.846629e+00,1.964576e+00,2.051862e+00,1.927538e+00,1.697143e+00,1.551422e+00,1.627866e+00,1.860960e+00,1.728005e+00,1.507914e+00,1.607636e+00,1.725333e+00,1.929017e+00,1.581217e+00,1.674139e+00,1.701718e+00,1.832894e+00,1.869345e+00,1.717294e+00,1.797293e+00,1.526907e-01,1.507914e+00,2.051862e+00
6.073000e+00,1.119710e+00,1.964733e+00,1.923139e+00,1.942891e+00,1.932800e+00,1.974279e+00,1.847528e+00,1.965527e+00,2.052819e+00,1.928154e+00,1.698075e+00,1.552278e+00,1.627273e+00,1.864320e+00,1.728712e+00,1.508715e+00,1.608356e+00,1.726000e+00,1.930867e+00,1.582007e+00,1.674969e+00,1.702587e+00,1.832766e+00,1.870917e+00,1.717588e+00,1.798221e+00,1.529124e-01,1.508715e+00,2.052819e+00
6.074000e+00,1.120060e+00,1.965649e+00,1.923184e+00,1.943906e+00,1.934133e+00,1.975163e+00,1.849738e+00,1.965630e+00,2.053792e+00,1.929615e+00,1.698727e+00,1.553134e+00,1.626719e+00,1.863360e+00,1.729419e+00,1.509516e+00,1.609076e+00,1.726444e+00,1.932312e+00,1.582798e+00,1.675799e+00,1.703456e+00,1.833617e+00,1.870830e+00,1.718294e+00,1.798930e+00,1.529984e-01,1.509516e+00,2.053792e+00
6.075000e+00,1.120250e+00,1.966260e+00,1.923318e+00,1.944687e+00,1.934767e+00,1.975442e+00,1.849963e+00,1.966478e+00,2.055084e+00,1.931615e+00,1.700031e+00,1.553990e+00,1.627826e+00,1.865120e+00,1.730125e+00,1.510318e+00,1.609796e+00,1.725889e+00,1.934277e+00,1.583590e+00,1.676628e+00,1.704325e+00,1.833702e+00,1.871310e+00,1.718765e+00,1.799721e+00,1.530592e-01,1.510318e+00,2.055084e+00
6.076000e+00,1.120430e+00,1.967023e+00,1.924081e+00,1.945469e+00,1.936300e+00,1.976326e+00,1.850899e+00,1.967121e+00,2.056023e+00,1.933962e+00,1.700901e+00,1.554847e+00,1.628538e+00,1.864560e+00,1.730831e+00,1.511120e+00,1.610516e+00,1.728111e+00,1.934220e+00,1.584383e+00,1.677458e+00,1.705193e+00,1.834681e+00,1.871528e+00,1.719824e+00,1.800580e+00,1.530497e-01,1.511120e+00,2.056023e+00
6.077000e+00,1.120800e+00,1.967481e+00,1.923677e+00,1.946562e+00,1.937467e+00,1.976465e+00,1.851910e+00,1.967866e+00,2.056997e+00,1.935423e+00,1.701366e+00,1.555705e+00,1.629842e+00,1.864160e+00,1.731537e+00,1.511923e+00,1.611236e+00,1.728556e+00,1.936185e+00,1.585178e+00,1.678288e+00,1.706062e+00,1.835191e+00,1.872009e+00,1.720294e+00,1.801308e+00,1.530364e-01,1.511923e+00,2.056997e+00
6.078000e+00,1.121040e+00,1.968244e+00,1.925336e+00,1.946484e+00,1.937367e+00,1.977628e+00,1.853596e+00,1.968843e+00,2.057752e+00,1.936731e+00,1.701242e+00,1.556563e+00,1.630395e+00,1.864400e+00,1.732242e+00,1.512726e+00,1.611956e+00,1.728778e+00,1.937572e+00,1.585973e+00,1.679119e+00,1.706930e+00,1.835787e+00,1.871397e+00,1.721000e+00,1.802003e+00,1.530816e-01,1.512726e+00,2.057752e+00
6.079000e+00,1.121350e+00,1.968779e+00,1.925785e+00,1.945859e+00,1.936867e+00,1.977395e+00,1.854682e+00,1.969589e+00,2.058473e+00,1.938500e+00,1.702453e+00,1.557422e+00,1.630870e+00,1.863040e+00,1.732947e+00,1.513530e+00,1.612676e+00,1.728889e+00,1.938613e+00,1.586769e+00,1.679949e+00,1.707798e+00,1.837149e+00,1.871878e+00,1.722059e+00,1.802582e+00,1.529199e-01,1.513530e+00,2.058473e+00
6.080000e+00,1.121550e+00,1.970534e+00,1.926547e+00,1.945703e+00,1.937133e+00,1.979395e+00,1.856180e+00,1.969460e+00,2.057232e+00,1.939731e+00,1.703292e+00,1.558281e+00,1.631700e+00,1.863280e+00,1.733651e+00,1.514334e+00,1.613397e+00,1.730444e+00,1.939480e+00,1.587566e+00,1.680780e+00,1.708666e+00,1.837830e+00,1.872620e+00,1.722765e+00,1.803333e+00,1.527793e-01,1.514334e+00,2.057232e+00
6.081000e+00,1.121720e+00,1.971221e+00,1.928789e+00,1.947500e+00,1.937900e+00,1.979674e+00,1.857341e+00,1.968663e+00,2.055319e+00,1.940962e+00,1.704224e+00,1.559141e+00,1.633281e+00,1.865280e+00,1.734356e+00,1.515139e+00,1.614117e+00,1.729556e+00,1.941618e+00,1.588365e+00,1.681611e+00,1.709533e+00,1.839191e+00,1.874760e+00,1.723412e+00,1.804206e+00,1.526948e-01,1.515139e+00,2.055319e+00
6.082000e+00,1.122030e+00,1.972137e+00,1.929507e+00,1.946875e+00,1.938433e+00,1.981349e+00,1.858427e+00,1.968509e+00,2.054178e+00,1.941115e+00,1.705807e+00,1.560001e+00,1.633953e+00,1.864720e+00,1.735060e+00,1.515944e+00,1.614837e+00,1.731000e+00,1.942081e+00,1.589164e+00,1.682443e+00,1.710400e+00,1.840936e+00,1.876070e+00,1.724118e+00,1.804878e+00,1.524352e-01,1.515944e+00,2.054178e+00
6.083000e+00,1.122300e+00,1.974427e+00,1.931525e+00,1.946016e+00,1.939000e+00,1.982279e+00,1.859663e+00,1.968586e+00,2.054094e+00,1.942423e+00,1.706770e+00,1.560862e+00,1.634704e+00,1.865600e+00,1.735763e+00,1.516749e+00,1.615558e+00,1.733333e+00,1.942775e+00,1.589964e+00,1.683275e+00,1.711267e+00,1.841872e+00,1.876681e+00,1.724471e+00,1.805736e+00,1.523828e-01,1.516749e+00,2.054094e+00
6.084000e+00,1.122600e+00,1.975496e+00,1.931794e+00,1.946953e+00,1.939900e+00,1.983256e+00,1.860824e+00,1.969306e+00,2.054446e+00,1.943692e+00,1.707360e+00,1.561723e+00,1.635178e+00,1.866480e+00,1.736467e+00,1.517555e+00,1.616278e+00,1.732889e+00,1.944509e+00,1.590765e+00,1.684109e+00,1.712133e+00,1.843404e+00,1.878253e+00,1.725471e+00,1.806593e+00,1.524820e-01,1.517555e+00,2.054446e+00
6.085000e+00,1.122860e+00,1.976412e+00,1.930404e+00,1.947656e+00,1.941600e+00,1.984651e+00,1.862509e+00,1.969820e+00,2.055034e+00,1.945423e+00,1.708168e+00,1.562585e+00,1.636917e+00,1.867520e+00,1.737170e+00,1.518362e+00,1.616999e+00,1.733778e+00,1.946532e+00,1.591567e+00,1.684942e+00,1.712999e+00,1.843447e+00,1.879214e+00,1.727118e+00,1.807534e+00,1.524718e-01,1.518362e+00,2.055034e+00
6.086000e+00,1.123140e+00,1.976718e+00,1.928834e+00,1.948828e+00,1.942400e+00,1.985907e+00,1.863745e+00,1.970797e+00,2.056527e+00,1.945731e+00,1.709255e+00,1.563447e+00,1.637510e+00,1.870000e+00,1.737872e+00,1.519169e+00,1.617719e+00,1.735333e+00,1.947341e+00,1.592369e+00,1.685777e+00,1.713864e+00,1.844596e+00,1.879432e+00,1.728235e+00,1.808392e+00,1.524479e-01,1.519169e+00,2.056527e+00
6.087000e+00,1.123310e+00,1.978855e+00,1.927892e+00,1.949688e+00,1.943533e+00,1.987163e+00,1.864906e+00,1.971568e+00,2.057836e+00,1.946038e+00,1.710745e+00,1.564310e+00,1.639012e+00,1.869840e+00,1.738574e+00,1.519976e+00,1.618440e+00,1.735222e+00,1.948960e+00,1.593173e+00,1.686613e+00,1.714728e+00,1.846894e+00,1.878297e+00,1.728882e+00,1.809214e+00,1.524713e-01,1.519976e+00,2.057836e+00
6.088000e+00,1.123400e+00,1.979084e+00,1.928161e+00,1.949062e+00,1.944700e+00,1.988837e+00,1.865356e+00,1.971979e+00,2.059060e+00,1.947731e+00,1.712174e+00,1.565173e+00,1.639921e+00,1.870800e+00,1.739276e+00,1.520784e+00,1.619160e+00,1.735111e+00,1.950636e+00,1.593977e+00,1.687449e+00,1.715591e+00,1.848000e+00,1.879301e+00,1.730529e+00,1.810077e+00,1.524886e-01,1.520784e+00,2.059060e+00
6.089000e+00,1.123830e+00,1.980305e+00,1.927892e+00,1.950703e+00,1.946233e+00,1.990047e+00,1.866479e+00,1.972416e+00,2.060503e+00,1.949346e+00,1.712919e+00,1.566037e+00,1.640277e+00,1.871280e+00,1.739978e+00,1.521592e+00,1.619885e+00,1.738111e+00,1.952023e+00,1.594782e+00,1.688286e+00,1.716454e+00,1.849021e+00,1.879607e+00,1.730765e+00,1.811039e+00,1.526142e-01,1.521592e+00,2.060503e+00
6.090000e+00,1.124050e+00,1.982214e+00,1.929058e+00,1.951172e+00,1.947533e+00,1.991209e+00,1.868090e+00,1.973008e+00,2.061661e+00,1.950731e+00,1.713789e+00,1.566902e+00,1.641621e+00,1.872880e+00,1.740679e+00,1.522401e+00,1.620610e+00,1.735667e+00,1.953064e+00,1.595588e+00,1.689125e+00,1.717315e+00,1.849957e+00,1.881528e+00,1.732588e+00,1.812016e+00,1.528096e-01,1.522401e+00,2.061661e+00
6.091000e+00,1.124460e+00,1.982061e+00,1.929821e+00,1.953984e+00,1.949333e+00,1.992093e+00,1.868839e+00,1.974242e+00,2.062651e+00,1.951192e+00,1.714317e+00,1.567767e+00,1.642727e+00,1.873440e+00,1.741380e+00,1.523210e+00,1.621335e+00,1.737222e+00,1.953757e+00,1.596395e+00,1.689975e+00,1.718175e+00,1.850936e+00,1.883231e+00,1.732059e+00,1.812923e+00,1.529154e-01,1.523210e+00,2.062651e+00
6.092000e+00,1.124690e+00,1.983130e+00,1.930628e+00,1.954844e+00,1.950467e+00,1.993116e+00,1.869850e+00,1.974936e+00,2.063792e+00,1.952615e+00,1.715311e+00,1.568632e+00,1.644427e+00,1.876240e+00,1.742081e+00,1.524020e+00,1.622056e+00,1.740222e+00,1.954798e+00,1.597202e+00,1.690815e+00,1.719033e+00,1.851362e+00,1.884323e+00,1.734000e+00,1.814079e+00,1.529241e-01,1.524020e+00,2.063792e+00
6.093000e+00,1.124890e+00,1.984275e+00,1.931839e+00,1.954922e+00,1.952100e+00,1.994140e+00,1.871386e+00,1.975578e+00,2.064765e+00,1.954308e+00,1.716118e+00,1.569498e+00,1.645692e+00,1.876160e+00,1.742781e+00,1.524830e+00,1.622781e+00,1.737778e+00,1.953064e+00,1.598011e+00,1.691657e+00,1.719890e+00,1.851617e+00,1.886376e+00,1.734647e+00,1.814759e+00,1.529707e-01,1.524830e+00,2.064765e+00
6.094000e+00,1.125150e+00,1.983740e+00,1.932287e+00,1.956172e+00,1.953400e+00,1.995395e+00,1.872322e+00,1.975707e+00,2.065654e+00,1.956308e+00,1.717360e+00,1.570365e+00,1.646640e+00,1.877200e+00,1.743481e+00,1.525641e+00,1.623502e+00,1.738000e+00,1.952659e+00,1.598819e+00,1.692500e+00,1.720745e+00,1.852766e+00,1.886463e+00,1.736412e+00,1.815564e+00,1.528995e-01,1.525641e+00,2.065654e+00
6.095000e+00,1.125320e+00,1.986718e+00,1.933543e+00,1.956484e+00,1.955200e+00,1.995860e+00,1.873521e+00,1.976967e+00,2.066611e+00,1.957000e+00,1.718199e+00,1.571232e+00,1.647589e+00,1.878160e+00,1.744181e+00,1.526452e+00,1.624228e+00,1.739889e+00,1.952428e+00,1.599629e+00,1.693343e+00,1.721598e+00,1.854213e+00,1.886943e+00,1.737118e+00,1.816546e+00,1.529829e-01,1.526452e+00,2.066611e+00
6.096000e+00,1.125570e+00,1.987481e+00,1.934843e+00,1.957969e+00,1.956067e+00,1.996233e+00,1.874382e+00,1.977789e+00,2.067634e+00,1.957846e+00,1.718230e+00,1.572099e+00,1.648933e+00,1.879120e+00,1.744880e+00,1.527264e+00,1.624953e+00,1.740333e+00,1.953353e+00,1.600439e+00,1.694189e+00,1.722449e+00,1.855277e+00,1.887118e+00,1.737765e+00,1.817360e+00,1.530255e-01,1.527264e+00,2.067634e+00
6.097000e+00,1.125860e+00,1.987634e+00,1.935605e+00,1.957344e+00,1.957467e+00,1.997674e+00,1.875730e+00,1.978715e+00,2.068456e+00,1.959423e+00,1.718634e+00,1.572968e+00,1.650277e+00,1.879920e+00,1.745579e+00,1.528076e+00,1.625678e+00,1.742111e+00,1.954277e+00,1.601250e+00,1.695035e+00,1.723297e+00,1.855574e+00,1.886900e+00,1.738529e+00,1.818173e+00,1.529830e-01,1.528076e+00,2.068456e+00
6.098000e+00,1.126170e+00,1.988244e+00,1.937265e+00,1.958906e+00,1.959300e+00,1.998419e+00,1.876592e+00,1.979537e+00,2.069899e+00,1.960500e+00,1.718851e+00,1.573836e+00,1.651818e+00,1.880320e+00,1.746278e+00,1.528888e+00,1.626403e+00,1.743333e+00,1.955318e+00,1.602061e+00,1.695882e+00,1.724141e+00,1.856128e+00,1.886769e+00,1.738529e+00,1.819051e+00,1.530939e-01,1.528888e+00,2.069899e+00
6.099000e+00,1.126350e+00,1.988931e+00,1.938072e+00,1.960078e+00,1.960300e+00,1.999070e+00,1.878951e+00,1.980180e+00,2.071040e+00,1.961000e+00,1.719503e+00,1.574705e+00,1.653123e+00,1.882720e+00,1.746976e+00,1.529701e+00,1.627128e+00,1.741556e+00,1.955607e+00,1.602888e+00,1.696731e+00,1.724983e+00,1.857362e+00,1.885939e+00,1.738765e+00,1.819804e+00,1.531596e-01,1.529701e+00,2.071040e+00
6.100000e+00,1.126680e+00,1.990076e+00,1.938565e+00,1.960703e+00,1.962000e+00,1.999302e+00,1.880562e+00,1.981491e+00,2.071997e+00,1.960423e+00,1.721273e+00,1.575575e+00,1.653794e+00,1.881920e+00,1.747675e+00,1.530515e+00,1.627853e+00,1.742333e+00,1.957572e+00,1.603715e+00,1.697581e+00,1.725820e+00,1.858383e+00,1.885852e+00,1.740059e+00,1.820627e+00,1.531270e-01,1.530515e+00,2.071997e+00
6.101000e+00,1.126940e+00,1.991985e+00,1.940135e+00,1.963828e+00,1.963167e+00,2.001395e+00,1.882135e+00,1.982134e+00,2.072701e+00,1.959462e+00,1.722360e+00,1.576445e+00,1.654269e+00,1.883120e+00,1.748372e+00,1.531328e+00,1.628578e+00,1.743444e+00,1.959017e+00,1.604542e+00,1.698432e+00,1.726652e+00,1.858766e+00,1.886987e+00,1.740588e+00,1.821660e+00,1.533369e-01,1.531328e+00,2.072701e+00
6.102000e+00,1.127180e+00,1.992977e+00,1.940448e+00,1.963203e+00,1.964200e+00,2.002000e+00,1.883858e+00,1.983342e+00,2.073154e+00,1.960538e+00,1.724410e+00,1.577316e+00,1.655494e+00,1.884640e+00,1.749070e+00,1.532143e+00,1.629303e+00,1.738889e+00,1.959884e+00,1.605370e+00,1.699283e+00,1.727480e+00,1.859915e+00,1.888341e+00,1.741647e+00,1.822371e+00,1.533779e-01,1.532143e+00,2.073154e+00
6.103000e+00,1.127290e+00,1.992061e+00,1.941928e+00,1.965937e+00,1.965500e+00,2.002930e+00,1.884869e+00,1.984319e+00,2.073876e+00,1.961423e+00,1.724783e+00,1.578187e+00,1.656798e+00,1.886240e+00,1.749767e+00,1.532958e+00,1.630025e+00,1.738556e+00,1.961908e+00,1.606198e+00,1.700136e+00,1.728302e+00,1.860936e+00,1.889563e+00,1.741588e+00,1.823283e+00,1.535288e-01,1.532958e+00,2.073876e+00
6.104000e+00,1.127510e+00,1.994885e+00,1.942780e+00,1.965000e+00,1.966733e+00,2.002698e+00,1.885393e+00,1.985707e+00,2.074799e+00,1.961500e+00,1.725217e+00,1.579059e+00,1.657787e+00,1.886400e+00,1.750464e+00,1.533773e+00,1.630747e+00,1.738889e+00,1.962775e+00,1.607011e+00,1.700989e+00,1.729118e+00,1.860340e+00,1.891223e+00,1.742471e+00,1.823990e+00,1.535265e-01,1.533773e+00,2.074799e+00
6.105000e+00,1.127750e+00,1.992901e+00,1.943946e+00,1.966719e+00,1.967733e+00,2.002791e+00,1.885356e+00,1.986195e+00,2.075973e+00,1.962769e+00,1.725373e+00,1.579932e+00,1.658854e+00,1.888320e+00,1.751160e+00,1.534589e+00,1.631469e+00,1.738556e+00,1.963526e+00,1.607825e+00,1.701843e+00,1.729927e+00,1.859277e+00,1.892533e+00,1.743118e+00,1.824612e+00,1.534755e-01,1.534589e+00,2.075973e+00
6.106000e+00,1.128070e+00,1.992824e+00,1.945112e+00,1.967578e+00,1.968900e+00,2.002698e+00,1.885693e+00,1.986838e+00,2.077802e+00,1.963423e+00,1.726584e+00,1.580804e+00,1.659249e+00,1.889120e+00,1.751856e+00,1.535405e+00,1.632191e+00,1.737556e+00,1.966012e+00,1.608638e+00,1.702698e+00,1.730730e+00,1.857872e+00,1.894061e+00,1.744176e+00,1.825326e+00,1.535700e-01,1.535405e+00,2.077802e+00
6.107000e+00,1.128200e+00,1.992366e+00,1.945964e+00,1.970156e+00,1.969667e+00,2.002744e+00,1.885918e+00,1.988098e+00,2.078557e+00,1.965192e+00,1.727484e+00,1.581678e+00,1.660237e+00,1.890240e+00,1.752552e+00,1.536222e+00,1.632914e+00,1.739556e+00,1.968613e+00,1.609451e+00,1.703558e+00,1.731526e+00,1.859021e+00,1.894323e+00,1.744824e+00,1.826286e+00,1.536193e-01,1.536222e+00,2.078557e+00
6.108000e+00,1.128590e+00,1.993206e+00,1.947444e+00,1.970312e+00,1.969033e+00,2.003163e+00,1.887079e+00,1.988740e+00,2.079664e+00,1.966654e+00,1.728354e+00,1.582552e+00,1.661739e+00,1.891200e+00,1.753248e+00,1.537039e+00,1.633636e+00,1.740222e+00,1.969653e+00,1.610264e+00,1.704419e+00,1.732315e+00,1.859787e+00,1.894847e+00,1.746176e+00,1.827115e+00,1.535510e-01,1.537039e+00,2.079664e+00
6.109000e+00,1.128800e+00,1.993817e+00,1.948879e+00,1.969141e+00,1.969367e+00,2.004372e+00,1.888502e+00,1.989280e+00,2.080218e+00,1.968038e+00,1.729161e+00,1.583426e+00,1.662490e+00,1.891040e+00,1.753943e+00,1.537857e+00,1.634358e+00,1.740111e+00,1.971618e+00,1.611091e+00,1.705281e+00,1.733099e+00,1.860255e+00,1.895240e+00,1.747294e+00,1.827828e+00,1.535244e-01,1.537857e+00,2.080218e+00
6.110000e+00,1.129190e+00,1.994504e+00,1.950000e+00,1.969375e+00,1.969333e+00,2.005953e+00,1.888539e+00,1.990000e+00,2.080671e+00,1.969346e+00,1.729814e+00,1.584301e+00,1.663083e+00,1.891520e+00,1.754638e+00,1.538675e+00,1.635081e+00,1.742444e+00,1.973468e+00,1.611918e+00,1.706143e+00,1.733879e+00,1.861404e+00,1.895153e+00,1.747412e+00,1.828611e+00,1.535048e-01,1.538675e+00,2.080671e+00
6.111000e+00,1.129400e+00,1.995267e+00,1.950942e+00,1.971328e+00,1.970267e+00,2.006512e+00,1.889663e+00,1.990591e+00,2.081309e+00,1.970423e+00,1.730528e+00,1.585177e+00,1.663320e+00,1.892880e+00,1.755333e+00,1.539493e+00,1.635804e+00,1.741889e+00,1.974855e+00,1.612744e+00,1.707005e+00,1.734657e+00,1.861234e+00,1.896070e+00,1.749235e+00,1.829439e+00,1.536013e-01,1.539493e+00,2.081309e+00
6.112000e+00,1.129440e+00,1.996336e+00,1.951345e+00,1.972344e+00,1.971267e+00,2.007767e+00,1.891648e+00,1.989666e+00,2.080050e+00,1.972154e+00,1.730404e+00,1.586053e+00,1.665099e+00,1.896000e+00,1.756027e+00,1.540312e+00,1.636526e+00,1.742889e+00,1.976705e+00,1.613568e+00,1.707868e+00,1.735436e+00,1.863064e+00,1.896681e+00,1.750529e+00,1.830406e+00,1.535283e-01,1.540312e+00,2.080050e+00
6.113000e+00,1.129840e+00,1.996870e+00,1.952870e+00,1.972266e+00,1.972100e+00,2.009209e+00,1.892734e+00,1.989177e+00,2.079010e+00,1.973192e+00,1.731273e+00,1.586929e+00,1.666126e+00,1.896240e+00,1.756721e+00,1.541132e+00,1.637249e+00,1.744556e+00,1.977977e+00,1.614392e+00,1.708731e+00,1.736220e+00,1.863787e+00,1.898472e+00,1.750706e+00,1.831164e+00,1.533765e-01,1.541132e+00,2.079010e+00
6.114000e+00,1.130040e+00,1.997252e+00,1.953812e+00,1.972031e+00,1.972633e+00,2.009302e+00,1.894195e+00,1.989203e+00,2.078591e+00,1.974192e+00,1.732360e+00,1.587806e+00,1.667312e+00,1.897040e+00,1.757415e+00,1.541952e+00,1.637972e+00,1.744333e+00,1.978728e+00,1.615215e+00,1.709594e+00,1.737062e+00,1.864894e+00,1.899913e+00,1.750647e+00,1.831811e+00,1.532077e-01,1.541952e+00,2.078591e+00
6.115000e+00,1.130400e+00,2.000000e+00,1.955291e+00,1.972187e+00,1.974400e+00,2.010279e+00,1.894981e+00,1.989383e+00,2.078960e+00,1.975423e+00,1.733012e+00,1.588684e+00,1.668893e+00,1.897280e+00,1.758108e+00,1.542772e+00,1.638695e+00,1.745556e+00,1.979075e+00,1.616036e+00,1.710458e+00,1.737907e+00,1.866766e+00,1.901048e+00,1.751471e+00,1.832778e+00,1.532423e-01,1.542772e+00,2.078960e+00
6.116000e+00,1.130700e+00,2.000076e+00,1.954888e+00,1.973125e+00,1.975067e+00,2.011349e+00,1.896929e+00,1.989666e+00,2.079161e+00,1.977423e+00,1.734286e+00,1.589562e+00,1.669565e+00,1.898000e+00,1.758801e+00,1.543593e+00,1.639418e+00,1.746778e+00,1.980636e+00,1.616856e+00,1.711315e+00,1.738754e+00,1.867319e+00,1.903100e+00,1.752118e+00,1.833658e+00,1.532185e-01,1.543593e+00,2.079161e+00
6.117000e+00,1.130850e+00,2.001603e+00,1.956592e+00,1.973437e+00,1.976167e+00,2.011814e+00,1.898127e+00,1.990154e+00,2.080336e+00,1.978538e+00,1.734193e+00,1.590441e+00,1.670593e+00,1.900000e+00,1.759494e+00,1.544415e+00,1.640141e+00,1.747778e+00,1.982081e+00,1.617674e+00,1.712172e+00,1.739605e+00,1.868553e+00,1.903624e+00,1.753412e+00,1.834623e+00,1.533286e-01,1.544415e+00,2.080336e+00
6.118000e+00,1.131180e+00,2.003588e+00,1.956906e+00,1.974844e+00,1.977767e+00,2.013070e+00,1.898951e+00,1.991465e+00,2.081544e+00,1.979154e+00,1.733727e+00,1.591320e+00,1.671976e+00,1.900560e+00,1.760187e+00,1.545237e+00,1.640864e+00,1.748111e+00,1.983064e+00,1.618481e+00,1.713029e+00,1.740460e+00,1.870255e+00,1.903581e+00,1.753176e+00,1.835471e+00,1.535183e-01,1.545237e+00,2.081544e+00
6.119000e+00,1.131320e+00,2.005115e+00,1.957803e+00,1.976719e+00,1.979267e+00,2.013395e+00,1.900749e+00,1.992185e+00,2.082416e+00,1.980269e+00,1.733199e+00,1.592199e+00,1.673399e+00,1.900640e+00,1.760879e+00,1.546059e+00,1.641587e+00,1.750000e+00,1.984335e+00,1.619288e+00,1.713886e+00,1.741319e+00,1.870255e+00,1.901528e+00,1.753176e+00,1.836236e+00,1.535751e-01,1.546059e+00,2.082416e+00
6.120000e+00,1.131640e+00,2.004656e+00,1.958430e+00,1.977344e+00,1.980700e+00,2.014698e+00,1.901498e+00,1.992853e+00,2.083523e+00,1.982154e+00,1.733199e+00,1.593080e+00,1.674071e+00,1.903680e+00,1.761571e+00,1.546882e+00,1.642311e+00,1.749889e+00,1.984624e+00,1.620094e+00,1.714743e+00,1.742183e+00,1.870723e+00,1.898908e+00,1.753765e+00,1.836899e+00,1.536176e-01,1.546882e+00,2.083523e+00
6.121000e+00,1.132000e+00,2.006870e+00,1.958610e+00,1.976953e+00,1.982433e+00,2.016279e+00,1.903034e+00,1.993368e+00,2.084664e+00,1.984038e+00,1.733447e+00,1.593960e+00,1.675178e+00,1.902640e+00,1.762262e+00,1.547705e+00,1.643034e+00,1.750667e+00,1.985491e+00,1.620899e+00,1.715601e+00,1.743051e+00,1.872340e+00,1.896026e+00,1.754588e+00,1.837631e+00,1.536719e-01,1.547705e+00,2.084664e+00
6.122000e+00,1.132150e+00,2.007099e+00,1.959417e+00,1.976484e+00,1.983733e+00,2.016419e+00,1.904906e+00,1.994036e+00,2.085805e+00,1.985000e+00,1.734503e+00,1.594842e+00,1.676324e+00,1.904320e+00,1.762954e+00,1.548529e+00,1.643758e+00,1.753111e+00,1.987225e+00,1.621704e+00,1.716458e+00,1.743923e+00,1.873447e+00,1.894105e+00,1.755529e+00,1.838485e+00,1.535738e-01,1.548529e+00,2.085805e+00
6.123000e+00,1.132350e+00,2.008550e+00,1.959731e+00,1.977344e+00,1.984367e+00,2.016744e+00,1.906404e+00,1.994987e+00,2.087114e+00,1.985192e+00,1.734938e+00,1.595723e+00,1.677075e+00,1.906800e+00,1.763645e+00,1.549353e+00,1.644481e+00,1.752222e+00,1.987688e+00,1.622508e+00,1.717316e+00,1.744801e+00,1.874851e+00,1.892533e+00,1.756059e+00,1.839184e+00,1.536300e-01,1.549353e+00,2.087114e+00
6.124000e+00,1.132670e+00,2.008702e+00,1.959776e+00,1.977891e+00,1.986267e+00,2.018186e+00,1.907790e+00,1.996144e+00,2.087886e+00,1.985962e+00,1.735466e+00,1.596606e+00,1.679170e+00,1.907280e+00,1.764336e+00,1.550177e+00,1.645208e+00,1.752889e+00,1.988671e+00,1.623304e+00,1.718174e+00,1.745682e+00,1.875149e+00,1.893188e+00,1.756765e+00,1.840028e+00,1.536092e-01,1.550177e+00,2.087886e+00
6.125000e+00,1.132890e+00,2.009618e+00,1.961928e+00,1.981172e+00,1.987500e+00,2.019814e+00,1.908502e+00,1.996607e+00,2.089027e+00,1.988038e+00,1.735404e+00,1.597489e+00,1.680237e+00,1.907120e+00,1.765026e+00,1.551003e+00,1.645936e+00,1.754000e+00,1.989769e+00,1.624100e+00,1.719032e+00,1.746568e+00,1.876511e+00,1.894847e+00,1.757176e+00,1.841101e+00,1.538886e-01,1.551003e+00,2.089027e+00
6.126000e+00,1.133180e+00,2.011298e+00,1.962960e+00,1.981641e+00,1.988567e+00,2.020512e+00,1.909176e+00,1.997558e+00,2.089916e+00,1.989423e+00,1.736118e+00,1.598372e+00,1.680514e+00,1.909040e+00,1.765716e+00,1.551828e+00,1.646663e+00,1.753333e+00,1.990809e+00,1.624896e+00,1.719890e+00,1.747458e+00,1.877149e+00,1.896114e+00,1.757824e+00,1.841949e+00,1.540562e-01,1.551828e+00,2.089916e+00
6.127000e+00,1.133390e+00,2.010840e+00,1.964619e+00,1.982734e+00,1.989867e+00,2.021302e+00,1.910000e+00,1.998817e+00,2.090923e+00,1.990615e+00,1.737298e+00,1.599256e+00,1.680909e+00,1.909360e+00,1.766406e+00,1.552654e+00,1.647390e+00,1.755111e+00,1.992775e+00,1.625692e+00,1.720748e+00,1.748352e+00,1.878298e+00,1.896332e+00,1.757588e+00,1.842829e+00,1.541418e-01,1.552654e+00,2.090923e+00
6.128000e+00,1.133730e+00,2.011832e+00,1.965471e+00,1.981562e+00,1.991567e+00,2.022884e+00,1.911311e+00,1.999923e+00,2.092181e+00,1.990885e+00,1.738727e+00,1.600140e+00,1.681818e+00,1.910800e+00,1.767096e+00,1.553481e+00,1.648117e+00,1.757111e+00,1.993584e+00,1.626487e+00,1.721606e+00,1.749258e+00,1.878851e+00,1.897773e+00,1.756471e+00,1.843706e+00,1.541904e-01,1.553481e+00,2.092181e+00
6.129000e+00,1.134090e+00,2.013359e+00,1.966278e+00,1.983359e+00,1.992200e+00,2.024419e+00,1.912322e+00,2.001234e+00,2.093037e+00,1.992385e+00,1.740062e+00,1.601025e+00,1.682885e+00,1.911280e+00,1.767785e+00,1.554308e+00,1.648845e+00,1.757000e+00,1.994682e+00,1.627283e+00,1.722465e+00,1.750165e+00,1.880000e+00,1.899083e+00,1.756000e+00,1.844644e+00,1.543829e-01,1.554308e+00,2.093037e+00
6.130000e+00,1.134130e+00,2.013664e+00,1.967534e+00,1.985625e+00,1.993567e+00,2.025814e+00,1.913483e+00,2.002442e+00,2.094396e+00,1.994615e+00,1.740559e+00,1.601911e+00,1.683794e+00,1.911360e+00,1.768474e+00,1.555135e+00,1.649572e+00,1.756667e+00,1.993757e+00,1.628078e+00,1.723323e+00,1.751073e+00,1.880936e+00,1.899345e+00,1.756529e+00,1.845486e+00,1.545431e-01,1.555135e+00,2.094396e+00
6.131000e+00,1.134480e+00,2.015802e+00,1.967892e+00,1.986172e+00,1.994600e+00,2.026884e+00,1.914082e+00,2.003059e+00,2.095419e+00,1.995000e+00,1.741211e+00,1.602797e+00,1.684743e+00,1.910560e+00,1.769163e+00,1.555963e+00,1.650299e+00,1.758667e+00,1.993179e+00,1.628872e+00,1.724182e+00,1.751983e+00,1.882383e+00,1.901616e+00,1.756118e+00,1.846277e+00,1.545267e-01,1.555963e+00,2.095419e+00
6.132000e+00,1.134690e+00,2.016794e+00,1.969283e+00,1.989062e+00,1.996133e+00,2.027907e+00,1.915468e+00,2.003907e+00,2.097047e+00,1.996423e+00,1.742484e+00,1.603683e+00,1.685613e+00,1.913360e+00,1.769851e+00,1.556791e+00,1.651026e+00,1.759667e+00,1.992486e+00,1.629672e+00,1.725040e+00,1.752893e+00,1.882766e+00,1.902926e+00,1.757000e+00,1.847387e+00,1.547180e-01,1.556791e+00,2.097047e+00
6.133000e+00,1.134920e+00,2.017939e+00,1.969417e+00,1.987266e+00,1.997267e+00,2.029256e+00,1.916067e+00,2.004524e+00,2.098372e+00,1.996731e+00,1.743323e+00,1.604570e+00,1.686285e+00,1.913280e+00,1.770539e+00,1.557620e+00,1.651753e+00,1.759222e+00,1.993121e+00,1.630472e+00,1.725899e+00,1.753795e+00,1.883362e+00,1.904279e+00,1.757059e+00,1.847976e+00,1.546884e-01,1.557620e+00,2.098372e+00
6.134000e+00,1.135220e+00,2.019160e+00,1.970807e+00,1.987734e+00,1.998267e+00,2.028884e+00,1.918015e+00,2.005244e+00,2.098993e+00,1.997923e+00,1.744348e+00,1.605458e+00,1.687589e+00,1.915120e+00,1.771227e+00,1.558450e+00,1.652481e+00,1.761111e+00,1.994566e+00,1.631270e+00,1.726758e+00,1.754701e+00,1.884128e+00,1.905240e+00,1.757706e+00,1.848966e+00,1.546761e-01,1.558450e+00,2.098993e+00
6.135000e+00,1.135490e+00,2.020840e+00,1.971031e+00,1.989453e+00,1.998900e+00,2.029581e+00,1.918764e+00,2.005373e+00,2.099815e+00,1.999308e+00,1.745373e+00,1.606346e+00,1.688893e+00,1.915840e+00,1.771915e+00,1.559279e+00,1.653206e+00,1.761000e+00,1.996012e+00,1.632068e+00,1.727617e+00,1.755609e+00,1.885745e+00,1.905764e+00,1.758000e+00,1.849822e+00,1.547435e-01,1.559279e+00,2.099815e+00
6.136000e+00,1.135830e+00,2.021679e+00,1.970628e+00,1.990156e+00,1.999833e+00,2.030093e+00,1.919026e+00,2.006118e+00,2.099866e+00,2.000462e+00,1.746615e+00,1.607235e+00,1.689605e+00,1.916560e+00,1.772602e+00,1.560110e+00,1.653933e+00,1.762000e+00,1.996647e+00,1.632865e+00,1.728476e+00,1.756520e+00,1.885957e+00,1.906943e+00,1.759059e+00,1.850541e+00,1.546115e-01,1.560110e+00,2.099866e+00
6.137000e+00,1.136090e+00,2.021603e+00,1.971704e+00,1.991953e+00,2.000000e+00,2.031209e+00,1.920524e+00,2.006272e+00,2.100134e+00,2.000962e+00,1.747640e+00,1.608124e+00,1.690435e+00,1.918320e+00,1.773289e+00,1.560940e+00,1.654661e+00,1.763000e+00,1.997110e+00,1.633661e+00,1.729335e+00,1.757432e+00,1.884851e+00,1.908515e+00,1.759529e+00,1.851300e+00,1.545330e-01,1.560940e+00,2.100134e+00
6.138000e+00,1.136130e+00,2.023359e+00,1.971031e+00,1.990781e+00,1.999433e+00,2.030233e+00,1.921236e+00,2.006607e+00,2.101158e+00,2.000423e+00,1.748913e+00,1.609014e+00,1.691344e+00,1.919280e+00,1.773976e+00,1.561771e+00,1.655388e+00,1.764111e+00,1.998613e+00,1.634456e+00,1.730195e+00,1.758347e+00,1.883915e+00,1.909738e+00,1.760824e+00,1.851839e+00,1.542322e-01,1.561771e+00,2.101158e+00
6.139000e+00,1.136530e+00,2.024122e+00,1.969955e+00,1.991719e+00,1.999333e+00,2.030233e+00,1.922360e+00,2.006889e+00,2.101879e+00,2.000346e+00,1.749472e+00,1.609904e+00,1.690949e+00,1.920160e+00,1.774663e+00,1.562603e+00,1.656113e+00,1.763556e+00,2.000116e+00,1.635250e+00,1.731054e+00,1.759264e+00,1.883745e+00,1.910961e+00,1.761118e+00,1.852323e+00,1.541700e-01,1.562603e+00,2.101879e+00
6.140000e+00,1.136780e+00,2.024351e+00,1.968565e+00,1.992266e+00,1.999333e+00,2.030186e+00,1.923558e+00,2.007326e+00,2.102601e+00,2.000385e+00,1.750466e+00,1.610794e+00,1.691344e+00,1.922400e+00,1.775349e+00,1.563435e+00,1.656839e+00,1.766111e+00,2.000694e+00,1.636044e+00,1.731913e+00,1.760181e+00,1.883745e+00,1.911834e+00,1.762176e+00,1.852996e+00,1.539191e-01,1.563435e+00,2.102601e+00
6.141000e+00,1.137110e+00,2.024504e+00,1.968072e+00,1.993359e+00,2.000167e+00,2.031209e+00,1.924457e+00,2.007995e+00,2.103322e+00,2.000808e+00,1.751615e+00,1.611686e+00,1.691067e+00,1.919360e+00,1.776035e+00,1.564268e+00,1.657565e+00,1.767222e+00,2.001618e+00,1.636836e+00,1.732773e+00,1.761100e+00,1.884000e+00,1.914017e+00,1.763000e+00,1.853586e+00,1.538236e-01,1.564268e+00,2.103322e+00
6.142000e+00,1.137320e+00,2.026794e+00,1.968520e+00,1.996875e+00,2.000900e+00,2.031023e+00,1.925393e+00,2.008560e+00,2.104094e+00,2.002269e+00,1.752391e+00,1.612578e+00,1.691028e+00,1.923760e+00,1.776720e+00,1.565101e+00,1.658290e+00,1.766000e+00,2.002659e+00,1.637628e+00,1.733632e+00,1.762020e+00,1.884596e+00,1.914934e+00,1.764000e+00,1.854574e+00,1.541026e-01,1.565101e+00,2.104094e+00
6.143000e+00,1.137500e+00,2.026641e+00,1.967892e+00,1.995234e+00,2.002433e+00,2.032233e+00,1.926180e+00,2.008920e+00,2.104060e+00,2.003154e+00,1.752888e+00,1.613470e+00,1.691779e+00,1.923840e+00,1.777406e+00,1.565934e+00,1.659016e+00,1.767444e+00,2.003584e+00,1.638419e+00,1.734492e+00,1.762941e+00,1.885532e+00,1.915983e+00,1.764294e+00,1.855157e+00,1.538962e-01,1.565934e+00,2.104060e+00
6.144000e+00,1.137690e+00,2.027328e+00,1.969327e+00,1.993984e+00,2.003067e+00,2.032140e+00,1.927528e+00,2.008046e+00,2.103272e+00,2.004423e+00,1.753292e+00,1.614363e+00,1.692727e+00,1.924720e+00,1.778091e+00,1.566768e+00,1.659742e+00,1.769444e+00,2.005260e+00,1.639209e+00,1.735352e+00,1.763862e+00,1.886170e+00,1.917031e+00,1.764647e+00,1.855825e+00,1.536569e-01,1.566768e+00,2.103272e+00
6.145000e+00,1.137940e+00,2.028855e+00,1.970404e+00,1.995156e+00,2.004300e+00,2.033674e+00,1.927978e+00,2.008046e+00,2.102332e+00,2.005000e+00,1.753975e+00,1.615256e+00,1.693992e+00,1.925040e+00,1.778775e+00,1.567603e+00,1.660468e+00,1.768000e+00,2.006821e+00,1.639998e+00,1.736211e+00,1.764783e+00,1.886979e+00,1.917686e+00,1.766118e+00,1.856560e+00,1.536331e-01,1.567603e+00,2.102332e+00
6.146000e+00,1.138140e+00,2.027939e+00,1.970852e+00,1.996406e+00,2.005600e+00,2.034558e+00,1.928502e+00,2.008021e+00,2.101930e+00,2.006231e+00,1.755217e+00,1.616150e+00,1.694348e+00,1.926960e+00,1.779460e+00,1.568438e+00,1.661195e+00,1.771222e+00,2.008382e+00,1.640787e+00,1.737071e+00,1.765705e+00,1.887702e+00,1.918210e+00,1.767059e+00,1.857414e+00,1.534681e-01,1.568438e+00,2.101930e+00
6.147000e+00,1.138540e+00,2.027099e+00,1.972691e+00,1.995703e+00,2.006900e+00,2.034930e+00,1.927416e+00,2.008663e+00,2.102701e+00,2.007308e+00,1.755901e+00,1.617044e+00,1.694466e+00,1.927200e+00,1.780144e+00,1.569273e+00,1.661921e+00,1.772222e+00,2.010636e+00,1.641574e+00,1.737930e+00,1.766627e+00,1.889319e+00,1.918996e+00,1.767588e+00,1.858094e+00,1.534194e-01,1.569273e+00,2.102701e+00
6.148000e+00,1.138620e+00,2.027634e+00,1.973049e+00,1.996172e+00,2.007700e+00,2.036698e+00,1.926742e+00,2.009332e+00,2.103658e+00,2.009077e+00,1.756863e+00,1.617939e+00,1.695889e+00,1.928400e+00,1.780828e+00,1.570109e+00,1.662647e+00,1.772111e+00,2.011098e+00,1.642361e+00,1.738790e+00,1.767550e+00,1.889830e+00,1.919432e+00,1.768647e+00,1.858857e+00,1.534058e-01,1.570109e+00,2.103658e+00
6.149000e+00,1.139010e+00,2.027557e+00,1.975202e+00,1.997891e+00,2.008833e+00,2.037953e+00,1.927378e+00,2.010103e+00,2.104564e+00,2.010808e+00,1.758075e+00,1.618835e+00,1.696838e+00,1.928720e+00,1.781512e+00,1.570945e+00,1.663374e+00,1.773111e+00,2.012370e+00,1.643147e+00,1.739650e+00,1.768472e+00,1.890894e+00,1.920262e+00,1.769412e+00,1.859829e+00,1.535032e-01,1.570945e+00,2.104564e+00
6.150000e+00,1.139100e+00,2.027939e+00,1.975381e+00,1.999453e+00,2.010400e+00,2.039070e+00,1.927303e+00,2.011234e+00,2.105352e+00,2.011462e+00,1.758789e+00,1.619731e+00,1.698261e+00,1.930640e+00,1.782195e+00,1.571782e+00,1.664101e+00,1.773222e+00,2.014740e+00,1.643933e+00,1.740510e+00,1.769395e+00,1.892170e+00,1.921921e+00,1.770588e+00,1.860815e+00,1.536103e-01,1.571782e+00,2.105352e+00
6.151000e+00,1.139410e+00,2.029466e+00,1.976906e+00,1.998828e+00,2.011067e+00,2.040651e+00,1.928015e+00,2.012237e+00,2.106208e+00,2.013000e+00,1.759814e+00,1.620627e+00,1.699881e+00,1.929920e+00,1.782878e+00,1.572619e+00,1.664828e+00,1.771889e+00,2.015376e+00,1.644717e+00,1.741369e+00,1.770317e+00,1.893532e+00,1.924105e+00,1.771353e+00,1.861650e+00,1.536812e-01,1.572619e+00,2.106208e+00
6.152000e+00,1.139650e+00,2.030458e+00,1.977803e+00,2.000234e+00,2.012933e+00,2.042233e+00,1.929176e+00,2.012776e+00,2.107164e+00,2.015077e+00,1.760497e+00,1.621524e+00,1.700514e+00,1.931760e+00,1.783561e+00,1.573457e+00,1.665555e+00,1.773444e+00,2.016301e+00,1.645501e+00,1.742229e+00,1.771239e+00,1.894426e+00,1.925633e+00,1.772294e+00,1.862741e+00,1.538752e-01,1.573457e+00,2.107164e+00
6.153000e+00,1.140030e+00,2.031374e+00,1.978565e+00,2.000938e+00,2.013800e+00,2.043070e+00,1.929963e+00,2.013650e+00,2.107886e+00,2.015846e+00,1.761149e+00,1.622422e+00,1.701581e+00,1.933280e+00,1.784244e+00,1.574295e+00,1.666282e+00,1.775556e+00,2.018266e+00,1.646285e+00,1.743089e+00,1.772160e+00,1.894979e+00,1.926638e+00,1.773176e+00,1.863687e+00,1.538920e-01,1.574295e+00,2.107886e+00
6.154000e+00,1.140330e+00,2.032366e+00,1.979865e+00,2.002734e+00,2.014733e+00,2.043767e+00,1.930562e+00,2.014113e+00,2.109211e+00,2.017000e+00,1.761801e+00,1.623320e+00,1.702253e+00,1.933520e+00,1.784926e+00,1.575134e+00,1.667009e+00,1.773111e+00,2.020000e+00,1.647067e+00,1.743948e+00,1.773082e+00,1.895787e+00,1.927511e+00,1.774235e+00,1.864461e+00,1.540912e-01,1.575134e+00,2.109211e+00
6.155000e+00,1.140430e+00,2.032519e+00,1.980404e+00,2.001875e+00,2.016033e+00,2.044419e+00,1.930712e+00,2.014833e+00,2.110789e+00,2.018038e+00,1.763385e+00,1.624219e+00,1.704387e+00,1.933280e+00,1.785608e+00,1.575973e+00,1.667739e+00,1.774111e+00,2.021156e+00,1.647849e+00,1.744808e+00,1.774003e+00,1.896979e+00,1.927555e+00,1.774882e+00,1.865231e+00,1.539497e-01,1.575973e+00,2.110789e+00
6.156000e+00,1.140700e+00,2.034427e+00,1.981794e+00,2.004453e+00,2.017033e+00,2.045581e+00,1.932434e+00,2.015476e+00,2.111493e+00,2.020308e+00,1.763447e+00,1.625118e+00,1.705534e+00,1.932560e+00,1.786290e+00,1.576812e+00,1.668468e+00,1.776667e+00,2.020983e+00,1.648630e+00,1.745667e+00,1.774924e+00,1.897787e+00,1.927729e+00,1.776294e+00,1.866246e+00,1.540366e-01,1.576812e+00,2.111493e+00
6.157000e+00,1.140990e+00,2.034427e+00,1.982197e+00,2.003750e+00,2.018333e+00,2.046651e+00,1.933296e+00,2.015656e+00,2.112735e+00,2.021692e+00,1.764348e+00,1.626017e+00,1.706838e+00,1.934000e+00,1.786971e+00,1.577652e+00,1.669196e+00,1.776000e+00,2.022659e+00,1.649411e+00,1.746526e+00,1.775845e+00,1.899447e+00,1.928952e+00,1.777294e+00,1.867079e+00,1.540575e-01,1.577652e+00,2.112735e+00
6.158000e+00,1.141130e+00,2.036947e+00,1.983767e+00,2.003906e+00,2.018900e+00,2.047628e+00,1.933633e+00,2.015707e+00,2.113993e+00,2.023038e+00,1.764876e+00,1.626918e+00,1.706759e+00,1.931520e+00,1.787652e+00,1.578493e+00,1.669924e+00,1.777222e+00,2.023642e+00,1.650191e+00,1.747386e+00,1.776766e+00,1.900383e+00,1.927860e+00,1.777529e+00,1.867693e+00,1.541120e-01,1.578493e+00,2.113993e+00
6.159000e+00,1.141510e+00,2.036107e+00,1.984395e+00,2.005547e+00,2.019533e+00,2.047767e+00,1.934794e+00,2.016478e+00,2.115017e+00,2.023462e+00,1.765528e+00,1.627818e+00,1.708340e+00,1.933600e+00,1.788333e+00,1.579334e+00,1.670652e+00,1.780556e+00,2.024104e+00,1.650970e+00,1.748245e+00,1.777686e+00,1.901191e+00,1.928166e+00,1.777765e+00,1.868558e+00,1.539444e-01,1.579334e+00,2.115017e+00
6.160000e+00,1.141650e+00,2.038855e+00,1.985561e+00,2.006875e+00,2.020433e+00,2.049442e+00,1.935056e+00,2.016915e+00,2.115721e+00,2.024423e+00,1.766988e+00,1.628720e+00,1.709565e+00,1.934960e+00,1.789014e+00,1.580175e+00,1.671380e+00,1.778333e+00,2.024913e+00,1.651749e+00,1.749104e+00,1.778606e+00,1.902383e+00,1.929476e+00,1.778941e+00,1.869483e+00,1.541294e-01,1.580175e+00,2.115721e+00
6.161000e+00,1.142010e+00,2.038321e+00,1.986278e+00,2.009062e+00,2.022100e+00,2.049767e+00,1.936030e+00,2.017352e+00,2.116007e+00,2.026077e+00,1.767609e+00,1.629621e+00,1.710356e+00,1.935440e+00,1.789694e+00,1.581017e+00,1.672108e+00,1.779778e+00,2.024682e+00,1.652527e+00,1.749963e+00,1.779526e+00,1.902681e+00,1.931223e+00,1.778941e+00,1.870257e+00,1.540848e-01,1.581017e+00,2.116007e+00
6.162000e+00,1.142250e+00,2.038092e+00,1.986906e+00,2.009531e+00,2.023433e+00,2.050512e+00,1.937191e+00,2.017763e+00,2.117047e+00,2.027462e+00,1.768851e+00,1.630524e+00,1.711225e+00,1.936720e+00,1.790374e+00,1.581859e+00,1.672837e+00,1.782444e+00,2.027168e+00,1.653305e+00,1.750821e+00,1.780446e+00,1.903489e+00,1.932620e+00,1.779118e+00,1.871239e+00,1.541083e-01,1.581859e+00,2.117047e+00
6.163000e+00,1.142490e+00,2.040000e+00,1.987578e+00,2.009219e+00,2.024267e+00,2.052047e+00,1.937640e+00,2.019075e+00,2.118171e+00,2.028000e+00,1.769006e+00,1.631427e+00,1.711344e+00,1.939440e+00,1.791054e+00,1.582702e+00,1.673565e+00,1.781000e+00,2.028208e+00,1.654082e+00,1.751680e+00,1.781366e+00,1.903745e+00,1.932576e+00,1.779118e+00,1.871930e+00,1.543155e-01,1.582702e+00,2.118171e+00
6.164000e+00,1.142840e+00,2.040305e+00,1.988655e+00,2.010000e+00,2.025200e+00,2.053488e+00,1.939101e+00,2.019794e+00,2.119144e+00,2.028962e+00,1.769907e+00,1.632330e+00,1.712846e+00,1.939120e+00,1.791734e+00,1.583546e+00,1.674294e+00,1.780000e+00,2.027977e+00,1.654860e+00,1.752538e+00,1.782285e+00,1.904723e+00,1.933624e+00,1.780000e+00,1.872685e+00,1.543090e-01,1.583546e+00,2.119144e+00
6.165000e+00,1.142990e+00,2.040534e+00,1.990000e+00,2.011562e+00,2.026867e+00,2.054000e+00,1.939588e+00,2.021131e+00,2.119782e+00,2.030731e+00,1.770093e+00,1.633234e+00,1.713834e+00,1.938400e+00,1.792413e+00,1.584389e+00,1.675023e+00,1.779222e+00,2.028671e+00,1.655636e+00,1.753397e+00,1.783204e+00,1.905532e+00,1.934148e+00,1.780706e+00,1.873421e+00,1.544044e-01,1.584389e+00,2.119782e+00
6.166000e+00,1.143320e+00,2.042443e+00,1.990897e+00,2.013438e+00,2.027000e+00,2.055209e+00,1.939813e+00,2.022596e+00,2.120503e+00,2.031692e+00,1.770870e+00,1.634138e+00,1.715138e+00,1.938960e+00,1.793092e+00,1.585234e+00,1.675752e+00,1.777556e+00,2.030520e+00,1.656413e+00,1.754254e+00,1.784123e+00,1.906383e+00,1.934585e+00,1.782118e+00,1.874280e+00,1.545627e-01,1.585234e+00,2.120503e+00
6.167000e+00,1.143600e+00,2.043664e+00,1.990897e+00,2.013906e+00,2.027033e+00,2.055814e+00,1.941161e+00,2.023805e+00,2.121829e+00,2.032462e+00,1.771460e+00,1.635043e+00,1.715731e+00,1.940960e+00,1.793771e+00,1.586078e+00,1.676481e+00,1.776222e+00,2.030578e+00,1.657187e+00,1.755112e+00,1.785042e+00,1.907319e+00,1.934410e+00,1.782235e+00,1.874925e+00,1.546193e-01,1.586078e+00,2.121829e+00
6.168000e+00,1.143750e+00,2.045038e+00,1.992242e+00,2.014453e+00,2.026467e+00,2.057163e+00,1.941760e+00,2.025321e+00,2.122668e+00,2.033654e+00,1.772391e+00,1.635949e+00,1.716957e+00,1.940800e+00,1.794449e+00,1.586923e+00,1.677210e+00,1.781222e+00,2.028092e+00,1.657962e+00,1.755970e+00,1.785960e+00,1.908085e+00,1.935197e+00,1.783765e+00,1.875821e+00,1.543580e-01,1.586923e+00,2.122668e+00
6.169000e+00,1.144100e+00,2.045878e+00,1.993812e+00,2.014844e+00,2.026900e+00,2.058140e+00,1.942097e+00,2.026041e+00,2.123356e+00,2.034731e+00,1.771957e+00,1.636855e+00,1.717787e+00,1.941840e+00,1.795127e+00,1.587769e+00,1.677940e+00,1.780111e+00,2.027861e+00,1.658735e+00,1.756827e+00,1.786878e+00,1.908553e+00,1.935895e+00,1.784353e+00,1.876429e+00,1.543936e-01,1.587769e+00,2.123356e+00
6.170000e+00,1.144250e+00,2.047634e+00,1.994395e+00,2.014141e+00,2.027767e+00,2.059442e+00,1.942809e+00,2.026915e+00,2.123792e+00,2.036192e+00,1.770776e+00,1.637761e+00,1.718538e+00,1.943760e+00,1.795805e+00,1.588615e+00,1.678669e+00,1.778444e+00,2.028092e+00,1.659509e+00,1.757684e+00,1.787796e+00,1.909234e+00,1.936376e+00,1.784824e+00,1.877040e+00,1.545225e-01,1.588615e+00,2.123792e+00
6.171000e+00,1.144510e+00,2.047863e+00,1.995605e+00,2.017578e+00,2.028567e+00,2.058465e+00,1.943071e+00,2.028355e+00,2.124748e+00,2.037192e+00,1.770839e+00,1.638668e+00,1.719960e+00,1.944240e+00,1.796483e+00,1.589462e+00,1.679399e+00,1.781667e+00,2.028613e+00,1.660282e+00,1.758540e+00,1.788714e+00,1.908723e+00,1.937074e+00,1.786000e+00,1.877921e+00,1.544408e-01,1.589462e+00,2.124748e+00
6.172000e+00,1.144860e+00,2.049695e+00,1.995785e+00,2.018516e+00,2.029300e+00,2.057953e+00,1.944494e+00,2.028689e+00,2.126191e+00,2.037923e+00,1.770932e+00,1.639576e+00,1.720316e+00,1.943600e+00,1.797160e+00,1.590309e+00,1.680129e+00,1.781000e+00,2.028671e+00,1.661054e+00,1.759396e+00,1.789631e+00,1.907064e+00,1.939039e+00,1.787765e+00,1.878508e+00,1.544297e-01,1.590309e+00,2.126191e+00
6.173000e+00,1.145090e+00,2.050916e+00,1.996771e+00,2.018359e+00,2.030533e+00,2.058419e+00,1.945543e+00,2.028766e+00,2.126661e+00,2.039192e+00,1.771366e+00,1.640484e+00,1.721225e+00,1.945920e+00,1.797837e+00,1.591156e+00,1.680859e+00,1.781111e+00,2.030231e+00,1.661826e+00,1.760252e+00,1.790549e+00,1.907957e+00,1.940786e+00,1.788412e+00,1.879381e+00,1.544889e-01,1.591156e+00,2.126661e+00
6.174000e+00,1.145310e+00,2.052595e+00,1.997713e+00,2.018359e+00,2.031000e+00,2.058140e+00,1.945955e+00,2.028483e+00,2.127634e+00,2.041038e+00,1.772112e+00,1.641392e+00,1.721858e+00,1.947680e+00,1.798514e+00,1.592004e+00,1.681590e+00,1.783889e+00,2.031098e+00,1.662597e+00,1.761108e+00,1.791466e+00,1.907532e+00,1.942664e+00,1.789176e+00,1.880233e+00,1.544245e-01,1.592004e+00,2.127634e+00
6.175000e+00,1.145590e+00,2.053053e+00,1.997354e+00,2.019141e+00,2.032133e+00,2.058651e+00,1.947116e+00,2.027455e+00,2.127248e+00,2.041115e+00,1.772826e+00,1.642302e+00,1.723281e+00,1.948160e+00,1.799191e+00,1.592853e+00,1.682320e+00,1.783667e+00,2.032486e+00,1.663368e+00,1.761963e+00,1.792383e+00,1.908383e+00,1.943843e+00,1.789765e+00,1.880836e+00,1.542199e-01,1.592853e+00,2.127248e+00
6.176000e+00,1.145710e+00,2.053359e+00,1.998879e+00,2.019766e+00,2.033533e+00,2.059814e+00,1.947790e+00,2.026350e+00,2.125789e+00,2.040423e+00,1.773354e+00,1.643211e+00,1.723953e+00,1.950240e+00,1.799867e+00,1.593701e+00,1.683051e+00,1.783556e+00,2.034566e+00,1.664139e+00,1.762818e+00,1.793299e+00,1.908851e+00,1.944672e+00,1.789765e+00,1.881448e+00,1.540880e-01,1.593701e+00,2.125789e+00
6.177000e+00,1.146170e+00,2.054962e+00,1.999417e+00,2.019141e+00,2.034333e+00,2.060000e+00,1.948727e+00,2.025630e+00,2.125319e+00,2.039231e+00,1.774037e+00,1.644121e+00,1.725178e+00,1.950000e+00,1.800543e+00,1.594551e+00,1.683782e+00,1.784667e+00,2.035202e+00,1.664909e+00,1.763673e+00,1.794215e+00,1.909106e+00,1.944760e+00,1.791000e+00,1.881938e+00,1.537252e-01,1.594551e+00,2.125319e+00
6.178000e+00,1.146290e+00,2.054962e+00,2.000224e+00,2.018516e+00,2.034433e+00,2.060930e+00,1.948876e+00,2.025347e+00,2.125117e+00,2.039538e+00,1.775093e+00,1.645032e+00,1.726324e+00,1.952000e+00,1.801219e+00,1.595401e+00,1.684512e+00,1.785556e+00,2.036301e+00,1.665678e+00,1.764527e+00,1.795131e+00,1.910383e+00,1.945677e+00,1.791471e+00,1.882594e+00,1.534885e-01,1.595401e+00,2.125117e+00
6.179000e+00,1.146640e+00,2.056183e+00,2.000538e+00,2.019609e+00,2.035367e+00,2.061442e+00,1.948876e+00,2.025398e+00,2.125419e+00,2.040231e+00,1.775683e+00,1.645943e+00,1.726719e+00,1.952320e+00,1.801894e+00,1.596251e+00,1.685244e+00,1.786667e+00,2.037746e+00,1.666447e+00,1.765382e+00,1.796047e+00,1.911149e+00,1.944192e+00,1.791235e+00,1.883166e+00,1.534272e-01,1.596251e+00,2.125419e+00
6.180000e+00,1.146850e+00,2.056183e+00,2.001211e+00,2.020781e+00,2.036567e+00,2.062605e+00,1.949476e+00,2.025938e+00,2.125856e+00,2.040808e+00,1.776615e+00,1.646855e+00,1.727984e+00,1.953200e+00,1.802569e+00,1.597102e+00,1.685975e+00,1.789111e+00,2.038613e+00,1.667216e+00,1.766236e+00,1.796963e+00,1.911915e+00,1.944803e+00,1.792176e+00,1.884032e+00,1.533103e-01,1.597102e+00,2.125856e+00
6.181000e+00,1.146970e+00,2.057634e+00,2.002018e+00,2.022812e+00,2.037433e+00,2.063953e+00,1.950449e+00,2.026581e+00,2.126577e+00,2.041577e+00,1.777950e+00,1.647768e+00,1.729921e+00,1.953520e+00,1.803244e+00,1.597953e+00,1.686706e+00,1.790444e+00,2.040405e+00,1.667985e+00,1.767090e+00,1.797878e+00,1.913489e+00,1.945546e+00,1.793176e+00,1.885088e+00,1.533549e-01,1.597953e+00,2.126577e+00
6.182000e+00,1.147450e+00,2.056947e+00,2.002691e+00,2.023359e+00,2.039067e+00,2.064465e+00,1.951685e+00,2.027172e+00,2.127433e+00,2.043000e+00,1.779224e+00,1.648680e+00,1.730277e+00,1.956080e+00,1.803919e+00,1.598805e+00,1.687438e+00,1.789889e+00,2.041908e+00,1.668753e+00,1.767943e+00,1.798793e+00,1.914468e+00,1.946769e+00,1.793588e+00,1.885931e+00,1.534362e-01,1.598805e+00,2.127433e+00
6.183000e+00,1.147660e+00,2.058092e+00,2.004170e+00,2.023438e+00,2.040167e+00,2.065488e+00,1.951311e+00,2.028740e+00,2.128607e+00,2.044962e+00,1.780373e+00,1.649594e+00,1.731186e+00,1.955680e+00,1.804593e+00,1.599657e+00,1.688170e+00,1.792000e+00,2.042081e+00,1.669520e+00,1.768797e+00,1.799708e+00,1.915915e+00,1.948734e+00,1.793941e+00,1.886872e+00,1.534838e-01,1.599657e+00,2.128607e+00
6.184000e+00,1.147850e+00,2.059237e+00,2.004664e+00,2.024219e+00,2.041267e+00,2.067163e+00,1.952959e+00,2.030051e+00,2.130034e+00,2.046077e+00,1.780963e+00,1.650508e+00,1.732292e+00,1.957440e+00,1.805267e+00,1.600509e+00,1.688901e+00,1.793778e+00,2.042197e+00,1.670286e+00,1.769651e+00,1.800623e+00,1.916681e+00,1.950262e+00,1.794176e+00,1.887884e+00,1.536098e-01,1.600509e+00,2.130034e+00
6.185000e+00,1.148030e+00,2.059542e+00,2.006233e+00,2.025547e+00,2.042767e+00,2.068326e+00,1.953858e+00,2.031337e+00,2.130973e+00,2.047269e+00,1.781491e+00,1.651422e+00,1.733399e+00,1.958160e+00,1.805941e+00,1.601362e+00,1.689633e+00,1.793556e+00,2.043699e+00,1.671052e+00,1.770506e+00,1.801537e+00,1.917574e+00,1.951528e+00,1.793000e+00,1.888738e+00,1.538253e-01,1.601362e+00,2.130973e+00
6.186000e+00,1.148170e+00,2.060840e+00,2.006906e+00,2.026563e+00,2.043700e+00,2.068791e+00,1.953895e+00,2.032159e+00,2.132248e+00,2.048077e+00,1.782267e+00,1.652337e+00,1.734822e+00,1.958480e+00,1.806615e+00,1.602216e+00,1.690366e+00,1.797111e+00,2.044335e+00,1.671818e+00,1.771361e+00,1.802451e+00,1.918894e+00,1.952140e+00,1.791471e+00,1.889578e+00,1.538038e-01,1.602216e+00,2.132248e+00
6.187000e+00,1.148550e+00,2.061985e+00,2.007354e+00,2.027969e+00,2.044833e+00,2.069674e+00,1.953146e+00,2.033162e+00,2.133121e+00,2.049923e+00,1.782919e+00,1.653252e+00,1.735217e+00,1.959280e+00,1.807288e+00,1.603070e+00,1.691098e+00,1.797333e+00,2.046127e+00,1.672584e+00,1.772216e+00,1.803365e+00,1.919830e+00,1.952926e+00,1.790824e+00,1.890354e+00,1.539896e-01,1.603070e+00,2.133121e+00
6.188000e+00,1.148800e+00,2.061603e+00,2.007758e+00,2.028516e+00,2.045467e+00,2.071256e+00,1.952996e+00,2.034267e+00,2.133792e+00,2.051462e+00,1.783292e+00,1.654168e+00,1.735929e+00,1.960560e+00,1.807961e+00,1.603924e+00,1.691830e+00,1.796333e+00,2.048497e+00,1.673349e+00,1.773072e+00,1.804278e+00,1.920979e+00,1.954367e+00,1.790824e+00,1.891103e+00,1.541284e-01,1.603924e+00,2.133792e+00
6.189000e+00,1.149190e+00,2.061603e+00,2.007982e+00,2.029297e+00,2.047033e+00,2.072605e+00,1.951873e+00,2.034807e+00,2.134815e+00,2.053000e+00,1.784379e+00,1.655085e+00,1.736759e+00,1.961120e+00,1.808634e+00,1.604779e+00,1.692563e+00,1.798444e+00,2.048671e+00,1.674115e+00,1.773929e+00,1.805192e+00,1.921489e+00,1.954716e+00,1.792059e+00,1.891873e+00,1.540331e-01,1.604779e+00,2.134815e+00
6.190000e+00,1.149300e+00,2.061527e+00,2.008789e+00,2.030078e+00,2.047700e+00,2.073023e+00,1.951948e+00,2.035681e+00,2.135587e+00,2.054077e+00,1.785559e+00,1.656002e+00,1.737431e+00,1.963760e+00,1.809306e+00,1.605635e+00,1.693296e+00,1.799000e+00,2.049711e+00,1.674881e+00,1.774786e+00,1.806105e+00,1.922553e+00,1.955808e+00,1.792588e+00,1.892701e+00,1.540219e-01,1.605635e+00,2.135587e+00
6.191000e+00,1.149450e+00,2.062443e+00,2.009103e+00,2.029922e+00,2.049033e+00,2.074140e+00,1.952322e+00,2.036350e+00,2.136762e+00,2.055154e+00,1.787174e+00,1.656919e+00,1.738775e+00,1.964560e+00,1.809979e+00,1.606491e+00,1.694029e+00,1.798000e+00,2.051445e+00,1.675646e+00,1.775645e+00,1.807018e+00,1.923404e+00,1.956157e+00,1.792529e+00,1.893458e+00,1.540870e-01,1.606491e+00,2.136762e+00
6.192000e+00,1.149870e+00,2.062977e+00,2.007220e+00,2.030078e+00,2.050000e+00,2.075070e+00,1.952697e+00,2.036350e+00,2.137668e+00,2.056923e+00,1.787205e+00,1.657838e+00,1.739328e+00,1.964560e+00,1.810650e+00,1.607347e+00,1.694762e+00,1.799889e+00,2.052139e+00,1.676411e+00,1.776505e+00,1.807930e+00,1.924000e+00,1.956550e+00,1.794059e+00,1.894090e+00,1.539419e-01,1.607347e+00,2.137668e+00
6.193000e+00,1.149990e+00,2.063588e+00,2.007040e+00,2.032812e+00,2.051267e+00,2.076233e+00,1.953109e+00,2.036864e+00,2.138356e+00,2.057692e+00,1.787422e+00,1.658756e+00,1.740395e+00,1.965920e+00,1.811322e+00,1.608204e+00,1.695495e+00,1.801778e+00,2.053526e+00,1.677176e+00,1.777367e+00,1.808842e+00,1.925064e+00,1.957686e+00,1.795353e+00,1.895053e+00,1.539871e-01,1.608204e+00,2.138356e+00
6.194000e+00,1.150360e+00,2.065344e+00,2.004709e+00,2.033594e+00,2.052000e+00,2.076605e+00,1.953933e+00,2.037095e+00,2.139698e+00,2.057846e+00,1.788323e+00,1.659675e+00,1.740711e+00,1.968640e+00,1.811993e+00,1.609061e+00,1.696228e+00,1.800222e+00,2.054971e+00,1.677940e+00,1.778230e+00,1.809754e+00,1.925574e+00,1.960218e+00,1.796588e+00,1.895790e+00,1.540490e-01,1.609061e+00,2.139698e+00
6.195000e+00,1.150470e+00,2.065344e+00,2.004753e+00,2.034609e+00,2.052900e+00,2.077442e+00,1.954195e+00,2.037686e+00,2.140470e+00,2.059308e+00,1.790062e+00,1.660595e+00,1.742016e+00,1.970080e+00,1.812665e+00,1.609919e+00,1.696962e+00,1.801889e+00,2.055029e+00,1.678705e+00,1.779117e+00,1.810666e+00,1.926851e+00,1.961135e+00,1.797176e+00,1.896649e+00,1.539279e-01,1.609919e+00,2.140470e+00
6.196000e+00,1.150720e+00,2.066336e+00,2.005247e+00,2.034766e+00,2.053500e+00,2.078698e+00,1.954869e+00,2.038303e+00,2.141678e+00,2.061038e+00,1.791056e+00,1.661515e+00,1.743715e+00,1.969680e+00,1.813335e+00,1.610777e+00,1.697695e+00,1.803222e+00,2.055549e+00,1.679468e+00,1.780005e+00,1.811578e+00,1.927064e+00,1.961747e+00,1.797647e+00,1.897437e+00,1.538763e-01,1.610777e+00,2.141678e+00
6.197000e+00,1.151040e+00,2.067786e+00,2.006099e+00,2.035078e+00,2.052467e+00,2.079209e+00,1.954794e+00,2.037918e+00,2.142634e+00,2.062769e+00,1.791584e+00,1.662436e+00,1.744743e+00,1.970240e+00,1.814006e+00,1.611636e+00,1.698429e+00,1.803444e+00,2.056879e+00,1.680231e+00,1.780895e+00,1.812489e+00,1.928128e+00,1.962140e+00,1.798824e+00,1.898119e+00,1.537985e-01,1.611636e+00,2.142634e+00
6.198000e+00,1.151250e+00,2.067939e+00,2.006592e+00,2.037734e+00,2.051933e+00,2.080047e+00,1.955056e+00,2.038638e+00,2.143658e+00,2.064115e+00,1.793323e+00,1.663357e+00,1.745929e+00,1.971840e+00,1.814676e+00,1.612495e+00,1.699163e+00,1.804667e+00,2.058382e+00,1.680994e+00,1.781809e+00,1.813400e+00,1.928766e+00,1.961659e+00,1.799412e+00,1.898983e+00,1.537683e-01,1.612495e+00,2.143658e+00
6.199000e+00,1.151710e+00,2.067634e+00,2.007399e+00,2.037500e+00,2.051767e+00,2.081023e+00,1.955281e+00,2.039512e+00,2.145101e+00,2.064308e+00,1.793975e+00,1.664279e+00,1.746087e+00,1.973440e+00,1.815346e+00,1.613354e+00,1.699897e+00,1.806333e+00,2.059364e+00,1.681756e+00,1.782724e+00,1.814311e+00,1.929574e+00,1.962009e+00,1.799471e+00,1.899643e+00,1.536930e-01,1.613354e+00,2.145101e+00
6.200000e+00,1.151790e+00,2.070534e+00,2.008117e+00,2.038984e+00,2.052467e+00,2.082744e+00,1.955169e+00,2.040180e+00,2.145856e+00,2.066269e+00,1.795528e+00,1.665201e+00,1.747352e+00,1.973760e+00,1.816016e+00,1.614215e+00,1.700631e+00,1.805000e+00,2.059538e+00,1.682518e+00,1.783639e+00,1.815221e+00,1.930468e+00,1.962140e+00,1.800882e+00,1.900518e+00,1.538243e-01,1.614215e+00,2.145856e+00
6.201000e+00,1.152160e+00,2.070687e+00,2.009327e+00,2.037031e+00,2.053467e+00,2.082744e+00,1.956180e+00,2.040900e+00,2.146980e+00,2.068192e+00,1.795683e+00,1.666124e+00,1.749368e+00,1.974080e+00,1.816686e+00,1.615075e+00,1.701365e+00,1.806556e+00,2.060867e+00,1.683280e+00,1.784555e+00,1.816131e+00,1.931149e+00,1.963188e+00,1.801529e+00,1.901298e+00,1.537047e-01,1.615075e+00,2.146980e+00
6.202000e+00,1.152340e+00,2.071374e+00,2.010179e+00,2.038828e+00,2.054767e+00,2.083628e+00,1.956742e+00,2.041645e+00,2.148087e+00,2.069269e+00,1.796863e+00,1.667047e+00,1.749684e+00,1.975680e+00,1.817355e+00,1.615936e+00,1.702099e+00,1.808111e+00,2.061329e+00,1.684042e+00,1.785472e+00,1.817041e+00,1.931404e+00,1.964367e+00,1.802471e+00,1.902226e+00,1.537693e-01,1.615936e+00,2.148087e+00
6.203000e+00,1.152560e+00,2.073130e+00,2.011256e+00,2.041172e+00,2.055333e+00,2.084047e+00,1.956966e+00,2.042468e+00,2.148725e+00,2.070308e+00,1.797143e+00,1.667971e+00,1.750316e+00,1.976160e+00,1.818024e+00,1.616798e+00,1.702834e+00,1.806889e+00,2.062948e+00,1.684803e+00,1.786389e+00,1.817951e+00,1.931957e+00,1.965546e+00,1.803059e+00,1.903008e+00,1.539458e-01,1.616798e+00,2.148725e+00
6.204000e+00,1.152920e+00,2.073130e+00,2.012152e+00,2.040938e+00,2.056400e+00,2.084140e+00,1.957228e+00,2.043856e+00,2.149463e+00,2.071308e+00,1.797950e+00,1.668896e+00,1.750791e+00,1.977040e+00,1.818692e+00,1.617659e+00,1.703569e+00,1.809111e+00,2.063410e+00,1.685564e+00,1.787284e+00,1.818860e+00,1.931660e+00,1.967555e+00,1.804294e+00,1.903790e+00,1.538238e-01,1.617659e+00,2.149463e+00
6.205000e+00,1.153060e+00,2.074122e+00,2.014081e+00,2.042969e+00,2.057600e+00,2.083209e+00,1.958052e+00,2.045373e+00,2.149966e+00,2.073000e+00,1.798292e+00,1.669821e+00,1.751581e+00,1.977840e+00,1.819361e+00,1.618522e+00,1.704303e+00,1.809444e+00,2.061272e+00,1.686325e+00,1.788179e+00,1.819769e+00,1.929489e+00,1.967686e+00,1.805529e+00,1.904408e+00,1.537384e-01,1.618522e+00,2.149966e+00
6.206000e+00,1.153480e+00,2.075191e+00,2.014709e+00,2.042266e+00,2.058500e+00,2.083860e+00,1.958464e+00,2.046041e+00,2.150721e+00,2.073423e+00,1.798540e+00,1.670746e+00,1.750909e+00,1.979120e+00,1.820029e+00,1.619385e+00,1.705038e+00,1.809778e+00,2.059769e+00,1.687086e+00,1.789075e+00,1.820678e+00,1.929277e+00,1.967773e+00,1.806588e+00,1.904874e+00,1.536216e-01,1.619385e+00,2.150721e+00
6.207000e+00,1.153630e+00,2.076107e+00,2.016009e+00,2.044297e+00,2.060100e+00,2.082977e+00,1.958839e+00,2.045810e+00,2.150017e+00,2.073615e+00,1.799410e+00,1.671672e+00,1.750593e+00,1.979520e+00,1.820697e+00,1.620248e+00,1.705773e+00,1.810778e+00,2.059769e+00,1.687846e+00,1.789971e+00,1.821587e+00,1.929660e+00,1.968122e+00,1.806647e+00,1.905419e+00,1.534645e-01,1.620248e+00,2.150017e+00
6.208000e+00,1.153800e+00,2.077634e+00,2.016413e+00,2.042891e+00,2.061467e+00,2.084326e+00,1.959850e+00,2.045090e+00,2.148725e+00,2.074000e+00,1.799783e+00,1.672599e+00,1.750791e+00,1.979920e+00,1.821364e+00,1.621112e+00,1.706508e+00,1.813778e+00,2.058902e+00,1.688607e+00,1.790868e+00,1.822495e+00,1.930043e+00,1.968777e+00,1.808765e+00,1.906029e+00,1.530963e-01,1.621112e+00,2.148725e+00
6.209000e+00,1.154270e+00,2.079008e+00,2.017668e+00,2.042578e+00,2.062667e+00,2.084558e+00,1.959738e+00,2.044910e+00,2.147819e+00,2.075769e+00,1.800901e+00,1.673526e+00,1.750830e+00,1.981280e+00,1.822032e+00,1.621976e+00,1.707243e+00,1.811111e+00,2.059884e+00,1.689367e+00,1.791765e+00,1.823403e+00,1.930468e+00,1.969738e+00,1.809765e+00,1.906583e+00,1.530828e-01,1.621976e+00,2.147819e+00
6.210000e+00,1.154470e+00,2.080763e+00,2.018879e+00,2.042656e+00,2.063733e+00,2.085535e+00,1.960787e+00,2.045193e+00,2.147416e+00,2.076231e+00,1.801429e+00,1.674453e+00,1.751028e+00,1.982400e+00,1.822699e+00,1.622841e+00,1.707978e+00,1.813000e+00,2.060925e+00,1.690127e+00,1.792663e+00,1.824311e+00,1.930979e+00,1.970175e+00,1.811412e+00,1.907400e+00,1.530052e-01,1.622841e+00,2.147416e+00
6.211000e+00,1.154740e+00,2.081450e+00,2.019327e+00,2.043750e+00,2.064667e+00,2.086093e+00,1.960861e+00,2.045476e+00,2.148255e+00,2.077500e+00,1.802609e+00,1.675381e+00,1.752648e+00,1.983760e+00,1.823365e+00,1.623706e+00,1.708714e+00,1.815778e+00,2.062197e+00,1.690886e+00,1.793539e+00,1.825218e+00,1.931745e+00,1.970830e+00,1.812235e+00,1.908333e+00,1.529110e-01,1.623706e+00,2.148255e+00
6.212000e+00,1.154800e+00,2.083359e+00,2.020179e+00,2.043984e+00,2.066000e+00,2.088465e+00,1.961648e+00,2.045681e+00,2.148792e+00,2.078308e+00,1.803851e+00,1.676310e+00,1.753834e+00,1.983760e+00,1.824032e+00,1.624572e+00,1.709449e+00,1.814667e+00,2.063584e+00,1.691646e+00,1.794415e+00,1.826126e+00,1.933830e+00,1.971485e+00,1.813353e+00,1.909222e+00,1.530207e-01,1.624572e+00,2.148792e+00
6.213000e+00,1.155160e+00,2.083588e+00,2.021076e+00,2.046484e+00,2.067333e+00,2.089023e+00,1.961835e+00,2.045861e+00,2.148893e+00,2.078500e+00,1.804938e+00,1.677239e+00,1.754427e+00,1.986720e+00,1.824698e+00,1.625438e+00,1.710185e+00,1.815222e+00,2.066012e+00,1.692406e+00,1.795292e+00,1.827033e+00,1.934426e+00,1.973406e+00,1.814118e+00,1.910173e+00,1.530948e-01,1.625438e+00,2.148893e+00
6.214000e+00,1.155430e+00,2.083817e+00,2.021659e+00,2.047109e+00,2.068367e+00,2.089767e+00,1.961498e+00,2.046375e+00,2.150034e+00,2.078423e+00,1.805932e+00,1.678169e+00,1.755178e+00,1.987120e+00,1.825364e+00,1.626304e+00,1.710920e+00,1.817778e+00,2.067225e+00,1.693165e+00,1.796170e+00,1.827939e+00,1.935064e+00,1.974192e+00,1.815176e+00,1.910948e+00,1.529615e-01,1.626304e+00,2.150034e+00
6.215000e+00,1.155610e+00,2.085115e+00,2.022825e+00,2.047031e+00,2.069767e+00,2.090837e+00,1.961910e+00,2.047429e+00,2.151124e+00,2.078038e+00,1.806615e+00,1.679099e+00,1.756443e+00,1.987760e+00,1.826037e+00,1.627171e+00,1.711656e+00,1.816778e+00,2.068382e+00,1.693924e+00,1.797048e+00,1.828846e+00,1.935872e+00,1.973668e+00,1.815353e+00,1.911614e+00,1.529976e-01,1.627171e+00,2.151124e+00
6.216000e+00,1.156070e+00,2.085954e+00,2.023587e+00,2.047266e+00,2.070867e+00,2.092233e+00,1.962734e+00,2.047609e+00,2.152450e+00,2.077808e+00,1.807267e+00,1.680029e+00,1.757431e+00,1.987680e+00,1.826702e+00,1.628039e+00,1.712392e+00,1.817000e+00,2.069538e+00,1.694683e+00,1.797947e+00,1.829752e+00,1.937106e+00,1.974105e+00,1.815412e+00,1.912316e+00,1.529993e-01,1.628039e+00,2.152450e+00
6.217000e+00,1.156250e+00,2.087252e+00,2.025112e+00,2.049375e+00,2.071733e+00,2.092930e+00,1.962846e+00,2.048663e+00,2.153725e+00,2.078923e+00,1.808012e+00,1.680961e+00,1.759091e+00,1.990160e+00,1.827367e+00,1.628907e+00,1.713128e+00,1.818111e+00,2.071272e+00,1.695442e+00,1.798847e+00,1.830658e+00,1.937617e+00,1.974629e+00,1.816529e+00,1.913387e+00,1.531435e-01,1.628907e+00,2.153725e+00
6.218000e+00,1.156530e+00,2.087634e+00,2.025336e+00,2.050703e+00,2.072133e+00,2.093395e+00,1.962884e+00,2.049563e+00,2.154430e+00,2.080115e+00,1.809068e+00,1.681892e+00,1.759565e+00,1.990960e+00,1.828032e+00,1.629775e+00,1.713864e+00,1.818444e+00,2.072775e+00,1.696201e+00,1.799747e+00,1.831564e+00,1.938511e+00,1.974279e+00,1.816706e+00,1.914066e+00,1.531341e-01,1.629775e+00,2.154430e+00
6.219000e+00,1.156730e+00,2.088168e+00,2.026233e+00,2.050703e+00,2.073500e+00,2.093628e+00,1.963745e+00,2.050206e+00,2.155453e+00,2.081308e+00,1.809845e+00,1.682825e+00,1.760237e+00,1.990320e+00,1.828696e+00,1.630644e+00,1.714600e+00,1.818444e+00,2.073873e+00,1.696960e+00,1.800647e+00,1.832469e+00,1.939404e+00,1.974847e+00,1.817824e+00,1.914774e+00,1.531073e-01,1.630644e+00,2.155453e+00
6.220000e+00,1.156890e+00,2.089466e+00,2.028251e+00,2.052188e+00,2.073933e+00,2.095535e+00,1.964082e+00,2.051028e+00,2.156862e+00,2.082000e+00,1.809410e+00,1.683758e+00,1.761304e+00,1.991680e+00,1.829361e+00,1.631514e+00,1.715336e+00,1.822667e+00,2.075318e+00,1.697718e+00,1.801547e+00,1.833375e+00,1.940851e+00,1.976114e+00,1.818941e+00,1.915927e+00,1.532302e-01,1.631514e+00,2.156862e+00
6.221000e+00,1.157320e+00,2.089924e+00,2.029641e+00,2.051406e+00,2.074867e+00,2.095488e+00,1.964532e+00,2.051877e+00,2.158221e+00,2.082692e+00,1.807950e+00,1.684691e+00,1.761700e+00,1.993120e+00,1.830025e+00,1.632384e+00,1.716072e+00,1.821000e+00,2.075607e+00,1.698477e+00,1.802448e+00,1.834280e+00,1.941660e+00,1.977380e+00,1.819294e+00,1.916447e+00,1.533142e-01,1.632384e+00,2.158221e+00
6.222000e+00,1.157560e+00,2.090916e+00,2.030628e+00,2.052734e+00,2.075300e+00,2.096605e+00,1.964719e+00,2.053085e+00,2.159312e+00,2.084038e+00,1.807609e+00,1.685625e+00,1.762727e+00,1.993840e+00,1.830688e+00,1.633254e+00,1.716809e+00,1.822000e+00,2.077225e+00,1.699235e+00,1.803348e+00,1.835184e+00,1.942468e+00,1.975939e+00,1.820471e+00,1.917240e+00,1.533954e-01,1.633254e+00,2.159312e+00
6.223000e+00,1.157790e+00,2.091450e+00,2.031166e+00,2.053750e+00,2.076233e+00,2.097209e+00,1.965581e+00,2.054165e+00,2.160721e+00,2.086000e+00,1.808106e+00,1.686559e+00,1.763281e+00,1.994800e+00,1.831352e+00,1.634125e+00,1.717545e+00,1.822778e+00,2.078324e+00,1.699993e+00,1.804248e+00,1.836089e+00,1.943191e+00,1.972838e+00,1.820353e+00,1.917911e+00,1.534726e-01,1.634125e+00,2.160721e+00
6.224000e+00,1.158060e+00,2.091985e+00,2.032018e+00,2.054609e+00,2.077233e+00,2.098372e+00,1.965843e+00,2.054756e+00,2.161779e+00,2.086192e+00,1.808230e+00,1.687494e+00,1.764071e+00,1.995200e+00,1.832015e+00,1.634996e+00,1.718282e+00,1.823333e+00,2.078671e+00,1.700752e+00,1.805149e+00,1.836993e+00,1.944511e+00,1.970393e+00,1.821824e+00,1.918529e+00,1.533923e-01,1.634996e+00,2.161779e+00
6.225000e+00,1.158220e+00,2.094122e+00,2.033318e+00,2.054688e+00,2.078000e+00,2.099302e+00,1.966517e+00,2.056041e+00,2.162081e+00,2.086615e+00,1.809348e+00,1.688430e+00,1.765613e+00,1.997120e+00,1.832678e+00,1.635868e+00,1.719018e+00,1.823556e+00,2.079827e+00,1.701510e+00,1.806070e+00,1.837897e+00,1.945106e+00,1.970175e+00,1.821941e+00,1.919368e+00,1.534206e-01,1.635868e+00,2.162081e+00
6.226000e+00,1.158550e+00,2.094962e+00,2.033587e+00,2.054688e+00,2.078400e+00,2.100279e+00,1.966704e+00,2.056478e+00,2.162735e+00,2.087692e+00,1.810093e+00,1.689366e+00,1.766996e+00,1.998160e+00,1.833341e+00,1.636740e+00,1.719755e+00,1.822889e+00,2.081618e+00,1.702268e+00,1.806991e+00,1.838801e+00,1.945745e+00,1.970524e+00,1.823176e+00,1.920083e+00,1.533843e-01,1.636740e+00,2.162735e+00
6.227000e+00,1.158730e+00,2.094962e+00,2.034305e+00,2.055625e+00,2.077367e+00,2.101674e+00,1.966929e+00,2.057147e+00,2.163406e+00,2.089231e+00,1.810435e+00,1.690302e+00,1.767945e+00,1.997840e+00,1.834003e+00,1.637612e+00,1.720492e+00,1.820444e+00,2.083584e+00,1.703026e+00,1.807911e+00,1.839705e+00,1.947362e+00,1.970873e+00,1.823235e+00,1.920642e+00,1.534433e-01,1.637612e+00,2.163406e+00
6.228000e+00,1.158940e+00,2.096183e+00,2.034215e+00,2.056172e+00,2.077333e+00,2.102744e+00,1.968427e+00,2.057686e+00,2.163758e+00,2.090385e+00,1.811056e+00,1.691239e+00,1.769170e+00,1.999200e+00,1.834665e+00,1.638485e+00,1.721229e+00,1.819556e+00,2.084682e+00,1.703784e+00,1.808831e+00,1.840608e+00,1.947617e+00,1.971528e+00,1.825000e+00,1.921398e+00,1.534073e-01,1.638485e+00,2.163758e+00
6.229000e+00,1.159120e+00,2.096794e+00,2.035964e+00,2.057969e+00,2.077733e+00,2.104233e+00,1.967453e+00,2.058201e+00,2.164295e+00,2.091423e+00,1.811832e+00,1.692177e+00,1.770079e+00,2.000240e+00,1.835327e+00,1.639359e+00,1.721965e+00,1.821778e+00,2.085549e+00,1.704542e+00,1.809751e+00,1.841511e+00,1.948511e+00,1.972751e+00,1.826176e+00,1.922317e+00,1.533928e-01,1.639359e+00,2.164295e+00
6.230000e+00,1.159460e+00,2.095878e+00,2.035785e+00,2.058984e+00,2.078467e+00,2.104419e+00,1.967041e+00,2.058920e+00,2.164698e+00,2.091692e+00,1.812422e+00,1.693115e+00,1.770870e+00,2.001440e+00,1.835988e+00,1.640233e+00,1.722702e+00,1.820333e+00,2.086532e+00,1.705300e+00,1.810651e+00,1.842414e+00,1.949149e+00,1.973275e+00,1.826471e+00,1.922782e+00,1.532712e-01,1.640233e+00,2.164698e+00
6.231000e+00,1.159700e+00,2.096107e+00,2.036726e+00,2.060625e+00,2.078733e+00,2.105349e+00,1.966667e+00,2.059692e+00,2.165872e+00,2.093769e+00,1.814037e+00,1.694053e+00,1.772016e+00,2.001520e+00,1.836650e+00,1.641108e+00,1.723440e+00,1.820222e+00,2.087052e+00,1.706059e+00,1.811551e+00,1.843317e+00,1.949957e+00,1.974847e+00,1.827471e+00,1.923618e+00,1.532864e-01,1.641108e+00,2.165872e+00
6.232000e+00,1.159910e+00,2.096183e+00,2.037085e+00,2.061953e+00,2.080200e+00,2.106884e+00,1.966891e+00,2.060823e+00,2.166644e+00,2.094654e+00,1.814534e+00,1.694992e+00,1.773953e+00,2.001680e+00,1.837311e+00,1.641983e+00,1.724177e+00,1.822333e+00,2.087457e+00,1.706818e+00,1.812451e+00,1.844219e+00,1.950553e+00,1.976769e+00,1.829118e+00,1.924569e+00,1.532073e-01,1.641983e+00,2.166644e+00
6.233000e+00,1.160230e+00,2.095725e+00,2.037623e+00,2.060391e+00,2.081333e+00,2.107349e+00,1.967228e+00,2.061362e+00,2.167584e+00,2.095231e+00,1.814969e+00,1.695932e+00,1.774506e+00,2.002560e+00,1.837971e+00,1.642858e+00,1.724914e+00,1.823333e+00,2.089538e+00,1.707577e+00,1.813350e+00,1.845121e+00,1.951787e+00,1.979083e+00,1.830235e+00,1.925315e+00,1.531149e-01,1.642858e+00,2.167584e+00
6.234000e+00,1.160390e+00,2.098015e+00,2.038296e+00,2.062812e+00,2.083067e+00,2.107256e+00,1.967790e+00,2.062005e+00,2.169060e+00,2.096385e+00,1.816149e+00,1.696872e+00,1.775534e+00,2.000320e+00,1.838632e+00,1.643734e+00,1.725651e+00,1.823444e+00,2.090983e+00,1.708336e+00,1.814250e+00,1.846023e+00,1.952851e+00,1.980786e+00,1.830941e+00,1.926216e+00,1.532601e-01,1.643734e+00,2.169060e+00
6.235000e+00,1.160730e+00,2.097939e+00,2.038969e+00,2.063438e+00,2.083333e+00,2.108279e+00,1.968764e+00,2.062571e+00,2.170302e+00,2.098038e+00,1.816957e+00,1.697813e+00,1.776008e+00,2.001840e+00,1.839292e+00,1.644610e+00,1.726389e+00,1.824778e+00,2.091503e+00,1.709094e+00,1.815150e+00,1.846925e+00,1.953191e+00,1.981528e+00,1.830765e+00,1.926978e+00,1.532702e-01,1.644610e+00,2.170302e+00
6.236000e+00,1.161020e+00,2.099160e+00,2.039641e+00,2.064453e+00,2.084533e+00,2.109349e+00,1.969438e+00,2.063573e+00,2.171997e+00,2.099154e+00,1.817857e+00,1.698754e+00,1.777668e+00,2.000560e+00,1.839952e+00,1.645487e+00,1.727126e+00,1.825778e+00,2.092832e+00,1.709853e+00,1.816031e+00,1.847827e+00,1.953532e+00,1.983581e+00,1.831118e+00,1.927886e+00,1.533595e-01,1.645487e+00,2.171997e+00
6.237000e+00,1.161180e+00,2.099466e+00,2.041614e+00,2.065781e+00,2.085900e+00,2.109256e+00,1.970037e+00,2.063805e+00,2.173389e+00,2.100231e+00,1.818727e+00,1.699696e+00,1.778379e+00,2.000480e+00,1.840611e+00,1.646364e+00,1.727864e+00,1.827111e+00,2.094682e+00,1.710612e+00,1.816913e+00,1.848728e+00,1.952894e+00,1.984498e+00,1.831412e+00,1.928685e+00,1.534131e-01,1.646364e+00,2.173389e+00
6.238000e+00,1.161400e+00,2.100611e+00,2.041704e+00,2.065156e+00,2.087133e+00,2.108372e+00,1.971124e+00,2.064036e+00,2.173876e+00,2.100538e+00,1.820559e+00,1.700638e+00,1.778972e+00,2.002640e+00,1.841271e+00,1.647242e+00,1.728601e+00,1.826889e+00,2.095318e+00,1.711371e+00,1.817794e+00,1.849630e+00,1.952298e+00,1.985502e+00,1.831882e+00,1.929298e+00,1.532476e-01,1.647242e+00,2.173876e+00
6.239000e+00,1.161680e+00,2.100992e+00,2.043004e+00,2.064922e+00,2.087700e+00,2.108047e+00,1.971348e+00,2.062956e+00,2.172886e+00,2.102000e+00,1.821584e+00,1.701581e+00,1.779091e+00,2.003120e+00,1.841930e+00,1.648120e+00,1.729339e+00,1.827667e+00,2.095838e+00,1.712129e+00,1.818676e+00,1.850531e+00,1.951787e+00,1.984716e+00,1.831941e+00,1.929663e+00,1.529577e-01,1.648120e+00,2.172886e+00
6.240000e+00,1.161960e+00,2.101756e+00,2.043498e+00,2.065937e+00,2.088933e+00,2.108047e+00,1.972509e+00,2.062057e+00,2.171443e+00,2.102654e+00,1.823106e+00,1.702524e+00,1.780277e+00,2.002560e+00,1.842588e+00,1.648999e+00,1.730076e+00,1.827444e+00,2.095434e+00,1.712888e+00,1.819558e+00,1.851432e+00,1.951277e+00,1.985371e+00,1.832706e+00,1.930128e+00,1.526126e-01,1.648999e+00,2.171443e+00
6.241000e+00,1.162270e+00,2.102443e+00,2.045067e+00,2.066641e+00,2.090200e+00,2.109209e+00,1.973596e+00,2.061825e+00,2.171141e+00,2.104000e+00,1.824534e+00,1.703468e+00,1.781344e+00,2.005120e+00,1.843247e+00,1.649878e+00,1.730814e+00,1.829444e+00,2.095665e+00,1.713647e+00,1.820441e+00,1.852333e+00,1.952255e+00,1.986507e+00,1.833941e+00,1.931115e+00,1.525161e-01,1.649878e+00,2.171141e+00
6.242000e+00,1.162530e+00,2.103969e+00,2.045830e+00,2.067031e+00,2.091267e+00,2.109814e+00,1.974307e+00,2.062082e+00,2.171208e+00,2.104846e+00,1.824938e+00,1.704413e+00,1.783043e+00,2.006320e+00,1.843905e+00,1.650758e+00,1.731552e+00,1.831556e+00,2.096127e+00,1.714405e+00,1.821323e+00,1.853233e+00,1.952340e+00,1.986943e+00,1.834706e+00,1.931913e+00,1.523823e-01,1.650758e+00,2.171208e+00
6.243000e+00,1.162730e+00,2.104809e+00,2.046143e+00,2.066406e+00,2.091967e+00,2.110698e+00,1.975393e+00,2.063213e+00,2.171644e+00,2.105038e+00,1.825652e+00,1.705358e+00,1.783478e+00,2.006400e+00,1.844563e+00,1.651638e+00,1.732290e+00,1.831222e+00,2.093179e+00,1.715164e+00,1.822206e+00,1.854134e+00,1.953106e+00,1.989258e+00,1.832118e+00,1.932295e+00,1.522501e-01,1.651638e+00,2.171644e+00
6.244000e+00,1.162960e+00,2.105725e+00,2.046726e+00,2.066484e+00,2.093400e+00,2.111907e+00,1.976404e+00,2.064396e+00,2.172030e+00,2.106577e+00,1.826335e+00,1.706303e+00,1.784111e+00,2.007440e+00,1.845221e+00,1.652519e+00,1.733028e+00,1.833222e+00,2.091272e+00,1.715923e+00,1.823089e+00,1.855034e+00,1.954511e+00,1.990699e+00,1.831765e+00,1.933088e+00,1.521929e-01,1.652519e+00,2.172030e+00
6.245000e+00,1.163290e+00,2.107328e+00,2.045605e+00,2.067109e+00,2.094367e+00,2.112744e+00,1.977453e+00,2.064859e+00,2.172047e+00,2.108769e+00,1.826770e+00,1.707249e+00,1.784941e+00,2.010880e+00,1.845878e+00,1.653400e+00,1.733766e+00,1.834444e+00,2.092486e+00,1.716681e+00,1.823973e+00,1.855935e+00,1.954000e+00,1.992358e+00,1.831118e+00,1.933923e+00,1.522871e-01,1.653400e+00,2.172047e+00
6.246000e+00,1.163500e+00,2.107710e+00,2.044395e+00,2.068750e+00,2.095000e+00,2.113535e+00,1.978951e+00,2.065733e+00,2.172819e+00,2.108923e+00,1.827888e+00,1.708196e+00,1.786245e+00,2.010720e+00,1.846535e+00,1.654281e+00,1.734504e+00,1.835333e+00,2.093237e+00,1.717440e+00,1.824856e+00,1.856835e+00,1.956128e+00,1.994061e+00,1.830824e+00,1.934704e+00,1.521955e-01,1.654281e+00,2.172819e+00
6.247000e+00,1.163920e+00,2.109008e+00,2.043722e+00,2.069687e+00,2.095933e+00,2.114512e+00,1.979963e+00,2.066684e+00,2.173960e+00,2.110038e+00,1.828199e+00,1.709143e+00,1.786719e+00,2.010400e+00,1.847192e+00,1.655163e+00,1.735242e+00,1.837333e+00,2.092948e+00,1.718198e+00,1.825740e+00,1.857735e+00,1.957574e+00,1.994410e+00,1.830706e+00,1.935425e+00,1.521770e-01,1.655163e+00,2.173960e+00
6.248000e+00,1.164030e+00,2.110305e+00,2.042556e+00,2.069844e+00,2.096900e+00,2.115814e+00,1.980412e+00,2.067506e+00,2.174564e+00,2.111154e+00,1.829317e+00,1.710090e+00,1.787312e+00,2.011360e+00,1.847848e+00,1.656045e+00,1.735980e+00,1.838556e+00,2.094046e+00,1.718957e+00,1.826624e+00,1.858635e+00,1.957830e+00,1.996245e+00,1.832294e+00,1.936258e+00,1.521344e-01,1.656045e+00,2.174564e+00
6.249000e+00,1.164240e+00,2.112061e+00,2.043229e+00,2.071328e+00,2.097967e+00,2.116419e+00,1.981498e+00,2.068303e+00,2.175352e+00,2.112231e+00,1.830404e+00,1.711038e+00,1.788419e+00,2.013600e+00,1.848505e+00,1.656928e+00,1.736718e+00,1.838778e+00,2.096012e+00,1.719716e+00,1.827508e+00,1.859535e+00,1.958851e+00,1.996026e+00,1.833235e+00,1.937236e+00,1.522643e-01,1.656928e+00,2.175352e+00
6.250000e+00,1.164430e+00,2.112290e+00,2.043587e+00,2.070781e+00,2.098533e+00,2.117256e+00,1.983521e+00,2.068869e+00,2.176695e+00,2.113769e+00,1.830994e+00,1.711987e+00,1.788221e+00,2.013200e+00,1.849161e+00,1.657812e+00,1.737457e+00,1.839889e+00,2.098439e+00,1.720474e+00,1.828393e+00,1.860435e+00,1.959915e+00,1.996638e+00,1.833412e+00,1.937989e+00,1.523342e-01,1.657812e+00,2.176695e+00
6.251000e+00,1.164670e+00,2.113664e+00,2.044484e+00,2.072031e+00,2.099833e+00,2.118465e+00,1.984419e+00,2.069769e+00,2.178356e+00,2.114038e+00,1.832174e+00,1.712936e+00,1.789565e+00,2.014400e+00,1.849816e+00,1.658695e+00,1.738195e+00,1.841222e+00,2.099538e+00,1.721233e+00,1.829278e+00,1.861335e+00,1.961064e+00,1.997773e+00,1.834471e+00,1.939031e+00,1.524212e-01,1.658695e+00,2.178356e+00
6.252000e+00,1.165050e+00,2.114275e+00,2.044350e+00,2.073047e+00,2.100933e+00,2.120047e+00,1.985843e+00,2.070463e+00,2.180252e+00,2.112538e+00,1.833665e+00,1.713886e+00,1.790593e+00,2.015680e+00,1.850472e+00,1.659580e+00,1.738933e+00,1.840333e+00,2.100636e+00,1.721991e+00,1.830163e+00,1.862234e+00,1.962255e+00,1.998166e+00,1.835647e+00,1.939833e+00,1.524247e-01,1.659580e+00,2.180252e+00
6.253000e+00,1.165300e+00,2.115649e+00,2.044888e+00,2.074609e+00,2.102333e+00,2.120651e+00,1.987154e+00,2.071105e+00,2.181544e+00,2.113269e+00,1.834224e+00,1.714836e+00,1.790870e+00,2.016000e+00,1.851127e+00,1.660464e+00,1.739672e+00,1.841556e+00,2.100983e+00,1.722750e+00,1.831049e+00,1.863134e+00,1.962723e+00,1.999913e+00,1.836941e+00,1.940727e+00,1.524944e-01,1.660464e+00,2.181544e+00
6.254000e+00,1.165610e+00,2.115725e+00,2.046592e+00,2.076094e+00,2.103367e+00,2.121442e+00,1.987940e+00,2.071645e+00,2.183440e+00,2.112962e+00,1.834565e+00,1.715786e+00,1.791739e+00,2.017440e+00,1.851781e+00,1.661350e+00,1.740410e+00,1.843000e+00,2.103815e+00,1.723508e+00,1.831935e+00,1.864034e+00,1.963787e+00,2.000699e+00,1.839294e+00,1.941765e+00,1.525737e-01,1.661350e+00,2.183440e+00
6.255000e+00,1.165890e+00,2.116336e+00,2.046861e+00,2.075469e+00,2.103767e+00,2.122558e+00,1.989588e+00,2.072185e+00,2.184782e+00,2.113192e+00,1.835124e+00,1.716738e+00,1.792174e+00,2.016800e+00,1.852436e+00,1.662235e+00,1.741149e+00,1.843222e+00,2.104277e+00,1.724267e+00,1.832821e+00,1.864934e+00,1.964638e+00,2.001004e+00,1.840471e+00,1.942376e+00,1.524702e-01,1.662235e+00,2.184782e+00
6.256000e+00,1.166060e+00,2.117710e+00,2.048565e+00,2.077187e+00,2.103267e+00,2.124233e+00,1.991386e+00,2.072956e+00,2.185940e+00,2.113654e+00,1.835683e+00,1.717689e+00,1.793636e+00,2.019760e+00,1.853090e+00,1.663121e+00,1.741887e+00,1.845000e+00,2.106994e+00,1.725025e+00,1.833707e+00,1.865834e+00,1.965191e+00,2.002489e+00,1.841176e+00,1.943549e+00,1.526468e-01,1.663121e+00,2.185940e+00
6.257000e+00,1.166400e+00,2.119008e+00,2.050359e+00,2.077969e+00,2.103033e+00,2.124372e+00,1.991835e+00,2.073265e+00,2.186846e+00,2.114538e+00,1.836863e+00,1.718642e+00,1.794980e+00,2.020160e+00,1.853744e+00,1.664008e+00,1.742626e+00,1.846222e+00,2.108324e+00,1.725784e+00,1.834594e+00,1.866733e+00,1.966128e+00,2.003362e+00,1.841647e+00,1.944377e+00,1.525806e-01,1.664008e+00,2.186846e+00
6.258000e+00,1.166610e+00,2.119466e+00,2.051525e+00,2.078125e+00,2.102833e+00,2.125209e+00,1.992622e+00,2.074267e+00,2.187483e+00,2.115423e+00,1.837764e+00,1.719595e+00,1.795810e+00,2.020480e+00,1.854398e+00,1.664895e+00,1.743365e+00,1.844444e+00,2.109133e+00,1.726542e+00,1.835481e+00,1.867633e+00,1.966766e+00,2.003231e+00,1.842765e+00,1.944969e+00,1.525304e-01,1.664895e+00,2.187483e+00
6.259000e+00,1.166940e+00,2.120534e+00,2.052960e+00,2.079141e+00,2.102933e+00,2.126093e+00,1.994794e+00,2.074961e+00,2.188339e+00,2.116846e+00,1.838199e+00,1.720548e+00,1.796166e+00,2.021520e+00,1.855051e+00,1.665783e+00,1.744104e+00,1.847111e+00,2.110636e+00,1.727300e+00,1.836369e+00,1.868533e+00,1.967915e+00,2.003886e+00,1.843118e+00,1.945952e+00,1.526061e-01,1.665783e+00,2.188339e+00
6.260000e+00,1.166970e+00,2.121221e+00,2.054170e+00,2.078828e+00,2.103433e+00,2.126651e+00,1.995693e+00,2.075450e+00,2.189698e+00,2.116808e+00,1.839472e+00,1.721502e+00,1.796798e+00,2.023200e+00,1.855704e+00,1.666671e+00,1.744842e+00,1.849333e+00,2.111850e+00,1.728059e+00,1.837257e+00,1.869433e+00,1.969106e+00,2.004760e+00,1.844647e+00,1.946858e+00,1.524995e-01,1.666671e+00,2.189698e+00
6.261000e+00,1.167420e+00,2.121832e+00,2.055964e+00,2.079922e+00,2.104367e+00,2.127953e+00,1.997790e+00,2.076272e+00,2.190419e+00,2.118577e+00,1.841491e+00,1.722456e+00,1.797984e+00,2.023760e+00,1.856357e+00,1.667559e+00,1.745581e+00,1.848889e+00,2.113006e+00,1.728817e+00,1.838146e+00,1.870333e+00,1.969106e+00,2.005109e+00,1.844765e+00,1.947769e+00,1.526078e-01,1.667559e+00,2.190419e+00
6.262000e+00,1.167710e+00,2.122824e+00,2.055919e+00,2.082500e+00,2.105200e+00,2.128977e+00,1.998951e+00,2.077404e+00,2.191359e+00,2.120346e+00,1.842298e+00,1.723411e+00,1.799012e+00,2.024320e+00,1.857010e+00,1.668448e+00,1.746320e+00,1.849778e+00,2.113468e+00,1.729576e+00,1.839035e+00,1.871234e+00,1.969787e+00,2.006157e+00,1.846118e+00,1.948727e+00,1.526842e-01,1.668448e+00,2.191359e+00
6.263000e+00,1.167960e+00,2.123435e+00,2.057758e+00,2.083672e+00,2.105700e+00,2.130465e+00,2.000112e+00,2.078509e+00,2.192299e+00,2.120308e+00,1.842981e+00,1.724367e+00,1.800711e+00,2.025360e+00,1.857662e+00,1.669337e+00,1.747059e+00,1.851889e+00,2.113295e+00,1.730334e+00,1.839924e+00,1.872134e+00,1.971404e+00,2.007293e+00,1.846588e+00,1.949692e+00,1.526267e-01,1.669337e+00,2.192299e+00
6.264000e+00,1.168240e+00,2.123969e+00,2.059238e+00,2.084922e+00,2.106533e+00,2.130977e+00,2.001461e+00,2.079614e+00,2.193322e+00,2.121654e+00,1.843509e+00,1.725323e+00,1.800830e+00,2.025520e+00,1.858314e+00,1.670227e+00,1.747798e+00,1.850444e+00,2.115838e+00,1.731092e+00,1.840814e+00,1.873035e+00,1.972511e+00,2.007642e+00,1.847412e+00,1.950500e+00,1.528402e-01,1.670227e+00,2.193322e+00
6.265000e+00,1.168340e+00,2.124351e+00,2.059596e+00,2.083516e+00,2.107467e+00,2.132000e+00,2.003146e+00,2.080514e+00,2.193104e+00,2.122885e+00,1.843944e+00,1.726279e+00,1.801937e+00,2.026480e+00,1.858966e+00,1.671118e+00,1.748537e+00,1.851889e+00,2.116994e+00,1.731851e+00,1.841704e+00,1.873935e+00,1.972638e+00,2.007555e+00,1.848529e+00,1.951206e+00,1.526742e-01,1.671118e+00,2.193104e+00
6.266000e+00,1.168700e+00,2.125420e+00,2.061794e+00,2.084609e+00,2.108767e+00,2.132419e+00,2.003970e+00,2.081208e+00,2.193809e+00,2.124346e+00,1.845528e+00,1.727236e+00,1.803123e+00,2.027520e+00,1.859617e+00,1.672008e+00,1.749276e+00,1.854667e+00,2.117861e+00,1.732609e+00,1.842595e+00,1.874837e+00,1.973872e+00,2.008210e+00,1.849529e+00,1.952285e+00,1.526621e-01,1.672008e+00,2.193809e+00
6.267000e+00,1.168950e+00,2.127176e+00,2.062780e+00,2.084141e+00,2.109400e+00,2.132930e+00,2.005543e+00,2.082005e+00,2.194698e+00,2.126038e+00,1.845652e+00,1.728194e+00,1.803715e+00,2.028560e+00,1.860268e+00,1.672900e+00,1.750015e+00,1.855889e+00,2.118497e+00,1.733368e+00,1.843487e+00,1.875738e+00,1.974340e+00,2.010087e+00,1.849706e+00,1.953130e+00,1.527396e-01,1.672900e+00,2.194698e+00
6.268000e+00,1.169210e+00,2.127252e+00,2.064574e+00,2.085625e+00,2.110833e+00,2.134093e+00,2.007228e+00,2.082674e+00,2.195000e+00,2.126962e+00,1.846118e+00,1.729152e+00,1.805059e+00,2.029760e+00,1.860919e+00,1.673791e+00,1.750755e+00,1.857000e+00,2.119538e+00,1.734126e+00,1.844379e+00,1.876639e+00,1.975957e+00,2.011616e+00,1.851529e+00,1.954191e+00,1.527596e-01,1.673791e+00,2.195000e+00
6.269000e+00,1.169250e+00,2.127634e+00,2.064888e+00,2.088359e+00,2.112267e+00,2.135023e+00,2.008689e+00,2.083368e+00,2.195789e+00,2.127923e+00,1.845963e+00,1.730110e+00,1.805415e+00,2.031120e+00,1.861570e+00,1.674684e+00,1.751494e+00,1.857889e+00,2.121156e+00,1.734884e+00,1.845272e+00,1.877541e+00,1.976638e+00,2.013755e+00,1.852941e+00,1.955182e+00,1.529252e-01,1.674684e+00,2.195789e+00
6.270000e+00,1.169390e+00,2.128779e+00,2.065874e+00,2.086562e+00,2.113067e+00,2.135488e+00,2.009176e+00,2.082982e+00,2.195587e+00,2.129808e+00,1.846739e+00,1.731069e+00,1.806047e+00,2.031520e+00,1.862220e+00,1.675576e+00,1.752233e+00,1.858222e+00,2.122543e+00,1.735643e+00,1.846165e+00,1.878444e+00,1.976936e+00,2.015328e+00,1.853824e+00,1.955826e+00,1.528105e-01,1.675576e+00,2.195587e+00
6.271000e+00,1.169860e+00,2.128550e+00,2.066861e+00,2.086953e+00,2.113967e+00,2.135581e+00,2.008876e+00,2.082134e+00,2.194815e+00,2.130962e+00,1.846894e+00,1.732029e+00,1.807194e+00,2.032160e+00,1.862870e+00,1.676469e+00,1.752972e+00,1.858444e+00,2.123873e+00,1.736401e+00,1.847060e+00,1.879346e+00,1.976043e+00,2.016943e+00,1.855059e+00,1.956352e+00,1.525853e-01,1.676469e+00,2.194815e+00
6.272000e+00,1.170070e+00,2.127710e+00,2.067399e+00,2.086562e+00,2.114633e+00,2.134698e+00,2.010000e+00,2.081414e+00,2.195201e+00,2.131500e+00,1.845901e+00,1.732989e+00,1.807352e+00,2.032720e+00,1.863520e+00,1.677363e+00,1.753712e+00,1.860000e+00,2.124509e+00,1.737159e+00,1.847955e+00,1.880249e+00,1.975234e+00,2.018210e+00,1.855588e+00,1.956732e+00,1.523256e-01,1.677363e+00,2.195201e+00
6.273000e+00,1.170470e+00,2.128473e+00,2.068430e+00,2.088203e+00,2.115833e+00,2.134698e+00,2.010225e+00,2.081311e+00,2.195067e+00,2.132269e+00,1.845776e+00,1.733950e+00,1.806364e+00,2.034320e+00,1.864169e+00,1.678257e+00,1.754451e+00,1.860889e+00,2.125607e+00,1.737918e+00,1.848851e+00,1.881153e+00,1.974426e+00,2.018559e+00,1.856588e+00,1.957324e+00,1.523343e-01,1.678257e+00,2.195067e+00
6.274000e+00,1.170540e+00,2.128855e+00,2.068789e+00,2.088437e+00,2.116833e+00,2.134186e+00,2.011124e+00,2.081260e+00,2.196057e+00,2.133038e+00,1.846149e+00,1.734911e+00,1.805534e+00,2.035520e+00,1.864818e+00,1.679152e+00,1.755191e+00,1.861444e+00,2.126936e+00,1.738676e+00,1.849748e+00,1.882057e+00,1.973957e+00,2.019345e+00,1.857882e+00,1.957913e+00,1.522979e-01,1.679152e+00,2.196057e+00
6.275000e+00,1.170730e+00,2.128550e+00,2.069552e+00,2.089375e+00,2.117900e+00,2.135023e+00,2.011985e+00,2.081748e+00,2.196946e+00,2.134385e+00,1.846522e+00,1.735873e+00,1.806166e+00,2.036400e+00,1.865467e+00,1.680047e+00,1.755930e+00,1.861556e+00,2.127514e+00,1.739435e+00,1.850646e+00,1.882961e+00,1.974511e+00,2.019301e+00,1.857765e+00,1.958565e+00,1.523133e-01,1.680047e+00,2.196946e+00
6.276000e+00,1.171100e+00,2.129847e+00,2.070628e+00,2.089844e+00,2.119167e+00,2.135581e+00,2.013970e+00,2.082416e+00,2.197550e+00,2.135154e+00,1.846925e+00,1.736835e+00,1.807154e+00,2.037440e+00,1.866115e+00,1.680942e+00,1.756670e+00,1.862444e+00,2.127688e+00,1.740193e+00,1.851545e+00,1.883866e+00,1.975872e+00,2.019651e+00,1.858529e+00,1.959418e+00,1.523022e-01,1.680942e+00,2.197550e+00
6.277000e+00,1.171240e+00,2.131069e+00,2.071345e+00,2.089766e+00,2.120533e+00,2.136884e+00,2.015094e+00,2.083188e+00,2.198339e+00,2.135615e+00,1.847516e+00,1.737798e+00,1.808696e+00,2.038960e+00,1.866764e+00,1.681838e+00,1.757409e+00,1.861667e+00,2.128786e+00,1.740951e+00,1.852445e+00,1.884771e+00,1.975660e+00,2.020218e+00,1.859176e+00,1.960187e+00,1.523545e-01,1.681838e+00,2.198339e+00
6.278000e+00,1.171610e+00,2.131374e+00,2.072422e+00,2.092187e+00,2.121500e+00,2.137256e+00,2.015993e+00,2.083830e+00,2.199195e+00,2.136923e+00,1.848478e+00,1.738761e+00,1.808775e+00,2.037920e+00,1.867412e+00,1.682734e+00,1.758149e+00,1.864667e+00,2.129769e+00,1.741710e+00,1.853347e+00,1.885677e+00,1.976596e+00,2.020262e+00,1.859765e+00,1.961029e+00,1.523254e-01,1.682734e+00,2.199195e+00
6.279000e+00,1.171780e+00,2.132214e+00,2.072332e+00,2.091875e+00,2.122600e+00,2.138930e+00,2.017790e+00,2.084730e+00,2.200050e+00,2.137731e+00,1.848571e+00,1.739725e+00,1.809447e+00,2.040480e+00,1.868059e+00,1.683631e+00,1.758889e+00,1.864444e+00,2.129884e+00,1.742468e+00,1.854250e+00,1.886584e+00,1.977574e+00,2.020349e+00,1.860294e+00,1.961788e+00,1.523826e-01,1.683631e+00,2.200050e+00
6.280000e+00,1.172090e+00,2.133130e+00,2.073587e+00,2.091797e+00,2.124000e+00,2.139767e+00,2.018914e+00,2.085835e+00,2.200923e+00,2.138615e+00,1.849907e+00,1.740690e+00,1.809842e+00,2.041040e+00,1.868707e+00,1.684528e+00,1.759628e+00,1.863111e+00,2.129075e+00,1.743227e+00,1.855154e+00,1.887491e+00,1.979617e+00,2.021965e+00,1.861706e+00,1.962594e+00,1.523909e-01,1.684528e+00,2.200923e+00
6.281000e+00,1.172350e+00,2.134885e+00,2.074170e+00,2.091797e+00,2.125533e+00,2.140837e+00,2.020787e+00,2.086452e+00,2.202164e+00,2.139462e+00,1.851273e+00,1.741655e+00,1.811423e+00,2.043120e+00,1.869354e+00,1.685426e+00,1.760368e+00,1.866667e+00,2.126590e+00,1.743985e+00,1.856060e+00,1.888399e+00,1.980043e+00,2.023319e+00,1.862588e+00,1.963598e+00,1.522354e-01,1.685426e+00,2.202164e+00
6.282000e+00,1.172670e+00,2.135267e+00,2.075336e+00,2.092578e+00,2.126200e+00,2.141116e+00,2.022097e+00,2.087352e+00,2.203138e+00,2.140308e+00,1.852360e+00,1.742620e+00,1.812648e+00,2.042880e+00,1.870001e+00,1.686324e+00,1.761108e+00,1.866444e+00,2.125202e+00,1.744743e+00,1.856968e+00,1.889307e+00,1.980809e+00,2.023930e+00,1.862353e+00,1.964212e+00,1.521136e-01,1.686324e+00,2.203138e+00
6.283000e+00,1.172850e+00,2.135878e+00,2.075874e+00,2.095000e+00,2.126600e+00,2.143256e+00,2.023408e+00,2.088612e+00,2.204211e+00,2.141577e+00,1.853075e+00,1.743586e+00,1.813478e+00,2.044960e+00,1.870647e+00,1.687223e+00,1.761848e+00,1.866444e+00,2.124913e+00,1.745502e+00,1.857878e+00,1.890216e+00,1.982426e+00,2.023974e+00,1.862941e+00,1.965147e+00,1.522528e-01,1.687223e+00,2.204211e+00
6.284000e+00,1.173040e+00,2.137710e+00,2.076637e+00,2.095234e+00,2.127467e+00,2.143674e+00,2.024270e+00,2.089563e+00,2.205503e+00,2.142692e+00,1.853944e+00,1.744552e+00,1.814625e+00,2.045200e+00,1.871293e+00,1.688122e+00,1.762588e+00,1.869000e+00,2.124971e+00,1.746260e+00,1.858790e+00,1.891126e+00,1.983404e+00,2.025022e+00,1.863529e+00,1.966049e+00,1.522072e-01,1.688122e+00,2.205503e+00
6.285000e+00,1.173380e+00,2.138244e+00,2.078072e+00,2.097500e+00,2.126733e+00,2.144419e+00,2.025281e+00,2.090591e+00,2.206510e+00,2.144192e+00,1.854658e+00,1.745519e+00,1.815810e+00,2.045680e+00,1.871939e+00,1.689022e+00,1.763328e+00,1.869556e+00,2.125376e+00,1.747019e+00,1.859704e+00,1.892036e+00,1.984638e+00,2.025633e+00,1.864706e+00,1.966924e+00,1.521987e-01,1.689022e+00,2.206510e+00
6.286000e+00,1.173640e+00,2.138550e+00,2.077937e+00,2.098203e+00,2.125767e+00,2.144558e+00,2.027004e+00,2.091825e+00,2.207852e+00,2.144346e+00,1.855404e+00,1.746487e+00,1.817470e+00,2.047280e+00,1.872585e+00,1.689922e+00,1.764068e+00,1.870111e+00,2.126994e+00,1.747777e+00,1.860621e+00,1.892947e+00,1.985404e+00,2.026594e+00,1.865059e+00,1.967699e+00,1.520957e-01,1.689922e+00,2.207852e+00
6.287000e+00,1.173780e+00,2.140076e+00,2.078834e+00,2.096953e+00,2.125400e+00,2.146140e+00,2.028689e+00,2.092699e+00,2.209480e+00,2.145154e+00,1.856677e+00,1.747455e+00,1.818419e+00,2.047920e+00,1.873230e+00,1.690823e+00,1.764808e+00,1.871333e+00,2.127399e+00,1.748536e+00,1.861541e+00,1.893859e+00,1.985957e+00,2.026725e+00,1.865118e+00,1.968468e+00,1.520621e-01,1.690823e+00,2.209480e+00
6.288000e+00,1.174160e+00,2.141756e+00,2.080673e+00,2.099141e+00,2.125000e+00,2.147163e+00,2.030824e+00,2.093239e+00,2.210302e+00,2.146615e+00,1.857236e+00,1.748424e+00,1.818854e+00,2.049040e+00,1.873875e+00,1.691724e+00,1.765548e+00,1.868222e+00,2.129538e+00,1.749294e+00,1.862463e+00,1.894771e+00,1.987447e+00,2.027817e+00,1.866412e+00,1.969391e+00,1.523647e-01,1.691724e+00,2.210302e+00
6.289000e+00,1.174450e+00,2.142748e+00,2.081300e+00,2.100078e+00,2.125667e+00,2.148884e+00,2.031910e+00,2.093522e+00,2.211158e+00,2.146577e+00,1.858634e+00,1.749393e+00,1.819565e+00,2.051120e+00,1.874520e+00,1.692625e+00,1.766288e+00,1.866444e+00,2.131387e+00,1.750053e+00,1.863389e+00,1.895684e+00,1.988255e+00,2.028777e+00,1.867647e+00,1.970234e+00,1.524712e-01,1.692625e+00,2.211158e+00
6.290000e+00,1.174750e+00,2.143664e+00,2.082466e+00,2.101641e+00,2.126067e+00,2.149302e+00,2.033184e+00,2.094216e+00,2.212265e+00,2.145615e+00,1.859037e+00,1.750362e+00,1.820356e+00,2.051920e+00,1.875165e+00,1.693527e+00,1.767028e+00,1.867111e+00,2.133064e+00,1.750811e+00,1.864318e+00,1.896597e+00,1.988723e+00,2.029825e+00,1.867588e+00,1.970994e+00,1.524870e-01,1.693527e+00,2.212265e+00
6.291000e+00,1.174910e+00,2.145496e+00,2.082691e+00,2.102031e+00,2.127233e+00,2.150605e+00,2.034494e+00,2.094961e+00,2.212701e+00,2.145538e+00,1.859627e+00,1.751333e+00,1.821304e+00,2.053680e+00,1.875809e+00,1.694430e+00,1.767768e+00,1.868111e+00,2.134046e+00,1.751570e+00,1.865250e+00,1.897510e+00,1.989574e+00,2.031747e+00,1.868941e+00,1.971936e+00,1.524976e-01,1.694430e+00,2.212701e+00
6.292000e+00,1.175250e+00,2.144809e+00,2.084260e+00,2.101016e+00,2.128067e+00,2.151628e+00,2.035955e+00,2.095270e+00,2.213339e+00,2.146192e+00,1.860248e+00,1.752303e+00,1.823399e+00,2.052640e+00,1.876453e+00,1.695332e+00,1.768508e+00,1.867444e+00,2.135029e+00,1.752328e+00,1.866187e+00,1.898424e+00,1.990851e+00,2.032707e+00,1.870529e+00,1.972622e+00,1.523063e-01,1.695332e+00,2.213339e+00
6.293000e+00,1.175410e+00,2.147634e+00,2.084798e+00,2.103203e+00,2.129700e+00,2.152140e+00,2.037453e+00,2.095604e+00,2.214161e+00,2.145923e+00,1.861149e+00,1.753275e+00,1.823834e+00,2.052080e+00,1.877096e+00,1.696236e+00,1.769249e+00,1.870444e+00,2.137399e+00,1.753087e+00,1.867127e+00,1.899338e+00,1.991191e+00,2.034192e+00,1.870824e+00,1.973631e+00,1.524103e-01,1.696236e+00,2.214161e+00
6.294000e+00,1.175710e+00,2.147786e+00,2.086278e+00,2.104141e+00,2.130867e+00,2.153163e+00,2.039438e+00,2.096144e+00,2.215772e+00,2.146038e+00,1.862050e+00,1.754246e+00,1.824545e+00,2.054880e+00,1.877740e+00,1.697140e+00,1.769989e+00,1.869778e+00,2.138728e+00,1.753846e+00,1.868072e+00,1.900252e+00,1.992383e+00,2.034236e+00,1.872412e+00,1.974580e+00,1.525270e-01,1.697140e+00,2.215772e+00
6.295000e+00,1.175890e+00,2.149237e+00,2.086457e+00,2.107109e+00,2.132300e+00,2.154093e+00,2.040112e+00,2.096838e+00,2.216963e+00,2.146808e+00,1.863602e+00,1.755219e+00,1.825296e+00,2.055680e+00,1.878383e+00,1.698044e+00,1.770729e+00,1.870889e+00,2.139769e+00,1.754604e+00,1.869020e+00,1.901166e+00,1.993149e+00,2.034410e+00,1.873118e+00,1.975542e+00,1.526266e-01,1.698044e+00,2.216963e+00
6.296000e+00,1.176200e+00,2.150534e+00,2.087040e+00,2.106484e+00,2.133933e+00,2.154419e+00,2.042097e+00,2.097815e+00,2.217735e+00,2.147654e+00,1.864565e+00,1.756191e+00,1.827115e+00,2.056160e+00,1.879026e+00,1.698949e+00,1.771470e+00,1.870778e+00,2.140751e+00,1.755363e+00,1.869973e+00,1.902080e+00,1.993702e+00,2.034891e+00,1.873529e+00,1.976344e+00,1.526029e-01,1.698949e+00,2.217735e+00
6.297000e+00,1.176570e+00,2.151298e+00,2.086816e+00,2.106172e+00,2.135467e+00,2.155581e+00,2.043109e+00,2.098509e+00,2.218809e+00,2.149308e+00,1.865714e+00,1.757165e+00,1.828261e+00,2.056960e+00,1.879668e+00,1.699854e+00,1.772210e+00,1.873667e+00,2.141618e+00,1.756122e+00,1.870930e+00,1.902993e+00,1.994766e+00,2.035633e+00,1.874647e+00,1.977303e+00,1.525334e-01,1.699854e+00,2.218809e+00
6.298000e+00,1.176700e+00,2.152595e+00,2.086996e+00,2.106797e+00,2.136833e+00,2.156791e+00,2.044831e+00,2.099512e+00,2.219883e+00,2.149731e+00,1.866988e+00,1.758139e+00,1.828735e+00,2.057920e+00,1.880310e+00,1.700760e+00,1.772951e+00,1.872111e+00,2.142312e+00,1.756880e+00,1.871890e+00,1.903906e+00,1.995830e+00,2.034192e+00,1.875118e+00,1.978000e+00,1.526259e-01,1.700760e+00,2.219883e+00
6.299000e+00,1.177080e+00,2.153130e+00,2.085336e+00,2.108672e+00,2.137600e+00,2.157256e+00,2.045918e+00,2.100591e+00,2.220940e+00,2.150769e+00,1.867795e+00,1.759113e+00,1.829486e+00,2.059520e+00,1.880952e+00,1.701666e+00,1.773691e+00,1.875222e+00,2.144740e+00,1.757639e+00,1.872852e+00,1.904818e+00,1.996723e+00,2.034279e+00,1.876176e+00,1.978954e+00,1.525972e-01,1.701666e+00,2.220940e+00
6.300000e+00,1.177210e+00,2.153893e+00,2.083767e+00,2.110391e+00,2.138800e+00,2.157628e+00,2.047041e+00,2.101697e+00,2.221762e+00,2.151538e+00,1.868758e+00,1.760088e+00,1.830158e+00,2.059760e+00,1.881594e+00,1.702572e+00,1.774432e+00,1.877444e+00,2.145838e+00,1.758398e+00,1.873817e+00,1.905730e+00,1.997574e+00,2.035328e+00,1.876529e+00,1.979772e+00,1.525352e-01,1.702572e+00,2.221762e+00
6.301000e+00,1.177580e+00,2.156336e+00,2.083184e+00,2.110547e+00,2.139900e+00,2.158837e+00,2.048277e+00,2.102211e+00,2.222148e+00,2.153423e+00,1.869565e+00,1.761063e+00,1.832292e+00,2.061520e+00,1.882235e+00,1.703479e+00,1.775172e+00,1.876000e+00,2.146705e+00,1.759156e+00,1.874783e+00,1.906640e+00,1.998723e+00,2.036900e+00,1.876176e+00,1.980636e+00,1.526706e-01,1.703479e+00,2.222148e+00
6.302000e+00,1.177710e+00,2.155802e+00,2.083857e+00,2.110937e+00,2.140667e+00,2.159767e+00,2.050412e+00,2.102005e+00,2.221309e+00,2.154077e+00,1.870745e+00,1.762039e+00,1.832727e+00,2.062560e+00,1.882876e+00,1.704387e+00,1.775913e+00,1.878222e+00,2.147919e+00,1.759915e+00,1.875749e+00,1.907549e+00,1.999149e+00,2.037642e+00,1.874412e+00,1.981277e+00,1.525134e-01,1.704387e+00,2.221309e+00
6.303000e+00,1.178000e+00,2.156107e+00,2.084215e+00,2.111016e+00,2.141833e+00,2.160605e+00,2.051086e+00,2.101337e+00,2.219698e+00,2.155115e+00,1.870932e+00,1.763016e+00,1.833597e+00,2.063360e+00,1.883516e+00,1.705295e+00,1.776654e+00,1.879667e+00,2.148266e+00,1.760674e+00,1.876713e+00,1.908456e+00,1.999404e+00,2.038472e+00,1.873765e+00,1.981783e+00,1.522747e-01,1.705295e+00,2.219698e+00
6.304000e+00,1.178240e+00,2.157863e+00,2.085291e+00,2.109453e+00,2.141867e+00,2.160186e+00,2.052472e+00,2.101028e+00,2.218742e+00,2.156577e+00,1.870932e+00,1.763993e+00,1.833953e+00,2.063920e+00,1.884157e+00,1.706203e+00,1.777394e+00,1.880444e+00,2.149017e+00,1.761433e+00,1.877648e+00,1.909356e+00,1.998596e+00,2.040480e+00,1.873765e+00,1.982282e+00,1.521009e-01,1.706203e+00,2.218742e+00
6.305000e+00,1.178410e+00,2.158092e+00,2.086009e+00,2.108906e+00,2.142733e+00,2.159488e+00,2.054382e+00,2.101131e+00,2.218356e+00,2.157462e+00,1.870994e+00,1.764970e+00,1.835850e+00,2.065280e+00,1.884797e+00,1.707112e+00,1.778135e+00,1.881444e+00,2.150809e+00,1.762192e+00,1.878580e+00,1.910255e+00,1.997702e+00,2.042707e+00,1.874059e+00,1.982977e+00,1.519279e-01,1.707112e+00,2.218356e+00
6.306000e+00,1.178840e+00,2.158015e+00,2.086637e+00,2.109531e+00,2.143167e+00,2.159767e+00,2.055581e+00,2.101594e+00,2.218037e+00,2.158731e+00,1.872174e+00,1.765949e+00,1.836482e+00,2.065120e+00,1.885437e+00,1.708022e+00,1.778876e+00,1.883556e+00,2.151734e+00,1.762951e+00,1.879511e+00,1.911152e+00,1.997234e+00,2.043843e+00,1.874471e+00,1.983649e+00,1.517217e-01,1.708022e+00,2.218037e+00
6.307000e+00,1.179010e+00,2.160534e+00,2.088072e+00,2.111484e+00,2.143933e+00,2.160419e+00,2.056367e+00,2.101645e+00,2.219060e+00,2.159308e+00,1.872671e+00,1.766927e+00,1.838182e+00,2.066640e+00,1.886076e+00,1.708932e+00,1.779617e+00,1.884556e+00,2.152312e+00,1.763710e+00,1.880439e+00,1.912048e+00,1.997830e+00,2.044410e+00,1.874824e+00,1.984583e+00,1.518009e-01,1.708932e+00,2.219060e+00
6.308000e+00,1.179350e+00,2.160992e+00,2.089955e+00,2.112109e+00,2.144900e+00,2.160558e+00,2.057378e+00,2.102288e+00,2.219547e+00,2.160462e+00,1.874006e+00,1.767906e+00,1.838735e+00,2.066800e+00,1.886715e+00,1.709842e+00,1.780358e+00,1.883778e+00,2.153353e+00,1.764469e+00,1.881341e+00,1.912937e+00,1.997957e+00,2.044847e+00,1.875765e+00,1.985292e+00,1.517884e-01,1.709842e+00,2.219547e+00
6.309000e+00,1.179580e+00,2.161679e+00,2.091614e+00,2.112031e+00,2.145433e+00,2.161721e+00,2.058090e+00,2.102956e+00,2.219966e+00,2.162192e+00,1.875435e+00,1.768886e+00,1.839328e+00,2.068080e+00,1.887354e+00,1.710753e+00,1.781099e+00,1.888333e+00,2.154277e+00,1.765228e+00,1.882243e+00,1.913825e+00,1.998553e+00,2.044847e+00,1.877176e+00,1.986296e+00,1.516548e-01,1.710753e+00,2.219966e+00
6.310000e+00,1.179680e+00,2.161985e+00,2.092511e+00,2.112266e+00,2.146200e+00,2.162512e+00,2.059139e+00,2.103522e+00,2.221023e+00,2.163038e+00,1.876118e+00,1.769866e+00,1.839842e+00,2.069520e+00,1.887993e+00,1.711664e+00,1.781840e+00,1.887778e+00,2.154740e+00,1.765987e+00,1.883143e+00,1.914711e+00,1.999234e+00,2.045459e+00,1.877588e+00,1.986987e+00,1.516739e-01,1.711664e+00,2.221023e+00
6.311000e+00,1.179890e+00,2.163511e+00,2.094260e+00,2.113125e+00,2.146667e+00,2.163163e+00,2.059813e+00,2.104344e+00,2.222416e+00,2.163038e+00,1.876894e+00,1.770847e+00,1.841462e+00,2.069600e+00,1.888631e+00,1.712576e+00,1.782581e+00,1.888556e+00,2.155376e+00,1.766746e+00,1.884043e+00,1.915596e+00,1.999915e+00,2.046201e+00,1.879059e+00,1.987851e+00,1.516241e-01,1.712576e+00,2.222416e+00
6.312000e+00,1.180100e+00,2.164656e+00,2.095740e+00,2.115078e+00,2.148133e+00,2.164186e+00,2.061798e+00,2.104627e+00,2.223893e+00,2.164192e+00,1.877609e+00,1.771828e+00,1.843123e+00,2.067680e+00,1.889269e+00,1.713488e+00,1.783322e+00,1.891667e+00,2.156416e+00,1.767505e+00,1.884942e+00,1.916481e+00,2.000851e+00,2.047380e+00,1.880176e+00,1.988918e+00,1.516484e-01,1.713488e+00,2.223893e+00
6.313000e+00,1.180460e+00,2.163206e+00,2.096502e+00,2.115781e+00,2.149233e+00,2.165349e+00,2.060861e+00,2.105578e+00,2.225604e+00,2.164923e+00,1.878199e+00,1.772810e+00,1.843913e+00,2.067680e+00,1.889907e+00,1.714401e+00,1.784063e+00,1.891778e+00,2.158555e+00,1.768264e+00,1.885841e+00,1.917364e+00,2.001489e+00,2.048603e+00,1.882000e+00,1.989663e+00,1.516248e-01,1.714401e+00,2.225604e+00
6.314000e+00,1.180600e+00,2.163206e+00,2.097175e+00,2.116641e+00,2.150100e+00,2.165349e+00,2.061386e+00,2.106530e+00,2.227735e+00,2.165385e+00,1.878758e+00,1.773792e+00,1.844664e+00,2.067520e+00,1.890544e+00,1.715314e+00,1.784804e+00,1.891333e+00,2.159364e+00,1.769023e+00,1.886739e+00,1.918245e+00,2.003191e+00,2.049738e+00,1.883176e+00,1.990405e+00,1.516260e-01,1.715314e+00,2.227735e+00
6.315000e+00,1.180950e+00,2.163359e+00,2.098296e+00,2.116719e+00,2.149867e+00,2.166651e+00,2.061873e+00,2.106967e+00,2.229966e+00,2.166000e+00,1.879814e+00,1.774775e+00,1.844466e+00,2.068720e+00,1.891181e+00,1.716227e+00,1.785545e+00,1.894111e+00,2.160289e+00,1.769782e+00,1.887636e+00,1.919126e+00,2.004511e+00,2.050044e+00,1.884294e+00,1.991259e+00,1.515900e-01,1.716227e+00,2.229966e+00
6.316000e+00,1.181250e+00,2.162977e+00,2.099193e+00,2.118359e+00,2.150100e+00,2.167023e+00,2.063296e+00,2.108278e+00,2.230755e+00,2.167077e+00,1.880248e+00,1.775758e+00,1.846996e+00,2.069120e+00,1.891818e+00,1.717141e+00,1.786286e+00,1.895000e+00,2.161040e+00,1.770541e+00,1.888533e+00,1.920005e+00,2.005064e+00,2.051572e+00,1.884765e+00,1.992123e+00,1.514977e-01,1.717141e+00,2.230755e+00
6.317000e+00,1.181490e+00,2.164504e+00,2.100135e+00,2.119453e+00,2.149833e+00,2.168093e+00,2.063858e+00,2.108612e+00,2.231745e+00,2.168615e+00,1.881646e+00,1.776742e+00,1.847628e+00,2.068960e+00,1.892455e+00,1.718056e+00,1.787028e+00,1.895556e+00,2.162139e+00,1.771300e+00,1.889430e+00,1.920883e+00,2.006383e+00,2.052314e+00,1.886412e+00,1.992991e+00,1.514927e-01,1.718056e+00,2.231745e+00
6.318000e+00,1.181820e+00,2.165267e+00,2.101659e+00,2.119531e+00,2.150567e+00,2.169302e+00,2.064757e+00,2.109460e+00,2.232416e+00,2.169808e+00,1.883012e+00,1.777726e+00,1.847826e+00,2.071040e+00,1.893091e+00,1.718971e+00,1.787769e+00,1.897000e+00,2.161098e+00,1.772060e+00,1.890326e+00,1.921760e+00,2.007532e+00,2.052358e+00,1.886353e+00,1.993779e+00,1.514504e-01,1.718971e+00,2.232416e+00
6.319000e+00,1.181960e+00,2.165649e+00,2.102556e+00,2.119141e+00,2.150833e+00,2.170698e+00,2.065880e+00,2.110257e+00,2.233121e+00,2.170192e+00,1.884068e+00,1.778711e+00,1.848538e+00,2.070960e+00,1.893727e+00,1.719886e+00,1.788510e+00,1.896111e+00,2.158728e+00,1.772819e+00,1.891221e+00,1.922636e+00,2.008681e+00,2.052227e+00,1.887412e+00,1.994273e+00,1.512210e-01,1.719886e+00,2.233121e+00
6.320000e+00,1.182160e+00,2.167099e+00,2.103274e+00,2.120781e+00,2.151033e+00,2.171442e+00,2.067603e+00,2.110977e+00,2.234060e+00,2.171692e+00,1.884410e+00,1.779697e+00,1.849644e+00,2.071680e+00,1.894363e+00,1.720802e+00,1.789252e+00,1.895556e+00,2.158960e+00,1.773578e+00,1.892116e+00,1.923510e+00,2.009532e+00,2.052576e+00,1.889235e+00,1.995120e+00,1.512694e-01,1.720802e+00,2.234060e+00
6.321000e+00,1.182480e+00,2.167481e+00,2.104305e+00,2.121797e+00,2.151967e+00,2.172233e+00,2.068839e+00,2.111491e+00,2.234161e+00,2.173231e+00,1.884161e+00,1.780683e+00,1.850395e+00,2.072560e+00,1.894998e+00,1.721719e+00,1.789993e+00,1.900111e+00,2.158728e+00,1.774338e+00,1.893011e+00,1.924383e+00,2.010681e+00,2.052271e+00,1.889882e+00,1.995976e+00,1.511221e-01,1.721719e+00,2.234161e+00
6.322000e+00,1.182730e+00,2.167939e+00,2.105291e+00,2.124766e+00,2.153933e+00,2.173442e+00,2.070300e+00,2.112185e+00,2.234379e+00,2.175038e+00,1.884037e+00,1.781669e+00,1.851700e+00,2.073120e+00,1.895633e+00,1.722635e+00,1.790735e+00,1.898778e+00,2.159364e+00,1.775097e+00,1.893905e+00,1.925255e+00,2.011702e+00,2.052838e+00,1.890529e+00,1.996845e+00,1.513199e-01,1.722635e+00,2.234379e+00
6.323000e+00,1.183020e+00,2.169695e+00,2.105605e+00,2.124766e+00,2.154333e+00,2.174372e+00,2.071573e+00,2.113625e+00,2.235285e+00,2.175615e+00,1.882857e+00,1.782656e+00,1.852767e+00,2.075360e+00,1.896268e+00,1.723553e+00,1.791476e+00,1.899556e+00,2.158844e+00,1.775856e+00,1.894798e+00,1.926125e+00,2.012681e+00,2.052969e+00,1.891059e+00,1.997571e+00,1.513460e-01,1.723553e+00,2.235285e+00
6.324000e+00,1.183200e+00,2.169466e+00,2.106547e+00,2.124141e+00,2.155500e+00,2.175395e+00,2.073034e+00,2.114036e+00,2.236074e+00,2.176192e+00,1.881925e+00,1.783644e+00,1.853320e+00,2.076000e+00,1.896902e+00,1.724470e+00,1.792218e+00,1.900889e+00,2.161214e+00,1.776616e+00,1.895691e+00,1.926994e+00,2.013106e+00,2.053362e+00,1.892118e+00,1.998286e+00,1.513565e-01,1.724470e+00,2.236074e+00
6.325000e+00,1.183490e+00,2.172366e+00,2.107534e+00,2.124375e+00,2.156300e+00,2.176093e+00,2.074757e+00,2.114859e+00,2.237081e+00,2.176885e+00,1.881863e+00,1.784632e+00,1.854506e+00,2.077760e+00,1.897536e+00,1.725389e+00,1.792959e+00,1.902000e+00,2.162197e+00,1.777375e+00,1.896584e+00,1.927862e+00,2.013660e+00,2.050786e+00,1.893176e+00,1.999106e+00,1.514263e-01,1.725389e+00,2.237081e+00
6.326000e+00,1.183830e+00,2.171908e+00,2.109686e+00,2.125781e+00,2.156867e+00,2.176512e+00,2.076517e+00,2.115835e+00,2.237517e+00,2.178269e+00,1.882143e+00,1.785621e+00,1.856640e+00,2.078880e+00,1.898170e+00,1.726307e+00,1.793701e+00,1.900889e+00,2.162312e+00,1.778135e+00,1.897476e+00,1.928729e+00,2.015277e+00,2.048734e+00,1.893824e+00,1.999822e+00,1.513767e-01,1.726307e+00,2.237517e+00
6.327000e+00,1.184010e+00,2.172672e+00,2.110359e+00,2.127813e+00,2.157633e+00,2.178279e+00,2.076891e+00,2.116530e+00,2.237752e+00,2.178423e+00,1.882671e+00,1.786610e+00,1.856838e+00,2.079360e+00,1.898803e+00,1.727227e+00,1.794443e+00,1.903111e+00,2.162659e+00,1.778895e+00,1.898368e+00,1.929594e+00,2.015574e+00,2.047860e+00,1.893765e+00,2.000505e+00,1.513331e-01,1.727227e+00,2.237752e+00
6.328000e+00,1.184310e+00,2.172977e+00,2.111839e+00,2.128437e+00,2.158500e+00,2.178930e+00,2.078801e+00,2.117069e+00,2.238674e+00,2.177269e+00,1.883789e+00,1.787599e+00,1.857194e+00,2.079680e+00,1.899437e+00,1.728146e+00,1.795184e+00,1.905556e+00,2.163064e+00,1.779654e+00,1.899259e+00,1.930458e+00,2.016638e+00,2.047336e+00,1.895118e+00,2.001275e+00,1.511376e-01,1.728146e+00,2.238674e+00
6.329000e+00,1.184540e+00,2.174275e+00,2.113139e+00,2.129766e+00,2.158800e+00,2.179674e+00,2.080449e+00,2.117712e+00,2.239883e+00,2.176385e+00,1.884348e+00,1.788590e+00,1.857589e+00,2.081520e+00,1.900070e+00,1.729066e+00,1.795926e+00,1.905111e+00,2.165202e+00,1.780414e+00,1.900150e+00,1.931321e+00,2.017191e+00,2.048297e+00,1.896176e+00,2.002127e+00,1.512487e-01,1.729066e+00,2.239883e+00
6.330000e+00,1.184710e+00,2.175496e+00,2.113767e+00,2.129062e+00,2.159867e+00,2.180326e+00,2.081873e+00,2.118149e+00,2.241393e+00,2.176731e+00,1.884658e+00,1.789580e+00,1.858498e+00,2.081040e+00,1.900702e+00,1.729987e+00,1.796668e+00,1.906556e+00,2.166936e+00,1.781173e+00,1.901040e+00,1.932182e+00,2.017702e+00,2.048777e+00,1.896412e+00,2.002857e+00,1.512484e-01,1.729987e+00,2.241393e+00
6.331000e+00,1.185090e+00,2.175802e+00,2.114933e+00,2.128203e+00,2.160700e+00,2.182093e+00,2.083071e+00,2.118792e+00,2.241762e+00,2.176962e+00,1.886242e+00,1.790571e+00,1.859960e+00,2.080800e+00,1.901335e+00,1.730908e+00,1.797410e+00,1.908444e+00,2.169133e+00,1.781933e+00,1.901930e+00,1.933042e+00,2.019319e+00,2.049476e+00,1.897941e+00,2.003782e+00,1.511037e-01,1.730908e+00,2.241762e+00
6.332000e+00,1.185390e+00,2.177176e+00,2.115650e+00,2.131875e+00,2.161933e+00,2.182326e+00,2.084195e+00,2.119357e+00,2.242987e+00,2.176154e+00,1.887019e+00,1.791563e+00,1.861423e+00,2.082560e+00,1.901967e+00,1.731829e+00,1.798152e+00,1.907111e+00,2.170116e+00,1.782693e+00,1.902819e+00,1.933901e+00,2.020043e+00,2.050568e+00,1.898647e+00,2.004669e+00,1.512228e-01,1.731829e+00,2.242987e+00
6.333000e+00,1.185550e+00,2.177405e+00,2.118161e+00,2.131875e+00,2.162500e+00,2.183674e+00,2.085805e+00,2.119409e+00,2.243440e+00,2.176577e+00,1.888043e+00,1.792556e+00,1.861462e+00,2.084800e+00,1.902598e+00,1.732751e+00,1.798894e+00,1.909556e+00,2.171445e+00,1.783453e+00,1.903708e+00,1.934759e+00,2.020170e+00,2.050917e+00,1.900118e+00,2.005586e+00,1.511838e-01,1.732751e+00,2.243440e+00
6.334000e+00,1.185860e+00,2.179847e+00,2.118027e+00,2.131953e+00,2.163067e+00,2.184233e+00,2.086554e+00,2.118895e+00,2.242668e+00,2.177154e+00,1.889596e+00,1.793548e+00,1.862174e+00,2.084720e+00,1.903230e+00,1.733674e+00,1.799636e+00,1.910667e+00,2.173526e+00,1.784213e+00,1.904596e+00,1.935615e+00,2.020468e+00,2.051572e+00,1.900588e+00,2.006259e+00,1.510336e-01,1.733674e+00,2.242668e+00
6.335000e+00,1.186000e+00,2.180763e+00,2.118744e+00,2.132266e+00,2.164233e+00,2.185023e+00,2.088427e+00,2.118149e+00,2.241359e+00,2.177692e+00,1.889348e+00,1.794542e+00,1.862688e+00,2.088000e+00,1.903861e+00,1.734597e+00,1.800378e+00,1.910222e+00,2.173931e+00,1.784972e+00,1.905484e+00,1.936470e+00,2.021574e+00,2.052620e+00,1.901706e+00,2.006960e+00,1.509582e-01,1.734597e+00,2.241359e+00
6.336000e+00,1.186370e+00,2.182137e+00,2.119731e+00,2.132812e+00,2.165767e+00,2.186047e+00,2.090150e+00,2.117301e+00,2.240805e+00,2.178808e+00,1.890311e+00,1.795536e+00,1.863913e+00,2.086640e+00,1.904491e+00,1.735520e+00,1.801120e+00,1.911778e+00,2.175607e+00,1.785732e+00,1.906371e+00,1.937324e+00,2.022681e+00,2.054760e+00,1.902235e+00,2.007816e+00,1.508871e-01,1.735520e+00,2.240805e+00
6.337000e+00,1.186610e+00,2.182214e+00,2.120090e+00,2.131250e+00,2.167400e+00,2.186186e+00,2.091236e+00,2.117532e+00,2.240168e+00,2.179500e+00,1.890932e+00,1.796530e+00,1.864862e+00,2.087280e+00,1.905122e+00,1.736444e+00,1.801862e+00,1.914222e+00,2.177399e+00,1.786492e+00,1.907258e+00,1.938177e+00,2.022170e+00,2.056769e+00,1.903706e+00,2.008533e+00,1.506308e-01,1.736444e+00,2.240168e+00
6.338000e+00,1.186930e+00,2.183206e+00,2.120807e+00,2.131563e+00,2.168567e+00,2.185349e+00,2.092172e+00,2.117738e+00,2.240621e+00,2.181154e+00,1.891957e+00,1.797525e+00,1.864822e+00,2.088560e+00,1.905752e+00,1.737368e+00,1.802604e+00,1.912889e+00,2.178728e+00,1.787252e+00,1.908144e+00,1.939028e+00,2.021319e+00,2.057249e+00,1.903941e+00,2.009096e+00,1.506708e-01,1.737368e+00,2.240621e+00
6.339000e+00,1.186960e+00,2.184885e+00,2.120897e+00,2.132656e+00,2.168767e+00,2.185674e+00,2.093296e+00,2.118201e+00,2.241309e+00,2.182077e+00,1.892919e+00,1.798520e+00,1.864150e+00,2.090400e+00,1.906382e+00,1.738293e+00,1.803346e+00,1.914444e+00,2.178960e+00,1.788012e+00,1.909030e+00,1.939878e+00,2.021234e+00,2.057380e+00,1.904882e+00,2.009816e+00,1.506485e-01,1.738293e+00,2.241309e+00
6.340000e+00,1.187210e+00,2.184809e+00,2.121973e+00,2.133672e+00,2.170300e+00,2.185116e+00,2.094719e+00,2.118972e+00,2.242164e+00,2.183577e+00,1.894627e+00,1.799516e+00,1.864585e+00,2.092080e+00,1.907012e+00,1.739218e+00,1.804088e+00,1.917222e+00,2.179884e+00,1.788772e+00,1.909915e+00,1.940727e+00,2.021064e+00,2.059083e+00,1.906176e+00,2.010803e+00,1.505796e-01,1.739218e+00,2.242164e+00
6.341000e+00,1.187680e+00,2.185725e+00,2.122063e+00,2.134453e+00,2.171100e+00,2.185349e+00,2.096854e+00,2.119614e+00,2.242953e+00,2.184731e+00,1.895093e+00,1.800513e+00,1.864901e+00,2.091840e+00,1.907641e+00,1.740144e+00,1.804831e+00,1.916000e+00,2.180058e+00,1.789532e+00,1.910800e+00,1.941574e+00,2.021617e+00,2.060044e+00,1.906588e+00,2.011417e+00,1.506080e-01,1.740144e+00,2.242953e+00
6.342000e+00,1.187900e+00,2.186107e+00,2.123139e+00,2.136172e+00,2.172933e+00,2.185674e+00,2.098165e+00,2.120566e+00,2.243893e+00,2.185846e+00,1.895714e+00,1.801510e+00,1.865257e+00,2.093840e+00,1.908270e+00,1.741070e+00,1.805573e+00,1.916778e+00,2.180751e+00,1.790293e+00,1.911684e+00,1.942421e+00,2.022170e+00,2.060830e+00,1.906882e+00,2.012314e+00,1.507380e-01,1.741070e+00,2.243893e+00
6.343000e+00,1.188270e+00,2.188092e+00,2.123632e+00,2.136875e+00,2.173400e+00,2.186372e+00,2.099139e+00,2.121440e+00,2.245336e+00,2.187500e+00,1.895839e+00,1.802507e+00,1.866364e+00,2.092720e+00,1.908898e+00,1.741997e+00,1.806315e+00,1.918000e+00,2.180809e+00,1.791053e+00,1.912568e+00,1.943266e+00,2.023277e+00,2.061004e+00,1.907765e+00,2.013090e+00,1.507490e-01,1.741997e+00,2.245336e+00
6.344000e+00,1.188390e+00,2.188244e+00,2.123901e+00,2.135156e+00,2.173833e+00,2.186605e+00,2.100375e+00,2.122699e+00,2.246611e+00,2.188885e+00,1.896335e+00,1.803505e+00,1.867154e+00,2.095600e+00,1.909527e+00,1.742924e+00,1.807058e+00,1.917333e+00,2.181503e+00,1.791813e+00,1.913451e+00,1.944110e+00,2.023574e+00,2.061703e+00,1.908471e+00,2.013765e+00,1.507328e-01,1.742924e+00,2.246611e+00
6.345000e+00,1.188610e+00,2.187252e+00,2.125740e+00,2.137031e+00,2.172400e+00,2.188279e+00,2.102247e+00,2.123162e+00,2.247232e+00,2.189577e+00,1.897453e+00,1.804504e+00,1.868735e+00,2.095280e+00,1.910155e+00,1.743851e+00,1.807800e+00,1.918111e+00,2.182717e+00,1.792573e+00,1.914333e+00,1.944952e+00,2.023915e+00,2.062489e+00,1.909471e+00,2.014553e+00,1.505895e-01,1.743851e+00,2.247232e+00
6.346000e+00,1.188930e+00,2.190229e+00,2.126323e+00,2.138516e+00,2.171800e+00,2.188512e+00,2.103258e+00,2.123702e+00,2.248322e+00,2.190538e+00,1.898230e+00,1.805503e+00,1.870079e+00,2.096640e+00,1.910783e+00,1.744779e+00,1.808543e+00,1.921778e+00,2.184104e+00,1.793334e+00,1.915215e+00,1.945794e+00,2.025617e+00,2.063231e+00,1.909647e+00,2.015603e+00,1.505961e-01,1.744779e+00,2.248322e+00
6.347000e+00,1.189200e+00,2.190305e+00,2.127040e+00,2.140547e+00,2.171600e+00,2.189953e+00,2.105019e+00,2.124807e+00,2.249010e+00,2.191077e+00,1.899441e+00,1.806503e+00,1.869960e+00,2.097200e+00,1.911410e+00,1.745708e+00,1.809285e+00,1.922111e+00,2.184855e+00,1.794094e+00,1.916097e+00,1.946634e+00,2.026766e+00,2.064323e+00,1.910471e+00,2.016426e+00,1.506200e-01,1.745708e+00,2.249010e+00
6.348000e+00,1.189390e+00,2.190000e+00,2.127758e+00,2.139922e+00,2.171367e+00,2.191209e+00,2.106517e+00,2.125707e+00,2.249883e+00,2.191692e+00,1.900342e+00,1.807503e+00,1.870949e+00,2.099360e+00,1.912037e+00,1.746637e+00,1.810028e+00,1.922000e+00,2.185549e+00,1.794854e+00,1.916978e+00,1.947473e+00,2.027447e+00,2.065546e+00,1.911000e+00,2.017157e+00,1.505479e-01,1.746637e+00,2.249883e+00
6.349000e+00,1.189620e+00,2.192290e+00,2.129372e+00,2.142422e+00,2.171967e+00,2.192465e+00,2.107865e+00,2.126427e+00,2.250755e+00,2.192385e+00,1.901118e+00,1.808504e+00,1.871818e+00,2.099920e+00,1.912664e+00,1.747566e+00,1.810771e+00,1.924111e+00,2.185376e+00,1.795615e+00,1.917858e+00,1.948311e+00,2.028851e+00,2.067773e+00,1.911882e+00,2.018254e+00,1.506446e-01,1.747566e+00,2.250755e+00
6.350000e+00,1.189990e+00,2.192366e+00,2.130448e+00,2.141562e+00,2.172867e+00,2.192651e+00,2.108764e+00,2.127018e+00,2.251695e+00,2.193192e+00,1.901832e+00,1.809505e+00,1.873636e+00,2.100560e+00,1.913290e+00,1.748496e+00,1.811513e+00,1.920111e+00,2.187977e+00,1.796375e+00,1.918738e+00,1.949147e+00,2.029745e+00,2.068515e+00,1.912647e+00,2.018861e+00,1.506989e-01,1.748496e+00,2.251695e+00
6.351000e+00,1.190150e+00,2.192748e+00,2.128610e+00,2.140469e+00,2.173200e+00,2.194372e+00,2.109850e+00,2.128072e+00,2.252617e+00,2.193846e+00,1.902733e+00,1.810507e+00,1.875217e+00,2.101120e+00,1.913917e+00,1.749426e+00,1.812256e+00,1.917333e+00,2.190289e+00,1.797136e+00,1.919618e+00,1.949983e+00,2.031149e+00,2.069127e+00,1.912941e+00,2.019439e+00,1.507058e-01,1.749426e+00,2.252617e+00
6.352000e+00,1.190400e+00,2.194809e+00,2.128117e+00,2.142891e+00,2.173867e+00,2.195023e+00,2.111573e+00,2.128509e+00,2.253691e+00,2.194923e+00,1.903665e+00,1.811509e+00,1.876403e+00,2.102400e+00,1.914543e+00,1.750357e+00,1.812999e+00,1.920222e+00,2.190751e+00,1.797896e+00,1.920496e+00,1.950817e+00,2.032511e+00,2.070830e+00,1.914765e+00,2.020565e+00,1.507002e-01,1.750357e+00,2.253691e+00
6.353000e+00,1.190470e+00,2.195344e+00,2.127130e+00,2.143516e+00,2.175067e+00,2.196279e+00,2.112734e+00,2.129177e+00,2.254748e+00,2.195038e+00,1.904193e+00,1.812512e+00,1.876166e+00,2.105120e+00,1.915168e+00,1.751288e+00,1.813741e+00,1.920333e+00,2.192601e+00,1.798657e+00,1.921375e+00,1.951650e+00,2.033149e+00,2.071004e+00,1.915765e+00,2.021323e+00,1.507911e-01,1.751288e+00,2.254748e+00
6.354000e+00,1.190830e+00,2.195878e+00,2.127578e+00,2.144922e+00,2.175867e+00,2.196884e+00,2.113109e+00,2.129229e+00,2.256460e+00,2.195808e+00,1.905870e+00,1.813515e+00,1.877273e+00,2.105040e+00,1.915793e+00,1.752220e+00,1.814484e+00,1.918889e+00,2.192717e+00,1.799418e+00,1.922252e+00,1.952481e+00,2.034085e+00,2.072227e+00,1.916588e+00,2.022024e+00,1.507659e-01,1.752220e+00,2.256460e+00
6.355000e+00,1.191060e+00,2.196031e+00,2.127803e+00,2.146250e+00,2.177133e+00,2.197628e+00,2.112360e+00,2.129923e+00,2.257970e+00,2.196962e+00,1.906957e+00,1.814519e+00,1.878696e+00,2.106560e+00,1.916418e+00,1.753152e+00,1.815227e+00,1.920778e+00,2.192370e+00,1.800178e+00,1.923130e+00,1.953312e+00,2.035106e+00,2.071572e+00,1.916647e+00,2.022778e+00,1.506613e-01,1.753152e+00,2.257970e+00
6.356000e+00,1.191370e+00,2.194885e+00,2.128386e+00,2.146797e+00,2.178633e+00,2.198837e+00,2.112584e+00,2.130566e+00,2.259312e+00,2.198038e+00,1.907112e+00,1.815523e+00,1.879723e+00,2.105600e+00,1.917043e+00,1.754085e+00,1.815970e+00,1.922111e+00,2.191618e+00,1.800939e+00,1.924006e+00,1.954141e+00,2.036085e+00,2.072751e+00,1.917471e+00,2.023426e+00,1.505085e-01,1.754085e+00,2.259312e+00
6.357000e+00,1.191680e+00,2.195191e+00,2.129148e+00,2.146641e+00,2.179200e+00,2.199070e+00,2.113408e+00,2.130951e+00,2.259648e+00,2.199115e+00,1.907795e+00,1.816528e+00,1.880632e+00,2.107120e+00,1.917667e+00,1.755018e+00,1.816713e+00,1.921778e+00,2.191040e+00,1.801700e+00,1.924882e+00,1.954969e+00,2.036766e+00,2.073886e+00,1.918647e+00,2.024063e+00,1.503488e-01,1.755018e+00,2.259648e+00
6.358000e+00,1.191720e+00,2.195954e+00,2.129148e+00,2.146797e+00,2.179867e+00,2.200093e+00,2.114906e+00,2.131542e+00,2.259933e+00,2.200115e+00,1.907888e+00,1.817534e+00,1.881067e+00,2.108560e+00,1.918291e+00,1.755951e+00,1.817456e+00,1.924556e+00,2.190405e+00,1.802461e+00,1.925758e+00,1.955796e+00,2.037404e+00,2.073843e+00,1.918235e+00,2.024732e+00,1.502348e-01,1.755951e+00,2.259933e+00
6.359000e+00,1.192060e+00,2.195649e+00,2.130000e+00,2.148281e+00,2.181267e+00,2.200605e+00,2.115993e+00,2.132185e+00,2.260906e+00,2.200115e+00,1.908478e+00,1.818540e+00,1.882609e+00,2.107840e+00,1.918915e+00,1.756885e+00,1.818199e+00,1.924333e+00,2.191214e+00,1.803221e+00,1.926633e+00,1.956621e+00,2.038340e+00,2.074367e+00,1.916824e+00,2.025334e+00,1.502145e-01,1.756885e+00,2.260906e+00
6.360000e+00,1.192300e+00,2.197252e+00,2.130942e+00,2.149141e+00,2.181767e+00,2.201721e+00,2.117416e+00,2.133162e+00,2.261560e+00,2.201731e+00,1.909286e+00,1.819546e+00,1.884348e+00,2.109040e+00,1.919539e+00,1.757820e+00,1.818942e+00,1.924667e+00,2.192197e+00,1.803982e+00,1.927507e+00,1.957446e+00,2.039830e+00,2.074978e+00,1.915412e+00,2.026218e+00,1.503593e-01,1.757820e+00,2.261560e+00
6.361000e+00,1.192700e+00,2.198779e+00,2.132018e+00,2.149922e+00,2.183600e+00,2.202977e+00,2.118727e+00,2.133728e+00,2.262315e+00,2.202385e+00,1.909783e+00,1.820553e+00,1.885771e+00,2.111440e+00,1.920162e+00,1.758755e+00,1.819685e+00,1.928111e+00,2.193757e+00,1.804743e+00,1.928381e+00,1.958269e+00,2.040340e+00,2.076419e+00,1.915118e+00,2.027322e+00,1.504757e-01,1.758755e+00,2.262315e+00
6.362000e+00,1.192850e+00,2.197405e+00,2.132556e+00,2.151406e+00,2.185133e+00,2.203860e+00,2.120225e+00,2.134524e+00,2.262416e+00,2.203269e+00,1.910652e+00,1.821561e+00,1.886364e+00,2.111600e+00,1.920784e+00,1.759690e+00,1.820429e+00,1.928444e+00,2.193757e+00,1.805504e+00,1.929254e+00,1.959091e+00,2.041404e+00,2.077031e+00,1.914235e+00,2.027942e+00,1.504057e-01,1.759690e+00,2.262416e+00
6.363000e+00,1.193140e+00,2.198244e+00,2.133229e+00,2.152578e+00,2.185433e+00,2.204930e+00,2.121723e+00,2.135219e+00,2.262768e+00,2.203500e+00,1.911553e+00,1.822569e+00,1.886561e+00,2.114400e+00,1.921407e+00,1.760626e+00,1.821172e+00,1.929000e+00,2.193931e+00,1.806265e+00,1.930127e+00,1.959912e+00,2.042340e+00,2.078515e+00,1.915118e+00,2.028797e+00,1.504053e-01,1.760626e+00,2.262768e+00
6.364000e+00,1.193350e+00,2.200611e+00,2.133946e+00,2.152500e+00,2.186200e+00,2.205721e+00,2.122996e+00,2.135784e+00,2.264111e+00,2.205115e+00,1.911491e+00,1.823578e+00,1.888379e+00,2.114000e+00,1.922029e+00,1.761563e+00,1.821915e+00,1.931556e+00,2.195607e+00,1.807026e+00,1.930999e+00,1.960732e+00,2.042809e+00,2.080262e+00,1.915882e+00,2.029784e+00,1.504764e-01,1.761563e+00,2.264111e+00
6.365000e+00,1.193610e+00,2.201450e+00,2.135426e+00,2.153516e+00,2.187500e+00,2.206419e+00,2.123970e+00,2.136170e+00,2.264245e+00,2.205500e+00,1.911460e+00,1.824587e+00,1.889723e+00,2.115120e+00,1.922651e+00,1.762499e+00,1.822658e+00,1.934222e+00,2.197399e+00,1.807787e+00,1.931870e+00,1.961550e+00,2.043489e+00,2.081092e+00,1.916765e+00,2.030711e+00,1.504439e-01,1.762499e+00,2.264245e+00
6.366000e+00,1.193920e+00,2.202748e+00,2.136682e+00,2.153594e+00,2.188767e+00,2.207209e+00,2.125805e+00,2.135244e+00,2.263507e+00,2.204769e+00,1.911708e+00,1.825596e+00,1.890909e+00,2.115120e+00,1.923272e+00,1.763437e+00,1.823402e+00,1.932889e+00,2.199249e+00,1.808549e+00,1.932741e+00,1.962367e+00,2.044043e+00,2.080917e+00,1.917000e+00,2.031230e+00,1.503607e-01,1.763437e+00,2.263507e+00
6.367000e+00,1.193920e+00,2.203206e+00,2.137309e+00,2.154063e+00,2.189400e+00,2.208047e+00,2.126779e+00,2.134756e+00,2.263138e+00,2.203538e+00,1.912950e+00,1.826607e+00,1.891304e+00,2.116240e+00,1.923894e+00,1.764375e+00,1.824145e+00,1.933778e+00,2.200347e+00,1.809310e+00,1.933612e+00,1.963183e+00,2.045021e+00,2.081397e+00,1.917588e+00,2.031833e+00,1.501276e-01,1.764375e+00,2.263138e+00
6.368000e+00,1.194420e+00,2.203588e+00,2.138744e+00,2.152813e+00,2.190033e+00,2.209163e+00,2.128315e+00,2.134602e+00,2.262097e+00,2.203385e+00,1.914286e+00,1.827617e+00,1.892134e+00,2.116640e+00,1.924515e+00,1.765313e+00,1.824889e+00,1.936778e+00,2.201156e+00,1.810071e+00,1.934482e+00,1.963998e+00,2.045447e+00,2.082052e+00,1.919059e+00,2.032549e+00,1.497696e-01,1.765313e+00,2.262097e+00
6.369000e+00,1.194610e+00,2.203893e+00,2.140224e+00,2.153672e+00,2.190800e+00,2.210093e+00,2.129476e+00,2.134756e+00,2.261628e+00,2.203231e+00,1.915435e+00,1.828629e+00,1.893478e+00,2.117280e+00,1.925135e+00,1.766251e+00,1.825632e+00,1.935778e+00,2.203295e+00,1.810832e+00,1.935351e+00,1.964812e+00,2.046000e+00,2.083537e+00,1.920588e+00,2.033325e+00,1.496857e-01,1.766251e+00,2.261628e+00
6.370000e+00,1.194980e+00,2.205725e+00,2.141614e+00,2.152266e+00,2.191300e+00,2.210000e+00,2.130487e+00,2.134807e+00,2.262114e+00,2.203654e+00,1.916677e+00,1.829640e+00,1.894743e+00,2.118800e+00,1.925756e+00,1.767191e+00,1.826376e+00,1.936889e+00,2.204509e+00,1.811594e+00,1.936219e+00,1.965624e+00,2.046340e+00,2.085502e+00,1.921647e+00,2.034145e+00,1.495579e-01,1.767191e+00,2.262114e+00
6.371000e+00,1.195200e+00,2.206489e+00,2.142780e+00,2.153281e+00,2.192033e+00,2.209860e+00,2.131760e+00,2.135244e+00,2.262265e+00,2.203808e+00,1.917360e+00,1.830653e+00,1.895099e+00,2.118960e+00,1.926376e+00,1.768130e+00,1.827119e+00,1.939000e+00,2.205838e+00,1.812355e+00,1.937088e+00,1.966435e+00,2.044766e+00,2.087729e+00,1.922882e+00,2.034888e+00,1.494387e-01,1.768130e+00,2.262265e+00
6.372000e+00,1.195450e+00,2.207481e+00,2.143498e+00,2.155859e+00,2.192733e+00,2.209070e+00,2.133446e+00,2.135861e+00,2.263138e+00,2.204269e+00,1.917671e+00,1.831665e+00,1.895810e+00,2.120800e+00,1.926995e+00,1.769070e+00,1.827863e+00,1.939778e+00,2.206012e+00,1.813117e+00,1.937955e+00,1.967245e+00,2.044936e+00,2.089651e+00,1.924294e+00,2.035759e+00,1.494278e-01,1.769070e+00,2.263138e+00
6.373000e+00,1.195720e+00,2.208015e+00,2.145202e+00,2.156406e+00,2.192833e+00,2.208744e+00,2.134869e+00,2.136607e+00,2.263893e+00,2.206000e+00,1.917267e+00,1.832679e+00,1.896245e+00,2.120960e+00,1.927615e+00,1.770011e+00,1.828607e+00,1.941889e+00,2.207225e+00,1.813878e+00,1.938822e+00,1.968054e+00,2.044468e+00,2.091572e+00,1.925353e+00,2.036551e+00,1.494220e-01,1.770011e+00,2.263893e+00
6.374000e+00,1.195910e+00,2.209466e+00,2.146682e+00,2.155547e+00,2.193100e+00,2.209256e+00,2.136592e+00,2.136658e+00,2.265084e+00,2.207077e+00,1.916211e+00,1.833693e+00,1.896917e+00,2.123280e+00,1.928234e+00,1.770952e+00,1.829350e+00,1.943333e+00,2.208266e+00,1.814640e+00,1.939688e+00,1.968862e+00,2.045787e+00,2.092707e+00,1.926647e+00,2.037418e+00,1.494996e-01,1.770952e+00,2.265084e+00
6.375000e+00,1.196200e+00,2.210916e+00,2.146457e+00,2.156875e+00,2.192767e+00,2.210279e+00,2.137416e+00,2.137712e+00,2.266577e+00,2.207385e+00,1.915062e+00,1.834707e+00,1.899328e+00,2.123520e+00,1.928852e+00,1.771893e+00,1.830094e+00,1.943222e+00,2.210058e+00,1.815401e+00,1.940554e+00,1.969668e+00,2.046851e+00,2.093100e+00,1.926824e+00,2.038147e+00,1.495694e-01,1.771893e+00,2.266577e+00
6.376000e+00,1.196440e+00,2.210000e+00,2.147892e+00,2.159375e+00,2.192567e+00,2.211209e+00,2.139513e+00,2.138972e+00,2.267282e+00,2.208577e+00,1.914068e+00,1.835722e+00,1.899960e+00,2.124080e+00,1.929471e+00,1.772835e+00,1.830838e+00,1.942778e+00,2.210867e+00,1.816163e+00,1.941419e+00,1.970473e+00,2.047234e+00,2.094498e+00,1.928765e+00,2.038940e+00,1.496436e-01,1.772835e+00,2.267282e+00
6.377000e+00,1.196700e+00,2.212290e+00,2.148430e+00,2.159453e+00,2.192667e+00,2.211907e+00,2.140936e+00,2.139640e+00,2.268255e+00,2.210115e+00,1.914410e+00,1.836737e+00,1.900791e+00,2.125520e+00,1.930089e+00,1.773778e+00,1.831582e+00,1.946778e+00,2.212486e+00,1.816924e+00,1.942284e+00,1.971277e+00,2.048809e+00,2.094192e+00,1.929529e+00,2.039953e+00,1.496653e-01,1.773778e+00,2.268255e+00
6.378000e+00,1.196860e+00,2.211985e+00,2.150135e+00,2.158906e+00,2.192933e+00,2.212605e+00,2.141498e+00,2.140026e+00,2.268742e+00,2.210846e+00,1.915124e+00,1.837753e+00,1.901107e+00,2.126160e+00,1.930707e+00,1.774721e+00,1.832326e+00,1.945000e+00,2.213757e+00,1.817686e+00,1.943148e+00,1.972080e+00,2.049574e+00,2.092358e+00,1.929706e+00,2.040370e+00,1.496013e-01,1.774721e+00,2.268742e+00
6.379000e+00,1.197410e+00,2.213817e+00,2.150852e+00,2.159609e+00,2.193267e+00,2.213953e+00,2.142734e+00,2.140951e+00,2.270117e+00,2.211500e+00,1.915590e+00,1.838770e+00,1.902055e+00,2.127680e+00,1.931324e+00,1.775664e+00,1.833070e+00,1.947556e+00,2.214913e+00,1.818448e+00,1.944011e+00,1.972882e+00,2.050255e+00,2.091616e+00,1.930059e+00,2.041279e+00,1.496695e-01,1.775664e+00,2.270117e+00
6.380000e+00,1.197510e+00,2.214504e+00,2.151300e+00,2.160234e+00,2.194500e+00,2.214791e+00,2.144045e+00,2.141825e+00,2.271695e+00,2.212615e+00,1.915528e+00,1.839787e+00,1.902925e+00,2.128960e+00,1.931941e+00,1.776608e+00,1.833814e+00,1.948889e+00,2.214740e+00,1.819210e+00,1.944874e+00,1.973682e+00,2.051404e+00,2.091659e+00,1.931118e+00,2.042110e+00,1.496962e-01,1.776608e+00,2.271695e+00
6.381000e+00,1.197810e+00,2.216031e+00,2.153318e+00,2.162187e+00,2.195733e+00,2.215907e+00,2.145169e+00,2.142185e+00,2.272617e+00,2.214577e+00,1.916118e+00,1.840805e+00,1.904901e+00,2.128480e+00,1.932558e+00,1.777552e+00,1.834558e+00,1.948889e+00,2.215145e+00,1.819972e+00,1.945737e+00,1.974481e+00,2.052851e+00,2.092052e+00,1.932176e+00,2.043083e+00,1.498081e-01,1.777552e+00,2.272617e+00
6.382000e+00,1.198010e+00,2.216107e+00,2.153004e+00,2.163594e+00,2.196767e+00,2.216372e+00,2.147041e+00,2.143033e+00,2.273876e+00,2.215038e+00,1.916925e+00,1.841823e+00,1.904862e+00,2.131200e+00,1.933174e+00,1.778497e+00,1.835302e+00,1.949222e+00,2.215202e+00,1.820734e+00,1.946598e+00,1.975279e+00,2.053660e+00,2.092795e+00,1.932765e+00,2.043870e+00,1.498459e-01,1.778497e+00,2.273876e+00
6.383000e+00,1.198160e+00,2.215725e+00,2.153946e+00,2.163125e+00,2.197700e+00,2.218000e+00,2.148240e+00,2.143702e+00,2.275067e+00,2.215154e+00,1.918447e+00,1.842841e+00,1.905692e+00,2.130560e+00,1.933791e+00,1.779442e+00,1.836046e+00,1.951444e+00,2.215607e+00,1.821495e+00,1.947459e+00,1.976076e+00,2.055574e+00,2.092882e+00,1.932588e+00,2.044609e+00,1.496909e-01,1.779442e+00,2.275067e+00
6.384000e+00,1.198610e+00,2.218244e+00,2.154529e+00,2.163281e+00,2.198467e+00,2.218465e+00,2.149700e+00,2.144139e+00,2.275587e+00,2.215769e+00,1.919161e+00,1.843860e+00,1.906601e+00,2.131760e+00,1.934407e+00,1.780388e+00,1.836790e+00,1.951222e+00,2.215723e+00,1.822257e+00,1.948320e+00,1.976872e+00,2.056213e+00,2.095066e+00,1.934000e+00,2.045451e+00,1.496988e-01,1.780388e+00,2.275587e+00
6.385000e+00,1.198770e+00,2.218015e+00,2.155112e+00,2.163828e+00,2.199767e+00,2.219256e+00,2.150674e+00,2.144807e+00,2.276728e+00,2.215923e+00,1.919596e+00,1.844880e+00,1.908340e+00,2.132560e+00,1.935022e+00,1.781334e+00,1.837534e+00,1.951444e+00,2.216416e+00,1.823020e+00,1.949180e+00,1.977666e+00,2.056340e+00,2.096725e+00,1.934353e+00,2.046188e+00,1.496457e-01,1.781334e+00,2.276728e+00
6.386000e+00,1.199000e+00,2.218855e+00,2.155695e+00,2.165313e+00,2.200333e+00,2.219674e+00,2.151648e+00,2.145527e+00,2.277634e+00,2.217692e+00,1.921335e+00,1.845900e+00,1.908221e+00,2.134560e+00,1.935637e+00,1.782280e+00,1.838279e+00,1.953444e+00,2.216821e+00,1.823782e+00,1.950039e+00,1.978460e+00,2.056979e+00,2.097118e+00,1.934941e+00,2.047090e+00,1.496591e-01,1.782280e+00,2.277634e+00
6.387000e+00,1.199210e+00,2.218931e+00,2.156413e+00,2.166641e+00,2.201800e+00,2.221023e+00,2.153221e+00,2.146915e+00,2.278440e+00,2.217462e+00,1.922174e+00,1.846921e+00,1.908972e+00,2.134160e+00,1.936252e+00,1.783227e+00,1.839023e+00,1.954778e+00,2.218150e+00,1.824544e+00,1.950898e+00,1.979252e+00,2.058340e+00,2.098122e+00,1.936000e+00,2.047986e+00,1.496505e-01,1.783227e+00,2.278440e+00
6.388000e+00,1.199540e+00,2.221527e+00,2.157892e+00,2.167578e+00,2.202033e+00,2.221628e+00,2.154607e+00,2.147301e+00,2.278775e+00,2.218038e+00,1.923602e+00,1.847942e+00,1.909802e+00,2.135440e+00,1.936867e+00,1.784175e+00,1.839767e+00,1.954222e+00,2.218324e+00,1.825306e+00,1.951756e+00,1.980043e+00,2.058638e+00,2.099432e+00,1.937824e+00,2.048855e+00,1.496483e-01,1.784175e+00,2.278775e+00
6.389000e+00,1.199840e+00,2.221374e+00,2.157937e+00,2.168047e+00,2.203800e+00,2.222837e+00,2.155094e+00,2.148098e+00,2.278674e+00,2.220538e+00,1.924099e+00,1.848964e+00,1.910316e+00,2.136880e+00,1.937481e+00,1.785123e+00,1.840512e+00,1.956889e+00,2.219364e+00,1.826068e+00,1.952613e+00,1.980832e+00,2.060340e+00,2.100655e+00,1.938176e+00,2.049780e+00,1.496525e-01,1.785123e+00,2.278674e+00
6.390000e+00,1.200110e+00,2.221450e+00,2.159821e+00,2.167578e+00,2.204333e+00,2.223395e+00,2.156554e+00,2.148689e+00,2.278977e+00,2.221115e+00,1.924503e+00,1.849986e+00,1.911462e+00,2.136320e+00,1.938095e+00,1.786071e+00,1.841256e+00,1.957778e+00,2.220809e+00,1.826830e+00,1.953470e+00,1.981621e+00,2.060766e+00,2.101354e+00,1.939647e+00,2.050495e+00,1.495169e-01,1.786071e+00,2.278977e+00
6.391000e+00,1.200360e+00,2.222672e+00,2.160538e+00,2.168750e+00,2.205500e+00,2.224047e+00,2.158502e+00,2.149537e+00,2.279614e+00,2.221808e+00,1.925745e+00,1.851009e+00,1.911818e+00,2.135120e+00,1.938709e+00,1.787020e+00,1.842001e+00,1.958889e+00,2.221445e+00,1.827593e+00,1.954327e+00,1.982408e+00,2.062128e+00,2.101790e+00,1.940647e+00,2.051317e+00,1.494909e-01,1.787020e+00,2.279614e+00
6.392000e+00,1.200490e+00,2.222977e+00,2.161570e+00,2.169453e+00,2.206200e+00,2.225163e+00,2.159438e+00,2.150386e+00,2.279933e+00,2.222000e+00,1.926553e+00,1.852032e+00,1.913636e+00,2.133360e+00,1.939322e+00,1.787970e+00,1.842745e+00,1.958778e+00,2.221965e+00,1.828355e+00,1.955183e+00,1.983194e+00,2.063106e+00,2.103057e+00,1.941824e+00,2.052008e+00,1.493220e-01,1.787970e+00,2.279933e+00
6.393000e+00,1.200790e+00,2.224580e+00,2.163004e+00,2.173125e+00,2.207233e+00,2.226326e+00,2.160712e+00,2.150848e+00,2.280889e+00,2.222500e+00,1.927019e+00,1.853056e+00,1.914308e+00,2.133840e+00,1.939935e+00,1.788919e+00,1.843490e+00,1.960556e+00,2.220809e+00,1.829118e+00,1.956038e+00,1.983979e+00,2.063915e+00,2.103275e+00,1.942588e+00,2.052919e+00,1.493749e-01,1.788919e+00,2.280889e+00
6.394000e+00,1.200850e+00,2.224962e+00,2.163722e+00,2.172109e+00,2.207800e+00,2.226372e+00,2.161648e+00,2.151080e+00,2.281661e+00,2.224077e+00,1.927950e+00,1.854081e+00,1.915652e+00,2.135840e+00,1.940548e+00,1.789870e+00,1.844234e+00,1.960000e+00,2.219538e+00,1.829880e+00,1.956892e+00,1.984763e+00,2.065362e+00,2.105153e+00,1.944471e+00,2.053653e+00,1.491804e-01,1.789870e+00,2.281661e+00
6.395000e+00,1.201180e+00,2.225878e+00,2.164529e+00,2.171484e+00,2.208767e+00,2.227907e+00,2.162622e+00,2.151979e+00,2.282416e+00,2.224385e+00,1.928571e+00,1.855106e+00,1.916245e+00,2.135840e+00,1.941160e+00,1.790821e+00,1.844979e+00,1.960667e+00,2.219595e+00,1.830642e+00,1.957746e+00,1.985545e+00,2.066085e+00,2.105939e+00,1.945294e+00,2.054342e+00,1.491145e-01,1.790821e+00,2.282416e+00
6.396000e+00,1.201410e+00,2.225954e+00,2.164529e+00,2.175000e+00,2.209200e+00,2.228744e+00,2.162584e+00,2.152134e+00,2.283171e+00,2.225615e+00,1.928944e+00,1.856131e+00,1.916285e+00,2.136000e+00,1.941772e+00,1.791772e+00,1.845724e+00,1.962222e+00,2.219711e+00,1.831405e+00,1.958600e+00,1.986327e+00,2.067191e+00,2.106594e+00,1.946235e+00,2.055077e+00,1.490661e-01,1.791772e+00,2.283171e+00
6.397000e+00,1.201720e+00,2.224427e+00,2.165919e+00,2.175078e+00,2.210300e+00,2.229953e+00,2.161610e+00,2.152288e+00,2.283020e+00,2.226346e+00,1.929317e+00,1.857157e+00,1.916996e+00,2.137360e+00,1.942384e+00,1.792723e+00,1.846468e+00,1.962000e+00,2.221098e+00,1.832168e+00,1.959453e+00,1.987107e+00,2.068085e+00,2.107904e+00,1.946588e+00,2.055656e+00,1.489413e-01,1.792723e+00,2.283020e+00
6.398000e+00,1.202010e+00,2.225573e+00,2.166592e+00,2.173672e+00,2.211400e+00,2.230884e+00,2.161798e+00,2.151208e+00,2.282198e+00,2.227192e+00,1.930807e+00,1.858184e+00,1.917154e+00,2.137520e+00,1.942995e+00,1.793676e+00,1.847213e+00,1.964778e+00,2.222312e+00,1.832930e+00,1.960305e+00,1.987886e+00,2.069787e+00,2.106987e+00,1.947294e+00,2.056264e+00,1.486528e-01,1.793676e+00,2.282198e+00
6.399000e+00,1.202300e+00,2.225038e+00,2.167668e+00,2.173047e+00,2.212000e+00,2.232000e+00,2.162772e+00,2.150257e+00,2.281191e+00,2.227154e+00,1.931925e+00,1.859211e+00,1.919130e+00,2.137920e+00,1.943606e+00,1.794628e+00,1.847958e+00,1.965222e+00,2.223931e+00,1.833693e+00,1.961156e+00,1.988664e+00,2.071064e+00,2.106594e+00,1.948353e+00,2.056841e+00,1.483082e-01,1.794628e+00,2.281191e+00
6.400000e+00,1.202460e+00,2.224580e+00,2.168341e+00,2.173125e+00,2.212267e+00,2.232465e+00,2.163858e+00,2.150437e+00,2.281359e+00,2.227808e+00,1.933416e+00,1.860238e+00,1.919289e+00,2.139920e+00,1.944217e+00,1.795581e+00,1.848703e+00,1.964556e+00,2.225491e+00,1.834456e+00,1.962007e+00,1.989440e+00,2.071574e+00,2.107380e+00,1.949235e+00,2.057489e+00,1.482122e-01,1.795581e+00,2.281359e+00
6.401000e+00,1.202640e+00,2.225802e+00,2.169327e+00,2.172969e+00,2.213033e+00,2.233349e+00,2.164831e+00,2.150411e+00,2.281779e+00,2.228385e+00,1.934503e+00,1.861266e+00,1.920237e+00,2.140560e+00,1.944828e+00,1.796535e+00,1.849448e+00,1.966000e+00,2.226532e+00,1.835219e+00,1.962858e+00,1.990215e+00,2.072468e+00,2.108166e+00,1.949882e+00,2.058275e+00,1.481254e-01,1.796535e+00,2.281779e+00
6.402000e+00,1.202990e+00,2.225420e+00,2.170000e+00,2.172812e+00,2.214033e+00,2.233674e+00,2.164981e+00,2.150694e+00,2.282081e+00,2.229269e+00,1.934938e+00,1.862295e+00,1.921028e+00,2.141600e+00,1.945438e+00,1.797489e+00,1.850193e+00,1.966778e+00,2.227688e+00,1.835981e+00,1.963708e+00,1.990990e+00,2.073234e+00,2.107991e+00,1.950412e+00,2.058864e+00,1.479778e-01,1.797489e+00,2.282081e+00
6.403000e+00,1.203210e+00,2.226870e+00,2.169596e+00,2.174922e+00,2.214100e+00,2.234419e+00,2.166554e+00,2.151491e+00,2.283054e+00,2.229308e+00,1.935652e+00,1.863324e+00,1.922213e+00,2.142320e+00,1.946047e+00,1.798443e+00,1.850938e+00,1.967222e+00,2.228439e+00,1.836744e+00,1.964557e+00,1.991763e+00,2.073872e+00,2.107948e+00,1.950118e+00,2.059580e+00,1.479772e-01,1.798443e+00,2.283054e+00
6.404000e+00,1.203450e+00,2.227252e+00,2.169955e+00,2.176563e+00,2.213900e+00,2.234140e+00,2.167416e+00,2.152365e+00,2.283305e+00,2.228385e+00,1.935621e+00,1.864354e+00,1.923597e+00,2.143280e+00,1.946657e+00,1.799398e+00,1.851683e+00,1.968333e+00,2.228960e+00,1.837507e+00,1.965406e+00,1.992534e+00,2.072638e+00,2.108865e+00,1.950941e+00,2.060127e+00,1.477310e-01,1.799398e+00,2.283305e+00
6.405000e+00,1.203680e+00,2.228473e+00,2.168700e+00,2.175547e+00,2.213267e+00,2.234326e+00,2.168390e+00,2.152751e+00,2.283289e+00,2.227731e+00,1.936522e+00,1.865384e+00,1.923478e+00,2.144960e+00,1.947266e+00,1.800354e+00,1.852428e+00,1.971778e+00,2.229595e+00,1.838270e+00,1.966254e+00,1.993305e+00,2.071362e+00,2.109520e+00,1.951176e+00,2.060588e+00,1.473833e-01,1.800354e+00,2.283289e+00
6.406000e+00,1.203900e+00,2.229160e+00,2.166996e+00,2.177812e+00,2.213433e+00,2.233581e+00,2.169288e+00,2.153599e+00,2.284245e+00,2.228000e+00,1.936925e+00,1.866415e+00,1.922411e+00,2.144960e+00,1.947875e+00,1.801310e+00,1.853173e+00,1.970111e+00,2.231214e+00,1.839033e+00,1.967101e+00,1.994074e+00,2.070809e+00,2.110873e+00,1.951824e+00,2.061009e+00,1.474012e-01,1.801310e+00,2.284245e+00
6.407000e+00,1.204290e+00,2.229847e+00,2.167937e+00,2.176250e+00,2.214167e+00,2.233814e+00,2.170337e+00,2.154833e+00,2.285017e+00,2.227769e+00,1.937484e+00,1.867446e+00,1.922134e+00,2.146160e+00,1.948483e+00,1.802266e+00,1.853919e+00,1.970000e+00,2.232890e+00,1.839796e+00,1.967948e+00,1.994842e+00,2.071617e+00,2.113231e+00,1.952353e+00,2.061689e+00,1.474047e-01,1.802266e+00,2.285017e+00
6.408000e+00,1.204500e+00,2.230000e+00,2.166816e+00,2.177187e+00,2.214267e+00,2.234047e+00,2.172285e+00,2.155604e+00,2.285889e+00,2.228692e+00,1.937919e+00,1.868478e+00,1.923083e+00,2.147760e+00,1.949092e+00,1.803223e+00,1.854664e+00,1.972222e+00,2.233931e+00,1.840559e+00,1.968794e+00,1.995609e+00,2.071660e+00,2.113843e+00,1.953294e+00,2.062455e+00,1.472875e-01,1.803223e+00,2.285889e+00
6.409000e+00,1.204840e+00,2.231145e+00,2.167758e+00,2.179453e+00,2.215567e+00,2.234930e+00,2.173933e+00,2.156401e+00,2.286946e+00,2.228615e+00,1.938168e+00,1.869510e+00,1.923281e+00,2.149120e+00,1.949699e+00,1.804180e+00,1.855409e+00,1.972000e+00,2.235896e+00,1.841323e+00,1.969640e+00,1.996375e+00,2.072468e+00,2.115328e+00,1.954059e+00,2.063383e+00,1.475206e-01,1.804180e+00,2.286946e+00
6.410000e+00,1.204950e+00,2.232977e+00,2.167668e+00,2.180938e+00,2.216833e+00,2.234651e+00,2.174757e+00,2.157404e+00,2.287315e+00,2.229692e+00,1.938727e+00,1.870543e+00,1.923478e+00,2.150640e+00,1.950307e+00,1.805138e+00,1.856154e+00,1.973444e+00,2.239075e+00,1.842086e+00,1.970485e+00,1.997140e+00,2.073149e+00,2.115459e+00,1.954765e+00,2.064284e+00,1.476556e-01,1.805138e+00,2.287315e+00
6.411000e+00,1.205290e+00,2.233130e+00,2.168610e+00,2.181094e+00,2.217100e+00,2.235814e+00,2.175843e+00,2.158226e+00,2.288607e+00,2.230923e+00,1.939472e+00,1.871576e+00,1.924229e+00,2.149680e+00,1.950914e+00,1.806096e+00,1.856900e+00,1.974444e+00,2.240000e+00,1.842849e+00,1.971329e+00,1.997903e+00,2.073617e+00,2.115371e+00,1.956059e+00,2.064991e+00,1.475836e-01,1.806096e+00,2.288607e+00
6.412000e+00,1.205460e+00,2.235191e+00,2.169596e+00,2.182656e+00,2.218367e+00,2.236651e+00,2.176742e+00,2.158689e+00,2.290000e+00,2.231962e+00,1.940280e+00,1.872610e+00,1.924901e+00,2.150320e+00,1.951521e+00,1.807055e+00,1.857645e+00,1.971111e+00,2.241156e+00,1.843612e+00,1.972173e+00,1.998665e+00,2.074894e+00,2.116070e+00,1.957647e+00,2.065813e+00,1.478280e-01,1.807055e+00,2.290000e+00
6.413000e+00,1.205840e+00,2.235420e+00,2.169686e+00,2.183594e+00,2.219800e+00,2.238000e+00,2.177828e+00,2.159306e+00,2.290923e+00,2.232962e+00,1.941460e+00,1.873644e+00,1.925731e+00,2.152960e+00,1.952128e+00,1.808014e+00,1.858391e+00,1.970222e+00,2.243642e+00,1.844376e+00,1.973016e+00,1.999426e+00,2.075191e+00,2.115983e+00,1.958059e+00,2.066657e+00,1.480035e-01,1.808014e+00,2.290923e+00
6.414000e+00,1.206000e+00,2.237099e+00,2.171794e+00,2.182422e+00,2.219967e+00,2.238279e+00,2.178839e+00,2.160000e+00,2.292651e+00,2.233808e+00,1.942919e+00,1.874679e+00,1.926403e+00,2.153760e+00,1.952734e+00,1.808973e+00,1.859136e+00,1.970111e+00,2.244913e+00,1.845139e+00,1.973859e+00,2.000186e+00,2.076979e+00,2.116638e+00,1.959235e+00,2.067522e+00,1.480379e-01,1.808973e+00,2.292651e+00
6.415000e+00,1.206240e+00,2.237481e+00,2.172646e+00,2.182891e+00,2.221200e+00,2.239767e+00,2.180412e+00,2.161105e+00,2.293658e+00,2.234846e+00,1.944037e+00,1.875715e+00,1.926324e+00,2.153680e+00,1.953340e+00,1.809934e+00,1.859882e+00,1.970222e+00,2.246821e+00,1.845903e+00,1.974701e+00,2.000945e+00,2.078894e+00,2.117205e+00,1.959824e+00,2.068393e+00,1.481875e-01,1.809934e+00,2.293658e+00
6.416000e+00,1.206550e+00,2.239542e+00,2.173274e+00,2.185234e+00,2.221833e+00,2.241209e+00,2.182697e+00,2.161851e+00,2.294513e+00,2.235038e+00,1.945155e+00,1.876751e+00,1.927391e+00,2.156560e+00,1.953945e+00,1.810894e+00,1.860628e+00,1.969333e+00,2.248324e+00,1.846666e+00,1.975542e+00,2.001702e+00,2.079234e+00,2.117642e+00,1.959647e+00,2.069359e+00,1.484587e-01,1.810894e+00,2.294513e+00
6.417000e+00,1.206940e+00,2.240763e+00,2.174619e+00,2.186562e+00,2.223000e+00,2.242093e+00,2.185056e+00,2.162057e+00,2.295235e+00,2.235538e+00,1.945745e+00,1.877787e+00,1.928735e+00,2.155600e+00,1.954551e+00,1.811855e+00,1.861373e+00,1.970333e+00,2.249884e+00,1.847430e+00,1.976383e+00,2.002459e+00,2.080468e+00,2.118210e+00,1.958412e+00,2.070173e+00,1.485715e-01,1.811855e+00,2.295235e+00
6.418000e+00,1.207180e+00,2.241527e+00,2.175336e+00,2.186641e+00,2.223633e+00,2.242512e+00,2.185393e+00,2.162853e+00,2.295923e+00,2.236269e+00,1.946398e+00,1.878824e+00,1.930040e+00,2.158240e+00,1.955155e+00,1.812817e+00,1.862119e+00,1.970556e+00,2.249827e+00,1.848193e+00,1.977223e+00,2.003214e+00,2.081745e+00,2.117860e+00,1.957412e+00,2.070821e+00,1.485260e-01,1.812817e+00,2.295923e+00
6.419000e+00,1.207180e+00,2.242214e+00,2.177040e+00,2.188594e+00,2.223933e+00,2.244326e+00,2.186180e+00,2.163728e+00,2.297181e+00,2.237462e+00,1.946553e+00,1.879862e+00,1.930791e+00,2.160160e+00,1.955760e+00,1.813778e+00,1.862865e+00,1.970556e+00,2.250636e+00,1.848957e+00,1.978063e+00,2.003967e+00,2.083064e+00,2.119258e+00,1.956706e+00,2.071735e+00,1.487809e-01,1.813778e+00,2.297181e+00
6.420000e+00,1.207560e+00,2.243817e+00,2.178296e+00,2.188672e+00,2.224333e+00,2.244419e+00,2.186704e+00,2.164473e+00,2.298003e+00,2.237615e+00,1.946739e+00,1.880900e+00,1.931739e+00,2.161600e+00,1.956364e+00,1.814741e+00,1.863610e+00,1.972444e+00,2.252832e+00,1.849721e+00,1.978902e+00,2.004720e+00,2.084553e+00,2.119913e+00,1.956706e+00,2.072576e+00,1.488039e-01,1.814741e+00,2.298003e+00
6.421000e+00,1.207840e+00,2.243359e+00,2.179238e+00,2.189453e+00,2.225500e+00,2.245442e+00,2.187903e+00,2.164961e+00,2.298020e+00,2.238000e+00,1.947547e+00,1.881939e+00,1.931818e+00,2.161200e+00,1.956968e+00,1.815704e+00,1.864356e+00,1.974000e+00,2.253006e+00,1.850484e+00,1.979741e+00,2.005471e+00,2.084809e+00,2.120044e+00,1.957118e+00,2.073170e+00,1.486448e-01,1.815704e+00,2.298020e+00
6.422000e+00,1.208150e+00,2.243893e+00,2.180179e+00,2.187969e+00,2.226233e+00,2.246605e+00,2.189363e+00,2.165810e+00,2.298557e+00,2.238923e+00,1.948106e+00,1.882978e+00,1.933004e+00,2.161040e+00,1.957572e+00,1.816667e+00,1.865102e+00,1.974222e+00,2.254393e+00,1.851248e+00,1.980578e+00,2.006222e+00,2.086255e+00,2.120611e+00,1.957059e+00,2.073858e+00,1.486187e-01,1.816667e+00,2.298557e+00
6.423000e+00,1.208270e+00,2.245115e+00,2.181300e+00,2.191094e+00,2.227667e+00,2.247814e+00,2.190562e+00,2.166632e+00,2.299211e+00,2.239846e+00,1.948789e+00,1.884018e+00,1.935178e+00,2.162560e+00,1.958175e+00,1.817631e+00,1.865848e+00,1.975778e+00,2.254740e+00,1.852012e+00,1.981416e+00,2.006971e+00,2.087787e+00,2.121921e+00,1.957882e+00,2.074998e+00,1.486998e-01,1.817631e+00,2.299211e+00
6.424000e+00,1.208640e+00,2.246641e+00,2.182691e+00,2.191172e+00,2.229367e+00,2.248465e+00,2.191610e+00,2.166889e+00,2.299748e+00,2.240808e+00,1.948820e+00,1.885058e+00,1.936838e+00,2.165200e+00,1.958778e+00,1.818595e+00,1.866594e+00,1.978667e+00,2.255434e+00,1.852776e+00,1.982252e+00,2.007718e+00,2.088511e+00,2.121965e+00,1.958294e+00,2.075954e+00,1.487115e-01,1.818595e+00,2.299748e+00
6.425000e+00,1.208910e+00,2.245420e+00,2.184081e+00,2.191797e+00,2.230067e+00,2.249395e+00,2.192809e+00,2.167095e+00,2.300117e+00,2.241462e+00,1.947733e+00,1.886098e+00,1.937154e+00,2.166240e+00,1.959381e+00,1.819560e+00,1.867340e+00,1.977444e+00,2.256647e+00,1.853540e+00,1.983088e+00,2.008465e+00,2.088936e+00,2.122227e+00,1.959588e+00,2.076487e+00,1.487252e-01,1.819560e+00,2.300117e+00
6.426000e+00,1.209160e+00,2.248550e+00,2.186009e+00,2.192266e+00,2.230733e+00,2.249442e+00,2.194532e+00,2.167789e+00,2.301057e+00,2.242269e+00,1.946615e+00,1.887140e+00,1.937984e+00,2.165360e+00,1.959983e+00,1.820525e+00,1.868086e+00,1.979333e+00,2.258208e+00,1.854304e+00,1.983924e+00,2.009211e+00,2.089447e+00,2.121878e+00,1.959765e+00,2.077267e+00,1.488815e-01,1.820525e+00,2.301057e+00
6.427000e+00,1.209450e+00,2.247939e+00,2.186099e+00,2.191328e+00,2.231867e+00,2.250000e+00,2.195655e+00,2.168792e+00,2.301829e+00,2.243577e+00,1.946739e+00,1.888182e+00,1.939012e+00,2.167280e+00,1.960585e+00,1.821491e+00,1.868832e+00,1.982222e+00,2.259538e+00,1.855068e+00,1.984759e+00,2.009955e+00,2.090128e+00,2.119913e+00,1.960941e+00,2.077989e+00,1.487321e-01,1.821491e+00,2.301829e+00
6.428000e+00,1.209490e+00,2.249466e+00,2.187623e+00,2.193125e+00,2.232867e+00,2.251488e+00,2.196816e+00,2.169229e+00,2.301946e+00,2.244346e+00,1.947547e+00,1.889224e+00,1.940632e+00,2.167360e+00,1.961187e+00,1.822457e+00,1.869579e+00,1.982444e+00,2.259653e+00,1.855832e+00,1.985593e+00,2.010698e+00,2.091915e+00,2.116245e+00,1.962000e+00,2.078720e+00,1.486844e-01,1.822457e+00,2.301946e+00
6.429000e+00,1.209930e+00,2.250687e+00,2.187937e+00,2.193906e+00,2.233300e+00,2.251767e+00,2.197566e+00,2.168689e+00,2.301007e+00,2.245192e+00,1.947609e+00,1.890267e+00,1.941423e+00,2.168720e+00,1.961788e+00,1.823423e+00,1.870325e+00,1.984889e+00,2.260867e+00,1.856596e+00,1.986426e+00,2.011440e+00,2.092085e+00,2.113799e+00,1.963235e+00,2.079289e+00,1.484629e-01,1.823423e+00,2.301007e+00
6.430000e+00,1.210100e+00,2.250916e+00,2.188969e+00,2.195000e+00,2.233367e+00,2.252930e+00,2.197790e+00,2.168432e+00,2.300168e+00,2.245269e+00,1.948199e+00,1.891310e+00,1.941976e+00,2.168960e+00,1.962389e+00,1.824390e+00,1.871071e+00,1.986000e+00,2.260405e+00,1.857360e+00,1.987260e+00,2.012180e+00,2.093404e+00,2.112882e+00,1.964059e+00,2.079779e+00,1.481599e-01,1.824390e+00,2.300168e+00
6.431000e+00,1.210370e+00,2.252595e+00,2.189372e+00,2.195547e+00,2.233733e+00,2.254186e+00,2.198689e+00,2.168046e+00,2.298826e+00,2.246231e+00,1.949161e+00,1.892354e+00,1.943083e+00,2.170080e+00,1.962990e+00,1.825358e+00,1.871817e+00,1.984889e+00,2.258671e+00,1.858124e+00,1.988092e+00,2.012920e+00,2.094043e+00,2.112882e+00,1.964765e+00,2.080269e+00,1.479300e-01,1.825358e+00,2.298826e+00
6.432000e+00,1.210630e+00,2.253359e+00,2.190673e+00,2.193672e+00,2.234433e+00,2.255116e+00,2.201049e+00,2.168432e+00,2.298238e+00,2.247731e+00,1.949596e+00,1.893398e+00,1.944348e+00,2.172800e+00,1.963590e+00,1.826326e+00,1.872564e+00,1.986222e+00,2.256936e+00,1.858889e+00,1.988924e+00,2.013658e+00,2.095319e+00,2.114236e+00,1.965765e+00,2.081053e+00,1.477414e-01,1.826326e+00,2.298238e+00
6.433000e+00,1.210940e+00,2.253817e+00,2.191614e+00,2.195000e+00,2.234067e+00,2.256419e+00,2.201498e+00,2.168740e+00,2.298322e+00,2.247577e+00,1.950497e+00,1.894443e+00,1.945455e+00,2.172560e+00,1.964190e+00,1.827294e+00,1.873310e+00,1.988444e+00,2.257630e+00,1.859653e+00,1.989755e+00,2.014395e+00,2.095574e+00,2.115328e+00,1.967529e+00,2.081796e+00,1.474791e-01,1.827294e+00,2.298322e+00
6.434000e+00,1.211210e+00,2.256947e+00,2.191749e+00,2.195078e+00,2.232800e+00,2.256465e+00,2.202285e+00,2.168740e+00,2.298406e+00,2.248269e+00,1.950963e+00,1.895489e+00,1.946245e+00,2.173280e+00,1.964790e+00,1.828263e+00,1.874057e+00,1.987778e+00,2.258382e+00,1.860417e+00,1.990586e+00,2.015131e+00,2.097234e+00,2.116681e+00,1.967706e+00,2.082406e+00,1.474187e-01,1.828263e+00,2.298406e+00
6.435000e+00,1.211480e+00,2.256412e+00,2.192377e+00,2.196250e+00,2.232600e+00,2.257674e+00,2.203483e+00,2.169434e+00,2.299916e+00,2.248962e+00,1.951925e+00,1.896535e+00,1.946364e+00,2.174720e+00,1.965389e+00,1.829232e+00,1.874803e+00,1.988889e+00,2.258728e+00,1.861182e+00,1.991416e+00,2.015865e+00,2.098596e+00,2.116681e+00,1.969824e+00,2.083219e+00,1.473324e-01,1.829232e+00,2.299916e+00
6.436000e+00,1.211540e+00,2.256718e+00,2.193543e+00,2.198281e+00,2.232667e+00,2.258651e+00,2.204569e+00,2.170154e+00,2.300453e+00,2.250038e+00,1.952484e+00,1.897581e+00,1.947510e+00,2.175200e+00,1.965988e+00,1.830202e+00,1.875550e+00,1.991444e+00,2.260867e+00,1.861946e+00,1.992245e+00,2.016599e+00,2.098766e+00,2.117467e+00,1.970882e+00,2.084159e+00,1.473254e-01,1.830202e+00,2.300453e+00
6.437000e+00,1.211700e+00,2.257939e+00,2.193857e+00,2.197656e+00,2.233233e+00,2.258372e+00,2.205506e+00,2.170694e+00,2.300940e+00,2.250038e+00,1.953199e+00,1.898628e+00,1.948814e+00,2.176880e+00,1.966587e+00,1.831172e+00,1.876296e+00,1.990444e+00,2.261503e+00,1.862711e+00,1.993074e+00,2.017331e+00,2.098553e+00,2.118952e+00,1.971706e+00,2.084754e+00,1.471990e-01,1.831172e+00,2.300940e+00
6.438000e+00,1.212110e+00,2.256031e+00,2.194529e+00,2.198750e+00,2.233767e+00,2.257349e+00,2.204607e+00,2.171080e+00,2.302282e+00,2.250192e+00,1.954099e+00,1.899676e+00,1.949328e+00,2.178160e+00,1.967185e+00,1.832143e+00,1.877043e+00,1.991667e+00,2.263064e+00,1.863475e+00,1.993902e+00,2.018062e+00,2.096553e+00,2.119127e+00,1.971706e+00,2.085157e+00,1.469510e-01,1.832143e+00,2.302282e+00
6.439000e+00,1.212340e+00,2.255038e+00,2.194709e+00,2.198125e+00,2.234833e+00,2.257116e+00,2.204532e+00,2.171722e+00,2.302886e+00,2.250731e+00,1.954658e+00,1.900724e+00,1.949723e+00,2.178320e+00,1.967783e+00,1.833114e+00,1.877790e+00,1.992667e+00,2.265260e+00,1.864240e+00,1.994730e+00,2.018792e+00,2.096128e+00,2.119738e+00,1.973118e+00,2.085687e+00,1.467382e-01,1.833114e+00,2.302886e+00
6.440000e+00,1.212660e+00,2.255573e+00,2.196951e+00,2.200547e+00,2.235800e+00,2.257814e+00,2.203970e+00,2.172211e+00,2.304379e+00,2.251692e+00,1.955062e+00,1.901773e+00,1.950632e+00,2.179120e+00,1.968381e+00,1.834086e+00,1.878536e+00,1.991556e+00,2.266185e+00,1.865005e+00,1.995557e+00,2.019520e+00,2.096255e+00,2.121441e+00,1.974294e+00,2.086514e+00,1.468719e-01,1.834086e+00,2.304379e+00
6.441000e+00,1.212760e+00,2.254656e+00,2.197623e+00,2.200859e+00,2.237267e+00,2.257395e+00,2.205131e+00,2.172699e+00,2.304950e+00,2.252269e+00,1.955652e+00,1.902822e+00,1.951858e+00,2.180720e+00,1.968978e+00,1.835058e+00,1.879283e+00,1.993222e+00,2.267341e+00,1.865769e+00,1.996383e+00,2.020248e+00,2.096894e+00,2.123712e+00,1.975176e+00,2.087332e+00,1.467262e-01,1.835058e+00,2.304950e+00
6.442000e+00,1.212990e+00,2.255649e+00,2.198655e+00,2.201328e+00,2.238300e+00,2.258465e+00,2.205993e+00,2.173316e+00,2.305587e+00,2.251462e+00,1.957081e+00,1.903871e+00,1.952885e+00,2.180880e+00,1.969575e+00,1.836031e+00,1.880030e+00,1.996000e+00,2.268844e+00,1.866534e+00,1.997209e+00,2.020974e+00,2.097191e+00,2.124891e+00,1.975588e+00,2.088181e+00,1.466046e-01,1.836031e+00,2.305587e+00
6.443000e+00,1.213340e+00,2.255725e+00,2.199776e+00,2.202812e+00,2.239133e+00,2.258837e+00,2.207041e+00,2.174113e+00,2.306980e+00,2.250769e+00,1.958292e+00,1.904922e+00,1.954032e+00,2.181680e+00,1.970172e+00,1.837004e+00,1.880777e+00,1.995556e+00,2.269364e+00,1.867299e+00,1.998035e+00,2.021699e+00,2.098511e+00,2.125633e+00,1.976000e+00,2.088923e+00,1.465497e-01,1.837004e+00,2.306980e+00
6.444000e+00,1.213690e+00,2.256870e+00,2.200090e+00,2.201953e+00,2.240200e+00,2.259767e+00,2.207715e+00,2.174396e+00,2.308003e+00,2.250500e+00,1.959193e+00,1.905972e+00,1.954348e+00,2.183520e+00,1.970768e+00,1.837977e+00,1.881524e+00,1.996667e+00,2.270751e+00,1.868064e+00,1.998859e+00,2.022423e+00,2.100000e+00,2.126769e+00,1.976882e+00,2.089717e+00,1.465179e-01,1.837977e+00,2.308003e+00
6.445000e+00,1.213840e+00,2.257557e+00,2.201614e+00,2.203672e+00,2.240967e+00,2.260651e+00,2.208727e+00,2.175219e+00,2.308272e+00,2.250000e+00,1.959783e+00,1.907024e+00,1.955059e+00,2.183440e+00,1.971364e+00,1.838951e+00,1.882271e+00,1.998667e+00,2.271561e+00,1.868829e+00,1.999683e+00,2.023145e+00,2.100170e+00,2.128821e+00,1.977941e+00,2.090558e+00,1.464306e-01,1.838951e+00,2.308272e+00
6.446000e+00,1.214040e+00,2.258550e+00,2.202825e+00,2.205391e+00,2.241433e+00,2.261535e+00,2.209625e+00,2.175733e+00,2.308943e+00,2.249192e+00,1.960870e+00,1.908075e+00,1.955692e+00,2.185040e+00,1.971960e+00,1.839926e+00,1.883018e+00,1.999222e+00,2.273006e+00,1.869594e+00,2.000507e+00,2.023866e+00,2.102085e+00,2.130611e+00,1.978588e+00,2.091470e+00,1.464514e-01,1.839926e+00,2.308943e+00
6.447000e+00,1.214440e+00,2.258855e+00,2.203812e+00,2.205781e+00,2.242533e+00,2.261953e+00,2.211124e+00,2.176761e+00,2.308691e+00,2.249846e+00,1.961832e+00,1.909128e+00,1.955771e+00,2.186800e+00,1.972555e+00,1.840901e+00,1.883765e+00,2.000444e+00,2.274855e+00,1.870359e+00,2.001330e+00,2.024587e+00,2.102894e+00,2.130786e+00,1.979765e+00,2.092297e+00,1.464320e-01,1.840901e+00,2.308691e+00
6.448000e+00,1.214590e+00,2.260229e+00,2.203946e+00,2.205469e+00,2.243433e+00,2.263674e+00,2.211536e+00,2.177378e+00,2.309430e+00,2.251192e+00,1.963168e+00,1.910181e+00,1.956719e+00,2.186560e+00,1.973150e+00,1.841876e+00,1.884512e+00,2.003111e+00,2.274624e+00,1.871124e+00,2.002152e+00,2.025306e+00,2.103319e+00,2.131528e+00,1.980235e+00,2.093077e+00,1.462958e-01,1.841876e+00,2.309430e+00
6.449000e+00,1.214910e+00,2.261374e+00,2.205067e+00,2.206250e+00,2.244167e+00,2.264419e+00,2.212285e+00,2.178432e+00,2.310067e+00,2.252077e+00,1.963851e+00,1.911234e+00,1.957589e+00,2.187600e+00,1.973745e+00,1.842852e+00,1.885259e+00,2.002333e+00,2.276590e+00,1.871889e+00,2.002974e+00,2.026023e+00,2.105362e+00,2.132576e+00,1.981000e+00,2.093959e+00,1.464190e-01,1.842852e+00,2.310067e+00
6.450000e+00,1.214950e+00,2.261527e+00,2.205874e+00,2.208438e+00,2.244900e+00,2.265256e+00,2.213371e+00,2.179152e+00,2.310218e+00,2.252615e+00,1.964224e+00,1.912288e+00,1.957826e+00,2.187760e+00,1.974339e+00,1.843828e+00,1.886006e+00,2.001556e+00,2.276821e+00,1.872654e+00,2.003800e+00,2.026740e+00,2.106298e+00,2.132969e+00,1.981647e+00,2.094588e+00,1.464091e-01,1.843828e+00,2.310218e+00
6.451000e+00,1.215400e+00,2.263053e+00,2.206233e+00,2.208984e+00,2.244933e+00,2.265907e+00,2.214457e+00,2.180154e+00,2.311124e+00,2.253885e+00,1.965062e+00,1.913342e+00,1.958103e+00,2.187520e+00,1.974933e+00,1.844805e+00,1.886753e+00,2.005444e+00,2.277283e+00,1.873419e+00,2.004621e+00,2.027455e+00,2.107702e+00,2.134629e+00,1.982765e+00,2.095524e+00,1.463065e-01,1.844805e+00,2.311124e+00
6.452000e+00,1.215680e+00,2.264122e+00,2.207175e+00,2.207656e+00,2.245833e+00,2.267163e+00,2.216367e+00,2.181414e+00,2.311460e+00,2.255385e+00,1.965559e+00,1.914397e+00,1.958854e+00,2.190800e+00,1.975527e+00,1.845782e+00,1.887501e+00,2.005000e+00,2.278092e+00,1.874184e+00,2.005441e+00,2.028586e+00,2.109149e+00,2.136507e+00,1.983529e+00,2.096478e+00,1.464409e-01,1.845782e+00,2.311460e+00
6.453000e+00,1.215980e+00,2.264733e+00,2.206951e+00,2.210156e+00,2.247100e+00,2.268093e+00,2.217528e+00,2.181979e+00,2.311946e+00,2.255692e+00,1.966522e+00,1.915453e+00,1.958933e+00,2.190400e+00,1.976120e+00,1.846760e+00,1.888248e+00,2.005222e+00,2.279711e+00,1.874950e+00,2.006261e+00,2.029495e+00,2.109489e+00,2.136856e+00,1.984706e+00,2.097221e+00,1.464582e-01,1.846760e+00,2.311946e+00
6.454000e+00,1.216100e+00,2.266718e+00,2.207937e+00,2.209609e+00,2.248167e+00,2.268651e+00,2.217865e+00,2.182931e+00,2.312852e+00,2.255885e+00,1.967143e+00,1.916509e+00,1.958419e+00,2.192960e+00,1.976713e+00,1.847738e+00,1.888995e+00,2.006667e+00,2.281272e+00,1.875715e+00,2.007082e+00,2.030152e+00,2.110596e+00,2.138341e+00,1.986059e+00,2.098124e+00,1.465527e-01,1.847738e+00,2.312852e+00
6.455000e+00,1.216340e+00,2.267176e+00,2.207848e+00,2.211172e+00,2.248533e+00,2.269535e+00,2.218614e+00,2.183368e+00,2.313691e+00,2.256192e+00,1.967981e+00,1.917565e+00,1.958972e+00,2.193120e+00,1.977306e+00,1.848717e+00,1.889743e+00,2.006444e+00,2.282543e+00,1.876481e+00,2.007902e+00,2.031768e+00,2.111489e+00,2.140044e+00,1.987176e+00,2.098891e+00,1.465018e-01,1.848717e+00,2.313691e+00
6.456000e+00,1.216630e+00,2.268015e+00,2.208072e+00,2.212500e+00,2.250267e+00,2.271395e+00,2.219588e+00,2.183728e+00,2.314413e+00,2.257308e+00,1.968416e+00,1.918622e+00,1.959644e+00,2.194080e+00,1.977898e+00,1.849696e+00,1.890490e+00,2.008000e+00,2.283237e+00,1.877246e+00,2.008724e+00,2.032323e+00,2.112638e+00,2.141834e+00,1.986765e+00,2.099787e+00,1.466389e-01,1.849696e+00,2.314413e+00
6.457000e+00,1.216860e+00,2.268168e+00,2.208430e+00,2.214609e+00,2.250967e+00,2.271814e+00,2.220449e+00,2.183933e+00,2.315034e+00,2.258577e+00,1.969255e+00,1.919680e+00,1.960040e+00,2.196000e+00,1.978490e+00,1.850676e+00,1.891238e+00,2.009000e+00,2.284798e+00,1.878011e+00,2.009545e+00,2.033384e+00,2.113660e+00,2.142533e+00,1.988235e+00,2.100689e+00,1.466504e-01,1.850676e+00,2.315034e+00
6.458000e+00,1.217040e+00,2.268626e+00,2.205830e+00,2.214609e+00,2.251933e+00,2.272791e+00,2.221910e+00,2.184242e+00,2.315520e+00,2.258577e+00,1.970280e+00,1.920738e+00,1.960751e+00,2.196160e+00,1.979082e+00,1.851656e+00,1.891985e+00,2.010000e+00,2.285549e+00,1.878777e+00,2.010367e+00,2.033838e+00,2.114766e+00,2.142576e+00,1.987941e+00,2.101188e+00,1.464672e-01,1.851656e+00,2.315520e+00
6.459000e+00,1.217350e+00,2.270229e+00,2.205336e+00,2.214141e+00,2.252533e+00,2.273581e+00,2.222921e+00,2.185167e+00,2.316695e+00,2.259269e+00,1.971615e+00,1.921797e+00,1.960988e+00,2.196160e+00,1.979673e+00,1.852636e+00,1.892733e+00,2.010889e+00,2.286821e+00,1.879543e+00,2.011189e+00,2.033838e+00,2.115106e+00,2.142533e+00,1.989000e+00,2.101850e+00,1.464308e-01,1.852636e+00,2.316695e+00
6.460000e+00,1.217650e+00,2.270076e+00,2.204888e+00,2.215469e+00,2.253367e+00,2.274884e+00,2.223596e+00,2.184704e+00,2.316443e+00,2.259769e+00,1.972360e+00,1.922856e+00,1.961621e+00,2.196160e+00,1.980264e+00,1.853617e+00,1.893481e+00,2.012556e+00,2.287225e+00,1.880308e+00,2.012010e+00,2.034444e+00,2.116766e+00,2.143450e+00,1.990176e+00,2.102520e+00,1.462064e-01,1.853617e+00,2.316443e+00
6.461000e+00,1.217920e+00,2.270305e+00,2.204888e+00,2.213906e+00,2.254333e+00,2.275488e+00,2.225131e+00,2.183907e+00,2.315503e+00,2.260885e+00,1.972981e+00,1.923915e+00,1.962885e+00,2.198000e+00,1.980855e+00,1.854599e+00,1.894228e+00,2.012222e+00,2.287803e+00,1.881074e+00,2.012832e+00,2.033232e+00,2.117915e+00,2.144934e+00,1.991059e+00,2.103037e+00,1.460407e-01,1.854599e+00,2.315503e+00
6.462000e+00,1.218210e+00,2.272137e+00,2.205022e+00,2.212969e+00,2.254567e+00,2.276884e+00,2.226816e+00,2.183111e+00,2.314480e+00,2.261231e+00,1.973820e+00,1.924976e+00,1.963281e+00,2.198480e+00,1.981445e+00,1.855580e+00,1.894976e+00,2.012556e+00,2.288671e+00,1.881840e+00,2.013652e+00,2.032020e+00,2.118340e+00,2.144585e+00,1.991882e+00,2.103472e+00,1.459171e-01,1.855580e+00,2.314480e+00
6.463000e+00,1.218410e+00,2.273588e+00,2.205874e+00,2.215625e+00,2.253333e+00,2.277209e+00,2.227678e+00,2.183059e+00,2.313775e+00,2.261308e+00,1.974379e+00,1.926036e+00,1.963755e+00,2.199760e+00,1.982035e+00,1.856563e+00,1.895724e+00,2.013667e+00,2.289942e+00,1.882605e+00,2.014471e+00,2.030303e+00,2.119574e+00,2.144847e+00,1.992000e+00,2.104046e+00,1.458654e-01,1.856563e+00,2.313775e+00
6.464000e+00,1.218800e+00,2.274656e+00,2.206861e+00,2.216172e+00,2.252800e+00,2.278186e+00,2.228727e+00,2.182853e+00,2.313876e+00,2.262346e+00,1.975093e+00,1.927098e+00,1.964862e+00,2.199920e+00,1.982625e+00,1.857546e+00,1.896472e+00,2.015778e+00,2.289884e+00,1.883371e+00,2.015289e+00,2.029596e+00,2.120043e+00,2.145808e+00,1.992588e+00,2.104685e+00,1.457025e-01,1.857546e+00,2.313876e+00
6.465000e+00,1.218940e+00,2.275802e+00,2.208296e+00,2.216016e+00,2.252067e+00,2.278419e+00,2.230262e+00,2.183573e+00,2.313842e+00,2.264115e+00,1.975186e+00,1.928160e+00,1.965731e+00,2.200720e+00,1.983214e+00,1.858529e+00,1.897219e+00,2.014889e+00,2.290751e+00,1.884137e+00,2.016105e+00,2.029545e+00,2.120851e+00,2.146332e+00,1.993647e+00,2.105309e+00,1.456964e-01,1.858529e+00,2.313842e+00
6.466000e+00,1.219190e+00,2.276031e+00,2.209955e+00,2.215312e+00,2.252567e+00,2.279628e+00,2.230974e+00,2.183573e+00,2.313893e+00,2.264115e+00,1.976304e+00,1.929222e+00,1.967549e+00,2.201200e+00,1.983803e+00,1.859513e+00,1.897967e+00,2.015889e+00,2.290925e+00,1.884903e+00,2.016919e+00,2.030606e+00,2.121745e+00,2.147860e+00,1.994529e+00,2.106041e+00,1.454398e-01,1.859513e+00,2.313893e+00
6.467000e+00,1.219340e+00,2.276107e+00,2.212018e+00,2.216953e+00,2.252733e+00,2.279163e+00,2.231798e+00,2.184576e+00,2.314581e+00,2.264769e+00,1.977050e+00,1.930285e+00,1.967747e+00,2.202400e+00,1.984392e+00,1.860497e+00,1.898715e+00,2.018444e+00,2.290405e+00,1.885669e+00,2.017730e+00,2.031212e+00,2.122170e+00,2.149214e+00,1.994941e+00,2.106815e+00,1.453017e-01,1.860497e+00,2.314581e+00
6.468000e+00,1.219650e+00,2.277634e+00,2.212646e+00,2.218437e+00,2.253567e+00,2.280651e+00,2.232734e+00,2.185501e+00,2.314698e+00,2.265500e+00,1.978137e+00,1.931348e+00,1.967945e+00,2.201200e+00,1.984980e+00,1.861482e+00,1.899463e+00,2.017000e+00,2.290000e+00,1.886435e+00,2.018538e+00,2.032020e+00,2.122638e+00,2.150044e+00,1.995353e+00,2.107415e+00,1.453038e-01,1.861482e+00,2.314698e+00
6.469000e+00,1.220050e+00,2.278702e+00,2.213991e+00,2.218281e+00,2.254867e+00,2.280884e+00,2.233708e+00,2.185938e+00,2.314866e+00,2.266808e+00,1.978571e+00,1.932412e+00,1.968775e+00,2.202800e+00,1.985568e+00,1.862467e+00,1.900211e+00,2.018333e+00,2.287746e+00,1.887201e+00,2.019342e+00,2.032778e+00,2.123702e+00,2.150830e+00,1.995706e+00,2.108104e+00,1.451436e-01,1.862467e+00,2.314866e+00
6.470000e+00,1.220140e+00,2.279008e+00,2.215381e+00,2.220312e+00,2.255167e+00,2.281535e+00,2.234345e+00,2.186864e+00,2.315990e+00,2.266885e+00,1.979099e+00,1.933476e+00,1.969881e+00,2.202640e+00,1.986156e+00,1.863452e+00,1.900960e+00,2.019444e+00,2.287283e+00,1.887967e+00,2.020142e+00,2.033838e+00,2.124723e+00,2.151921e+00,1.996412e+00,2.108870e+00,1.450188e-01,1.863452e+00,2.315990e+00
6.471000e+00,1.220520e+00,2.279618e+00,2.215919e+00,2.220469e+00,2.255900e+00,2.281163e+00,2.235918e+00,2.188303e+00,2.317232e+00,2.267808e+00,1.980155e+00,1.934541e+00,1.970474e+00,2.200720e+00,1.986743e+00,1.864438e+00,1.901708e+00,2.020222e+00,2.287572e+00,1.888733e+00,2.020938e+00,2.035505e+00,2.123617e+00,2.152096e+00,1.997235e+00,2.109460e+00,1.448463e-01,1.864438e+00,2.317232e+00
6.472000e+00,1.220750e+00,2.281679e+00,2.216188e+00,2.220859e+00,2.257067e+00,2.281256e+00,2.237004e+00,2.189152e+00,2.318658e+00,2.268731e+00,1.980839e+00,1.935607e+00,1.970553e+00,2.202240e+00,1.987330e+00,1.865425e+00,1.902456e+00,2.020222e+00,2.286821e+00,1.889500e+00,2.021729e+00,2.036768e+00,2.122894e+00,2.152576e+00,1.998235e+00,2.110158e+00,1.448684e-01,1.865425e+00,2.318658e+00
6.473000e+00,1.221070e+00,2.282977e+00,2.216861e+00,2.222734e+00,2.258367e+00,2.280884e+00,2.237678e+00,2.190077e+00,2.319497e+00,2.269308e+00,1.981739e+00,1.936673e+00,1.969289e+00,2.202560e+00,1.987917e+00,1.866412e+00,1.903204e+00,2.019000e+00,2.288266e+00,1.890266e+00,2.022515e+00,2.037879e+00,2.122936e+00,2.153275e+00,1.998824e+00,2.110797e+00,1.450133e-01,1.866412e+00,2.319497e+00
6.474000e+00,1.221240e+00,2.282824e+00,2.217309e+00,2.221484e+00,2.258833e+00,2.281302e+00,2.238652e+00,2.190977e+00,2.320403e+00,2.269846e+00,1.982484e+00,1.937739e+00,1.968696e+00,2.203520e+00,1.988503e+00,1.867399e+00,1.903952e+00,2.017667e+00,2.289306e+00,1.891032e+00,2.023296e+00,2.039798e+00,2.122638e+00,2.154017e+00,1.998353e+00,2.111251e+00,1.449928e-01,1.867399e+00,2.320403e+00
6.475000e+00,1.221510e+00,2.282824e+00,2.217489e+00,2.224687e+00,2.260367e+00,2.281628e+00,2.239251e+00,2.191928e+00,2.321544e+00,2.269692e+00,1.983168e+00,1.938806e+00,1.969249e+00,2.203200e+00,1.989089e+00,1.868387e+00,1.904701e+00,2.015444e+00,2.290173e+00,1.891799e+00,2.024070e+00,2.041263e+00,2.124511e+00,2.154410e+00,1.996353e+00,2.111835e+00,1.451276e-01,1.868387e+00,2.321544e+00
6.476000e+00,1.221560e+00,2.284427e+00,2.218520e+00,2.225391e+00,2.261733e+00,2.283116e+00,2.240449e+00,2.192494e+00,2.322164e+00,2.270231e+00,1.982516e+00,1.939874e+00,1.969289e+00,2.204480e+00,1.989675e+00,1.869376e+00,1.905449e+00,2.017889e+00,2.291329e+00,1.892565e+00,2.024839e+00,2.042626e+00,2.125021e+00,2.156070e+00,1.996000e+00,2.112730e+00,1.453099e-01,1.869376e+00,2.322164e+00
6.477000e+00,1.221940e+00,2.285267e+00,2.219327e+00,2.226719e+00,2.262633e+00,2.283488e+00,2.241236e+00,2.193111e+00,2.323003e+00,2.271577e+00,1.981522e+00,1.940942e+00,1.970158e+00,2.206000e+00,1.990260e+00,1.870364e+00,1.906197e+00,2.018889e+00,2.292775e+00,1.893331e+00,2.025601e+00,2.043081e+00,2.124681e+00,2.156943e+00,1.996118e+00,2.113468e+00,1.454603e-01,1.870364e+00,2.323003e+00
6.478000e+00,1.222180e+00,2.285038e+00,2.220269e+00,2.224844e+00,2.263200e+00,2.284372e+00,2.241985e+00,2.193290e+00,2.323674e+00,2.271269e+00,1.980807e+00,1.942011e+00,1.971028e+00,2.207680e+00,1.990845e+00,1.871354e+00,1.906946e+00,2.017667e+00,2.295318e+00,1.894098e+00,2.026356e+00,2.044040e+00,2.126681e+00,2.156987e+00,1.995941e+00,2.113988e+00,1.454839e-01,1.871354e+00,2.323674e+00
6.479000e+00,1.222290e+00,2.286565e+00,2.220493e+00,2.226328e+00,2.263933e+00,2.285209e+00,2.241835e+00,2.193805e+00,2.324581e+00,2.271346e+00,1.980714e+00,1.943080e+00,1.971581e+00,2.207440e+00,1.991429e+00,1.872344e+00,1.907694e+00,2.018889e+00,2.296474e+00,1.894864e+00,2.027105e+00,2.044343e+00,2.127362e+00,2.158428e+00,1.995529e+00,2.114641e+00,1.455253e-01,1.872344e+00,2.324581e+00
6.480000e+00,1.222640e+00,2.285649e+00,2.221839e+00,2.228047e+00,2.264833e+00,2.285674e+00,2.241461e+00,2.194447e+00,2.326074e+00,2.270923e+00,1.981180e+00,1.944150e+00,1.972925e+00,2.207760e+00,1.992014e+00,1.873334e+00,1.908443e+00,2.018778e+00,2.297110e+00,1.895631e+00,2.027847e+00,2.045859e+00,2.129021e+00,2.159651e+00,1.996353e+00,2.115375e+00,1.453917e-01,1.873334e+00,2.326074e+00
6.481000e+00,1.222950e+00,2.284733e+00,2.223229e+00,2.228438e+00,2.265367e+00,2.286186e+00,2.241311e+00,2.194961e+00,2.326661e+00,2.270577e+00,1.981429e+00,1.945220e+00,1.973043e+00,2.208320e+00,1.992598e+00,1.874325e+00,1.909192e+00,2.019778e+00,2.299075e+00,1.896398e+00,2.028581e+00,2.046465e+00,2.130426e+00,2.159956e+00,1.997235e+00,2.115979e+00,1.452666e-01,1.874325e+00,2.326661e+00
6.482000e+00,1.223200e+00,2.284962e+00,2.224484e+00,2.229844e+00,2.266000e+00,2.287302e+00,2.241386e+00,2.195398e+00,2.327181e+00,2.269423e+00,1.981739e+00,1.946291e+00,1.974506e+00,2.210480e+00,1.993181e+00,1.875316e+00,1.909940e+00,2.022778e+00,2.299249e+00,1.897164e+00,2.029308e+00,2.047727e+00,2.130851e+00,2.160917e+00,1.997882e+00,2.116805e+00,1.450635e-01,1.875316e+00,2.327181e+00
6.483000e+00,1.223460e+00,2.284733e+00,2.225919e+00,2.231094e+00,2.266100e+00,2.288372e+00,2.242659e+00,2.196298e+00,2.328238e+00,2.269615e+00,1.982981e+00,1.947362e+00,1.975494e+00,2.209760e+00,1.993764e+00,1.876307e+00,1.910689e+00,2.023111e+00,2.299653e+00,1.897931e+00,2.030028e+00,2.049495e+00,2.132340e+00,2.160961e+00,1.998588e+00,2.117562e+00,1.449321e-01,1.876307e+00,2.328238e+00
6.484000e+00,1.223690e+00,2.285496e+00,2.227130e+00,2.231094e+00,2.267033e+00,2.289116e+00,2.244045e+00,2.196915e+00,2.328909e+00,2.269615e+00,1.983634e+00,1.948434e+00,1.977747e+00,2.211520e+00,1.994347e+00,1.877299e+00,1.911438e+00,2.023000e+00,2.301329e+00,1.898698e+00,2.030740e+00,2.048636e+00,2.133660e+00,2.162533e+00,1.999471e+00,2.118410e+00,1.449680e-01,1.877299e+00,2.328909e+00
6.485000e+00,1.223980e+00,2.287099e+00,2.228475e+00,2.232578e+00,2.267467e+00,2.290000e+00,2.244831e+00,2.197481e+00,2.329430e+00,2.270962e+00,1.984689e+00,1.949506e+00,1.978893e+00,2.212480e+00,1.994930e+00,1.878292e+00,1.912186e+00,2.024444e+00,2.302023e+00,1.899465e+00,2.031445e+00,2.049444e+00,2.134128e+00,2.163537e+00,2.000941e+00,2.119364e+00,1.449594e-01,1.878292e+00,2.329430e+00
6.486000e+00,1.224180e+00,2.288015e+00,2.229238e+00,2.231719e+00,2.268167e+00,2.291163e+00,2.245655e+00,2.198663e+00,2.330352e+00,2.271462e+00,1.985621e+00,1.950579e+00,1.979526e+00,2.214720e+00,1.995512e+00,1.879285e+00,1.912935e+00,2.025111e+00,2.303584e+00,1.900232e+00,2.032142e+00,2.050606e+00,2.134894e+00,2.163799e+00,2.002412e+00,2.120225e+00,1.449637e-01,1.879285e+00,2.330352e+00
6.487000e+00,1.224530e+00,2.289160e+00,2.231211e+00,2.232344e+00,2.269100e+00,2.291535e+00,2.246554e+00,2.199254e+00,2.330789e+00,2.271692e+00,1.986770e+00,1.951652e+00,1.980158e+00,2.216000e+00,1.996094e+00,1.880279e+00,1.913684e+00,2.026333e+00,2.305087e+00,1.900999e+00,2.032832e+00,2.051364e+00,2.136000e+00,2.163974e+00,2.002529e+00,2.121058e+00,1.449871e-01,1.880279e+00,2.330789e+00
6.488000e+00,1.224630e+00,2.289542e+00,2.232197e+00,2.234297e+00,2.270033e+00,2.292698e+00,2.248052e+00,2.199717e+00,2.331208e+00,2.272154e+00,1.987174e+00,1.952726e+00,1.980949e+00,2.217040e+00,1.996676e+00,1.881273e+00,1.914433e+00,2.028333e+00,2.305376e+00,1.901766e+00,2.033514e+00,2.051970e+00,2.137532e+00,2.164279e+00,2.004176e+00,2.121963e+00,1.449378e-01,1.881273e+00,2.331208e+00
6.489000e+00,1.225000e+00,2.289618e+00,2.233274e+00,2.234844e+00,2.271067e+00,2.292744e+00,2.248539e+00,2.200026e+00,2.331124e+00,2.273538e+00,1.988106e+00,1.953801e+00,1.982530e+00,2.217440e+00,1.997257e+00,1.882267e+00,1.915182e+00,2.029111e+00,2.306301e+00,1.902533e+00,2.034188e+00,2.052828e+00,2.138851e+00,2.165415e+00,2.004412e+00,2.122708e+00,1.448000e-01,1.882267e+00,2.331124e+00
6.490000e+00,1.225400e+00,2.290840e+00,2.233767e+00,2.236562e+00,2.272033e+00,2.294930e+00,2.248689e+00,2.200591e+00,2.331275e+00,2.274346e+00,1.989348e+00,1.954876e+00,1.983123e+00,2.218080e+00,1.997838e+00,1.883262e+00,1.915931e+00,2.030222e+00,2.307572e+00,1.903300e+00,2.034855e+00,2.053182e+00,2.139872e+00,2.166288e+00,2.005412e+00,2.123591e+00,1.448455e-01,1.883262e+00,2.331275e+00
6.491000e+00,1.225440e+00,2.291145e+00,2.234395e+00,2.236172e+00,2.272733e+00,2.295860e+00,2.249850e+00,2.201388e+00,2.331879e+00,2.275192e+00,1.990807e+00,1.955951e+00,1.984111e+00,2.219920e+00,1.998418e+00,1.884257e+00,1.916680e+00,2.031444e+00,2.308844e+00,1.904067e+00,2.035515e+00,2.053939e+00,2.140723e+00,2.166987e+00,2.005471e+00,2.124406e+00,1.448072e-01,1.884257e+00,2.331879e+00
6.492000e+00,1.225790e+00,2.292824e+00,2.235381e+00,2.236406e+00,2.273367e+00,2.297070e+00,2.251161e+00,2.201183e+00,2.331007e+00,2.275808e+00,1.991832e+00,1.957027e+00,1.985099e+00,2.218480e+00,1.998998e+00,1.885253e+00,1.917429e+00,2.033889e+00,2.309769e+00,1.904834e+00,2.037981e+00,2.054040e+00,2.141915e+00,2.169301e+00,2.007000e+00,2.125294e+00,1.445792e-01,1.885253e+00,2.331007e+00
6.493000e+00,1.225900e+00,2.293893e+00,2.235830e+00,2.235625e+00,2.272533e+00,2.297814e+00,2.252472e+00,2.200463e+00,2.329178e+00,2.276692e+00,1.993447e+00,1.958104e+00,1.985850e+00,2.221040e+00,1.999578e+00,1.886249e+00,1.918178e+00,2.032333e+00,2.310983e+00,1.905601e+00,2.038558e+00,2.056010e+00,2.142511e+00,2.170175e+00,2.008235e+00,2.125890e+00,1.443493e-01,1.886249e+00,2.329178e+00
6.494000e+00,1.226280e+00,2.295878e+00,2.236951e+00,2.236562e+00,2.272133e+00,2.298279e+00,2.252996e+00,2.199460e+00,2.328322e+00,2.277692e+00,1.994503e+00,1.959181e+00,1.986996e+00,2.221760e+00,2.000158e+00,1.887246e+00,1.918927e+00,2.034111e+00,2.312428e+00,1.906369e+00,2.039712e+00,2.056515e+00,2.143660e+00,2.170131e+00,2.009118e+00,2.126629e+00,1.441715e-01,1.887246e+00,2.328322e+00
6.495000e+00,1.226490e+00,2.296947e+00,2.236771e+00,2.235625e+00,2.272000e+00,2.299302e+00,2.254195e+00,2.199871e+00,2.328591e+00,2.278000e+00,1.995404e+00,1.960258e+00,1.987628e+00,2.223920e+00,2.000737e+00,1.888243e+00,1.919677e+00,2.036333e+00,2.313526e+00,1.907136e+00,2.040529e+00,2.057677e+00,2.144766e+00,2.169738e+00,2.010353e+00,2.127384e+00,1.439939e-01,1.888243e+00,2.328591e+00
6.496000e+00,1.226650e+00,2.297710e+00,2.237085e+00,2.234609e+00,2.272333e+00,2.300837e+00,2.254906e+00,2.200797e+00,2.329329e+00,2.278577e+00,1.996460e+00,1.961336e+00,1.988617e+00,2.224000e+00,2.001316e+00,1.889241e+00,1.920426e+00,2.035111e+00,2.314624e+00,1.907903e+00,2.041538e+00,2.058535e+00,2.145277e+00,2.169345e+00,2.011412e+00,2.127972e+00,1.439110e-01,1.889241e+00,2.329329e+00
6.497000e+00,1.227000e+00,2.298702e+00,2.237668e+00,2.237500e+00,2.273467e+00,2.301395e+00,2.256404e+00,2.200720e+00,2.330034e+00,2.279346e+00,1.996708e+00,1.962415e+00,1.989368e+00,2.224480e+00,2.001894e+00,1.890239e+00,1.921175e+00,2.037111e+00,2.316301e+00,1.908671e+00,2.042933e+00,2.059899e+00,2.146213e+00,2.171004e+00,2.012706e+00,2.129015e+00,1.439649e-01,1.890239e+00,2.330034e+00
6.498000e+00,1.227210e+00,2.299695e+00,2.237982e+00,2.237812e+00,2.273767e+00,2.301535e+00,2.257228e+00,2.200977e+00,2.330923e+00,2.280346e+00,1.998043e+00,1.963494e+00,1.990356e+00,2.225840e+00,2.002472e+00,1.891238e+00,1.921924e+00,2.038000e+00,2.316358e+00,1.909438e+00,2.043125e+00,2.061162e+00,2.146596e+00,2.171266e+00,2.013353e+00,2.129705e+00,1.438272e-01,1.891238e+00,2.330923e+00
6.499000e+00,1.227610e+00,2.301374e+00,2.238027e+00,2.239531e+00,2.274467e+00,2.301860e+00,2.258090e+00,2.201362e+00,2.332064e+00,2.280615e+00,1.999410e+00,1.964574e+00,1.992688e+00,2.226960e+00,2.003050e+00,1.892237e+00,1.922674e+00,2.037222e+00,2.317746e+00,1.910206e+00,2.044327e+00,2.061869e+00,2.147489e+00,2.172445e+00,2.014294e+00,2.130608e+00,1.438167e-01,1.892237e+00,2.332064e+00
6.500000e+00,1.227790e+00,2.301985e+00,2.238206e+00,2.239453e+00,2.274833e+00,2.303302e+00,2.259101e+00,2.202545e+00,2.333322e+00,2.280500e+00,2.000248e+00,1.965654e+00,1.993992e+00,2.226560e+00,2.003628e+00,1.893236e+00,1.923423e+00,2.038000e+00,2.318092e+00,1.910973e+00,2.045433e+00,2.062020e+00,2.148638e+00,2.173144e+00,2.015412e+00,2.131321e+00,1.436795e-01,1.893236e+00,2.333322e+00
6.501000e+00,1.227990e+00,2.303282e+00,2.240045e+00,2.239531e+00,2.275267e+00,2.303721e+00,2.260300e+00,2.203316e+00,2.334513e+00,2.281654e+00,2.001242e+00,1.966735e+00,1.994269e+00,2.228640e+00,2.004205e+00,1.894236e+00,1.924173e+00,2.039778e+00,2.319884e+00,1.911741e+00,2.046635e+00,2.062576e+00,2.149702e+00,2.174454e+00,2.016059e+00,2.132332e+00,1.438024e-01,1.894236e+00,2.334513e+00
6.502000e+00,1.228160e+00,2.304046e+00,2.240538e+00,2.240469e+00,2.276033e+00,2.304047e+00,2.261760e+00,2.203445e+00,2.335352e+00,2.282346e+00,2.001335e+00,1.967816e+00,1.995178e+00,2.231600e+00,2.004781e+00,1.895237e+00,1.924922e+00,2.039333e+00,2.320520e+00,1.912509e+00,2.047500e+00,2.063737e+00,2.149957e+00,2.175109e+00,2.016000e+00,2.133066e+00,1.438887e-01,1.895237e+00,2.335352e+00
6.503000e+00,1.228690e+00,2.304046e+00,2.241300e+00,2.240078e+00,2.277233e+00,2.304512e+00,2.261910e+00,2.204319e+00,2.335990e+00,2.282192e+00,2.001801e+00,1.968898e+00,1.996601e+00,2.230400e+00,2.005358e+00,1.896238e+00,1.925672e+00,2.039556e+00,2.320520e+00,1.913276e+00,2.048798e+00,2.064495e+00,2.149787e+00,2.176070e+00,2.016118e+00,2.133549e+00,1.436365e-01,1.896238e+00,2.335990e+00
6.504000e+00,1.228840e+00,2.306107e+00,2.242108e+00,2.242187e+00,2.277900e+00,2.303907e+00,2.263408e+00,2.204653e+00,2.337013e+00,2.282846e+00,2.002733e+00,1.969980e+00,1.998300e+00,2.232560e+00,2.005934e+00,1.897239e+00,1.926421e+00,2.042333e+00,2.321098e+00,1.914044e+00,2.049327e+00,2.064343e+00,2.149319e+00,2.176507e+00,2.017235e+00,2.134479e+00,1.436118e-01,1.897239e+00,2.337013e+00
6.505000e+00,1.228910e+00,2.307099e+00,2.243677e+00,2.243203e+00,2.278633e+00,2.304233e+00,2.264981e+00,2.205116e+00,2.337903e+00,2.283846e+00,2.003416e+00,1.971063e+00,1.999130e+00,2.233840e+00,2.006510e+00,1.898241e+00,1.927171e+00,2.041667e+00,2.320116e+00,1.914812e+00,2.048365e+00,2.064798e+00,2.148383e+00,2.177380e+00,2.018353e+00,2.135081e+00,1.436426e-01,1.898241e+00,2.337903e+00
6.506000e+00,1.229390e+00,2.307099e+00,2.244888e+00,2.243828e+00,2.279133e+00,2.304558e+00,2.265431e+00,2.205861e+00,2.338624e+00,2.284885e+00,2.005093e+00,1.972147e+00,1.999605e+00,2.235280e+00,2.007085e+00,1.899243e+00,1.927921e+00,2.042000e+00,2.318266e+00,1.915580e+00,2.046827e+00,2.065657e+00,2.148383e+00,2.177118e+00,2.019176e+00,2.135570e+00,1.434627e-01,1.899243e+00,2.338624e+00
6.507000e+00,1.229650e+00,2.308321e+00,2.244753e+00,2.245078e+00,2.279833e+00,2.304000e+00,2.266180e+00,2.206812e+00,2.339883e+00,2.286038e+00,2.006366e+00,1.973231e+00,2.000791e+00,2.235360e+00,2.007660e+00,1.900246e+00,1.928671e+00,2.043778e+00,2.316474e+00,1.916348e+00,2.045913e+00,2.066061e+00,2.148681e+00,2.177511e+00,2.019412e+00,2.136142e+00,1.432754e-01,1.900246e+00,2.339883e+00
6.508000e+00,1.229720e+00,2.309618e+00,2.246951e+00,2.244297e+00,2.280600e+00,2.304791e+00,2.266704e+00,2.207301e+00,2.340302e+00,2.286385e+00,2.007391e+00,1.974315e+00,2.002134e+00,2.236080e+00,2.008235e+00,1.901249e+00,1.929420e+00,2.043778e+00,2.316763e+00,1.917116e+00,2.046154e+00,2.066061e+00,2.149149e+00,2.178515e+00,2.020118e+00,2.136809e+00,1.432184e-01,1.901249e+00,2.340302e+00
6.509000e+00,1.230190e+00,2.309618e+00,2.248027e+00,2.243672e+00,2.281600e+00,2.305721e+00,2.268127e+00,2.207918e+00,2.340721e+00,2.287615e+00,2.007919e+00,1.975400e+00,2.003043e+00,2.237040e+00,2.008809e+00,1.902253e+00,1.930170e+00,2.044889e+00,2.316474e+00,1.917884e+00,2.047067e+00,2.064596e+00,2.150383e+00,2.179301e+00,2.020118e+00,2.137432e+00,1.431781e-01,1.902253e+00,2.340721e+00
6.510000e+00,1.230340e+00,2.311527e+00,2.248206e+00,2.245859e+00,2.282433e+00,2.306186e+00,2.268727e+00,2.208689e+00,2.341443e+00,2.288654e+00,2.008851e+00,1.976486e+00,2.004111e+00,2.238560e+00,2.009383e+00,1.903257e+00,1.930920e+00,2.047000e+00,2.317861e+00,1.918652e+00,2.048413e+00,2.063081e+00,2.150638e+00,2.180568e+00,2.021118e+00,2.138359e+00,1.432593e-01,1.903257e+00,2.341443e+00
6.511000e+00,1.230630e+00,2.311832e+00,2.246906e+00,2.246250e+00,2.283233e+00,2.307488e+00,2.269775e+00,2.209512e+00,2.341628e+00,2.289154e+00,2.009876e+00,1.977572e+00,2.004862e+00,2.238240e+00,2.009957e+00,1.904262e+00,1.931670e+00,2.046444e+00,2.318555e+00,1.919420e+00,2.048942e+00,2.062525e+00,2.151362e+00,2.181223e+00,2.021941e+00,2.138859e+00,1.431519e-01,1.904262e+00,2.341628e+00
6.512000e+00,1.230860e+00,2.312519e+00,2.245830e+00,2.249141e+00,2.284833e+00,2.308233e+00,2.270337e+00,2.210000e+00,2.341862e+00,2.289462e+00,2.010311e+00,1.978658e+00,2.005455e+00,2.240800e+00,2.010530e+00,1.905267e+00,1.932420e+00,2.047889e+00,2.318960e+00,1.920188e+00,2.049904e+00,2.062172e+00,2.152766e+00,2.182096e+00,2.023000e+00,2.139693e+00,1.431517e-01,1.905267e+00,2.341862e+00
6.513000e+00,1.231040e+00,2.313359e+00,2.244798e+00,2.249062e+00,2.285900e+00,2.309860e+00,2.271648e+00,2.211105e+00,2.342718e+00,2.289846e+00,2.011211e+00,1.979745e+00,2.006877e+00,2.242000e+00,2.011103e+00,1.906272e+00,1.933170e+00,2.048556e+00,2.319364e+00,1.920956e+00,2.050433e+00,2.062727e+00,2.154681e+00,2.183450e+00,2.024059e+00,2.140538e+00,1.431006e-01,1.906272e+00,2.342718e+00
6.514000e+00,1.231370e+00,2.313817e+00,2.243812e+00,2.250938e+00,2.286767e+00,2.309442e+00,2.272659e+00,2.211311e+00,2.343607e+00,2.290846e+00,2.012516e+00,1.980833e+00,2.008182e+00,2.241680e+00,2.011676e+00,1.907278e+00,1.933920e+00,2.048222e+00,2.320867e+00,1.921725e+00,2.051587e+00,2.063788e+00,2.155106e+00,2.184498e+00,2.024941e+00,2.141251e+00,1.429821e-01,1.907278e+00,2.343607e+00
6.515000e+00,1.231700e+00,2.315573e+00,2.244036e+00,2.250547e+00,2.287867e+00,2.311023e+00,2.273670e+00,2.212262e+00,2.344698e+00,2.291115e+00,2.013416e+00,1.981921e+00,2.007905e+00,2.243760e+00,2.012248e+00,1.908285e+00,1.934670e+00,2.049222e+00,2.322543e+00,1.922493e+00,2.052885e+00,2.065455e+00,2.156383e+00,2.184279e+00,2.025588e+00,2.142160e+00,1.430961e-01,1.908285e+00,2.344698e+00
6.516000e+00,1.231980e+00,2.315802e+00,2.244439e+00,2.251094e+00,2.289033e+00,2.311535e+00,2.274644e+00,2.213342e+00,2.345319e+00,2.291077e+00,2.014286e+00,1.983010e+00,2.009289e+00,2.245280e+00,2.012820e+00,1.909292e+00,1.935420e+00,2.050667e+00,2.324335e+00,1.923261e+00,2.053942e+00,2.066111e+00,2.157574e+00,2.185459e+00,2.026294e+00,2.143055e+00,1.430375e-01,1.909292e+00,2.345319e+00
6.517000e+00,1.232120e+00,2.316718e+00,2.244664e+00,2.251953e+00,2.289367e+00,2.312465e+00,2.275356e+00,2.213393e+00,2.346091e+00,2.291346e+00,2.015155e+00,1.984099e+00,2.010870e+00,2.246000e+00,2.013392e+00,1.910299e+00,1.936170e+00,2.051000e+00,2.325723e+00,1.924030e+00,2.055529e+00,2.067374e+00,2.158851e+00,2.185764e+00,2.026765e+00,2.143849e+00,1.429427e-01,1.910299e+00,2.346091e+00
6.518000e+00,1.232370e+00,2.317481e+00,2.244305e+00,2.251719e+00,2.290100e+00,2.312791e+00,2.276255e+00,2.214576e+00,2.347416e+00,2.290231e+00,2.016211e+00,1.985189e+00,2.011502e+00,2.246320e+00,2.013963e+00,1.911307e+00,1.936921e+00,2.051556e+00,2.326647e+00,1.924798e+00,2.056731e+00,2.068232e+00,2.160553e+00,2.185590e+00,2.027294e+00,2.144487e+00,1.427809e-01,1.911307e+00,2.347416e+00
6.519000e+00,1.232530e+00,2.318015e+00,2.244843e+00,2.252187e+00,2.290567e+00,2.313953e+00,2.277341e+00,2.214859e+00,2.348893e+00,2.289692e+00,2.017484e+00,1.986279e+00,2.012530e+00,2.246640e+00,2.014534e+00,1.912315e+00,1.937671e+00,2.053667e+00,2.328266e+00,1.925567e+00,2.058077e+00,2.069495e+00,2.161362e+00,2.185677e+00,2.027824e+00,2.145322e+00,1.426674e-01,1.912315e+00,2.348893e+00
6.520000e+00,1.232840e+00,2.319160e+00,2.245561e+00,2.253359e+00,2.290867e+00,2.314279e+00,2.277865e+00,2.215501e+00,2.349883e+00,2.287731e+00,2.017764e+00,1.987370e+00,2.012925e+00,2.248320e+00,2.015105e+00,1.913324e+00,1.938421e+00,2.054000e+00,2.329942e+00,1.926335e+00,2.059808e+00,2.070758e+00,2.162511e+00,2.186507e+00,2.028471e+00,2.146074e+00,1.426121e-01,1.913324e+00,2.349883e+00
6.521000e+00,1.232940e+00,2.318092e+00,2.246188e+00,2.253437e+00,2.291333e+00,2.315953e+00,2.277790e+00,2.215810e+00,2.350336e+00,2.287769e+00,2.018975e+00,1.988461e+00,2.014269e+00,2.250080e+00,2.015675e+00,1.914334e+00,1.939171e+00,2.053111e+00,2.331272e+00,1.927104e+00,2.060817e+00,2.072323e+00,2.163064e+00,2.187817e+00,2.029824e+00,2.146792e+00,1.424405e-01,1.914334e+00,2.350336e+00
6.522000e+00,1.233260e+00,2.317863e+00,2.247175e+00,2.254453e+00,2.290333e+00,2.317163e+00,2.277191e+00,2.216324e+00,2.350319e+00,2.288346e+00,2.020342e+00,1.989553e+00,2.015613e+00,2.249520e+00,2.016245e+00,1.915343e+00,1.939922e+00,2.055000e+00,2.332139e+00,1.927872e+00,2.061490e+00,2.073081e+00,2.163660e+00,2.188559e+00,2.029765e+00,2.147386e+00,1.421376e-01,1.915343e+00,2.350319e+00
6.523000e+00,1.233510e+00,2.316870e+00,2.248969e+00,2.255156e+00,2.289900e+00,2.318047e+00,2.277790e+00,2.216478e+00,2.351191e+00,2.289038e+00,2.021180e+00,1.990645e+00,2.016443e+00,2.250560e+00,2.016815e+00,1.916353e+00,1.940672e+00,2.056333e+00,2.333006e+00,1.928641e+00,2.063365e+00,2.074141e+00,2.165234e+00,2.189782e+00,2.030176e+00,2.148199e+00,1.419762e-01,1.916353e+00,2.351191e+00
6.524000e+00,1.233860e+00,2.318168e+00,2.250045e+00,2.256641e+00,2.289633e+00,2.318930e+00,2.278614e+00,2.215913e+00,2.350218e+00,2.288846e+00,2.021739e+00,1.991738e+00,2.016798e+00,2.250480e+00,2.017384e+00,1.917364e+00,1.941423e+00,2.055444e+00,2.333931e+00,1.929410e+00,2.063702e+00,2.074697e+00,2.165872e+00,2.190655e+00,2.029647e+00,2.148637e+00,1.419199e-01,1.917364e+00,2.350218e+00
6.525000e+00,1.234090e+00,2.317405e+00,2.251749e+00,2.256562e+00,2.289833e+00,2.320140e+00,2.279551e+00,2.215604e+00,2.348289e+00,2.289654e+00,2.021646e+00,1.992831e+00,2.017628e+00,2.252800e+00,2.017953e+00,1.918375e+00,1.942173e+00,2.057444e+00,2.334971e+00,1.930178e+00,2.065048e+00,2.075303e+00,2.166213e+00,2.192358e+00,2.030882e+00,2.149358e+00,1.416896e-01,1.918375e+00,2.348289e+00
6.526000e+00,1.234350e+00,2.318855e+00,2.254126e+00,2.253516e+00,2.290100e+00,2.320698e+00,2.280075e+00,2.215141e+00,2.347299e+00,2.290808e+00,2.022578e+00,1.993925e+00,2.018775e+00,2.252560e+00,2.018521e+00,1.919387e+00,1.942924e+00,2.059333e+00,2.335318e+00,1.930947e+00,2.065817e+00,2.076818e+00,2.167149e+00,2.193799e+00,2.031471e+00,2.149997e+00,1.413752e-01,1.919387e+00,2.347299e+00
6.527000e+00,1.234600e+00,2.319237e+00,2.255471e+00,2.254609e+00,2.291267e+00,2.321721e+00,2.281423e+00,2.215656e+00,2.346611e+00,2.291654e+00,2.022547e+00,1.995020e+00,2.020158e+00,2.254560e+00,2.019090e+00,1.920399e+00,1.943674e+00,2.058778e+00,2.336069e+00,1.931716e+00,2.066250e+00,2.077071e+00,2.168000e+00,2.194105e+00,2.031353e+00,2.150685e+00,1.414501e-01,1.920399e+00,2.346611e+00
6.528000e+00,1.234840e+00,2.319160e+00,2.255516e+00,2.255625e+00,2.291800e+00,2.321581e+00,2.282434e+00,2.215990e+00,2.346745e+00,2.292731e+00,2.021553e+00,1.996115e+00,2.021146e+00,2.255120e+00,2.019657e+00,1.921411e+00,1.944425e+00,2.059778e+00,2.335607e+00,1.932485e+00,2.067692e+00,2.077677e+00,2.168681e+00,2.194410e+00,2.031941e+00,2.151220e+00,1.412584e-01,1.921411e+00,2.346745e+00
6.529000e+00,1.235010e+00,2.320840e+00,2.257848e+00,2.257266e+00,2.292900e+00,2.323023e+00,2.283109e+00,2.215861e+00,2.346628e+00,2.293038e+00,2.021025e+00,1.997210e+00,2.021818e+00,2.256240e+00,2.020225e+00,1.922424e+00,1.945176e+00,2.062222e+00,2.336763e+00,1.933254e+00,2.068606e+00,2.079091e+00,2.170383e+00,2.193493e+00,2.032471e+00,2.152121e+00,1.413286e-01,1.922424e+00,2.346628e+00
6.530000e+00,1.235260e+00,2.321221e+00,2.259552e+00,2.256797e+00,2.293400e+00,2.323767e+00,2.284120e+00,2.215964e+00,2.346795e+00,2.294731e+00,2.020559e+00,1.998306e+00,2.023123e+00,2.257600e+00,2.020792e+00,1.923438e+00,1.945926e+00,2.062333e+00,2.338902e+00,1.934023e+00,2.069663e+00,2.079899e+00,2.171106e+00,2.190742e+00,2.032471e+00,2.152718e+00,1.413823e-01,1.923438e+00,2.346795e+00
6.531000e+00,1.235610e+00,2.321603e+00,2.259821e+00,2.257188e+00,2.294533e+00,2.324558e+00,2.284757e+00,2.216787e+00,2.347718e+00,2.295615e+00,2.021180e+00,1.999403e+00,2.023676e+00,2.256960e+00,2.021359e+00,1.924452e+00,1.946677e+00,2.062333e+00,2.339249e+00,1.934792e+00,2.070433e+00,2.080657e+00,2.172085e+00,2.186769e+00,2.032706e+00,2.153138e+00,1.412773e-01,1.924452e+00,2.347718e+00
6.532000e+00,1.235860e+00,2.323511e+00,2.261345e+00,2.258906e+00,2.295500e+00,2.325442e+00,2.286105e+00,2.216221e+00,2.348456e+00,2.296077e+00,2.021273e+00,2.000500e+00,2.024783e+00,2.259360e+00,2.021925e+00,1.925466e+00,1.947428e+00,2.065444e+00,2.340173e+00,1.935561e+00,2.071875e+00,2.081364e+00,2.173106e+00,2.184279e+00,2.032353e+00,2.154019e+00,1.413680e-01,1.925466e+00,2.348456e+00
6.533000e+00,1.236100e+00,2.324733e+00,2.261256e+00,2.258906e+00,2.296700e+00,2.326791e+00,2.287228e+00,2.216041e+00,2.349564e+00,2.296269e+00,2.022888e+00,2.001597e+00,2.025494e+00,2.258960e+00,2.022491e+00,1.926481e+00,1.948179e+00,2.065111e+00,2.341040e+00,1.936330e+00,2.073077e+00,2.081869e+00,2.173830e+00,2.184585e+00,2.031529e+00,2.154623e+00,1.413724e-01,1.926481e+00,2.349564e+00
6.534000e+00,1.236240e+00,2.325038e+00,2.262422e+00,2.261797e+00,2.297700e+00,2.326744e+00,2.287491e+00,2.215784e+00,2.350520e+00,2.297000e+00,2.023882e+00,2.002696e+00,2.025455e+00,2.261120e+00,2.023057e+00,1.927496e+00,1.948930e+00,2.065667e+00,2.342832e+00,1.937100e+00,2.073462e+00,2.083283e+00,2.174255e+00,2.184367e+00,2.030059e+00,2.155340e+00,1.415386e-01,1.927496e+00,2.350520e+00
6.535000e+00,1.236790e+00,2.325725e+00,2.262646e+00,2.261875e+00,2.298367e+00,2.327674e+00,2.288839e+00,2.216812e+00,2.351057e+00,2.297731e+00,2.024037e+00,2.003853e+00,2.025929e+00,2.259840e+00,2.023623e+00,1.928512e+00,1.949681e+00,2.062667e+00,2.343757e+00,1.937869e+00,2.074856e+00,2.084141e+00,2.174468e+00,2.185197e+00,2.030412e+00,2.155815e+00,1.415647e-01,1.928512e+00,2.351057e+00
6.536000e+00,1.236960e+00,2.327252e+00,2.262960e+00,2.262422e+00,2.298967e+00,2.328372e+00,2.289963e+00,2.219023e+00,2.352064e+00,2.297423e+00,2.024161e+00,2.005130e+00,2.027549e+00,2.260960e+00,2.024188e+00,1.929528e+00,1.950432e+00,2.062444e+00,2.345202e+00,1.938638e+00,2.076538e+00,2.085000e+00,2.175362e+00,2.187598e+00,2.031118e+00,2.156762e+00,1.416116e-01,1.929528e+00,2.352064e+00
6.537000e+00,1.237310e+00,2.327481e+00,2.263722e+00,2.263359e+00,2.299967e+00,2.328326e+00,2.290899e+00,2.219383e+00,2.353104e+00,2.298038e+00,2.025031e+00,2.006342e+00,2.027747e+00,2.263280e+00,2.024753e+00,1.930545e+00,1.951183e+00,2.061444e+00,2.345838e+00,1.939408e+00,2.077115e+00,2.085606e+00,2.174468e+00,2.189083e+00,2.032412e+00,2.157439e+00,1.416336e-01,1.930545e+00,2.353104e+00
6.538000e+00,1.237350e+00,2.329542e+00,2.263363e+00,2.264219e+00,2.300367e+00,2.327442e+00,2.291536e+00,2.219306e+00,2.354279e+00,2.297808e+00,2.026429e+00,2.007316e+00,2.026759e+00,2.263440e+00,2.025317e+00,1.931562e+00,1.951934e+00,2.062556e+00,2.347052e+00,1.940177e+00,2.077644e+00,2.085909e+00,2.172894e+00,2.189476e+00,2.032647e+00,2.157874e+00,1.415728e-01,1.931562e+00,2.354279e+00
6.539000e+00,1.237620e+00,2.330382e+00,2.264843e+00,2.265703e+00,2.301033e+00,2.327721e+00,2.292622e+00,2.220257e+00,2.356275e+00,2.299615e+00,2.027547e+00,2.008160e+00,2.027115e+00,2.263040e+00,2.025881e+00,1.932580e+00,1.952685e+00,2.061889e+00,2.348439e+00,1.940946e+00,2.078846e+00,2.087020e+00,2.173149e+00,2.190349e+00,2.032824e+00,2.158705e+00,1.417558e-01,1.932580e+00,2.356275e+00
6.540000e+00,1.237940e+00,2.331374e+00,2.265785e+00,2.265703e+00,2.301833e+00,2.327116e+00,2.294157e+00,2.221028e+00,2.357299e+00,2.299615e+00,2.028727e+00,2.008485e+00,2.027708e+00,2.263200e+00,2.026445e+00,1.933598e+00,1.953436e+00,2.063667e+00,2.349827e+00,1.941716e+00,2.080337e+00,2.088030e+00,2.173489e+00,2.191310e+00,2.033647e+00,2.159480e+00,1.416617e-01,1.933598e+00,2.357299e+00
6.541000e+00,1.238140e+00,2.331298e+00,2.266054e+00,2.265625e+00,2.302200e+00,2.328419e+00,2.295431e+00,2.221183e+00,2.358289e+00,2.299731e+00,2.030528e+00,2.010043e+00,2.028063e+00,2.265920e+00,2.027008e+00,1.934616e+00,1.954187e+00,2.064667e+00,2.350462e+00,1.942486e+00,2.081875e+00,2.089444e+00,2.174298e+00,2.192533e+00,2.035059e+00,2.160392e+00,1.415109e-01,1.934616e+00,2.358289e+00
6.542000e+00,1.238260e+00,2.332366e+00,2.265964e+00,2.268281e+00,2.302800e+00,2.329023e+00,2.296704e+00,2.221414e+00,2.359128e+00,2.300308e+00,2.031646e+00,2.010931e+00,2.028419e+00,2.266400e+00,2.027571e+00,1.935636e+00,1.954938e+00,2.063889e+00,2.351156e+00,1.943255e+00,2.081827e+00,2.090404e+00,2.174511e+00,2.194454e+00,2.035882e+00,2.161121e+00,1.415926e-01,1.935636e+00,2.359128e+00
6.543000e+00,1.238700e+00,2.334275e+00,2.266592e+00,2.266875e+00,2.303367e+00,2.329302e+00,2.296816e+00,2.221954e+00,2.359883e+00,2.301615e+00,2.032764e+00,2.011667e+00,2.028933e+00,2.266960e+00,2.028134e+00,1.936655e+00,1.955690e+00,2.063556e+00,2.350578e+00,1.944025e+00,2.080000e+00,2.092121e+00,2.175660e+00,2.195240e+00,2.036647e+00,2.161638e+00,1.415209e-01,1.936655e+00,2.359883e+00
6.544000e+00,1.238940e+00,2.334504e+00,2.268969e+00,2.270000e+00,2.304033e+00,2.330372e+00,2.298240e+00,2.223239e+00,2.360168e+00,2.302577e+00,2.033416e+00,2.012792e+00,2.030237e+00,2.268880e+00,2.028696e+00,1.937675e+00,1.956441e+00,2.066556e+00,2.346474e+00,1.944794e+00,2.078702e+00,2.092626e+00,2.176936e+00,2.195895e+00,2.036706e+00,2.162455e+00,1.413909e-01,1.937675e+00,2.360168e+00
6.545000e+00,1.239190e+00,2.334504e+00,2.270000e+00,2.267656e+00,2.304533e+00,2.331023e+00,2.298914e+00,2.224344e+00,2.360268e+00,2.302846e+00,2.034752e+00,2.013290e+00,2.032213e+00,2.269840e+00,2.029258e+00,1.938695e+00,1.957192e+00,2.066667e+00,2.346705e+00,1.945564e+00,2.078029e+00,2.093131e+00,2.177489e+00,2.196550e+00,2.038059e+00,2.162980e+00,1.411378e-01,1.938695e+00,2.360268e+00
6.546000e+00,1.239380e+00,2.335267e+00,2.271211e+00,2.268281e+00,2.305367e+00,2.331814e+00,2.299213e+00,2.223882e+00,2.360369e+00,2.303846e+00,2.034938e+00,2.014113e+00,2.033874e+00,2.271360e+00,2.029820e+00,1.939716e+00,1.957944e+00,2.067444e+00,2.346532e+00,1.946334e+00,2.077837e+00,2.093434e+00,2.178596e+00,2.198210e+00,2.038647e+00,2.163669e+00,1.410821e-01,1.939716e+00,2.360369e+00
6.547000e+00,1.239710e+00,2.335802e+00,2.271704e+00,2.270547e+00,2.306167e+00,2.332651e+00,2.300936e+00,2.222828e+00,2.360604e+00,2.304615e+00,2.036460e+00,2.015087e+00,2.034032e+00,2.270640e+00,2.030381e+00,1.940738e+00,1.958695e+00,2.069778e+00,2.345780e+00,1.947104e+00,2.078798e+00,2.093535e+00,2.180255e+00,2.199127e+00,2.039412e+00,2.164403e+00,1.409083e-01,1.940738e+00,2.360604e+00
6.548000e+00,1.240000e+00,2.337481e+00,2.273991e+00,2.271016e+00,2.307100e+00,2.332884e+00,2.301348e+00,2.221285e+00,2.360923e+00,2.304962e+00,2.037112e+00,2.015649e+00,2.034506e+00,2.269360e+00,2.030942e+00,1.941759e+00,1.959447e+00,2.072444e+00,2.346474e+00,1.947874e+00,2.079327e+00,2.093232e+00,2.181106e+00,2.200262e+00,2.040882e+00,2.165057e+00,1.407808e-01,1.941759e+00,2.360923e+00
6.549000e+00,1.240240e+00,2.337863e+00,2.274260e+00,2.272969e+00,2.308000e+00,2.333953e+00,2.302210e+00,2.220874e+00,2.361158e+00,2.305923e+00,2.038075e+00,2.016905e+00,2.035850e+00,2.268080e+00,2.031503e+00,1.942782e+00,1.960198e+00,2.071222e+00,2.347457e+00,1.948644e+00,2.079904e+00,2.093838e+00,2.182000e+00,2.201354e+00,2.041941e+00,2.165707e+00,1.407114e-01,1.942782e+00,2.361158e+00
6.550000e+00,1.240400e+00,2.338702e+00,2.275471e+00,2.273750e+00,2.309167e+00,2.334558e+00,2.303034e+00,2.221440e+00,2.362064e+00,2.306846e+00,2.038696e+00,2.017771e+00,2.036601e+00,2.267600e+00,2.032063e+00,1.943804e+00,1.960950e+00,2.072222e+00,2.347572e+00,1.949414e+00,2.081154e+00,2.094343e+00,2.183234e+00,2.201528e+00,2.041706e+00,2.166404e+00,1.406932e-01,1.943804e+00,2.362064e+00
6.551000e+00,1.240740e+00,2.339847e+00,2.275561e+00,2.272891e+00,2.309367e+00,2.335814e+00,2.303933e+00,2.221954e+00,2.362785e+00,2.308462e+00,2.039689e+00,2.018636e+00,2.037352e+00,2.267600e+00,2.032623e+00,1.944828e+00,1.961701e+00,2.075111e+00,2.349249e+00,1.950184e+00,2.082308e+00,2.094899e+00,2.184043e+00,2.203493e+00,2.043647e+00,2.167332e+00,1.405855e-01,1.944828e+00,2.362785e+00
6.552000e+00,1.241060e+00,2.339542e+00,2.276233e+00,2.274766e+00,2.308733e+00,2.336279e+00,2.305243e+00,2.222005e+00,2.363440e+00,2.308346e+00,2.040621e+00,2.020173e+00,2.038024e+00,2.269840e+00,2.033182e+00,1.945851e+00,1.962453e+00,2.074111e+00,2.349191e+00,1.950954e+00,2.083750e+00,2.096263e+00,2.185149e+00,2.204978e+00,2.044471e+00,2.168067e+00,1.404380e-01,1.945851e+00,2.363440e+00
6.553000e+00,1.241300e+00,2.340763e+00,2.277534e+00,2.275469e+00,2.307767e+00,2.338372e+00,2.306255e+00,2.222494e+00,2.364430e+00,2.309077e+00,2.041273e+00,2.021342e+00,2.039130e+00,2.269280e+00,2.033742e+00,1.946875e+00,1.963204e+00,2.075556e+00,2.350867e+00,1.951724e+00,2.085096e+00,2.096869e+00,2.186255e+00,2.206550e+00,2.044882e+00,2.168950e+00,1.404565e-01,1.946875e+00,2.364430e+00
6.554000e+00,1.241550e+00,2.343053e+00,2.277354e+00,2.277266e+00,2.307867e+00,2.338698e+00,2.306517e+00,2.223136e+00,2.365201e+00,2.309231e+00,2.042609e+00,2.022208e+00,2.040356e+00,2.269920e+00,2.034301e+00,1.947900e+00,1.963956e+00,2.078333e+00,2.352948e+00,1.952494e+00,2.085625e+00,2.098333e+00,2.187191e+00,2.205764e+00,2.045235e+00,2.169812e+00,1.403908e-01,1.947900e+00,2.365201e+00
6.555000e+00,1.241650e+00,2.343053e+00,2.277803e+00,2.276172e+00,2.307633e+00,2.339767e+00,2.308127e+00,2.223933e+00,2.365487e+00,2.309846e+00,2.043789e+00,2.023030e+00,2.041937e+00,2.271120e+00,2.034859e+00,1.948925e+00,1.964708e+00,2.077333e+00,2.354971e+00,1.953264e+00,2.086923e+00,2.098788e+00,2.188383e+00,2.203275e+00,2.047353e+00,2.170437e+00,1.402429e-01,1.948925e+00,2.365487e+00
6.556000e+00,1.242090e+00,2.343817e+00,2.278475e+00,2.276719e+00,2.307900e+00,2.340279e+00,2.309064e+00,2.223136e+00,2.363977e+00,2.309192e+00,2.044752e+00,2.022879e+00,2.042490e+00,2.272880e+00,2.035417e+00,1.949950e+00,1.965460e+00,2.077778e+00,2.357052e+00,1.954035e+00,2.089038e+00,2.097475e+00,2.189064e+00,2.202707e+00,2.047176e+00,2.170863e+00,1.401694e-01,1.949950e+00,2.363977e+00
6.557000e+00,1.242260e+00,2.345191e+00,2.279103e+00,2.275391e+00,2.308233e+00,2.341395e+00,2.310562e+00,2.222391e+00,2.362013e+00,2.307654e+00,2.045559e+00,2.022576e+00,2.043597e+00,2.272160e+00,2.035975e+00,1.950976e+00,1.966212e+00,2.081000e+00,2.358497e+00,1.954805e+00,2.089952e+00,2.095758e+00,2.190340e+00,2.201616e+00,2.049000e+00,2.171248e+00,1.398366e-01,1.950976e+00,2.362013e+00
6.558000e+00,1.242500e+00,2.346794e+00,2.279821e+00,2.276641e+00,2.309000e+00,2.341302e+00,2.310899e+00,2.222751e+00,2.361711e+00,2.306269e+00,2.046708e+00,2.021948e+00,2.044150e+00,2.274480e+00,2.036533e+00,1.952003e+00,1.966963e+00,2.080111e+00,2.360289e+00,1.955575e+00,2.092067e+00,2.094192e+00,2.191404e+00,2.200961e+00,2.049941e+00,2.171771e+00,1.398795e-01,1.952003e+00,2.361711e+00
6.559000e+00,1.242760e+00,2.346947e+00,2.279955e+00,2.278359e+00,2.309300e+00,2.342419e+00,2.311311e+00,2.223907e+00,2.362064e+00,2.306731e+00,2.047733e+00,2.022359e+00,2.045534e+00,2.274560e+00,2.037090e+00,1.953030e+00,1.967715e+00,2.082111e+00,2.360405e+00,1.956346e+00,2.093365e+00,2.093838e+00,2.191702e+00,2.201092e+00,2.050882e+00,2.172448e+00,1.396943e-01,1.953030e+00,2.362064e+00
6.560000e+00,1.242940e+00,2.347634e+00,2.280269e+00,2.278594e+00,2.309633e+00,2.343302e+00,2.312360e+00,2.225733e+00,2.362215e+00,2.306731e+00,2.048416e+00,2.022532e+00,2.047194e+00,2.276640e+00,2.037647e+00,1.954057e+00,1.968467e+00,2.085222e+00,2.361734e+00,1.957116e+00,2.094567e+00,2.094040e+00,2.192936e+00,2.201965e+00,2.051882e+00,2.173370e+00,1.396056e-01,1.954057e+00,2.362215e+00
6.561000e+00,1.243160e+00,2.349237e+00,2.280269e+00,2.278828e+00,2.311100e+00,2.344744e+00,2.313970e+00,2.226427e+00,2.362534e+00,2.306731e+00,2.049224e+00,2.022641e+00,2.048300e+00,2.276320e+00,2.038203e+00,1.955085e+00,1.969219e+00,2.084444e+00,2.363410e+00,1.957887e+00,2.095385e+00,2.095101e+00,2.194043e+00,2.202926e+00,2.052588e+00,2.174109e+00,1.397135e-01,1.955085e+00,2.363410e+00
6.562000e+00,1.243500e+00,2.348473e+00,2.280897e+00,2.279453e+00,2.311733e+00,2.344465e+00,2.314195e+00,2.226684e+00,2.362852e+00,2.307654e+00,2.050901e+00,2.023225e+00,2.048617e+00,2.279680e+00,2.038759e+00,1.956113e+00,1.969971e+00,2.083444e+00,2.364220e+00,1.958657e+00,2.096827e+00,2.094949e+00,2.194426e+00,2.203668e+00,2.052706e+00,2.174690e+00,1.396578e-01,1.956113e+00,2.364220e+00
6.563000e+00,1.243690e+00,2.348931e+00,2.281525e+00,2.278828e+00,2.312833e+00,2.345163e+00,2.312734e+00,2.227378e+00,2.363792e+00,2.308154e+00,2.052019e+00,2.023896e+00,2.049526e+00,2.279600e+00,2.039315e+00,1.957142e+00,1.970723e+00,2.086333e+00,2.364740e+00,1.959428e+00,2.097596e+00,2.096313e+00,2.195234e+00,2.204891e+00,2.053294e+00,2.175391e+00,1.393873e-01,1.957142e+00,2.364740e+00
6.564000e+00,1.243940e+00,2.347786e+00,2.281749e+00,2.279688e+00,2.313800e+00,2.345721e+00,2.312434e+00,2.229203e+00,2.364513e+00,2.309462e+00,2.053261e+00,2.024740e+00,2.051581e+00,2.278880e+00,2.039870e+00,1.958171e+00,1.971475e+00,2.086111e+00,2.365549e+00,1.960198e+00,2.098942e+00,2.097121e+00,2.196213e+00,2.205895e+00,2.054706e+00,2.176128e+00,1.391351e-01,1.958171e+00,2.365549e+00
6.565000e+00,1.244150e+00,2.348702e+00,2.280314e+00,2.279688e+00,2.315633e+00,2.346140e+00,2.312959e+00,2.231080e+00,2.364832e+00,2.309654e+00,2.053509e+00,2.025909e+00,2.052253e+00,2.281920e+00,2.040425e+00,1.959201e+00,1.972228e+00,2.087333e+00,2.366532e+00,1.960969e+00,2.099856e+00,2.098434e+00,2.196340e+00,2.206463e+00,2.054765e+00,2.176881e+00,1.391077e-01,1.959201e+00,2.366532e+00
6.566000e+00,1.244350e+00,2.348092e+00,2.279013e+00,2.281172e+00,2.316067e+00,2.347256e+00,2.312809e+00,2.232751e+00,2.365772e+00,2.310038e+00,2.054627e+00,2.026494e+00,2.053478e+00,2.281200e+00,2.040980e+00,1.960231e+00,1.972980e+00,2.089444e+00,2.367225e+00,1.961740e+00,2.100385e+00,2.099495e+00,2.197064e+00,2.207817e+00,2.055588e+00,2.177572e+00,1.388572e-01,1.960231e+00,2.367225e+00
6.567000e+00,1.244670e+00,2.347939e+00,2.279552e+00,2.282656e+00,2.316600e+00,2.348093e+00,2.314457e+00,2.233393e+00,2.366493e+00,2.310846e+00,2.055559e+00,2.027273e+00,2.053913e+00,2.283280e+00,2.041534e+00,1.961262e+00,1.973732e+00,2.089778e+00,2.368382e+00,1.962511e+00,2.101202e+00,2.099697e+00,2.198128e+00,2.208952e+00,2.055647e+00,2.178370e+00,1.389683e-01,1.961262e+00,2.368382e+00
6.568000e+00,1.244870e+00,2.348779e+00,2.278744e+00,2.284063e+00,2.317767e+00,2.348744e+00,2.315056e+00,2.233419e+00,2.367131e+00,2.312769e+00,2.055901e+00,2.027900e+00,2.054980e+00,2.285280e+00,2.042088e+00,1.962293e+00,1.974484e+00,2.089222e+00,2.369364e+00,1.963281e+00,2.102404e+00,2.100606e+00,2.198298e+00,2.210437e+00,2.056529e+00,2.179147e+00,1.390504e-01,1.962293e+00,2.369364e+00
6.569000e+00,1.245250e+00,2.348931e+00,2.280135e+00,2.286016e+00,2.318233e+00,2.349674e+00,2.316180e+00,2.234010e+00,2.367685e+00,2.313346e+00,2.056211e+00,2.029048e+00,2.056640e+00,2.284880e+00,2.042642e+00,1.963324e+00,1.975236e+00,2.091222e+00,2.369306e+00,1.964052e+00,2.103077e+00,2.102323e+00,2.199532e+00,2.211354e+00,2.057412e+00,2.180020e+00,1.388850e-01,1.963324e+00,2.369306e+00
6.570000e+00,1.245300e+00,2.348702e+00,2.280583e+00,2.285391e+00,2.319100e+00,2.350326e+00,2.316779e+00,2.234113e+00,2.368104e+00,2.313692e+00,2.056584e+00,2.030281e+00,2.057470e+00,2.286880e+00,2.043195e+00,1.964356e+00,1.975989e+00,2.091222e+00,2.370694e+00,1.964823e+00,2.103702e+00,2.103535e+00,2.198468e+00,2.211965e+00,2.058353e+00,2.180596e+00,1.387785e-01,1.964356e+00,2.370694e+00
6.571000e+00,1.245770e+00,2.351374e+00,2.280762e+00,2.285547e+00,2.319667e+00,2.349349e+00,2.317903e+00,2.234627e+00,2.368523e+00,2.314654e+00,2.058012e+00,2.031472e+00,2.057826e+00,2.286880e+00,2.043748e+00,1.965389e+00,1.976741e+00,2.090556e+00,2.372023e+00,1.965594e+00,2.104615e+00,2.104141e+00,2.197787e+00,2.214410e+00,2.058235e+00,2.181243e+00,1.387925e-01,1.965389e+00,2.372023e+00
6.572000e+00,1.245900e+00,2.350763e+00,2.282197e+00,2.286172e+00,2.320067e+00,2.348744e+00,2.319176e+00,2.235424e+00,2.369446e+00,2.315423e+00,2.058540e+00,2.033117e+00,2.058340e+00,2.288000e+00,2.044301e+00,1.966422e+00,1.977494e+00,2.093778e+00,2.372023e+00,1.966365e+00,2.106010e+00,2.105606e+00,2.197617e+00,2.216463e+00,2.060176e+00,2.182153e+00,1.384911e-01,1.966365e+00,2.372023e+00
6.573000e+00,1.246400e+00,2.352519e+00,2.283408e+00,2.286250e+00,2.321333e+00,2.349209e+00,2.320187e+00,2.236041e+00,2.369933e+00,2.315538e+00,2.059161e+00,2.034004e+00,2.059644e+00,2.289840e+00,2.044853e+00,1.967455e+00,1.978246e+00,2.094667e+00,2.372832e+00,1.967136e+00,2.106875e+00,2.106162e+00,2.197915e+00,2.219214e+00,2.060529e+00,2.183040e+00,1.385473e-01,1.967136e+00,2.372832e+00
6.574000e+00,1.246430e+00,2.352519e+00,2.284260e+00,2.287109e+00,2.320967e+00,2.350000e+00,2.321723e+00,2.237249e+00,2.371040e+00,2.315885e+00,2.060839e+00,2.035022e+00,2.060711e+00,2.291840e+00,2.045405e+00,1.968489e+00,1.978998e+00,2.094111e+00,2.373642e+00,1.967907e+00,2.107837e+00,2.107525e+00,2.199234e+00,2.221135e+00,2.061412e+00,2.183952e+00,1.385158e-01,1.967907e+00,2.373642e+00
6.575000e+00,1.246620e+00,2.354656e+00,2.285022e+00,2.289062e+00,2.321100e+00,2.349860e+00,2.322434e+00,2.238046e+00,2.371862e+00,2.316000e+00,2.061739e+00,2.036797e+00,2.060988e+00,2.291360e+00,2.045957e+00,1.969523e+00,1.979751e+00,2.096000e+00,2.373468e+00,1.968679e+00,2.108606e+00,2.108636e+00,2.199191e+00,2.222227e+00,2.062176e+00,2.184714e+00,1.383555e-01,1.968679e+00,2.373468e+00
6.576000e+00,1.247040e+00,2.355878e+00,2.286726e+00,2.290312e+00,2.322667e+00,2.351023e+00,2.323258e+00,2.238406e+00,2.371980e+00,2.316923e+00,2.062298e+00,2.037727e+00,2.062174e+00,2.290560e+00,2.046508e+00,1.970558e+00,1.980504e+00,2.095000e+00,2.375723e+00,1.969450e+00,2.110240e+00,2.109141e+00,2.199702e+00,2.223799e+00,2.062647e+00,2.185550e+00,1.385054e-01,1.969450e+00,2.375723e+00
6.577000e+00,1.247300e+00,2.356336e+00,2.286188e+00,2.292187e+00,2.323200e+00,2.351581e+00,2.324757e+00,2.238149e+00,2.372802e+00,2.317769e+00,2.063012e+00,2.038896e+00,2.063123e+00,2.292880e+00,2.047059e+00,1.971593e+00,1.981256e+00,2.096000e+00,2.377688e+00,1.970221e+00,2.111442e+00,2.110152e+00,2.201404e+00,2.223493e+00,2.063353e+00,2.186439e+00,1.385460e-01,1.970221e+00,2.377688e+00
6.578000e+00,1.247470e+00,2.356641e+00,2.287265e+00,2.291250e+00,2.323367e+00,2.352233e+00,2.325468e+00,2.238920e+00,2.373624e+00,2.317308e+00,2.063634e+00,2.040390e+00,2.064032e+00,2.294080e+00,2.047609e+00,1.972629e+00,1.982009e+00,2.098889e+00,2.378555e+00,1.970992e+00,2.111683e+00,2.111717e+00,2.202043e+00,2.222882e+00,2.064059e+00,2.187137e+00,1.383031e-01,1.970992e+00,2.378555e+00
6.579000e+00,1.247840e+00,2.358626e+00,2.288924e+00,2.292500e+00,2.323933e+00,2.352651e+00,2.326629e+00,2.239794e+00,2.374027e+00,2.317962e+00,2.063075e+00,2.041732e+00,2.064901e+00,2.296320e+00,2.048159e+00,1.973665e+00,1.982761e+00,2.099222e+00,2.379133e+00,1.971764e+00,2.112885e+00,2.112273e+00,2.202894e+00,2.223974e+00,2.064765e+00,2.188024e+00,1.384377e-01,1.971764e+00,2.379133e+00
6.580000e+00,1.248020e+00,2.359618e+00,2.288924e+00,2.293594e+00,2.325100e+00,2.353767e+00,2.327640e+00,2.241054e+00,2.375386e+00,2.318731e+00,2.062547e+00,2.042403e+00,2.065692e+00,2.294960e+00,2.048709e+00,1.974702e+00,1.983514e+00,2.098000e+00,2.379827e+00,1.972535e+00,2.113654e+00,2.113384e+00,2.203702e+00,2.224760e+00,2.066059e+00,2.188678e+00,1.385197e-01,1.972535e+00,2.379827e+00
6.581000e+00,1.248340e+00,2.360611e+00,2.289372e+00,2.294844e+00,2.324733e+00,2.354326e+00,2.328315e+00,2.242699e+00,2.375738e+00,2.319615e+00,2.062640e+00,2.043485e+00,2.066561e+00,2.298560e+00,2.049259e+00,1.975739e+00,1.984267e+00,2.099444e+00,2.377341e+00,1.973307e+00,2.112692e+00,2.114242e+00,2.205064e+00,2.226507e+00,2.066588e+00,2.189415e+00,1.384197e-01,1.973307e+00,2.377341e+00
6.582000e+00,1.248410e+00,2.361221e+00,2.290493e+00,2.295703e+00,2.323833e+00,2.355488e+00,2.328989e+00,2.242931e+00,2.376141e+00,2.320077e+00,2.062516e+00,2.044026e+00,2.067431e+00,2.298240e+00,2.049808e+00,1.976777e+00,1.985020e+00,2.100778e+00,2.375723e+00,1.974078e+00,2.111154e+00,2.115455e+00,2.205489e+00,2.228908e+00,2.067059e+00,2.189889e+00,1.382520e-01,1.974078e+00,2.376141e+00
6.583000e+00,1.248770e+00,2.362290e+00,2.291749e+00,2.296172e+00,2.323600e+00,2.356140e+00,2.330187e+00,2.243470e+00,2.377030e+00,2.321346e+00,2.062484e+00,2.044675e+00,2.068379e+00,2.300080e+00,2.050357e+00,1.977815e+00,1.985773e+00,2.100778e+00,2.374277e+00,1.974850e+00,2.111923e+00,2.116515e+00,2.206213e+00,2.230087e+00,2.067765e+00,2.190581e+00,1.382227e-01,1.974850e+00,2.377030e+00
6.584000e+00,1.249110e+00,2.362290e+00,2.291973e+00,2.295781e+00,2.324333e+00,2.357349e+00,2.330861e+00,2.243548e+00,2.377416e+00,2.322462e+00,2.063012e+00,2.045433e+00,2.069209e+00,2.300720e+00,2.050905e+00,1.978853e+00,1.986525e+00,2.101333e+00,2.375029e+00,1.975621e+00,2.111346e+00,2.117727e+00,2.207830e+00,2.232402e+00,2.069059e+00,2.191292e+00,1.381542e-01,1.975621e+00,2.377416e+00
6.585000e+00,1.249300e+00,2.364275e+00,2.293812e+00,2.296250e+00,2.324133e+00,2.357907e+00,2.332434e+00,2.243830e+00,2.377936e+00,2.322731e+00,2.063571e+00,2.045866e+00,2.069447e+00,2.302160e+00,2.051453e+00,1.979892e+00,1.987278e+00,2.102778e+00,2.375260e+00,1.976393e+00,2.111346e+00,2.118333e+00,2.208638e+00,2.233974e+00,2.069882e+00,2.192066e+00,1.382238e-01,1.976393e+00,2.377936e+00
6.586000e+00,1.249550e+00,2.364809e+00,2.294439e+00,2.295859e+00,2.325133e+00,2.359814e+00,2.333221e+00,2.244679e+00,2.378943e+00,2.323769e+00,2.064565e+00,2.046494e+00,2.070711e+00,2.302880e+00,2.052001e+00,1.980932e+00,1.988031e+00,2.103333e+00,2.375318e+00,1.977164e+00,2.111635e+00,2.119444e+00,2.209915e+00,2.234279e+00,2.070235e+00,2.192817e+00,1.382167e-01,1.977164e+00,2.378943e+00
6.587000e+00,1.249810e+00,2.364962e+00,2.295291e+00,2.296094e+00,2.325333e+00,2.359628e+00,2.334906e+00,2.244576e+00,2.378473e+00,2.324346e+00,2.065186e+00,2.047165e+00,2.071897e+00,2.302400e+00,2.052548e+00,1.981971e+00,1.988784e+00,2.103222e+00,2.376069e+00,1.977936e+00,2.113413e+00,2.120455e+00,2.210128e+00,2.234454e+00,2.070412e+00,2.193319e+00,1.379995e-01,1.977936e+00,2.378473e+00
6.588000e+00,1.250120e+00,2.365038e+00,2.296771e+00,2.295937e+00,2.326667e+00,2.361349e+00,2.335618e+00,2.243830e+00,2.376493e+00,2.325615e+00,2.065932e+00,2.047879e+00,2.072332e+00,2.304160e+00,2.053095e+00,1.983012e+00,1.989537e+00,2.105000e+00,2.377630e+00,1.978708e+00,2.114087e+00,2.120657e+00,2.211191e+00,2.236856e+00,2.070706e+00,2.194088e+00,1.379818e-01,1.978708e+00,2.377630e+00
6.589000e+00,1.250450e+00,2.364809e+00,2.297578e+00,2.296719e+00,2.327433e+00,2.362186e+00,2.336105e+00,2.243419e+00,2.374866e+00,2.325538e+00,2.067174e+00,2.049199e+00,2.073360e+00,2.304880e+00,2.053642e+00,1.984053e+00,1.990290e+00,2.104444e+00,2.377977e+00,1.979480e+00,2.115048e+00,2.121515e+00,2.212468e+00,2.237860e+00,2.070529e+00,2.194607e+00,1.377269e-01,1.979480e+00,2.377977e+00
6.590000e+00,1.250640e+00,2.366107e+00,2.299013e+00,2.296016e+00,2.327967e+00,2.363953e+00,2.337453e+00,2.243111e+00,2.373909e+00,2.325577e+00,2.068012e+00,2.050260e+00,2.073834e+00,2.306400e+00,2.054188e+00,1.985094e+00,1.991043e+00,2.104778e+00,2.379595e+00,1.980252e+00,2.115529e+00,2.122374e+00,2.213106e+00,2.237511e+00,2.070294e+00,2.195224e+00,1.377579e-01,1.980252e+00,2.379595e+00
6.591000e+00,1.250900e+00,2.365954e+00,2.299910e+00,2.297578e+00,2.328533e+00,2.364558e+00,2.339326e+00,2.243085e+00,2.373658e+00,2.326077e+00,2.069286e+00,2.051494e+00,2.075138e+00,2.306640e+00,2.054734e+00,1.986136e+00,1.991796e+00,2.107000e+00,2.380231e+00,1.981024e+00,2.116923e+00,2.122222e+00,2.214170e+00,2.237860e+00,2.069000e+00,2.195931e+00,1.376421e-01,1.981024e+00,2.380231e+00
6.592000e+00,1.251120e+00,2.366794e+00,2.301031e+00,2.297813e+00,2.329233e+00,2.364465e+00,2.340150e+00,2.242828e+00,2.373356e+00,2.326077e+00,2.070062e+00,2.052576e+00,2.076680e+00,2.309040e+00,2.055280e+00,1.987178e+00,1.992550e+00,2.108444e+00,2.380983e+00,1.981796e+00,2.118462e+00,2.122828e+00,2.214638e+00,2.238559e+00,2.068235e+00,2.196627e+00,1.375229e-01,1.981796e+00,2.380983e+00
6.593000e+00,1.251380e+00,2.368397e+00,2.302556e+00,2.298750e+00,2.330033e+00,2.364977e+00,2.340974e+00,2.242648e+00,2.373674e+00,2.326077e+00,2.070901e+00,2.053831e+00,2.076166e+00,2.308240e+00,2.055825e+00,1.988221e+00,1.993303e+00,2.106667e+00,2.382370e+00,1.982568e+00,2.120048e+00,2.123485e+00,2.215872e+00,2.240131e+00,2.068353e+00,2.197253e+00,1.376064e-01,1.982568e+00,2.382370e+00
6.594000e+00,1.251650e+00,2.368702e+00,2.302377e+00,2.300312e+00,2.329967e+00,2.365860e+00,2.342097e+00,2.242931e+00,2.374581e+00,2.325962e+00,2.072360e+00,2.054870e+00,2.076680e+00,2.309680e+00,2.056370e+00,1.989264e+00,1.994056e+00,2.108556e+00,2.382775e+00,1.983340e+00,2.120817e+00,2.124495e+00,2.216596e+00,2.241790e+00,2.068706e+00,2.198048e+00,1.374892e-01,1.983340e+00,2.382775e+00
6.595000e+00,1.251790e+00,2.368779e+00,2.302915e+00,2.299062e+00,2.330700e+00,2.366419e+00,2.342921e+00,2.243496e+00,2.375470e+00,2.324654e+00,2.073634e+00,2.055823e+00,2.077787e+00,2.310720e+00,2.056915e+00,1.990307e+00,1.994809e+00,2.108667e+00,2.384335e+00,1.984112e+00,2.122788e+00,2.125101e+00,2.218298e+00,2.243493e+00,2.069471e+00,2.198778e+00,1.373170e-01,1.984112e+00,2.384335e+00
6.596000e+00,1.252380e+00,2.370305e+00,2.303677e+00,2.300937e+00,2.331233e+00,2.367395e+00,2.343483e+00,2.244550e+00,2.376174e+00,2.324769e+00,2.074596e+00,2.057186e+00,2.078696e+00,2.312320e+00,2.057459e+00,1.991351e+00,1.995563e+00,2.109333e+00,2.385665e+00,1.984884e+00,2.124615e+00,2.125758e+00,2.218638e+00,2.245895e+00,2.069765e+00,2.199760e+00,1.373918e-01,1.984884e+00,2.385665e+00
6.597000e+00,1.252490e+00,2.370076e+00,2.305202e+00,2.301953e+00,2.332433e+00,2.367302e+00,2.344757e+00,2.244344e+00,2.376611e+00,2.324115e+00,2.076149e+00,2.057814e+00,2.079012e+00,2.311760e+00,2.058003e+00,1.992396e+00,1.996316e+00,2.106444e+00,2.387803e+00,1.985656e+00,2.125240e+00,2.126263e+00,2.219617e+00,2.247249e+00,2.071059e+00,2.200316e+00,1.374016e-01,1.985656e+00,2.387803e+00
6.598000e+00,1.252660e+00,2.371832e+00,2.304978e+00,2.302109e+00,2.332200e+00,2.368884e+00,2.345543e+00,2.244602e+00,2.377601e+00,2.323808e+00,2.076957e+00,2.058766e+00,2.079526e+00,2.313200e+00,2.058546e+00,1.993441e+00,1.997069e+00,2.105444e+00,2.389364e+00,1.986428e+00,2.127212e+00,2.127020e+00,2.220426e+00,2.247642e+00,2.071824e+00,2.201018e+00,1.374490e-01,1.986428e+00,2.389364e+00
6.599000e+00,1.252870e+00,2.373359e+00,2.305605e+00,2.302891e+00,2.333333e+00,2.368419e+00,2.346554e+00,2.245064e+00,2.378893e+00,2.324538e+00,2.078168e+00,2.059978e+00,2.080395e+00,2.314480e+00,2.059090e+00,1.994486e+00,1.997823e+00,2.103889e+00,2.390636e+00,1.987201e+00,2.127885e+00,2.128030e+00,2.222000e+00,2.249127e+00,2.073176e+00,2.201876e+00,1.375264e-01,1.987201e+00,2.390636e+00
6.600000e+00,1.253340e+00,2.374427e+00,2.306726e+00,2.302266e+00,2.333733e+00,2.369581e+00,2.347903e+00,2.246093e+00,2.379899e+00,2.325577e+00,2.079224e+00,2.060368e+00,2.081779e+00,2.314800e+00,2.059632e+00,1.995532e+00,1.998576e+00,2.104667e+00,2.391445e+00,1.987973e+00,2.129808e+00,2.128485e+00,2.222851e+00,2.250131e+00,2.073706e+00,2.202716e+00,1.375250e-01,1.987973e+00,2.391445e+00
6.601000e+00,1.253440e+00,2.374275e+00,2.306951e+00,2.305469e+00,2.335667e+00,2.370930e+00,2.350225e+00,2.246684e+00,2.381174e+00,2.327346e+00,2.080342e+00,2.061212e+00,2.083439e+00,2.319360e+00,2.060175e+00,1.996579e+00,1.999330e+00,2.105333e+00,2.391908e+00,1.988745e+00,2.130673e+00,2.129848e+00,2.223064e+00,2.250175e+00,2.074235e+00,2.203881e+00,1.377814e-01,1.988745e+00,2.391908e+00
6.602000e+00,1.253470e+00,2.376336e+00,2.307758e+00,2.306406e+00,2.336467e+00,2.372279e+00,2.350112e+00,2.247815e+00,2.381544e+00,2.327577e+00,2.081429e+00,2.061991e+00,2.083439e+00,2.318000e+00,2.060717e+00,1.997626e+00,2.000083e+00,2.103444e+00,2.392717e+00,1.989518e+00,2.131154e+00,2.131414e+00,2.224043e+00,2.249563e+00,2.075000e+00,2.204435e+00,1.377982e-01,1.989518e+00,2.392717e+00
6.603000e+00,1.253810e+00,2.375420e+00,2.308430e+00,2.304297e+00,2.337367e+00,2.371674e+00,2.351011e+00,2.248638e+00,2.381946e+00,2.328500e+00,2.082547e+00,2.062619e+00,2.084150e+00,2.318160e+00,2.061259e+00,1.998673e+00,2.000837e+00,2.106333e+00,2.394162e+00,1.990290e+00,2.132692e+00,2.132576e+00,2.224085e+00,2.250393e+00,2.076588e+00,2.205110e+00,1.374296e-01,1.990290e+00,2.394162e+00
6.604000e+00,1.254170e+00,2.376336e+00,2.309417e+00,2.305625e+00,2.338100e+00,2.371814e+00,2.350974e+00,2.250077e+00,2.382567e+00,2.329538e+00,2.082609e+00,2.062338e+00,2.084190e+00,2.320160e+00,2.061800e+00,1.999721e+00,2.001590e+00,2.107556e+00,2.394393e+00,1.991063e+00,2.133558e+00,2.130354e+00,2.222170e+00,2.251659e+00,2.077941e+00,2.205648e+00,1.375278e-01,1.991063e+00,2.394393e+00
6.605000e+00,1.254250e+00,2.374809e+00,2.309641e+00,2.305859e+00,2.338933e+00,2.371070e+00,2.350412e+00,2.250823e+00,2.383138e+00,2.330231e+00,2.084037e+00,2.061212e+00,2.083953e+00,2.320160e+00,2.062341e+00,2.000769e+00,2.002344e+00,2.106778e+00,2.394971e+00,1.991835e+00,2.133846e+00,2.128788e+00,2.221362e+00,2.252664e+00,2.078882e+00,2.205786e+00,1.373810e-01,1.991835e+00,2.394971e+00
6.606000e+00,1.254590e+00,2.374275e+00,2.310583e+00,2.307187e+00,2.339367e+00,2.371581e+00,2.350037e+00,2.251208e+00,2.383758e+00,2.330577e+00,2.085124e+00,2.060758e+00,2.083281e+00,2.320320e+00,2.062882e+00,2.001818e+00,2.003098e+00,2.108667e+00,2.395838e+00,1.992608e+00,2.134327e+00,2.127525e+00,2.221702e+00,2.254410e+00,2.079647e+00,2.206274e+00,1.373378e-01,1.992608e+00,2.395838e+00
6.607000e+00,1.254800e+00,2.374885e+00,2.310807e+00,2.308750e+00,2.340000e+00,2.370837e+00,2.350487e+00,2.251465e+00,2.384832e+00,2.331462e+00,2.086894e+00,2.060584e+00,2.082767e+00,2.322640e+00,2.063423e+00,2.002867e+00,2.003851e+00,2.112222e+00,2.395491e+00,1.993381e+00,2.135096e+00,2.127576e+00,2.221404e+00,2.255240e+00,2.079941e+00,2.206954e+00,1.372425e-01,1.993381e+00,2.395491e+00
6.608000e+00,1.255230e+00,2.374427e+00,2.311839e+00,2.309687e+00,2.341000e+00,2.371581e+00,2.351124e+00,2.251954e+00,2.384866e+00,2.332269e+00,2.087360e+00,2.060996e+00,2.083241e+00,2.323440e+00,2.063963e+00,2.003916e+00,2.004605e+00,2.110444e+00,2.395145e+00,1.994153e+00,2.135913e+00,2.126616e+00,2.222340e+00,2.256900e+00,2.081588e+00,2.207474e+00,1.372182e-01,1.994153e+00,2.395145e+00
6.609000e+00,1.255290e+00,2.373664e+00,2.313857e+00,2.310625e+00,2.341667e+00,2.372465e+00,2.352097e+00,2.252391e+00,2.384396e+00,2.332962e+00,2.088012e+00,2.061861e+00,2.083755e+00,2.323440e+00,2.064502e+00,2.004966e+00,2.005359e+00,2.112333e+00,2.396185e+00,1.994926e+00,2.136298e+00,2.127828e+00,2.223319e+00,2.258079e+00,2.082765e+00,2.208240e+00,1.370702e-01,1.994926e+00,2.396185e+00
6.610000e+00,1.255610e+00,2.374962e+00,2.314798e+00,2.308125e+00,2.341800e+00,2.373488e+00,2.352060e+00,2.252751e+00,2.384849e+00,2.333269e+00,2.088416e+00,2.062879e+00,2.085217e+00,2.325680e+00,2.065042e+00,2.006017e+00,2.006112e+00,2.115222e+00,2.396763e+00,1.995699e+00,2.136827e+00,2.129495e+00,2.223957e+00,2.258734e+00,2.082882e+00,2.208960e+00,1.368694e-01,1.995699e+00,2.396763e+00
6.611000e+00,1.255800e+00,2.375496e+00,2.314843e+00,2.311250e+00,2.340600e+00,2.374233e+00,2.352397e+00,2.253650e+00,2.385000e+00,2.333000e+00,2.089286e+00,2.063139e+00,2.085178e+00,2.325840e+00,2.065581e+00,2.007068e+00,2.006866e+00,2.114778e+00,2.397110e+00,1.996472e+00,2.137452e+00,2.130303e+00,2.225915e+00,2.259214e+00,2.083765e+00,2.209518e+00,1.367678e-01,1.996472e+00,2.397110e+00
6.612000e+00,1.256200e+00,2.376107e+00,2.314888e+00,2.311094e+00,2.340067e+00,2.374651e+00,2.353596e+00,2.253728e+00,2.385470e+00,2.334654e+00,2.090062e+00,2.064329e+00,2.085929e+00,2.325920e+00,2.066119e+00,2.008120e+00,2.007620e+00,2.115333e+00,2.397341e+00,1.997245e+00,2.139327e+00,2.130960e+00,2.225957e+00,2.259825e+00,2.083941e+00,2.210095e+00,1.365871e-01,1.997245e+00,2.397341e+00
6.613000e+00,1.256350e+00,2.376947e+00,2.316099e+00,2.313594e+00,2.339667e+00,2.375442e+00,2.355431e+00,2.253625e+00,2.386074e+00,2.334885e+00,2.091180e+00,2.065325e+00,2.086680e+00,2.328320e+00,2.066657e+00,2.009172e+00,2.008374e+00,2.119222e+00,2.399133e+00,1.998017e+00,2.140625e+00,2.131515e+00,2.227404e+00,2.261223e+00,2.085294e+00,2.211246e+00,1.366026e-01,1.998017e+00,2.399133e+00
6.614000e+00,1.256610e+00,2.378244e+00,2.316816e+00,2.314766e+00,2.339700e+00,2.376698e+00,2.355543e+00,2.253753e+00,2.386292e+00,2.336038e+00,2.092764e+00,2.066602e+00,2.087984e+00,2.329920e+00,2.067195e+00,2.010224e+00,2.009128e+00,2.118111e+00,2.399711e+00,1.998790e+00,2.140385e+00,2.132626e+00,2.228383e+00,2.261921e+00,2.085941e+00,2.211981e+00,1.365954e-01,1.998790e+00,2.399711e+00
6.615000e+00,1.256900e+00,2.379237e+00,2.316816e+00,2.314609e+00,2.339467e+00,2.377070e+00,2.357041e+00,2.254267e+00,2.386930e+00,2.335769e+00,2.093416e+00,2.067879e+00,2.089091e+00,2.332080e+00,2.067733e+00,2.011277e+00,2.009882e+00,2.116889e+00,2.398960e+00,1.999564e+00,2.142212e+00,2.133535e+00,2.230000e+00,2.263057e+00,2.086353e+00,2.212631e+00,1.364581e-01,1.999564e+00,2.398960e+00
6.616000e+00,1.257210e+00,2.379466e+00,2.318117e+00,2.315313e+00,2.340700e+00,2.378233e+00,2.357416e+00,2.255090e+00,2.387081e+00,2.336731e+00,2.094441e+00,2.069004e+00,2.090198e+00,2.330480e+00,2.068270e+00,2.012330e+00,2.010636e+00,2.121556e+00,2.400520e+00,2.000337e+00,2.143798e+00,2.134343e+00,2.230936e+00,2.263843e+00,2.087353e+00,2.213591e+00,1.362183e-01,2.000337e+00,2.400520e+00
6.617000e+00,1.257340e+00,2.379466e+00,2.317354e+00,2.316953e+00,2.340433e+00,2.378465e+00,2.358614e+00,2.255527e+00,2.386695e+00,2.338000e+00,2.094783e+00,2.070498e+00,2.091146e+00,2.330800e+00,2.068807e+00,2.013384e+00,2.011390e+00,2.121667e+00,2.400058e+00,2.001110e+00,2.143750e+00,2.135354e+00,2.231447e+00,2.263930e+00,2.088353e+00,2.214083e+00,1.359567e-01,2.001110e+00,2.400058e+00
6.618000e+00,1.257610e+00,2.382290e+00,2.316233e+00,2.318594e+00,2.341167e+00,2.379349e+00,2.359963e+00,2.256170e+00,2.387282e+00,2.338500e+00,2.095932e+00,2.071299e+00,2.091621e+00,2.330720e+00,2.069344e+00,2.014438e+00,2.012144e+00,2.120444e+00,2.398555e+00,2.001883e+00,2.142452e+00,2.136667e+00,2.232426e+00,2.265022e+00,2.089235e+00,2.214655e+00,1.359596e-01,2.001883e+00,2.398555e+00
6.619000e+00,1.257870e+00,2.383435e+00,2.313812e+00,2.318516e+00,2.341733e+00,2.379860e+00,2.360637e+00,2.255758e+00,2.386460e+00,2.338769e+00,2.097205e+00,2.072641e+00,2.093478e+00,2.332000e+00,2.069880e+00,2.015493e+00,2.012898e+00,2.122667e+00,2.397630e+00,2.002656e+00,2.141538e+00,2.137980e+00,2.233702e+00,2.266070e+00,2.089529e+00,2.215181e+00,1.355518e-01,2.002656e+00,2.397630e+00
6.620000e+00,1.258180e+00,2.384504e+00,2.313812e+00,2.316172e+00,2.342867e+00,2.380558e+00,2.362172e+00,2.254422e+00,2.385067e+00,2.339500e+00,2.097609e+00,2.073918e+00,2.094585e+00,2.333360e+00,2.070416e+00,2.016548e+00,2.013652e+00,2.124111e+00,2.397341e+00,2.003429e+00,2.141250e+00,2.138737e+00,2.233957e+00,2.268253e+00,2.090588e+00,2.215701e+00,1.352987e-01,2.003429e+00,2.397341e+00
6.621000e+00,1.258400e+00,2.385725e+00,2.314484e+00,2.318594e+00,2.344500e+00,2.381209e+00,2.363146e+00,2.253907e+00,2.384111e+00,2.341038e+00,2.098540e+00,2.074870e+00,2.095099e+00,2.333120e+00,2.070951e+00,2.017604e+00,2.014406e+00,2.124444e+00,2.397746e+00,2.004203e+00,2.142163e+00,2.140253e+00,2.235191e+00,2.269432e+00,2.091353e+00,2.216504e+00,1.352662e-01,2.004203e+00,2.397746e+00
6.622000e+00,1.258600e+00,2.387099e+00,2.314395e+00,2.317734e+00,2.345133e+00,2.382837e+00,2.364532e+00,2.253779e+00,2.383154e+00,2.340808e+00,2.099876e+00,2.075779e+00,2.095217e+00,2.336240e+00,2.071486e+00,2.018660e+00,2.015161e+00,2.124889e+00,2.398902e+00,2.004976e+00,2.142308e+00,2.141616e+00,2.236979e+00,2.270000e+00,2.092353e+00,2.217246e+00,1.352522e-01,2.004976e+00,2.398902e+00
6.623000e+00,1.259000e+00,2.387023e+00,2.314619e+00,2.319688e+00,2.346267e+00,2.383442e+00,2.364906e+00,2.254319e+00,2.383255e+00,2.341308e+00,2.100839e+00,2.076732e+00,2.097075e+00,2.335600e+00,2.072021e+00,2.019717e+00,2.015915e+00,2.126000e+00,2.399075e+00,2.005749e+00,2.143029e+00,2.143182e+00,2.237064e+00,2.270393e+00,2.091941e+00,2.217882e+00,1.350313e-01,2.005749e+00,2.399075e+00
6.624000e+00,1.259210e+00,2.387710e+00,2.314619e+00,2.320469e+00,2.347200e+00,2.384651e+00,2.366180e+00,2.254344e+00,2.383725e+00,2.342308e+00,2.102019e+00,2.078074e+00,2.098735e+00,2.335920e+00,2.072555e+00,2.020774e+00,2.016669e+00,2.125333e+00,2.399942e+00,2.006523e+00,2.145048e+00,2.144242e+00,2.238255e+00,2.270699e+00,2.093294e+00,2.218720e+00,1.349298e-01,2.006523e+00,2.399942e+00
6.625000e+00,1.259540e+00,2.389924e+00,2.316368e+00,2.320547e+00,2.348167e+00,2.385581e+00,2.367191e+00,2.255141e+00,2.383809e+00,2.343577e+00,2.102547e+00,2.078853e+00,2.099605e+00,2.336400e+00,2.073089e+00,2.021831e+00,2.017423e+00,2.128333e+00,2.400578e+00,2.007296e+00,2.145817e+00,2.144394e+00,2.238851e+00,2.271965e+00,2.094706e+00,2.219666e+00,1.349378e-01,2.007296e+00,2.400578e+00
6.626000e+00,1.259790e+00,2.389618e+00,2.317130e+00,2.320625e+00,2.348567e+00,2.386093e+00,2.368165e+00,2.255707e+00,2.384228e+00,2.343846e+00,2.103602e+00,2.079156e+00,2.100356e+00,2.337600e+00,2.073623e+00,2.022889e+00,2.018178e+00,2.127889e+00,2.401156e+00,2.008070e+00,2.146346e+00,2.145303e+00,2.239489e+00,2.273057e+00,2.094118e+00,2.220200e+00,1.349051e-01,2.008070e+00,2.401156e+00
6.627000e+00,1.260010e+00,2.390916e+00,2.318072e+00,2.322188e+00,2.349300e+00,2.387070e+00,2.369738e+00,2.256350e+00,2.385168e+00,2.343308e+00,2.103789e+00,2.079286e+00,2.101383e+00,2.335360e+00,2.074156e+00,2.023948e+00,2.018932e+00,2.128778e+00,2.402486e+00,2.008843e+00,2.147885e+00,2.145808e+00,2.241064e+00,2.272926e+00,2.094706e+00,2.220894e+00,1.349056e-01,2.008843e+00,2.402486e+00
6.628000e+00,1.260200e+00,2.390840e+00,2.319596e+00,2.323125e+00,2.349400e+00,2.387767e+00,2.370449e+00,2.256915e+00,2.385487e+00,2.343923e+00,2.104627e+00,2.080823e+00,2.102767e+00,2.334800e+00,2.074689e+00,2.025006e+00,2.019686e+00,2.131000e+00,2.404509e+00,2.009617e+00,2.148798e+00,2.146667e+00,2.242085e+00,2.273886e+00,2.096235e+00,2.221779e+00,1.347133e-01,2.009617e+00,2.404509e+00
6.629000e+00,1.260510e+00,2.391832e+00,2.321076e+00,2.324219e+00,2.350567e+00,2.388651e+00,2.371161e+00,2.257275e+00,2.386091e+00,2.344846e+00,2.105000e+00,2.081472e+00,2.103636e+00,2.336000e+00,2.075222e+00,2.026066e+00,2.020441e+00,2.131222e+00,2.404509e+00,2.010391e+00,2.149567e+00,2.147879e+00,2.242809e+00,2.274978e+00,2.096765e+00,2.222570e+00,1.347695e-01,2.010391e+00,2.404509e+00
6.630000e+00,1.260740e+00,2.392137e+00,2.321883e+00,2.322656e+00,2.350967e+00,2.389535e+00,2.371835e+00,2.257738e+00,2.386258e+00,2.344769e+00,2.104472e+00,2.082511e+00,2.104625e+00,2.336000e+00,2.075754e+00,2.027126e+00,2.021195e+00,2.131000e+00,2.405549e+00,2.011165e+00,2.150481e+00,2.148081e+00,2.244213e+00,2.276157e+00,2.098294e+00,2.223100e+00,1.346242e-01,2.011165e+00,2.405549e+00
6.631000e+00,1.261170e+00,2.391756e+00,2.322063e+00,2.323750e+00,2.351433e+00,2.390791e+00,2.373109e+00,2.258406e+00,2.387030e+00,2.344769e+00,2.103571e+00,2.082922e+00,2.105455e+00,2.338000e+00,2.076286e+00,2.028186e+00,2.021950e+00,2.131556e+00,2.405896e+00,2.011938e+00,2.152212e+00,2.148838e+00,2.244170e+00,2.277336e+00,2.097412e+00,2.223701e+00,1.347017e-01,2.011938e+00,2.405896e+00
6.632000e+00,1.261300e+00,2.393511e+00,2.323901e+00,2.325859e+00,2.352067e+00,2.391256e+00,2.374419e+00,2.259434e+00,2.387836e+00,2.344269e+00,2.102640e+00,2.084113e+00,2.107194e+00,2.337760e+00,2.076818e+00,2.029247e+00,2.022704e+00,2.133000e+00,2.407341e+00,2.012712e+00,2.153269e+00,2.150051e+00,2.245277e+00,2.276419e+00,2.098706e+00,2.224575e+00,1.347137e-01,2.012712e+00,2.407341e+00
6.633000e+00,1.261620e+00,2.393969e+00,2.324170e+00,2.325547e+00,2.352467e+00,2.391209e+00,2.375581e+00,2.259897e+00,2.388205e+00,2.343846e+00,2.102702e+00,2.085584e+00,2.107708e+00,2.338800e+00,2.077349e+00,2.030308e+00,2.023459e+00,2.134000e+00,2.407919e+00,2.013486e+00,2.154231e+00,2.150758e+00,2.246128e+00,2.274061e+00,2.100294e+00,2.225070e+00,1.344511e-01,2.013486e+00,2.407919e+00
6.634000e+00,1.261660e+00,2.394580e+00,2.325695e+00,2.327344e+00,2.353067e+00,2.391581e+00,2.375581e+00,2.260231e+00,2.389111e+00,2.343038e+00,2.102950e+00,2.086364e+00,2.108024e+00,2.341200e+00,2.077880e+00,2.031370e+00,2.024214e+00,2.133889e+00,2.408786e+00,2.014260e+00,2.156154e+00,2.152020e+00,2.246170e+00,2.271223e+00,2.101235e+00,2.225665e+00,1.343975e-01,2.014260e+00,2.408786e+00
6.635000e+00,1.262090e+00,2.396412e+00,2.326816e+00,2.328281e+00,2.353900e+00,2.392651e+00,2.376742e+00,2.260591e+00,2.389245e+00,2.342538e+00,2.103820e+00,2.087489e+00,2.108379e+00,2.341200e+00,2.078411e+00,2.032432e+00,2.024968e+00,2.136000e+00,2.410462e+00,2.015034e+00,2.157404e+00,2.152071e+00,2.247277e+00,2.269127e+00,2.100294e+00,2.226314e+00,1.344350e-01,2.015034e+00,2.410462e+00
6.636000e+00,1.262350e+00,2.395954e+00,2.327220e+00,2.329375e+00,2.354667e+00,2.393628e+00,2.378539e+00,2.260848e+00,2.389211e+00,2.343346e+00,2.104565e+00,2.088593e+00,2.109684e+00,2.341040e+00,2.078941e+00,2.033494e+00,2.025723e+00,2.135667e+00,2.411387e+00,2.015808e+00,2.158894e+00,2.152071e+00,2.247702e+00,2.267642e+00,2.101059e+00,2.226877e+00,1.343228e-01,2.015808e+00,2.411387e+00
6.637000e+00,1.262510e+00,2.396718e+00,2.328655e+00,2.330938e+00,2.355067e+00,2.393395e+00,2.379064e+00,2.260900e+00,2.389430e+00,2.343923e+00,2.105435e+00,2.089784e+00,2.110988e+00,2.342080e+00,2.079471e+00,2.034557e+00,2.026477e+00,2.134667e+00,2.412139e+00,2.016582e+00,2.159663e+00,2.152828e+00,2.246468e+00,2.266900e+00,2.102471e+00,2.227442e+00,1.342045e-01,2.016582e+00,2.412139e+00
6.638000e+00,1.262850e+00,2.397939e+00,2.328924e+00,2.331406e+00,2.356000e+00,2.392419e+00,2.379850e+00,2.261440e+00,2.389413e+00,2.343962e+00,2.106801e+00,2.091515e+00,2.111700e+00,2.343040e+00,2.080000e+00,2.035621e+00,2.027232e+00,2.137333e+00,2.413064e+00,2.017356e+00,2.160240e+00,2.153737e+00,2.246043e+00,2.266594e+00,2.102765e+00,2.228100e+00,1.339460e-01,2.017356e+00,2.413064e+00
6.639000e+00,1.263160e+00,2.400229e+00,2.329462e+00,2.331797e+00,2.356900e+00,2.392651e+00,2.381348e+00,2.262082e+00,2.389748e+00,2.344808e+00,2.108261e+00,2.092121e+00,2.112016e+00,2.343120e+00,2.080529e+00,2.036685e+00,2.027987e+00,2.136667e+00,2.413699e+00,2.018130e+00,2.160673e+00,2.154343e+00,2.245489e+00,2.267424e+00,2.104000e+00,2.228757e+00,1.339857e-01,2.018130e+00,2.413699e+00
6.640000e+00,1.263260e+00,2.400229e+00,2.331211e+00,2.330938e+00,2.357200e+00,2.392326e+00,2.382397e+00,2.263111e+00,2.390654e+00,2.345577e+00,2.109534e+00,2.092857e+00,2.113162e+00,2.346160e+00,2.081058e+00,2.037749e+00,2.028742e+00,2.135778e+00,2.414393e+00,2.018904e+00,2.161202e+00,2.154192e+00,2.245702e+00,2.268777e+00,2.104471e+00,2.229430e+00,1.340028e-01,2.018904e+00,2.414393e+00
6.641000e+00,1.263700e+00,2.401679e+00,2.331614e+00,2.332344e+00,2.356367e+00,2.393302e+00,2.383858e+00,2.263239e+00,2.390386e+00,2.347385e+00,2.111335e+00,2.093961e+00,2.114032e+00,2.345440e+00,2.081586e+00,2.038814e+00,2.029496e+00,2.139000e+00,2.415260e+00,2.019678e+00,2.162356e+00,2.155152e+00,2.246809e+00,2.270218e+00,2.105353e+00,2.230361e+00,1.338192e-01,2.019678e+00,2.415260e+00
6.642000e+00,1.263840e+00,2.402595e+00,2.332466e+00,2.331875e+00,2.355467e+00,2.393860e+00,2.384532e+00,2.263753e+00,2.391057e+00,2.347885e+00,2.111708e+00,2.094502e+00,2.115375e+00,2.346320e+00,2.082114e+00,2.039880e+00,2.030251e+00,2.138667e+00,2.417052e+00,2.020453e+00,2.163750e+00,2.156313e+00,2.247234e+00,2.271659e+00,2.105882e+00,2.231027e+00,1.337789e-01,2.020453e+00,2.417052e+00
6.643000e+00,1.264080e+00,2.404198e+00,2.332646e+00,2.333984e+00,2.355500e+00,2.394558e+00,2.385880e+00,2.264036e+00,2.391728e+00,2.348231e+00,2.112453e+00,2.095260e+00,2.116324e+00,2.348560e+00,2.082642e+00,2.040946e+00,2.031006e+00,2.138333e+00,2.416647e+00,2.021227e+00,2.164279e+00,2.157020e+00,2.248170e+00,2.273755e+00,2.106765e+00,2.231840e+00,1.338442e-01,2.021227e+00,2.416647e+00
6.644000e+00,1.264210e+00,2.403664e+00,2.334170e+00,2.336250e+00,2.356233e+00,2.395628e+00,2.386517e+00,2.264756e+00,2.392064e+00,2.349154e+00,2.112516e+00,2.096082e+00,2.116917e+00,2.348480e+00,2.083170e+00,2.042012e+00,2.031761e+00,2.140222e+00,2.417630e+00,2.022001e+00,2.165192e+00,2.156970e+00,2.249149e+00,2.275590e+00,2.106706e+00,2.232618e+00,1.338747e-01,2.022001e+00,2.417630e+00
6.645000e+00,1.264500e+00,2.404275e+00,2.334529e+00,2.336953e+00,2.356800e+00,2.395907e+00,2.387154e+00,2.265424e+00,2.392450e+00,2.349769e+00,2.113075e+00,2.096688e+00,2.118419e+00,2.350400e+00,2.083697e+00,2.043079e+00,2.032516e+00,2.140889e+00,2.418728e+00,2.022776e+00,2.165673e+00,2.157929e+00,2.248894e+00,2.276157e+00,2.107882e+00,2.233336e+00,1.338107e-01,2.022776e+00,2.418728e+00
6.646000e+00,1.264770e+00,2.404122e+00,2.336592e+00,2.337891e+00,2.357033e+00,2.396930e+00,2.386067e+00,2.266298e+00,2.393020e+00,2.350308e+00,2.114379e+00,2.097013e+00,2.120000e+00,2.350880e+00,2.084223e+00,2.044146e+00,2.033271e+00,2.139778e+00,2.419306e+00,2.023550e+00,2.166587e+00,2.158737e+00,2.250085e+00,2.276157e+00,2.108176e+00,2.233940e+00,1.336988e-01,2.023550e+00,2.419306e+00
6.647000e+00,1.265000e+00,2.403435e+00,2.336682e+00,2.336875e+00,2.357633e+00,2.398372e+00,2.385618e+00,2.267275e+00,2.392886e+00,2.350423e+00,2.115124e+00,2.097771e+00,2.121067e+00,2.352800e+00,2.084750e+00,2.045214e+00,2.034026e+00,2.141111e+00,2.419249e+00,2.024325e+00,2.167308e+00,2.159091e+00,2.251106e+00,2.277074e+00,2.108824e+00,2.234502e+00,1.334283e-01,2.024325e+00,2.419249e+00
6.648000e+00,1.265160e+00,2.402672e+00,2.338072e+00,2.337578e+00,2.358133e+00,2.398047e+00,2.386105e+00,2.267661e+00,2.393020e+00,2.351769e+00,2.115839e+00,2.098160e+00,2.121462e+00,2.354160e+00,2.085275e+00,2.046282e+00,2.034781e+00,2.141333e+00,2.420289e+00,2.025099e+00,2.168798e+00,2.159040e+00,2.251745e+00,2.278253e+00,2.108000e+00,2.235066e+00,1.334231e-01,2.025099e+00,2.420289e+00
6.649000e+00,1.265530e+00,2.402137e+00,2.339865e+00,2.338281e+00,2.358867e+00,2.399163e+00,2.386442e+00,2.267815e+00,2.392987e+00,2.353038e+00,2.117329e+00,2.099372e+00,2.122530e+00,2.355200e+00,2.085801e+00,2.047351e+00,2.035536e+00,2.142444e+00,2.421618e+00,2.025874e+00,2.170192e+00,2.160556e+00,2.253489e+00,2.279127e+00,2.106706e+00,2.235905e+00,1.333839e-01,2.025874e+00,2.421618e+00
6.650000e+00,1.265760e+00,2.402443e+00,2.340135e+00,2.340391e+00,2.359833e+00,2.399674e+00,2.386554e+00,2.267918e+00,2.392466e+00,2.352846e+00,2.119068e+00,2.100238e+00,2.123360e+00,2.356080e+00,2.086326e+00,2.048420e+00,2.036291e+00,2.142444e+00,2.422197e+00,2.026649e+00,2.171106e+00,2.161566e+00,2.254383e+00,2.280087e+00,2.106000e+00,2.236520e+00,1.332681e-01,2.026649e+00,2.422197e+00
6.651000e+00,1.266100e+00,2.401679e+00,2.341121e+00,2.340859e+00,2.360367e+00,2.400977e+00,2.387004e+00,2.267429e+00,2.391225e+00,2.352962e+00,2.120248e+00,2.100649e+00,2.124348e+00,2.356800e+00,2.086851e+00,2.049489e+00,2.037046e+00,2.143000e+00,2.422543e+00,2.027423e+00,2.171971e+00,2.161212e+00,2.255532e+00,2.281572e+00,2.104353e+00,2.236944e+00,1.331585e-01,2.027423e+00,2.422543e+00
6.652000e+00,1.266060e+00,2.402901e+00,2.341525e+00,2.338750e+00,2.360867e+00,2.401907e+00,2.388240e+00,2.266375e+00,2.388809e+00,2.353231e+00,2.121304e+00,2.100152e+00,2.124783e+00,2.355920e+00,2.087376e+00,2.050559e+00,2.037801e+00,2.144333e+00,2.423468e+00,2.028198e+00,2.172452e+00,2.159343e+00,2.257191e+00,2.283144e+00,2.105824e+00,2.237269e+00,1.329476e-01,2.028198e+00,2.423468e+00
6.653000e+00,1.266580e+00,2.403740e+00,2.342422e+00,2.339062e+00,2.361400e+00,2.403070e+00,2.389363e+00,2.265990e+00,2.387366e+00,2.354154e+00,2.121925e+00,2.100087e+00,2.125296e+00,2.358000e+00,2.087900e+00,2.051630e+00,2.038557e+00,2.142000e+00,2.423584e+00,2.028973e+00,2.172837e+00,2.158636e+00,2.258383e+00,2.285983e+00,2.105647e+00,2.237750e+00,1.331234e-01,2.028973e+00,2.423584e+00
6.654000e+00,1.266770e+00,2.405267e+00,2.342018e+00,2.339219e+00,2.362367e+00,2.403860e+00,2.390150e+00,2.266530e+00,2.387148e+00,2.354192e+00,2.123043e+00,2.099805e+00,2.126087e+00,2.359280e+00,2.088424e+00,2.052701e+00,2.039312e+00,2.144000e+00,2.423757e+00,2.029748e+00,2.172644e+00,2.158737e+00,2.259149e+00,2.286900e+00,2.106471e+00,2.238367e+00,1.330509e-01,2.029748e+00,2.423757e+00
6.655000e+00,1.266940e+00,2.406031e+00,2.342735e+00,2.337656e+00,2.363033e+00,2.405209e+00,2.390674e+00,2.266864e+00,2.386879e+00,2.354923e+00,2.123571e+00,2.100368e+00,2.126996e+00,2.361760e+00,2.088947e+00,2.053772e+00,2.040067e+00,2.144444e+00,2.423064e+00,2.030522e+00,2.172548e+00,2.158939e+00,2.259660e+00,2.288297e+00,2.107176e+00,2.238922e+00,1.329773e-01,2.030522e+00,2.423064e+00
6.656000e+00,1.267270e+00,2.407252e+00,2.343363e+00,2.340156e+00,2.363800e+00,2.405953e+00,2.391948e+00,2.267069e+00,2.386862e+00,2.355423e+00,2.125124e+00,2.100974e+00,2.128379e+00,2.360880e+00,2.089470e+00,2.054844e+00,2.040822e+00,2.144889e+00,2.420751e+00,2.031297e+00,2.171971e+00,2.158889e+00,2.260681e+00,2.289520e+00,2.108118e+00,2.239518e+00,1.327945e-01,2.031297e+00,2.420751e+00
6.657000e+00,1.267570e+00,2.408168e+00,2.343363e+00,2.341641e+00,2.365000e+00,2.407023e+00,2.392622e+00,2.267532e+00,2.387668e+00,2.356538e+00,2.125963e+00,2.101818e+00,2.128419e+00,2.362400e+00,2.089993e+00,2.055916e+00,2.041577e+00,2.147222e+00,2.420116e+00,2.032072e+00,2.170962e+00,2.159747e+00,2.261191e+00,2.290349e+00,2.110059e+00,2.240307e+00,1.327440e-01,2.032072e+00,2.420116e+00
6.658000e+00,1.267770e+00,2.408321e+00,2.344978e+00,2.342578e+00,2.365167e+00,2.406744e+00,2.393745e+00,2.267995e+00,2.388104e+00,2.357577e+00,2.127081e+00,2.102554e+00,2.128893e+00,2.362400e+00,2.090516e+00,2.056989e+00,2.042333e+00,2.146556e+00,2.420289e+00,2.032847e+00,2.171202e+00,2.160051e+00,2.262383e+00,2.289869e+00,2.110235e+00,2.240809e+00,1.326790e-01,2.032847e+00,2.420289e+00
6.659000e+00,1.268100e+00,2.409618e+00,2.345471e+00,2.341484e+00,2.365967e+00,2.408558e+00,2.394757e+00,2.268612e+00,2.389245e+00,2.357846e+00,2.127640e+00,2.103593e+00,2.130119e+00,2.364480e+00,2.091038e+00,2.058063e+00,2.043088e+00,2.142889e+00,2.421676e+00,2.033622e+00,2.171538e+00,2.161010e+00,2.262511e+00,2.289127e+00,2.111059e+00,2.241375e+00,1.328729e-01,2.033622e+00,2.421676e+00
6.660000e+00,1.268280e+00,2.412443e+00,2.345964e+00,2.341172e+00,2.366567e+00,2.408372e+00,2.395655e+00,2.269717e+00,2.389916e+00,2.358731e+00,2.128323e+00,2.104394e+00,2.130988e+00,2.364320e+00,2.091559e+00,2.059136e+00,2.043843e+00,2.144778e+00,2.422081e+00,2.034397e+00,2.173269e+00,2.161414e+00,2.263745e+00,2.289258e+00,2.112471e+00,2.242188e+00,1.327493e-01,2.034397e+00,2.422081e+00
6.661000e+00,1.268700e+00,2.411832e+00,2.346143e+00,2.341953e+00,2.367733e+00,2.409628e+00,2.397303e+00,2.270437e+00,2.390738e+00,2.359808e+00,2.128665e+00,2.105346e+00,2.131542e+00,2.364640e+00,2.092081e+00,2.060211e+00,2.044599e+00,2.142222e+00,2.423410e+00,2.035173e+00,2.174375e+00,2.162727e+00,2.265149e+00,2.289869e+00,2.113706e+00,2.242887e+00,1.328433e-01,2.035173e+00,2.423410e+00
6.662000e+00,1.268850e+00,2.413130e+00,2.346637e+00,2.343203e+00,2.367867e+00,2.409488e+00,2.398202e+00,2.271260e+00,2.391342e+00,2.360423e+00,2.129224e+00,2.106082e+00,2.132174e+00,2.366480e+00,2.092602e+00,2.061285e+00,2.045354e+00,2.141667e+00,2.424971e+00,2.035948e+00,2.175096e+00,2.164293e+00,2.265787e+00,2.290961e+00,2.114765e+00,2.243677e+00,1.329084e-01,2.035948e+00,2.424971e+00
6.663000e+00,1.269100e+00,2.414504e+00,2.347130e+00,2.343906e+00,2.369033e+00,2.410744e+00,2.399139e+00,2.271774e+00,2.392164e+00,2.359846e+00,2.130093e+00,2.106688e+00,2.133004e+00,2.368320e+00,2.093122e+00,2.062360e+00,2.046110e+00,2.140889e+00,2.424682e+00,2.036723e+00,2.176683e+00,2.165354e+00,2.266681e+00,2.292227e+00,2.116941e+00,2.244505e+00,1.328842e-01,2.036723e+00,2.424682e+00
6.664000e+00,1.269380e+00,2.414046e+00,2.347803e+00,2.344766e+00,2.369700e+00,2.411116e+00,2.400000e+00,2.272699e+00,2.393087e+00,2.361577e+00,2.130932e+00,2.108182e+00,2.134387e+00,2.367520e+00,2.093643e+00,2.063436e+00,2.046865e+00,2.143000e+00,2.425954e+00,2.037498e+00,2.178173e+00,2.166212e+00,2.267787e+00,2.293450e+00,2.117353e+00,2.245383e+00,1.327120e-01,2.037498e+00,2.425954e+00
6.665000e+00,1.269600e+00,2.415878e+00,2.349058e+00,2.345078e+00,2.370167e+00,2.412093e+00,2.401011e+00,2.273162e+00,2.393423e+00,2.362385e+00,2.132143e+00,2.108918e+00,2.135415e+00,2.369280e+00,2.094163e+00,2.064512e+00,2.047621e+00,2.142222e+00,2.427803e+00,2.038274e+00,2.179135e+00,2.167020e+00,2.267447e+00,2.295153e+00,2.119118e+00,2.246270e+00,1.328422e-01,2.038274e+00,2.427803e+00
6.666000e+00,1.269840e+00,2.416641e+00,2.350493e+00,2.345703e+00,2.370667e+00,2.411860e+00,2.402360e+00,2.273470e+00,2.394161e+00,2.362654e+00,2.133696e+00,2.109069e+00,2.136522e+00,2.370720e+00,2.094682e+00,2.065589e+00,2.048376e+00,2.143556e+00,2.428786e+00,2.039049e+00,2.179615e+00,2.168182e+00,2.268213e+00,2.295764e+00,2.118647e+00,2.247020e+00,1.328464e-01,2.039049e+00,2.428786e+00
6.667000e+00,1.270200e+00,2.416718e+00,2.351256e+00,2.346250e+00,2.371033e+00,2.413953e+00,2.402360e+00,2.273907e+00,2.394732e+00,2.362462e+00,2.135031e+00,2.110130e+00,2.137470e+00,2.371840e+00,2.095201e+00,2.066666e+00,2.049132e+00,2.144000e+00,2.429422e+00,2.039824e+00,2.180721e+00,2.169091e+00,2.268936e+00,2.296812e+00,2.119235e+00,2.247758e+00,1.327449e-01,2.039824e+00,2.429422e+00
6.668000e+00,1.270390e+00,2.418092e+00,2.351839e+00,2.345625e+00,2.371800e+00,2.414419e+00,2.403858e+00,2.274344e+00,2.394362e+00,2.362577e+00,2.135839e+00,2.110476e+00,2.138340e+00,2.371760e+00,2.095720e+00,2.067743e+00,2.049887e+00,2.143333e+00,2.430405e+00,2.040600e+00,2.180721e+00,2.170556e+00,2.269957e+00,2.299170e+00,2.119588e+00,2.248375e+00,1.327464e-01,2.040600e+00,2.430405e+00
6.669000e+00,1.270740e+00,2.418931e+00,2.353767e+00,2.346797e+00,2.372100e+00,2.415302e+00,2.405056e+00,2.274756e+00,2.394597e+00,2.363269e+00,2.136553e+00,2.111753e+00,2.139881e+00,2.372800e+00,2.096239e+00,2.068821e+00,2.050643e+00,2.145556e+00,2.431792e+00,2.041375e+00,2.182788e+00,2.171212e+00,2.270638e+00,2.299738e+00,2.121000e+00,2.249390e+00,1.326712e-01,2.041375e+00,2.431792e+00
6.670000e+00,1.270870e+00,2.418473e+00,2.354170e+00,2.349141e+00,2.372500e+00,2.415535e+00,2.405468e+00,2.275398e+00,2.394950e+00,2.362115e+00,2.137516e+00,2.112965e+00,2.140277e+00,2.375280e+00,2.096757e+00,2.069899e+00,2.051399e+00,2.146444e+00,2.432428e+00,2.042151e+00,2.183413e+00,2.172424e+00,2.270213e+00,2.300611e+00,2.120118e+00,2.249985e+00,1.325851e-01,2.042151e+00,2.432428e+00
6.671000e+00,1.271150e+00,2.421298e+00,2.352466e+00,2.349375e+00,2.371433e+00,2.415674e+00,2.406891e+00,2.276041e+00,2.395151e+00,2.361231e+00,2.138416e+00,2.114091e+00,2.139130e+00,2.374880e+00,2.097275e+00,2.070978e+00,2.052154e+00,2.146667e+00,2.434104e+00,2.042926e+00,2.184038e+00,2.173283e+00,2.269149e+00,2.300437e+00,2.120765e+00,2.250327e+00,1.324874e-01,2.042926e+00,2.434104e+00
6.672000e+00,1.271530e+00,2.421679e+00,2.351525e+00,2.349219e+00,2.371067e+00,2.415070e+00,2.407566e+00,2.277044e+00,2.395688e+00,2.360577e+00,2.138571e+00,2.115714e+00,2.138972e+00,2.374880e+00,2.097792e+00,2.072057e+00,2.052910e+00,2.148333e+00,2.433410e+00,2.043702e+00,2.185288e+00,2.174192e+00,2.268213e+00,2.301310e+00,2.121882e+00,2.250694e+00,1.320390e-01,2.043702e+00,2.433410e+00
6.673000e+00,1.271670e+00,2.421679e+00,2.351256e+00,2.350156e+00,2.371033e+00,2.415023e+00,2.408614e+00,2.277147e+00,2.396426e+00,2.360423e+00,2.139783e+00,2.117078e+00,2.138340e+00,2.377840e+00,2.098309e+00,2.073137e+00,2.053666e+00,2.149111e+00,2.435029e+00,2.044478e+00,2.186538e+00,2.175000e+00,2.268340e+00,2.303450e+00,2.122353e+00,2.251425e+00,1.320319e-01,2.044478e+00,2.435029e+00
6.674000e+00,1.271920e+00,2.423206e+00,2.350538e+00,2.352500e+00,2.371567e+00,2.415488e+00,2.409176e+00,2.277712e+00,2.396074e+00,2.360962e+00,2.140124e+00,2.118225e+00,2.138735e+00,2.378160e+00,2.098826e+00,2.074217e+00,2.054422e+00,2.149444e+00,2.436879e+00,2.045253e+00,2.186875e+00,2.176010e+00,2.268723e+00,2.304803e+00,2.123059e+00,2.252124e+00,1.320599e-01,2.045253e+00,2.436879e+00
6.675000e+00,1.272140e+00,2.423435e+00,2.349327e+00,2.352812e+00,2.372033e+00,2.416558e+00,2.410075e+00,2.278226e+00,2.396493e+00,2.360885e+00,2.141398e+00,2.119416e+00,2.138656e+00,2.378320e+00,2.099342e+00,2.075298e+00,2.055177e+00,2.150000e+00,2.437283e+00,2.046029e+00,2.188510e+00,2.176768e+00,2.269532e+00,2.305459e+00,2.123765e+00,2.252700e+00,1.318540e-01,2.046029e+00,2.437283e+00
6.676000e+00,1.272400e+00,2.425344e+00,2.350538e+00,2.354922e+00,2.373167e+00,2.416233e+00,2.411236e+00,2.278972e+00,2.397030e+00,2.361654e+00,2.142019e+00,2.120065e+00,2.139565e+00,2.377920e+00,2.099858e+00,2.076379e+00,2.055933e+00,2.153333e+00,2.438324e+00,2.046805e+00,2.189327e+00,2.177121e+00,2.270638e+00,2.305546e+00,2.124824e+00,2.253615e+00,1.318135e-01,2.046805e+00,2.438324e+00
6.677000e+00,1.272740e+00,2.425573e+00,2.349596e+00,2.356016e+00,2.373567e+00,2.417023e+00,2.412097e+00,2.279563e+00,2.397164e+00,2.363115e+00,2.142329e+00,2.121429e+00,2.139605e+00,2.380480e+00,2.100374e+00,2.077461e+00,2.056689e+00,2.152778e+00,2.439480e+00,2.047581e+00,2.190673e+00,2.178030e+00,2.271830e+00,2.306812e+00,2.126118e+00,2.254391e+00,1.318507e-01,2.047581e+00,2.439480e+00
6.678000e+00,1.272960e+00,2.426107e+00,2.350538e+00,2.355156e+00,2.374067e+00,2.417163e+00,2.412734e+00,2.280206e+00,2.397936e+00,2.363615e+00,2.143230e+00,2.122641e+00,2.140079e+00,2.381520e+00,2.100889e+00,2.078543e+00,2.057445e+00,2.153889e+00,2.440578e+00,2.048357e+00,2.191635e+00,2.179091e+00,2.272894e+00,2.307424e+00,2.126471e+00,2.255092e+00,1.317390e-01,2.048357e+00,2.440578e+00
6.679000e+00,1.273160e+00,2.427481e+00,2.350448e+00,2.357578e+00,2.374500e+00,2.417628e+00,2.413745e+00,2.280746e+00,2.398792e+00,2.364115e+00,2.144317e+00,2.123182e+00,2.141146e+00,2.383440e+00,2.101404e+00,2.079626e+00,2.058201e+00,2.156333e+00,2.442081e+00,2.049133e+00,2.193462e+00,2.178788e+00,2.273064e+00,2.308166e+00,2.127235e+00,2.256025e+00,1.317956e-01,2.049133e+00,2.442081e+00
6.680000e+00,1.273540e+00,2.427557e+00,2.349910e+00,2.356484e+00,2.374667e+00,2.418186e+00,2.414906e+00,2.281003e+00,2.399027e+00,2.364154e+00,2.144658e+00,2.124221e+00,2.141897e+00,2.383600e+00,2.101919e+00,2.080709e+00,2.058957e+00,2.155111e+00,2.442775e+00,2.049909e+00,2.195433e+00,2.179192e+00,2.274809e+00,2.308821e+00,2.128059e+00,2.256498e+00,1.316140e-01,2.049909e+00,2.442775e+00
6.681000e+00,1.273750e+00,2.429084e+00,2.352332e+00,2.356797e+00,2.375467e+00,2.420047e+00,2.415356e+00,2.281208e+00,2.399765e+00,2.365308e+00,2.144565e+00,2.124610e+00,2.143439e+00,2.384560e+00,2.102433e+00,2.081792e+00,2.059713e+00,2.155444e+00,2.444393e+00,2.050685e+00,2.197067e+00,2.180253e+00,2.275489e+00,2.308428e+00,2.128412e+00,2.257360e+00,1.317981e-01,2.050685e+00,2.444393e+00
6.682000e+00,1.273960e+00,2.429313e+00,2.352556e+00,2.357500e+00,2.376533e+00,2.420372e+00,2.416367e+00,2.281311e+00,2.399883e+00,2.366385e+00,2.143634e+00,2.125346e+00,2.144822e+00,2.386320e+00,2.102947e+00,2.082876e+00,2.060469e+00,2.156667e+00,2.445665e+00,2.051461e+00,2.197837e+00,2.182273e+00,2.276638e+00,2.309956e+00,2.129000e+00,2.258172e+00,1.318099e-01,2.051461e+00,2.445665e+00
6.683000e+00,1.274170e+00,2.429237e+00,2.353274e+00,2.357031e+00,2.377433e+00,2.421302e+00,2.417453e+00,2.280283e+00,2.398473e+00,2.366231e+00,2.143634e+00,2.125801e+00,2.145257e+00,2.386320e+00,2.103461e+00,2.083960e+00,2.061225e+00,2.158667e+00,2.445376e+00,2.052237e+00,2.198606e+00,2.183889e+00,2.278128e+00,2.309825e+00,2.130059e+00,2.258632e+00,1.314848e-01,2.052237e+00,2.445376e+00
6.684000e+00,1.274510e+00,2.429771e+00,2.354350e+00,2.358203e+00,2.378300e+00,2.423302e+00,2.418202e+00,2.279357e+00,2.397534e+00,2.366538e+00,2.142857e+00,2.126407e+00,2.146482e+00,2.387040e+00,2.103974e+00,2.085045e+00,2.061981e+00,2.159222e+00,2.446243e+00,2.053013e+00,2.199856e+00,2.184444e+00,2.279021e+00,2.310044e+00,2.131059e+00,2.259260e+00,1.314898e-01,2.053013e+00,2.446243e+00
6.685000e+00,1.274490e+00,2.430687e+00,2.355605e+00,2.358125e+00,2.378700e+00,2.424000e+00,2.419438e+00,2.279409e+00,2.396258e+00,2.367731e+00,2.142950e+00,2.127338e+00,2.147628e+00,2.389280e+00,2.104487e+00,2.086131e+00,2.062737e+00,2.160556e+00,2.447052e+00,2.053789e+00,2.199183e+00,2.185253e+00,2.280681e+00,2.310961e+00,2.131529e+00,2.259979e+00,1.315045e-01,2.053789e+00,2.447052e+00
6.686000e+00,1.274860e+00,2.431908e+00,2.357399e+00,2.359531e+00,2.379467e+00,2.424977e+00,2.420075e+00,2.279254e+00,2.396409e+00,2.368731e+00,2.143851e+00,2.127879e+00,2.149249e+00,2.389920e+00,2.104999e+00,2.087216e+00,2.063493e+00,2.160000e+00,2.447225e+00,2.054566e+00,2.200288e+00,2.186515e+00,2.280426e+00,2.311616e+00,2.132412e+00,2.260725e+00,1.315002e-01,2.054566e+00,2.447225e+00
6.687000e+00,1.275040e+00,2.432366e+00,2.358206e+00,2.358906e+00,2.380433e+00,2.424930e+00,2.421124e+00,2.279383e+00,2.396661e+00,2.368500e+00,2.144006e+00,2.128506e+00,2.150277e+00,2.390640e+00,2.105511e+00,2.088303e+00,2.064249e+00,2.160667e+00,2.448902e+00,2.055342e+00,2.200577e+00,2.186768e+00,2.281532e+00,2.313057e+00,2.132471e+00,2.261305e+00,1.314940e-01,2.055342e+00,2.448902e+00
6.688000e+00,1.275410e+00,2.431374e+00,2.359865e+00,2.357891e+00,2.381633e+00,2.426977e+00,2.420787e+00,2.279589e+00,2.396443e+00,2.369385e+00,2.144689e+00,2.129481e+00,2.150593e+00,2.391360e+00,2.106023e+00,2.089389e+00,2.065005e+00,2.160556e+00,2.449538e+00,2.056118e+00,2.200962e+00,2.187273e+00,2.281234e+00,2.315502e+00,2.133765e+00,2.261893e+00,1.313951e-01,2.056118e+00,2.449538e+00
6.689000e+00,1.275650e+00,2.430458e+00,2.361166e+00,2.360938e+00,2.382500e+00,2.427163e+00,2.420412e+00,2.279794e+00,2.396393e+00,2.370308e+00,2.145342e+00,2.130303e+00,2.151067e+00,2.390960e+00,2.106535e+00,2.090477e+00,2.065761e+00,2.162111e+00,2.449653e+00,2.056895e+00,2.202115e+00,2.188283e+00,2.282723e+00,2.315459e+00,2.133765e+00,2.262524e+00,1.311801e-01,2.056895e+00,2.449653e+00
6.690000e+00,1.275740e+00,2.431145e+00,2.362825e+00,2.359141e+00,2.382767e+00,2.428512e+00,2.420787e+00,2.280386e+00,2.396409e+00,2.371038e+00,2.146211e+00,2.131407e+00,2.152095e+00,2.391840e+00,2.107046e+00,2.091564e+00,2.066517e+00,2.162889e+00,2.451561e+00,2.057671e+00,2.202452e+00,2.188636e+00,2.283532e+00,2.315852e+00,2.134235e+00,2.263188e+00,1.311471e-01,2.057671e+00,2.451561e+00
6.691000e+00,1.276150e+00,2.430840e+00,2.364170e+00,2.360781e+00,2.384000e+00,2.429442e+00,2.421086e+00,2.281105e+00,2.396762e+00,2.371154e+00,2.147081e+00,2.132100e+00,2.152688e+00,2.393280e+00,2.107556e+00,2.092652e+00,2.067274e+00,2.165000e+00,2.451156e+00,2.058447e+00,2.203606e+00,2.189545e+00,2.284723e+00,2.316507e+00,2.134824e+00,2.263991e+00,1.310113e-01,2.058447e+00,2.451156e+00
6.692000e+00,1.276460e+00,2.431603e+00,2.365785e+00,2.361953e+00,2.384700e+00,2.430465e+00,2.421835e+00,2.282288e+00,2.397433e+00,2.371538e+00,2.147640e+00,2.133853e+00,2.154427e+00,2.393760e+00,2.108067e+00,2.093741e+00,2.068030e+00,2.165444e+00,2.450983e+00,2.059224e+00,2.204423e+00,2.190556e+00,2.285787e+00,2.317729e+00,2.135176e+00,2.264852e+00,1.309360e-01,2.059224e+00,2.450983e+00
6.693000e+00,1.276510e+00,2.433206e+00,2.366278e+00,2.362812e+00,2.385867e+00,2.431349e+00,2.423258e+00,2.282931e+00,2.397953e+00,2.372615e+00,2.149441e+00,2.135260e+00,2.155257e+00,2.395200e+00,2.108577e+00,2.094830e+00,2.068786e+00,2.164667e+00,2.449769e+00,2.060001e+00,2.202837e+00,2.191263e+00,2.286766e+00,2.318253e+00,2.135882e+00,2.265544e+00,1.309640e-01,2.060001e+00,2.449769e+00
6.694000e+00,1.276910e+00,2.432672e+00,2.367130e+00,2.363437e+00,2.386467e+00,2.431860e+00,2.424082e+00,2.283162e+00,2.398674e+00,2.373423e+00,2.150559e+00,2.136104e+00,2.155178e+00,2.397520e+00,2.109087e+00,2.095920e+00,2.069542e+00,2.167222e+00,2.448324e+00,2.060777e+00,2.200913e+00,2.192071e+00,2.287277e+00,2.318777e+00,2.136765e+00,2.266123e+00,1.308036e-01,2.060777e+00,2.448324e+00
6.695000e+00,1.277140e+00,2.433511e+00,2.368161e+00,2.363047e+00,2.387200e+00,2.432186e+00,2.425356e+00,2.284267e+00,2.399295e+00,2.373385e+00,2.152050e+00,2.137208e+00,2.156047e+00,2.398480e+00,2.109596e+00,2.097009e+00,2.070299e+00,2.168444e+00,2.448324e+00,2.061554e+00,2.201250e+00,2.192323e+00,2.288298e+00,2.318384e+00,2.137706e+00,2.266808e+00,1.306465e-01,2.061554e+00,2.448324e+00
6.696000e+00,1.277410e+00,2.435649e+00,2.367982e+00,2.363750e+00,2.387633e+00,2.433860e+00,2.425693e+00,2.285321e+00,2.399799e+00,2.374038e+00,2.153106e+00,2.137771e+00,2.156877e+00,2.397360e+00,2.110105e+00,2.098100e+00,2.071055e+00,2.168000e+00,2.448324e+00,2.062331e+00,2.202981e+00,2.192172e+00,2.289404e+00,2.318734e+00,2.139471e+00,2.267480e+00,1.305503e-01,2.062331e+00,2.448324e+00
6.697000e+00,1.277710e+00,2.435725e+00,2.368610e+00,2.364609e+00,2.387700e+00,2.434512e+00,2.425768e+00,2.285578e+00,2.400872e+00,2.374923e+00,2.153882e+00,2.138550e+00,2.157628e+00,2.398640e+00,2.110613e+00,2.099191e+00,2.071811e+00,2.170556e+00,2.449827e+00,2.063107e+00,2.203269e+00,2.192727e+00,2.290383e+00,2.319345e+00,2.139882e+00,2.268238e+00,1.304892e-01,2.063107e+00,2.449827e+00
6.698000e+00,1.277990e+00,2.434962e+00,2.368296e+00,2.365000e+00,2.388467e+00,2.435070e+00,2.426592e+00,2.286272e+00,2.401829e+00,2.375769e+00,2.154876e+00,2.139762e+00,2.157391e+00,2.398160e+00,2.111122e+00,2.100282e+00,2.072568e+00,2.169667e+00,2.450289e+00,2.063884e+00,2.203990e+00,2.193182e+00,2.291532e+00,2.319389e+00,2.139882e+00,2.268676e+00,1.303817e-01,2.063884e+00,2.450289e+00
6.699000e+00,1.278300e+00,2.437023e+00,2.368430e+00,2.366641e+00,2.388067e+00,2.435209e+00,2.428352e+00,2.287172e+00,2.402819e+00,2.376077e+00,2.156087e+00,2.138961e+00,2.158735e+00,2.398880e+00,2.111629e+00,2.101374e+00,2.073324e+00,2.169333e+00,2.450867e+00,2.064661e+00,2.205048e+00,2.191919e+00,2.292723e+00,2.319651e+00,2.140941e+00,2.269330e+00,1.304974e-01,2.064661e+00,2.450867e+00
6.700000e+00,1.278450e+00,2.437405e+00,2.368969e+00,2.366484e+00,2.387833e+00,2.436047e+00,2.429401e+00,2.287455e+00,2.404094e+00,2.375962e+00,2.156894e+00,2.138117e+00,2.160553e+00,2.399760e+00,2.112137e+00,2.102466e+00,2.074081e+00,2.171889e+00,2.451792e+00,2.065438e+00,2.205577e+00,2.189697e+00,2.292936e+00,2.321310e+00,2.141647e+00,2.269914e+00,1.304852e-01,2.065438e+00,2.451792e+00
6.701000e+00,1.278600e+00,2.438473e+00,2.369596e+00,2.368594e+00,2.386833e+00,2.437070e+00,2.430337e+00,2.288021e+00,2.404178e+00,2.376885e+00,2.157422e+00,2.137381e+00,2.161304e+00,2.400560e+00,2.112644e+00,2.103559e+00,2.074837e+00,2.173111e+00,2.452254e+00,2.066215e+00,2.207452e+00,2.189596e+00,2.293830e+00,2.321266e+00,2.142706e+00,2.270589e+00,1.304834e-01,2.066215e+00,2.452254e+00
6.702000e+00,1.279080e+00,2.438473e+00,2.370807e+00,2.368984e+00,2.386467e+00,2.437535e+00,2.431161e+00,2.288072e+00,2.404631e+00,2.377654e+00,2.158727e+00,2.137489e+00,2.161581e+00,2.402960e+00,2.113151e+00,2.104652e+00,2.075593e+00,2.171667e+00,2.453873e+00,2.066992e+00,2.208077e+00,2.190101e+00,2.294681e+00,2.322969e+00,2.142706e+00,2.271208e+00,1.306382e-01,2.066992e+00,2.453873e+00
6.703000e+00,1.279160e+00,2.439542e+00,2.370762e+00,2.369531e+00,2.386800e+00,2.437395e+00,2.431798e+00,2.288560e+00,2.405822e+00,2.377923e+00,2.159099e+00,2.138355e+00,2.161779e+00,2.402720e+00,2.113657e+00,2.105746e+00,2.076350e+00,2.174000e+00,2.454451e+00,2.067769e+00,2.208798e+00,2.190455e+00,2.293787e+00,2.323799e+00,2.143824e+00,2.271780e+00,1.304603e-01,2.067769e+00,2.454451e+00
6.704000e+00,1.279640e+00,2.441298e+00,2.371883e+00,2.370000e+00,2.386933e+00,2.437767e+00,2.433820e+00,2.289614e+00,2.406359e+00,2.378308e+00,2.159814e+00,2.139264e+00,2.163241e+00,2.401680e+00,2.114163e+00,2.106840e+00,2.077106e+00,2.175444e+00,2.454855e+00,2.068546e+00,2.210337e+00,2.190303e+00,2.292511e+00,2.325109e+00,2.143941e+00,2.272464e+00,1.303951e-01,2.068546e+00,2.454855e+00
6.705000e+00,1.279750e+00,2.442290e+00,2.372780e+00,2.368672e+00,2.387533e+00,2.436372e+00,2.435094e+00,2.290000e+00,2.406594e+00,2.379692e+00,2.159752e+00,2.139459e+00,2.164190e+00,2.399760e+00,2.114669e+00,2.107935e+00,2.077863e+00,2.175111e+00,2.456821e+00,2.069323e+00,2.211490e+00,2.191465e+00,2.291830e+00,2.325240e+00,2.143647e+00,2.272816e+00,1.302935e-01,2.069323e+00,2.456821e+00
6.706000e+00,1.280080e+00,2.442595e+00,2.374126e+00,2.370625e+00,2.388267e+00,2.435581e+00,2.435993e+00,2.290437e+00,2.407768e+00,2.380923e+00,2.160714e+00,2.140065e+00,2.164901e+00,2.400240e+00,2.115175e+00,2.109030e+00,2.078620e+00,2.174000e+00,2.458728e+00,2.070100e+00,2.212548e+00,2.192222e+00,2.291362e+00,2.326070e+00,2.142647e+00,2.273447e+00,1.304540e-01,2.070100e+00,2.458728e+00
6.707000e+00,1.280340e+00,2.443969e+00,2.375919e+00,2.369766e+00,2.388700e+00,2.436186e+00,2.437303e+00,2.290951e+00,2.407936e+00,2.380577e+00,2.161863e+00,2.141061e+00,2.166680e+00,2.401280e+00,2.115680e+00,2.110125e+00,2.079376e+00,2.177000e+00,2.459422e+00,2.070877e+00,2.213750e+00,2.193081e+00,2.292255e+00,2.325459e+00,2.140588e+00,2.274159e+00,1.303732e-01,2.070877e+00,2.459422e+00
6.708000e+00,1.280540e+00,2.444504e+00,2.376413e+00,2.371797e+00,2.390233e+00,2.437628e+00,2.438914e+00,2.291542e+00,2.407768e+00,2.380231e+00,2.162919e+00,2.141970e+00,2.167866e+00,2.402480e+00,2.116184e+00,2.111221e+00,2.080133e+00,2.177778e+00,2.461098e+00,2.071654e+00,2.214952e+00,2.194242e+00,2.292383e+00,2.326157e+00,2.140765e+00,2.275035e+00,1.304578e-01,2.071654e+00,2.461098e+00
6.709000e+00,1.280760e+00,2.443588e+00,2.377803e+00,2.375234e+00,2.390800e+00,2.437535e+00,2.440225e+00,2.291517e+00,2.407601e+00,2.379615e+00,2.164410e+00,2.142662e+00,2.168735e+00,2.404720e+00,2.116689e+00,2.112318e+00,2.080889e+00,2.176111e+00,2.460751e+00,2.072432e+00,2.215865e+00,2.195707e+00,2.293021e+00,2.327424e+00,2.140353e+00,2.275667e+00,1.304362e-01,2.072432e+00,2.460751e+00
6.710000e+00,1.281080e+00,2.445344e+00,2.378386e+00,2.374766e+00,2.392167e+00,2.437721e+00,2.440749e+00,2.291928e+00,2.407819e+00,2.378846e+00,2.165776e+00,2.143225e+00,2.169921e+00,2.405600e+00,2.117193e+00,2.113415e+00,2.081646e+00,2.180222e+00,2.462543e+00,2.073209e+00,2.216346e+00,2.196364e+00,2.293872e+00,2.328428e+00,2.140353e+00,2.276493e+00,1.303243e-01,2.073209e+00,2.462543e+00
6.711000e+00,1.281110e+00,2.446336e+00,2.380000e+00,2.375625e+00,2.393067e+00,2.439721e+00,2.441536e+00,2.292519e+00,2.408440e+00,2.378077e+00,2.167764e+00,2.144221e+00,2.170435e+00,2.406480e+00,2.117696e+00,2.114512e+00,2.082403e+00,2.179111e+00,2.463121e+00,2.073986e+00,2.217885e+00,2.197677e+00,2.294851e+00,2.329258e+00,2.140529e+00,2.277302e+00,1.303831e-01,2.073986e+00,2.463121e+00
6.712000e+00,1.281470e+00,2.446870e+00,2.380314e+00,2.375859e+00,2.393967e+00,2.440279e+00,2.443184e+00,2.293368e+00,2.409161e+00,2.379000e+00,2.168137e+00,2.145519e+00,2.171621e+00,2.405920e+00,2.118199e+00,2.115610e+00,2.083159e+00,2.179556e+00,2.464277e+00,2.074764e+00,2.218750e+00,2.199192e+00,2.296255e+00,2.330611e+00,2.141706e+00,2.278137e+00,1.303097e-01,2.074764e+00,2.464277e+00
6.713000e+00,1.281700e+00,2.448702e+00,2.382197e+00,2.375469e+00,2.394600e+00,2.441349e+00,2.443558e+00,2.293290e+00,2.409027e+00,2.379808e+00,2.168602e+00,2.146645e+00,2.172925e+00,2.409120e+00,2.118702e+00,2.116708e+00,2.083916e+00,2.181000e+00,2.466647e+00,2.075541e+00,2.219567e+00,2.200354e+00,2.297234e+00,2.332096e+00,2.142882e+00,2.279164e+00,1.304505e-01,2.075541e+00,2.466647e+00
6.714000e+00,1.282130e+00,2.449389e+00,2.381883e+00,2.376484e+00,2.396100e+00,2.442279e+00,2.444232e+00,2.293085e+00,2.408523e+00,2.380038e+00,2.168944e+00,2.147835e+00,2.172648e+00,2.410240e+00,2.119205e+00,2.117807e+00,2.084673e+00,2.182222e+00,2.466821e+00,2.076319e+00,2.220529e+00,2.201061e+00,2.297702e+00,2.333668e+00,2.143529e+00,2.279801e+00,1.303842e-01,2.076319e+00,2.466821e+00
6.715000e+00,1.282260e+00,2.449466e+00,2.382691e+00,2.377266e+00,2.396000e+00,2.443442e+00,2.444644e+00,2.292005e+00,2.407114e+00,2.379731e+00,2.169938e+00,2.148810e+00,2.173123e+00,2.409280e+00,2.119707e+00,2.118906e+00,2.085430e+00,2.180222e+00,2.467399e+00,2.077096e+00,2.221058e+00,2.202222e+00,2.299404e+00,2.333406e+00,2.144000e+00,2.280098e+00,1.301770e-01,2.077096e+00,2.467399e+00
6.716000e+00,1.282610e+00,2.450229e+00,2.383049e+00,2.376797e+00,2.397067e+00,2.443581e+00,2.445805e+00,2.291928e+00,2.406208e+00,2.380231e+00,2.170621e+00,2.150649e+00,2.173715e+00,2.409920e+00,2.120209e+00,2.120006e+00,2.086186e+00,2.182667e+00,2.468555e+00,2.077874e+00,2.222260e+00,2.203182e+00,2.300000e+00,2.334236e+00,2.145765e+00,2.280864e+00,1.299141e-01,2.077874e+00,2.468555e+00
6.717000e+00,1.282860e+00,2.450305e+00,2.382691e+00,2.377031e+00,2.397867e+00,2.444047e+00,2.446105e+00,2.291440e+00,2.405554e+00,2.381538e+00,2.171211e+00,2.151753e+00,2.174348e+00,2.409040e+00,2.120710e+00,2.121106e+00,2.086943e+00,2.184333e+00,2.469422e+00,2.078651e+00,2.223173e+00,2.203333e+00,2.301787e+00,2.333668e+00,2.146588e+00,2.281360e+00,1.296375e-01,2.078651e+00,2.469422e+00
6.718000e+00,1.283070e+00,2.452061e+00,2.383408e+00,2.375547e+00,2.397767e+00,2.445488e+00,2.446929e+00,2.291645e+00,2.404832e+00,2.382000e+00,2.172422e+00,2.152922e+00,2.175336e+00,2.411920e+00,2.121211e+00,2.122207e+00,2.087700e+00,2.183778e+00,2.471040e+00,2.079429e+00,2.224423e+00,2.205000e+00,2.302511e+00,2.331747e+00,2.147118e+00,2.282018e+00,1.296283e-01,2.079429e+00,2.471040e+00
6.719000e+00,1.283290e+00,2.452366e+00,2.382915e+00,2.378281e+00,2.398200e+00,2.445767e+00,2.447715e+00,2.292211e+00,2.404933e+00,2.381538e+00,2.173323e+00,2.154459e+00,2.176166e+00,2.412320e+00,2.121712e+00,2.123308e+00,2.088457e+00,2.185444e+00,2.470925e+00,2.080207e+00,2.225817e+00,2.205556e+00,2.303745e+00,2.331659e+00,2.148412e+00,2.282727e+00,1.293399e-01,2.080207e+00,2.470925e+00
6.720000e+00,1.283640e+00,2.453206e+00,2.383946e+00,2.379219e+00,2.398667e+00,2.446977e+00,2.449026e+00,2.292082e+00,2.405705e+00,2.382000e+00,2.173634e+00,2.154935e+00,2.176482e+00,2.411920e+00,2.122213e+00,2.124409e+00,2.089214e+00,2.184889e+00,2.472081e+00,2.080985e+00,2.226394e+00,2.206717e+00,2.304468e+00,2.331616e+00,2.148706e+00,2.283312e+00,1.294448e-01,2.080985e+00,2.472081e+00
6.721000e+00,1.283810e+00,2.453893e+00,2.383946e+00,2.379531e+00,2.398967e+00,2.447535e+00,2.450749e+00,2.292237e+00,2.405973e+00,2.382846e+00,2.174441e+00,2.156255e+00,2.177115e+00,2.415120e+00,2.122713e+00,2.125511e+00,2.089971e+00,2.182333e+00,2.472717e+00,2.081762e+00,2.228029e+00,2.208030e+00,2.305064e+00,2.332707e+00,2.150412e+00,2.284077e+00,1.295177e-01,2.081762e+00,2.472717e+00
6.722000e+00,1.284080e+00,2.454122e+00,2.384574e+00,2.380469e+00,2.399800e+00,2.448233e+00,2.451648e+00,2.292956e+00,2.406644e+00,2.384192e+00,2.175248e+00,2.156797e+00,2.178538e+00,2.413360e+00,2.123212e+00,2.126614e+00,2.090728e+00,2.182111e+00,2.473468e+00,2.082540e+00,2.228942e+00,2.209293e+00,2.305872e+00,2.333013e+00,2.151353e+00,2.284739e+00,1.293885e-01,2.082540e+00,2.473468e+00
6.723000e+00,1.284260e+00,2.454504e+00,2.385022e+00,2.380000e+00,2.400133e+00,2.449070e+00,2.452697e+00,2.293265e+00,2.407282e+00,2.384192e+00,2.175714e+00,2.157251e+00,2.179012e+00,2.414560e+00,2.123712e+00,2.127717e+00,2.091485e+00,2.181111e+00,2.473757e+00,2.083318e+00,2.229615e+00,2.209798e+00,2.307319e+00,2.333668e+00,2.152412e+00,2.285276e+00,1.293680e-01,2.083318e+00,2.473757e+00
6.724000e+00,1.284720e+00,2.455878e+00,2.384081e+00,2.380625e+00,2.400767e+00,2.450140e+00,2.453221e+00,2.294062e+00,2.407550e+00,2.385423e+00,2.176925e+00,2.158225e+00,2.179842e+00,2.415680e+00,2.124211e+00,2.128820e+00,2.092241e+00,2.181222e+00,2.473699e+00,2.084096e+00,2.230673e+00,2.210758e+00,2.307745e+00,2.333886e+00,2.152882e+00,2.285944e+00,1.292849e-01,2.084096e+00,2.473699e+00
6.725000e+00,1.284810e+00,2.456260e+00,2.382422e+00,2.380078e+00,2.401467e+00,2.450791e+00,2.453633e+00,2.294987e+00,2.408406e+00,2.386500e+00,2.176646e+00,2.159048e+00,2.180474e+00,2.417760e+00,2.124709e+00,2.129924e+00,2.092998e+00,2.181556e+00,2.475260e+00,2.084874e+00,2.231587e+00,2.211919e+00,2.308553e+00,2.334236e+00,2.153412e+00,2.286562e+00,1.292802e-01,2.084874e+00,2.475260e+00
6.726000e+00,1.284950e+00,2.457252e+00,2.382287e+00,2.382969e+00,2.401733e+00,2.451767e+00,2.454419e+00,2.295193e+00,2.409027e+00,2.387115e+00,2.178292e+00,2.159307e+00,2.182174e+00,2.417920e+00,2.125208e+00,2.131028e+00,2.093755e+00,2.183444e+00,2.476705e+00,2.085652e+00,2.232308e+00,2.212980e+00,2.310213e+00,2.335109e+00,2.153765e+00,2.287484e+00,1.292637e-01,2.085652e+00,2.476705e+00
6.727000e+00,1.285260e+00,2.459160e+00,2.382108e+00,2.382656e+00,2.402567e+00,2.452884e+00,2.455805e+00,2.295296e+00,2.409362e+00,2.387115e+00,2.179224e+00,2.159329e+00,2.183755e+00,2.418400e+00,2.125705e+00,2.132133e+00,2.094512e+00,2.181667e+00,2.476647e+00,2.086430e+00,2.233365e+00,2.212828e+00,2.310936e+00,2.334454e+00,2.155235e+00,2.287982e+00,1.292593e-01,2.086430e+00,2.476647e+00
6.728000e+00,1.285590e+00,2.458397e+00,2.381883e+00,2.382969e+00,2.402900e+00,2.453860e+00,2.456142e+00,2.295887e+00,2.409732e+00,2.388692e+00,2.180311e+00,2.160519e+00,2.184111e+00,2.420320e+00,2.126203e+00,2.133239e+00,2.095270e+00,2.182111e+00,2.477168e+00,2.087208e+00,2.233990e+00,2.214293e+00,2.311064e+00,2.335197e+00,2.154647e+00,2.288588e+00,1.291791e-01,2.087208e+00,2.477168e+00
6.729000e+00,1.285710e+00,2.458321e+00,2.382915e+00,2.385547e+00,2.403267e+00,2.454698e+00,2.455543e+00,2.296478e+00,2.409547e+00,2.389846e+00,2.181087e+00,2.161342e+00,2.184466e+00,2.423120e+00,2.126700e+00,2.134344e+00,2.096027e+00,2.184444e+00,2.478497e+00,2.087986e+00,2.234183e+00,2.215101e+00,2.312340e+00,2.336900e+00,2.156529e+00,2.289551e+00,1.291425e-01,2.087986e+00,2.478497e+00
6.730000e+00,1.286020e+00,2.458015e+00,2.383991e+00,2.384688e+00,2.402567e+00,2.455535e+00,2.455318e+00,2.297121e+00,2.409581e+00,2.390615e+00,2.181770e+00,2.161970e+00,2.185455e+00,2.422800e+00,2.127197e+00,2.135450e+00,2.096784e+00,2.183667e+00,2.477572e+00,2.088764e+00,2.233413e+00,2.215960e+00,2.312723e+00,2.337511e+00,2.157059e+00,2.289814e+00,1.288436e-01,2.088764e+00,2.477572e+00
6.731000e+00,1.286310e+00,2.456412e+00,2.385471e+00,2.384844e+00,2.402233e+00,2.455674e+00,2.455019e+00,2.297326e+00,2.410017e+00,2.391077e+00,2.182640e+00,2.163117e+00,2.186245e+00,2.424640e+00,2.127693e+00,2.136557e+00,2.097541e+00,2.182667e+00,2.475318e+00,2.089543e+00,2.231731e+00,2.216970e+00,2.313745e+00,2.338079e+00,2.157412e+00,2.290082e+00,1.285220e-01,2.089543e+00,2.475318e+00
6.732000e+00,1.286500e+00,2.456947e+00,2.386188e+00,2.385234e+00,2.402700e+00,2.456326e+00,2.456592e+00,2.298509e+00,2.410621e+00,2.391538e+00,2.182609e+00,2.164113e+00,2.187431e+00,2.426480e+00,2.128190e+00,2.137664e+00,2.098298e+00,2.185556e+00,2.473699e+00,2.090321e+00,2.231154e+00,2.217576e+00,2.314894e+00,2.340044e+00,2.158176e+00,2.290869e+00,1.283918e-01,2.090321e+00,2.473699e+00
6.733000e+00,1.286710e+00,2.457863e+00,2.386996e+00,2.387656e+00,2.403467e+00,2.457349e+00,2.457491e+00,2.299126e+00,2.410973e+00,2.392423e+00,2.180839e+00,2.165152e+00,2.187668e+00,2.426400e+00,2.128685e+00,2.138772e+00,2.099055e+00,2.186444e+00,2.473295e+00,2.091099e+00,2.230721e+00,2.218030e+00,2.315319e+00,2.341528e+00,2.159824e+00,2.291507e+00,1.284459e-01,2.091099e+00,2.473295e+00
6.734000e+00,1.287110e+00,2.456870e+00,2.388206e+00,2.389063e+00,2.403900e+00,2.457907e+00,2.457865e+00,2.299692e+00,2.410872e+00,2.392731e+00,2.179969e+00,2.166558e+00,2.188419e+00,2.426480e+00,2.129181e+00,2.139880e+00,2.099812e+00,2.186444e+00,2.472601e+00,2.091878e+00,2.231202e+00,2.218737e+00,2.316255e+00,2.342795e+00,2.160882e+00,2.292008e+00,1.282368e-01,2.091878e+00,2.472601e+00
6.735000e+00,1.287340e+00,2.457328e+00,2.389417e+00,2.387891e+00,2.404367e+00,2.458000e+00,2.458614e+00,2.300180e+00,2.411107e+00,2.392077e+00,2.180621e+00,2.167771e+00,2.189407e+00,2.425840e+00,2.129676e+00,2.140988e+00,2.100569e+00,2.189778e+00,2.472832e+00,2.092656e+00,2.231683e+00,2.218939e+00,2.317021e+00,2.339170e+00,2.161353e+00,2.292387e+00,1.278159e-01,2.092656e+00,2.472832e+00
6.736000e+00,1.287540e+00,2.459771e+00,2.390404e+00,2.389453e+00,2.405100e+00,2.459023e+00,2.459438e+00,2.300720e+00,2.411812e+00,2.392846e+00,2.180590e+00,2.168658e+00,2.190198e+00,2.427440e+00,2.130170e+00,2.142097e+00,2.101327e+00,2.190111e+00,2.473815e+00,2.093435e+00,2.232308e+00,2.219444e+00,2.317787e+00,2.336157e+00,2.162412e+00,2.293105e+00,1.279769e-01,2.093435e+00,2.473815e+00
6.737000e+00,1.287690e+00,2.459847e+00,2.391166e+00,2.390312e+00,2.405967e+00,2.458605e+00,2.460375e+00,2.301388e+00,2.412517e+00,2.394077e+00,2.180994e+00,2.170216e+00,2.190949e+00,2.430080e+00,2.130665e+00,2.143207e+00,2.102084e+00,2.189667e+00,2.475260e+00,2.094213e+00,2.234038e+00,2.220303e+00,2.317149e+00,2.333493e+00,2.164235e+00,2.293784e+00,1.279233e-01,2.094213e+00,2.475260e+00
6.738000e+00,1.287980e+00,2.460076e+00,2.391435e+00,2.391484e+00,2.406200e+00,2.458512e+00,2.461161e+00,2.302108e+00,2.413054e+00,2.394692e+00,2.181863e+00,2.171212e+00,2.189368e+00,2.430800e+00,2.131159e+00,2.144317e+00,2.102841e+00,2.192667e+00,2.474855e+00,2.094992e+00,2.234663e+00,2.221414e+00,2.315787e+00,2.332140e+00,2.164529e+00,2.294222e+00,1.277028e-01,2.094992e+00,2.474855e+00
6.739000e+00,1.288320e+00,2.460458e+00,2.392466e+00,2.393516e+00,2.405967e+00,2.457907e+00,2.461723e+00,2.302314e+00,2.413977e+00,2.393923e+00,2.182671e+00,2.171926e+00,2.188933e+00,2.429920e+00,2.131652e+00,2.145427e+00,2.103598e+00,2.194889e+00,2.475665e+00,2.095770e+00,2.235865e+00,2.221818e+00,2.315787e+00,2.331397e+00,2.165059e+00,2.294693e+00,1.274720e-01,2.095770e+00,2.475665e+00
6.740000e+00,1.288440e+00,2.463588e+00,2.392780e+00,2.394297e+00,2.406433e+00,2.458140e+00,2.463071e+00,2.302442e+00,2.414966e+00,2.394885e+00,2.183416e+00,2.172771e+00,2.189091e+00,2.432640e+00,2.132146e+00,2.146538e+00,2.104356e+00,2.194000e+00,2.476879e+00,2.096549e+00,2.237260e+00,2.222525e+00,2.316511e+00,2.330175e+00,2.165588e+00,2.295460e+00,1.277530e-01,2.096549e+00,2.476879e+00
6.741000e+00,1.288860e+00,2.464122e+00,2.393587e+00,2.393828e+00,2.406733e+00,2.458233e+00,2.463483e+00,2.303239e+00,2.415554e+00,2.395538e+00,2.183727e+00,2.172987e+00,2.189684e+00,2.432800e+00,2.132639e+00,2.147649e+00,2.105113e+00,2.194778e+00,2.478439e+00,2.097327e+00,2.239038e+00,2.223384e+00,2.316979e+00,2.330131e+00,2.167294e+00,2.296095e+00,1.276095e-01,2.097327e+00,2.478439e+00
6.742000e+00,1.289130e+00,2.463969e+00,2.393498e+00,2.395000e+00,2.406767e+00,2.459256e+00,2.465356e+00,2.303136e+00,2.415805e+00,2.396077e+00,2.184255e+00,2.174048e+00,2.189881e+00,2.433040e+00,2.133131e+00,2.148761e+00,2.105870e+00,2.196667e+00,2.479595e+00,2.098106e+00,2.240144e+00,2.224495e+00,2.317277e+00,2.330655e+00,2.167529e+00,2.296763e+00,1.275429e-01,2.098106e+00,2.479595e+00
6.743000e+00,1.289350e+00,2.466031e+00,2.394170e+00,2.396016e+00,2.407700e+00,2.459209e+00,2.466180e+00,2.303702e+00,2.416091e+00,2.397115e+00,2.184938e+00,2.174762e+00,2.189565e+00,2.435760e+00,2.133623e+00,2.149873e+00,2.106627e+00,2.196667e+00,2.480231e+00,2.098885e+00,2.241442e+00,2.225051e+00,2.317957e+00,2.331921e+00,2.167824e+00,2.297556e+00,1.277406e-01,2.098885e+00,2.480231e+00
6.744000e+00,1.289550e+00,2.467634e+00,2.395022e+00,2.397500e+00,2.408733e+00,2.460884e+00,2.467228e+00,2.304087e+00,2.416007e+00,2.397077e+00,2.186801e+00,2.175433e+00,2.191028e+00,2.436560e+00,2.134115e+00,2.150986e+00,2.107385e+00,2.197667e+00,2.481503e+00,2.099664e+00,2.242596e+00,2.225051e+00,2.318894e+00,2.333275e+00,2.169118e+00,2.298510e+00,1.277838e-01,2.099664e+00,2.481503e+00
6.745000e+00,1.289880e+00,2.467099e+00,2.395381e+00,2.397422e+00,2.409200e+00,2.460512e+00,2.467903e+00,2.304242e+00,2.416208e+00,2.398269e+00,2.187702e+00,2.176017e+00,2.191976e+00,2.437840e+00,2.134607e+00,2.152099e+00,2.108142e+00,2.199111e+00,2.482312e+00,2.100443e+00,2.243365e+00,2.225404e+00,2.318894e+00,2.334585e+00,2.169824e+00,2.299107e+00,1.275983e-01,2.100443e+00,2.482312e+00
6.746000e+00,1.290100e+00,2.469160e+00,2.395964e+00,2.397578e+00,2.409500e+00,2.462000e+00,2.469213e+00,2.303445e+00,2.415134e+00,2.398308e+00,2.188758e+00,2.175779e+00,2.192095e+00,2.438320e+00,2.135098e+00,2.153213e+00,2.108900e+00,2.198333e+00,2.483988e+00,2.101221e+00,2.244231e+00,2.225354e+00,2.319745e+00,2.335153e+00,2.169941e+00,2.299601e+00,1.277866e-01,2.101221e+00,2.483988e+00
6.747000e+00,1.290300e+00,2.468779e+00,2.397444e+00,2.396562e+00,2.409900e+00,2.462326e+00,2.470599e+00,2.302237e+00,2.413490e+00,2.396962e+00,2.189845e+00,2.175087e+00,2.192451e+00,2.440080e+00,2.135589e+00,2.154327e+00,2.109657e+00,2.199222e+00,2.484740e+00,2.102000e+00,2.244904e+00,2.223636e+00,2.321277e+00,2.335983e+00,2.169647e+00,2.299864e+00,1.277413e-01,2.102000e+00,2.484740e+00
6.748000e+00,1.290580e+00,2.470076e+00,2.399148e+00,2.394844e+00,2.411300e+00,2.463395e+00,2.471985e+00,2.301774e+00,2.412416e+00,2.396769e+00,2.191118e+00,2.174372e+00,2.193557e+00,2.441280e+00,2.136079e+00,2.155441e+00,2.110414e+00,2.201111e+00,2.484624e+00,2.102779e+00,2.246298e+00,2.221970e+00,2.322170e+00,2.338210e+00,2.171294e+00,2.300518e+00,1.276882e-01,2.102779e+00,2.484624e+00
6.749000e+00,1.291010e+00,2.471069e+00,2.400314e+00,2.395625e+00,2.412467e+00,2.463860e+00,2.472921e+00,2.301902e+00,2.411560e+00,2.396692e+00,2.191957e+00,2.174026e+00,2.194862e+00,2.441360e+00,2.136569e+00,2.156556e+00,2.111172e+00,2.201222e+00,2.485896e+00,2.103558e+00,2.246154e+00,2.222273e+00,2.323149e+00,2.339083e+00,2.172000e+00,2.301094e+00,1.277132e-01,2.103558e+00,2.485896e+00
6.750000e+00,1.291150e+00,2.470916e+00,2.401614e+00,2.396797e+00,2.413633e+00,2.465628e+00,2.473483e+00,2.302082e+00,2.411963e+00,2.397308e+00,2.193789e+00,2.174481e+00,2.195850e+00,2.442160e+00,2.137059e+00,2.157672e+00,2.111929e+00,2.201889e+00,2.486532e+00,2.104337e+00,2.246923e+00,2.222576e+00,2.324298e+00,2.339782e+00,2.172824e+00,2.301897e+00,1.277048e-01,2.104337e+00,2.486532e+00
6.751000e+00,1.291340e+00,2.471603e+00,2.401839e+00,2.398672e+00,2.413933e+00,2.466140e+00,2.474682e+00,2.302519e+00,2.412047e+00,2.397154e+00,2.194814e+00,2.174654e+00,2.196245e+00,2.443520e+00,2.137548e+00,2.158788e+00,2.112687e+00,2.202667e+00,2.487572e+00,2.105117e+00,2.247933e+00,2.222879e+00,2.325234e+00,2.340742e+00,2.173118e+00,2.302588e+00,1.277593e-01,2.105117e+00,2.487572e+00
6.752000e+00,1.291600e+00,2.472595e+00,2.403543e+00,2.398516e+00,2.414733e+00,2.467814e+00,2.475955e+00,2.303393e+00,2.412534e+00,2.397577e+00,2.195745e+00,2.175887e+00,2.197154e+00,2.443520e+00,2.138037e+00,2.159904e+00,2.113444e+00,2.202778e+00,2.488786e+00,2.105896e+00,2.248990e+00,2.223333e+00,2.326894e+00,2.341659e+00,2.173529e+00,2.303426e+00,1.278391e-01,2.105896e+00,2.488786e+00
6.753000e+00,1.291920e+00,2.473053e+00,2.404574e+00,2.398594e+00,2.416033e+00,2.469023e+00,2.476592e+00,2.303933e+00,2.412450e+00,2.398346e+00,2.197019e+00,2.176126e+00,2.198261e+00,2.443760e+00,2.138526e+00,2.161021e+00,2.114202e+00,2.203000e+00,2.489827e+00,2.106675e+00,2.249327e+00,2.223788e+00,2.327106e+00,2.343537e+00,2.174118e+00,2.304120e+00,1.278499e-01,2.106675e+00,2.489827e+00
6.754000e+00,1.292140e+00,2.473969e+00,2.405874e+00,2.398984e+00,2.416300e+00,2.470140e+00,2.477753e+00,2.303856e+00,2.412366e+00,2.398615e+00,2.197888e+00,2.176905e+00,2.198854e+00,2.445280e+00,2.139014e+00,2.162138e+00,2.114959e+00,2.203778e+00,2.489884e+00,2.107454e+00,2.250337e+00,2.225354e+00,2.328213e+00,2.345371e+00,2.175471e+00,2.304948e+00,1.278000e-01,2.107454e+00,2.489884e+00
6.755000e+00,1.292470e+00,2.474198e+00,2.407130e+00,2.398828e+00,2.417100e+00,2.470140e+00,2.478839e+00,2.304422e+00,2.412869e+00,2.398308e+00,2.198602e+00,2.177749e+00,2.199447e+00,2.446960e+00,2.139502e+00,2.163256e+00,2.115717e+00,2.204444e+00,2.490809e+00,2.108233e+00,2.250913e+00,2.225354e+00,2.329660e+00,2.346943e+00,2.176765e+00,2.305674e+00,1.277697e-01,2.108233e+00,2.490809e+00
6.756000e+00,1.292600e+00,2.475267e+00,2.407892e+00,2.401719e+00,2.417067e+00,2.471395e+00,2.479625e+00,2.304936e+00,2.413389e+00,2.398192e+00,2.198758e+00,2.178874e+00,2.200632e+00,2.446240e+00,2.139989e+00,2.164374e+00,2.116474e+00,2.203889e+00,2.490925e+00,2.109013e+00,2.252692e+00,2.226616e+00,2.330383e+00,2.348297e+00,2.178059e+00,2.306446e+00,1.276965e-01,2.109013e+00,2.490925e+00
6.757000e+00,1.292960e+00,2.476031e+00,2.409417e+00,2.401875e+00,2.417700e+00,2.471860e+00,2.481011e+00,2.305090e+00,2.413876e+00,2.399577e+00,2.199286e+00,2.180108e+00,2.202055e+00,2.447200e+00,2.140477e+00,2.165493e+00,2.117232e+00,2.205000e+00,2.492543e+00,2.109792e+00,2.253702e+00,2.227879e+00,2.331319e+00,2.349345e+00,2.177647e+00,2.307313e+00,1.277771e-01,2.109792e+00,2.492543e+00
6.758000e+00,1.293110e+00,2.478168e+00,2.409641e+00,2.402578e+00,2.417733e+00,2.472233e+00,2.481985e+00,2.305938e+00,2.414648e+00,2.399808e+00,2.199596e+00,2.181082e+00,2.202372e+00,2.449280e+00,2.140963e+00,2.166612e+00,2.117990e+00,2.207889e+00,2.493121e+00,2.110571e+00,2.254615e+00,2.229192e+00,2.331660e+00,2.350218e+00,2.178294e+00,2.308175e+00,1.277681e-01,2.110571e+00,2.493121e+00
6.759000e+00,1.293360e+00,2.478626e+00,2.409552e+00,2.404453e+00,2.416933e+00,2.472093e+00,2.482697e+00,2.306710e+00,2.415084e+00,2.399923e+00,2.199876e+00,2.182143e+00,2.203557e+00,2.449600e+00,2.141450e+00,2.167732e+00,2.118747e+00,2.207667e+00,2.493526e+00,2.111351e+00,2.255913e+00,2.229848e+00,2.332340e+00,2.350611e+00,2.178824e+00,2.308719e+00,1.275965e-01,2.111351e+00,2.493526e+00
6.760000e+00,1.293780e+00,2.479008e+00,2.409596e+00,2.403203e+00,2.415733e+00,2.473209e+00,2.484007e+00,2.307352e+00,2.415621e+00,2.400538e+00,2.201025e+00,2.183052e+00,2.204387e+00,2.450080e+00,2.141936e+00,2.168852e+00,2.119505e+00,2.209111e+00,2.494509e+00,2.112130e+00,2.257163e+00,2.229949e+00,2.333191e+00,2.351528e+00,2.179824e+00,2.309355e+00,1.274138e-01,2.112130e+00,2.494509e+00
6.761000e+00,1.293870e+00,2.479771e+00,2.409776e+00,2.404219e+00,2.415933e+00,2.473721e+00,2.484794e+00,2.307686e+00,2.416460e+00,2.401577e+00,2.202050e+00,2.184589e+00,2.204980e+00,2.451360e+00,2.142422e+00,2.169972e+00,2.120262e+00,2.209556e+00,2.494393e+00,2.112910e+00,2.258365e+00,2.231111e+00,2.334000e+00,2.352227e+00,2.181118e+00,2.310135e+00,1.272851e-01,2.112910e+00,2.494393e+00
6.762000e+00,1.294130e+00,2.481832e+00,2.409641e+00,2.405937e+00,2.415567e+00,2.475163e+00,2.486180e+00,2.308380e+00,2.417517e+00,2.402577e+00,2.203634e+00,2.185974e+00,2.205810e+00,2.451840e+00,2.142907e+00,2.171093e+00,2.121020e+00,2.208333e+00,2.495434e+00,2.113690e+00,2.259471e+00,2.232626e+00,2.335404e+00,2.352795e+00,2.181235e+00,2.311003e+00,1.274240e-01,2.113690e+00,2.495434e+00
6.763000e+00,1.294550e+00,2.481756e+00,2.409283e+00,2.406562e+00,2.415267e+00,2.475070e+00,2.486292e+00,2.308586e+00,2.418020e+00,2.402846e+00,2.204379e+00,2.187359e+00,2.206759e+00,2.453200e+00,2.143392e+00,2.172215e+00,2.121778e+00,2.210000e+00,2.495896e+00,2.114469e+00,2.260288e+00,2.232929e+00,2.336553e+00,2.353450e+00,2.182118e+00,2.311603e+00,1.271479e-01,2.114469e+00,2.495896e+00
6.764000e+00,1.294510e+00,2.481450e+00,2.410942e+00,2.406953e+00,2.416100e+00,2.476372e+00,2.486704e+00,2.309537e+00,2.419362e+00,2.403769e+00,2.206149e+00,2.188571e+00,2.207154e+00,2.453760e+00,2.143877e+00,2.173337e+00,2.122535e+00,2.212111e+00,2.496416e+00,2.115249e+00,2.261587e+00,2.234040e+00,2.337404e+00,2.354410e+00,2.181000e+00,2.312450e+00,1.270965e-01,2.115249e+00,2.496416e+00
6.765000e+00,1.294940e+00,2.483893e+00,2.410942e+00,2.406172e+00,2.416767e+00,2.477116e+00,2.487715e+00,2.310437e+00,2.419581e+00,2.405231e+00,2.207050e+00,2.189048e+00,2.208814e+00,2.454000e+00,2.144361e+00,2.174459e+00,2.123293e+00,2.210556e+00,2.497572e+00,2.116029e+00,2.261587e+00,2.234545e+00,2.338128e+00,2.353930e+00,2.179235e+00,2.312936e+00,1.272926e-01,2.116029e+00,2.497572e+00
6.766000e+00,1.295090e+00,2.483130e+00,2.412601e+00,2.407734e+00,2.416700e+00,2.477488e+00,2.489176e+00,2.311080e+00,2.420000e+00,2.406231e+00,2.208385e+00,2.189545e+00,2.210277e+00,2.457040e+00,2.144845e+00,2.175582e+00,2.124051e+00,2.211222e+00,2.497919e+00,2.116808e+00,2.262308e+00,2.235657e+00,2.338809e+00,2.352664e+00,2.178706e+00,2.313665e+00,1.273183e-01,2.116808e+00,2.497919e+00
6.767000e+00,1.295370e+00,2.483817e+00,2.412332e+00,2.408203e+00,2.416900e+00,2.478744e+00,2.491273e+00,2.311877e+00,2.420436e+00,2.406731e+00,2.209503e+00,2.189697e+00,2.211423e+00,2.457120e+00,2.145329e+00,2.176705e+00,2.124809e+00,2.212556e+00,2.498555e+00,2.117588e+00,2.262644e+00,2.235960e+00,2.339532e+00,2.353319e+00,2.177765e+00,2.314284e+00,1.273693e-01,2.117588e+00,2.498555e+00
6.768000e+00,1.295510e+00,2.484046e+00,2.413184e+00,2.409375e+00,2.417933e+00,2.479116e+00,2.491498e+00,2.312365e+00,2.419815e+00,2.408038e+00,2.209876e+00,2.190563e+00,2.211344e+00,2.457600e+00,2.145812e+00,2.177829e+00,2.125566e+00,2.210889e+00,2.496936e+00,2.118368e+00,2.261106e+00,2.236616e+00,2.340468e+00,2.355197e+00,2.178882e+00,2.314684e+00,1.272853e-01,2.118368e+00,2.496936e+00
6.769000e+00,1.295840e+00,2.484580e+00,2.414170e+00,2.411094e+00,2.419167e+00,2.480651e+00,2.492360e+00,2.313033e+00,2.419564e+00,2.409308e+00,2.210124e+00,2.191364e+00,2.212055e+00,2.459200e+00,2.146295e+00,2.178954e+00,2.126324e+00,2.211444e+00,2.493988e+00,2.119148e+00,2.259760e+00,2.238030e+00,2.341064e+00,2.356507e+00,2.178647e+00,2.315285e+00,1.272688e-01,2.119148e+00,2.493988e+00
6.770000e+00,1.296050e+00,2.484504e+00,2.414484e+00,2.411484e+00,2.419667e+00,2.479907e+00,2.491461e+00,2.313393e+00,2.419748e+00,2.410231e+00,2.210497e+00,2.191645e+00,2.213557e+00,2.459760e+00,2.146777e+00,2.180078e+00,2.127082e+00,2.214667e+00,2.494740e+00,2.119928e+00,2.259231e+00,2.238788e+00,2.339830e+00,2.356769e+00,2.178059e+00,2.315679e+00,1.269706e-01,2.119928e+00,2.494740e+00
6.771000e+00,1.296420e+00,2.482901e+00,2.415471e+00,2.411484e+00,2.420733e+00,2.480372e+00,2.492547e+00,2.313830e+00,2.419782e+00,2.410038e+00,2.211211e+00,2.192229e+00,2.214348e+00,2.460400e+00,2.147260e+00,2.181203e+00,2.127840e+00,2.214111e+00,2.493353e+00,2.120708e+00,2.259327e+00,2.240354e+00,2.338681e+00,2.358166e+00,2.178235e+00,2.316024e+00,1.267140e-01,2.120708e+00,2.493353e+00
6.772000e+00,1.296520e+00,2.482214e+00,2.416547e+00,2.411016e+00,2.421733e+00,2.479721e+00,2.492584e+00,2.314293e+00,2.420134e+00,2.410308e+00,2.211988e+00,2.193052e+00,2.215296e+00,2.460400e+00,2.147741e+00,2.182329e+00,2.128598e+00,2.214222e+00,2.492890e+00,2.121488e+00,2.260048e+00,2.240909e+00,2.338638e+00,2.359869e+00,2.179941e+00,2.316498e+00,1.263417e-01,2.121488e+00,2.492890e+00
6.773000e+00,1.296910e+00,2.482824e+00,2.417982e+00,2.411953e+00,2.422967e+00,2.479674e+00,2.491573e+00,2.314679e+00,2.420252e+00,2.411000e+00,2.212578e+00,2.194307e+00,2.215613e+00,2.463760e+00,2.148223e+00,2.183455e+00,2.129355e+00,2.216000e+00,2.493988e+00,2.122268e+00,2.259712e+00,2.241566e+00,2.337617e+00,2.361878e+00,2.181235e+00,2.317269e+00,1.263222e-01,2.122268e+00,2.493988e+00
6.774000e+00,1.297100e+00,2.482824e+00,2.418072e+00,2.414375e+00,2.423133e+00,2.479628e+00,2.491835e+00,2.314679e+00,2.420755e+00,2.411115e+00,2.213820e+00,2.195065e+00,2.216324e+00,2.464000e+00,2.148704e+00,2.184582e+00,2.130113e+00,2.216111e+00,2.495260e+00,2.123048e+00,2.260385e+00,2.242626e+00,2.338851e+00,2.362445e+00,2.181118e+00,2.317870e+00,1.262347e-01,2.123048e+00,2.495260e+00
6.775000e+00,1.297430e+00,2.483969e+00,2.418834e+00,2.414531e+00,2.423867e+00,2.480512e+00,2.493109e+00,2.315193e+00,2.421795e+00,2.411154e+00,2.214534e+00,2.196299e+00,2.217866e+00,2.466560e+00,2.149185e+00,2.185709e+00,2.130871e+00,2.215556e+00,2.495954e+00,2.123828e+00,2.261923e+00,2.243434e+00,2.339787e+00,2.363712e+00,2.182000e+00,2.318758e+00,1.263292e-01,2.123828e+00,2.495954e+00
6.776000e+00,1.297540e+00,2.485191e+00,2.419955e+00,2.416641e+00,2.424567e+00,2.480558e+00,2.495581e+00,2.315476e+00,2.422198e+00,2.411577e+00,2.215528e+00,2.197381e+00,2.218775e+00,2.466800e+00,2.149665e+00,2.186836e+00,2.131629e+00,2.216778e+00,2.497283e+00,2.124608e+00,2.264183e+00,2.244545e+00,2.341106e+00,2.364367e+00,2.182941e+00,2.319757e+00,1.263686e-01,2.124608e+00,2.497283e+00
6.777000e+00,1.297920e+00,2.485420e+00,2.420045e+00,2.416484e+00,2.425667e+00,2.482605e+00,2.496142e+00,2.315373e+00,2.422701e+00,2.412077e+00,2.215963e+00,2.198788e+00,2.218221e+00,2.466480e+00,2.150145e+00,2.187964e+00,2.132387e+00,2.218889e+00,2.498035e+00,2.125388e+00,2.264519e+00,2.245202e+00,2.341617e+00,2.364236e+00,2.185000e+00,2.320390e+00,1.262086e-01,2.125388e+00,2.498035e+00
6.778000e+00,1.298250e+00,2.487099e+00,2.418161e+00,2.415547e+00,2.425467e+00,2.481395e+00,2.494906e+00,2.314730e+00,2.421913e+00,2.412077e+00,2.216429e+00,2.200736e+00,2.218854e+00,2.466240e+00,2.150625e+00,2.189093e+00,2.133145e+00,2.219333e+00,2.499249e+00,2.126169e+00,2.265433e+00,2.246364e+00,2.341617e+00,2.363581e+00,2.185765e+00,2.320580e+00,1.257084e-01,2.126169e+00,2.499249e+00
6.779000e+00,1.298360e+00,2.487786e+00,2.416547e+00,2.416328e+00,2.426000e+00,2.482372e+00,2.493858e+00,2.313907e+00,2.420017e+00,2.412077e+00,2.217578e+00,2.201667e+00,2.219960e+00,2.467840e+00,2.151104e+00,2.190222e+00,2.133903e+00,2.220889e+00,2.500867e+00,2.126949e+00,2.266731e+00,2.246515e+00,2.343106e+00,2.363755e+00,2.186353e+00,2.321097e+00,1.254625e-01,2.126949e+00,2.500867e+00
6.780000e+00,1.298660e+00,2.490076e+00,2.415785e+00,2.415781e+00,2.427033e+00,2.482651e+00,2.495918e+00,2.313265e+00,2.418742e+00,2.412231e+00,2.218478e+00,2.202792e+00,2.220830e+00,2.468080e+00,2.151583e+00,2.191351e+00,2.134661e+00,2.221667e+00,2.501329e+00,2.127729e+00,2.268894e+00,2.247172e+00,2.344128e+00,2.364279e+00,2.187706e+00,2.321757e+00,1.253182e-01,2.127729e+00,2.501329e+00
6.781000e+00,1.298970e+00,2.490153e+00,2.415516e+00,2.418438e+00,2.427400e+00,2.484651e+00,2.498614e+00,2.313239e+00,2.417718e+00,2.413577e+00,2.219845e+00,2.204329e+00,2.221462e+00,2.469280e+00,2.152062e+00,2.192481e+00,2.135419e+00,2.220667e+00,2.501734e+00,2.128510e+00,2.270192e+00,2.247677e+00,2.344681e+00,2.365066e+00,2.188588e+00,2.322554e+00,1.254377e-01,2.128510e+00,2.501734e+00
6.782000e+00,1.299190e+00,2.490153e+00,2.415830e+00,2.418828e+00,2.427800e+00,2.484605e+00,2.499363e+00,2.313188e+00,2.417148e+00,2.413654e+00,2.220342e+00,2.204221e+00,2.221621e+00,2.466880e+00,2.152540e+00,2.193611e+00,2.136177e+00,2.221556e+00,2.502659e+00,2.129290e+00,2.271875e+00,2.248990e+00,2.346213e+00,2.366900e+00,2.188824e+00,2.323011e+00,1.251835e-01,2.129290e+00,2.502659e+00
6.783000e+00,1.299360e+00,2.491908e+00,2.416054e+00,2.419141e+00,2.428067e+00,2.485767e+00,2.499176e+00,2.313650e+00,2.417198e+00,2.414346e+00,2.220497e+00,2.204978e+00,2.223123e+00,2.466240e+00,2.153018e+00,2.194742e+00,2.136935e+00,2.220444e+00,2.503295e+00,2.130070e+00,2.272885e+00,2.249343e+00,2.347064e+00,2.367642e+00,2.190824e+00,2.323600e+00,1.250695e-01,2.130070e+00,2.503295e+00
6.784000e+00,1.299740e+00,2.493511e+00,2.416413e+00,2.417969e+00,2.429167e+00,2.486651e+00,2.498914e+00,2.314499e+00,2.416913e+00,2.414654e+00,2.218975e+00,2.205238e+00,2.224190e+00,2.465680e+00,2.153495e+00,2.195873e+00,2.137693e+00,2.217333e+00,2.505202e+00,2.130851e+00,2.274183e+00,2.250000e+00,2.348043e+00,2.367773e+00,2.192529e+00,2.323990e+00,1.251298e-01,2.130851e+00,2.505202e+00
6.785000e+00,1.299950e+00,2.493053e+00,2.416771e+00,2.418203e+00,2.429667e+00,2.487535e+00,2.501161e+00,2.315064e+00,2.416678e+00,2.414769e+00,2.217888e+00,2.205714e+00,2.225178e+00,2.465920e+00,2.153973e+00,2.197005e+00,2.138451e+00,2.218000e+00,2.506705e+00,2.131632e+00,2.275000e+00,2.250253e+00,2.348596e+00,2.368821e+00,2.193353e+00,2.324558e+00,1.251707e-01,2.131632e+00,2.506705e+00
6.786000e+00,1.300120e+00,2.492901e+00,2.416996e+00,2.419922e+00,2.429733e+00,2.488558e+00,2.503558e+00,2.315476e+00,2.417265e+00,2.414423e+00,2.217205e+00,2.206364e+00,2.225455e+00,2.467840e+00,2.154449e+00,2.198137e+00,2.139209e+00,2.217778e+00,2.508728e+00,2.132412e+00,2.275481e+00,2.251465e+00,2.350213e+00,2.368690e+00,2.193471e+00,2.325239e+00,1.254359e-01,2.132412e+00,2.508728e+00
6.787000e+00,1.300500e+00,2.494733e+00,2.418565e+00,2.420547e+00,2.430100e+00,2.488698e+00,2.502772e+00,2.316170e+00,2.417517e+00,2.413346e+00,2.216801e+00,2.206861e+00,2.226206e+00,2.467280e+00,2.154926e+00,2.199270e+00,2.139967e+00,2.217889e+00,2.510058e+00,2.133193e+00,2.276923e+00,2.251970e+00,2.351021e+00,2.368559e+00,2.194059e+00,2.325726e+00,1.253463e-01,2.133193e+00,2.510058e+00
6.788000e+00,1.300760e+00,2.495344e+00,2.418834e+00,2.420000e+00,2.429767e+00,2.489767e+00,2.501498e+00,2.317044e+00,2.418087e+00,2.413462e+00,2.217826e+00,2.207597e+00,2.227510e+00,2.468320e+00,2.155402e+00,2.200403e+00,2.140725e+00,2.217333e+00,2.510983e+00,2.133973e+00,2.277500e+00,2.252071e+00,2.353149e+00,2.369738e+00,2.194765e+00,2.326296e+00,1.251997e-01,2.133973e+00,2.510983e+00
6.789000e+00,1.300960e+00,2.494733e+00,2.420493e+00,2.422109e+00,2.429167e+00,2.491767e+00,2.501648e+00,2.317455e+00,2.419111e+00,2.414154e+00,2.218696e+00,2.208247e+00,2.228538e+00,2.469920e+00,2.155878e+00,2.201536e+00,2.141483e+00,2.220222e+00,2.512890e+00,2.134754e+00,2.278413e+00,2.252424e+00,2.352979e+00,2.370568e+00,2.195059e+00,2.327177e+00,1.252319e-01,2.134754e+00,2.512890e+00
6.790000e+00,1.301100e+00,2.496107e+00,2.421839e+00,2.422500e+00,2.428333e+00,2.492047e+00,2.504831e+00,2.318046e+00,2.419681e+00,2.414808e+00,2.219938e+00,2.209221e+00,2.229368e+00,2.470240e+00,2.156353e+00,2.202670e+00,2.142241e+00,2.218667e+00,2.513642e+00,2.135535e+00,2.278990e+00,2.253333e+00,2.354043e+00,2.371397e+00,2.194353e+00,2.327841e+00,1.254269e-01,2.135535e+00,2.513642e+00
6.791000e+00,1.301510e+00,2.496412e+00,2.423408e+00,2.423750e+00,2.427900e+00,2.493163e+00,2.507528e+00,2.318638e+00,2.420805e+00,2.414577e+00,2.220714e+00,2.210130e+00,2.230079e+00,2.471520e+00,2.156828e+00,2.203805e+00,2.142999e+00,2.220444e+00,2.513931e+00,2.136316e+00,2.280288e+00,2.254697e+00,2.355617e+00,2.372271e+00,2.195471e+00,2.328804e+00,1.254426e-01,2.136316e+00,2.513931e+00
6.792000e+00,1.301610e+00,2.495496e+00,2.424126e+00,2.424844e+00,2.428333e+00,2.494140e+00,2.507978e+00,2.318869e+00,2.421309e+00,2.414615e+00,2.221615e+00,2.210952e+00,2.230830e+00,2.472960e+00,2.157303e+00,2.204940e+00,2.143757e+00,2.223000e+00,2.514624e+00,2.134750e+00,2.280962e+00,2.255202e+00,2.356468e+00,2.374541e+00,2.195941e+00,2.329481e+00,1.254661e-01,2.134750e+00,2.514624e+00
6.793000e+00,1.301860e+00,2.497786e+00,2.425157e+00,2.426406e+00,2.428633e+00,2.495767e+00,2.505993e+00,2.319512e+00,2.421779e+00,2.415692e+00,2.222547e+00,2.211558e+00,2.232411e+00,2.473760e+00,2.157777e+00,2.206075e+00,2.144515e+00,2.221222e+00,2.515145e+00,2.136437e+00,2.280865e+00,2.255859e+00,2.356681e+00,2.374847e+00,2.196706e+00,2.330130e+00,1.254534e-01,2.136437e+00,2.515145e+00
6.794000e+00,1.302240e+00,2.499847e+00,2.426951e+00,2.425156e+00,2.429333e+00,2.495860e+00,2.506592e+00,2.319563e+00,2.422265e+00,2.416077e+00,2.222857e+00,2.211255e+00,2.232846e+00,2.475280e+00,2.158251e+00,2.207211e+00,2.145273e+00,2.221222e+00,2.514971e+00,2.138187e+00,2.281827e+00,2.255253e+00,2.357574e+00,2.376157e+00,2.197647e+00,2.330727e+00,1.254759e-01,2.138187e+00,2.514971e+00
6.795000e+00,1.302560e+00,2.499237e+00,2.426188e+00,2.425078e+00,2.430167e+00,2.497070e+00,2.509251e+00,2.320206e+00,2.422752e+00,2.415769e+00,2.223571e+00,2.210281e+00,2.233597e+00,2.474800e+00,2.158725e+00,2.208347e+00,2.146031e+00,2.223222e+00,2.516012e+00,2.137812e+00,2.281538e+00,2.252828e+00,2.358723e+00,2.376245e+00,2.198941e+00,2.331100e+00,1.255516e-01,2.137812e+00,2.516012e+00
6.796000e+00,1.302760e+00,2.499618e+00,2.427713e+00,2.426641e+00,2.431467e+00,2.497395e+00,2.511011e+00,2.320360e+00,2.423037e+00,2.416500e+00,2.224658e+00,2.210022e+00,2.234664e+00,2.475440e+00,2.159198e+00,2.209484e+00,2.146789e+00,2.223222e+00,2.516358e+00,2.140500e+00,2.283269e+00,2.250859e+00,2.359830e+00,2.376725e+00,2.199529e+00,2.331845e+00,1.255769e-01,2.140500e+00,2.516358e+00
6.797000e+00,1.303020e+00,2.501069e+00,2.428789e+00,2.427500e+00,2.432067e+00,2.497767e+00,2.511461e+00,2.320797e+00,2.423540e+00,2.417192e+00,2.225994e+00,2.210325e+00,2.234585e+00,2.476560e+00,2.159671e+00,2.210621e+00,2.147548e+00,2.223444e+00,2.516358e+00,2.141437e+00,2.284231e+00,2.250404e+00,2.360340e+00,2.377817e+00,2.200588e+00,2.332504e+00,1.255998e-01,2.141437e+00,2.516358e+00
6.798000e+00,1.303280e+00,2.502595e+00,2.429596e+00,2.430078e+00,2.432633e+00,2.499116e+00,2.511049e+00,2.321362e+00,2.423607e+00,2.417308e+00,2.227484e+00,2.211061e+00,2.235455e+00,2.477760e+00,2.160143e+00,2.211759e+00,2.148306e+00,2.224889e+00,2.517168e+00,2.142313e+00,2.285144e+00,2.250859e+00,2.360851e+00,2.377948e+00,2.200824e+00,2.333304e+00,1.256030e-01,2.142313e+00,2.517168e+00
6.799000e+00,1.303370e+00,2.503282e+00,2.430359e+00,2.430547e+00,2.433467e+00,2.498837e+00,2.512622e+00,2.321902e+00,2.423842e+00,2.417192e+00,2.228634e+00,2.211342e+00,2.235652e+00,2.479040e+00,2.160615e+00,2.212897e+00,2.149064e+00,2.225444e+00,2.518324e+00,2.143625e+00,2.286971e+00,2.251717e+00,2.361277e+00,2.378253e+00,2.202000e+00,2.334038e+00,1.255436e-01,2.143625e+00,2.518324e+00
6.800000e+00,1.303740e+00,2.504351e+00,2.431345e+00,2.430781e+00,2.434367e+00,2.498977e+00,2.514757e+00,2.322365e+00,2.424027e+00,2.418000e+00,2.229627e+00,2.212100e+00,2.236680e+00,2.480720e+00,2.161087e+00,2.214036e+00,2.149822e+00,2.226111e+00,2.519191e+00,2.144250e+00,2.287356e+00,2.252273e+00,2.362255e+00,2.378559e+00,2.203176e+00,2.334842e+00,1.256255e-01,2.144250e+00,2.519191e+00
